#pragma once

#define LOGO_WIDTH  480
#define LOGO_HEIGHT 248

// 480 x 248  (RGB565)
const uint16_t StartLogo[] PROGMEM = {
  0x01CC, 0x01CC, 0x01CC, 0x01CC, 0x01CC, 0x01CC, 0x01CC, 0x01CC, 0x01CC, 0x01CC, 0x01CC, 0x01CC,
  0x01CC, 0x01CC, 0x01CC, 0x01CC, 0x01CC, 0x01CC, 0x01CC, 0x01CC, 0x01CC, 0x01CC, 0x01CC, 0x01CC,
  0x01CC, 0x01CC, 0x01CC, 0x01CC, 0x01CC, 0x01CC, 0x01CC, 0x01CC, 0x01CC, 0x01CC, 0x01CC, 0x01CC,
  0x01CC, 0x01CC, 0x01CC, 0x01CC, 0x01CC, 0x01CC, 0x01CC, 0x01CC, 0x01CC, 0x01CC, 0x01CC, 0x01CC,
  0x01CC, 0x01CC, 0x01CC, 0x01CC, 0x01CC, 0x01CC, 0x01CC, 0x01CC, 0x01CC, 0x01CC, 0x01CC, 0x01CC,
  0x01CC, 0x01CC, 0x01CC, 0x01CC, 0x01CC, 0x01CC, 0x01CC, 0x01CC, 0x01CC, 0x01CC, 0x01CC, 0x01CC,
  0x01CC, 0x01CC, 0x01CC, 0x01CC, 0x01CC, 0x01CC, 0x01CC, 0x01CC, 0x01CC, 0x01CC, 0x01CC, 0x01CC,
  0x01CC, 0x01CC, 0x01CC, 0x01CC, 0x01CC, 0x01CC, 0x01CC, 0x01CC, 0x01CC, 0x01CC, 0x01CC, 0x01CC,
  0x01CC, 0x01CC, 0x01CC, 0x01CC, 0x01CC, 0x01CC, 0x01CC, 0x01CC, 0x01CC, 0x01CC, 0x01CC, 0x01CC,
  0x01CC, 0x01CC, 0x01CC, 0x01CC, 0x01CC, 0x01CC, 0x01CC, 0x01CC, 0x01CC, 0x01CC, 0x01CC, 0x01CC,
  0x01CC, 0x01CC, 0x01CC, 0x01CC, 0x01CC, 0x01CC, 0x01CC, 0x01CC, 0x01CC, 0x01CC, 0x01CC, 0x01CC,
  0x01CC, 0x01CC, 0x01CC, 0x01CC, 0x01CC, 0x01CC, 0x01CC, 0x01CC, 0x01CC, 0x01CC, 0x01CC, 0x01CC,
  0x01CC, 0x01CC, 0x01CC, 0x01CC, 0x01CC, 0x01CC, 0x01CC, 0x01CC, 0x01CC, 0x01CC, 0x01CC, 0x01CC,
  0x01CC, 0x01CC, 0x01CC, 0x01CC, 0x01CC, 0x01CC, 0x01CC, 0x01CC, 0x01CC, 0x01CC, 0x01CC, 0x01CC,
  0x01CC, 0x01CC, 0x01CC, 0x01CC, 0x01CC, 0x01CC, 0x01CC, 0x01CC, 0x01CC, 0x01CC, 0x01CC, 0x01CC,
  0x01CC, 0x01CC, 0x01CC, 0x01CC, 0x01CC, 0x01CC, 0x01CC, 0x01CC, 0x01CC, 0x01CC, 0x01CC, 0x01CC,
  0x01CC, 0x01CC, 0x01CC, 0x01CC, 0x01CC, 0x01CC, 0x01CC, 0x01CC, 0x01CC, 0x01CC, 0x01CC, 0x01CC,
  0x01CC, 0x01CC, 0x01CC, 0x01CC, 0x01CC, 0x01CC, 0x01CC, 0x01CC, 0x01CC, 0x01CC, 0x01CC, 0x01CC,
  0x01CC, 0x01CC, 0x01CC, 0x01CC, 0x01CC, 0x01CC, 0x01CC, 0x01CC, 0x01CC, 0x01CC, 0x01CC, 0x01CC,
  0x01CC, 0x01CC, 0x01CC, 0x01CC, 0x01CC, 0x01CC, 0x01CC, 0x01CC, 0x01CC, 0x01CC, 0x01CC, 0x01CC,
  0x01CC, 0x01CC, 0x01CC, 0x01CC, 0x01CC, 0x01CC, 0x01CC, 0x01CC, 0x01CC, 0x01CC, 0x01CC, 0x01CC,
  0x01CC, 0x01CC, 0x01CC, 0x01CC, 0x01CC, 0x01CC, 0x01CC, 0x01CC, 0x01CC, 0x01CC, 0x01CC, 0x01CC,
  0x01CC, 0x01CC, 0x01CC, 0x01CC, 0x01CC, 0x01CC, 0x01CC, 0x01CC, 0x01CC, 0x01CC, 0x01CC, 0x01CC,
  0x01CC, 0x01CC, 0x01CC, 0x01CC, 0x01CC, 0x01CC, 0x01CC, 0x01CC, 0x01CC, 0x01CC, 0x01CC, 0x01CC,
  0x01CC, 0x01CC, 0x01CC, 0x01CC, 0x01CC, 0x01CC, 0x01CC, 0x01CC, 0x01CC, 0x01CC, 0x01CC, 0x01CC,
  0x01CC, 0x01CC, 0x01CC, 0x01CC, 0x01CC, 0x01CC, 0x01CC, 0x01CC, 0x01CC, 0x01CC, 0x01CC, 0x01CC,
  0x01CC, 0x01CC, 0x01CC, 0x01CC, 0x01CC, 0x01CC, 0x01CC, 0x01CC, 0x01CC, 0x01CC, 0x01CC, 0x01CC,
  0x01CC, 0x01CC, 0x01CC, 0x01CC, 0x01CC, 0x01CC, 0x01CC, 0x01CC, 0x01CC, 0x01CC, 0x01CC, 0x01CC,
  0x01CC, 0x01CC, 0x01CC, 0x01CC, 0x01CC, 0x01CC, 0x01CC, 0x01CC, 0x01CC, 0x01CC, 0x01CC, 0x01CC,
  0x01CC, 0x01CC, 0x01CC, 0x01CC, 0x01CC, 0x01CC, 0x01CC, 0x01CC, 0x01CC, 0x01CC, 0x01CC, 0x01CC,
  0x01CC, 0x01CC, 0x01CC, 0x01CC, 0x01CC, 0x01CC, 0x01CC, 0x01CC, 0x01CC, 0x01CC, 0x01CC, 0x01CC,
  0x01CC, 0x01CC, 0x01CC, 0x01CC, 0x01CC, 0x01CC, 0x01CC, 0x01CC, 0x01CC, 0x01CC, 0x01CC, 0x01CC,
  0x01CC, 0x01CC, 0x01CC, 0x01CC, 0x01CC, 0x01CC, 0x01CC, 0x01CC, 0x01CC, 0x01CC, 0x01CC, 0x01CC,
  0x01CC, 0x01CC, 0x01CC, 0x01CC, 0x01CC, 0x01CC, 0x01CC, 0x01CC, 0x01CC, 0x01CC, 0x01CC, 0x01CC,
  0x01CC, 0x01CC, 0x01CC, 0x01CC, 0x01CC, 0x01CC, 0x01CC, 0x01CC, 0x01CC, 0x01CC, 0x01CC, 0x01CC,
  0x01CC, 0x01CC, 0x01CC, 0x01CC, 0x01CC, 0x01CC, 0x01CC, 0x01CC, 0x01CC, 0x01CC, 0x01CC, 0x01CC,
  0x01CC, 0x01CC, 0x01CC, 0x01CC, 0x01CC, 0x01CC, 0x01CC, 0x01CC, 0x01CC, 0x01CC, 0x01CC, 0x01CC,
  0x01CC, 0x01CC, 0x01CC, 0x01CC, 0x01CC, 0x01CC, 0x01CC, 0x01CC, 0x01CC, 0x01CC, 0x01CC, 0x01CC,
  0x01CC, 0x01CC, 0x01CC, 0x01CC, 0x01CC, 0x01CC, 0x01CC, 0x01CC, 0x01CC, 0x01CC, 0x01CC, 0x01CC,
  0x01CC, 0x01CC, 0x01CC, 0x01CC, 0x01CC, 0x01CC, 0x01CC, 0x01CC, 0x01CC, 0x01CC, 0x01CC, 0x01CC,
  0x01CC, 0x01CC, 0x01CC, 0x01CC, 0x01CC, 0x01CC, 0x01CC, 0x01CC, 0x01CC, 0x01CC, 0x01CC, 0x01CC,
  0x01CC, 0x01CC, 0x01CC, 0x01CC, 0x01CC, 0x01CC, 0x01CC, 0x01CC, 0x01CC, 0x01CC, 0x01CC, 0x01CC,
  0x01CC, 0x01CC, 0x01CC, 0x01CC, 0x01CC, 0x01CC, 0x01CC, 0x01CC, 0x01CC, 0x01CC, 0x01CC, 0x01CC,
  0x01CC, 0x01CC, 0x01CC, 0x01CC, 0x01CC, 0x01CC, 0x01CC, 0x01CC, 0x01CC, 0x01CC, 0x01CC, 0x01CC,
  0x01CC, 0x01CC, 0x01CC, 0x01CC, 0x01CC, 0x01CC, 0x01CC, 0x01CC, 0x01CC, 0x01CC, 0x01CC, 0x01CC,
  0x01CC, 0x01CC, 0x01CC, 0x01CC, 0x01CC, 0x01CC, 0x01CC, 0x01CC, 0x01CC, 0x01CC, 0x01CC, 0x01CC,
  0x01CC, 0x01CC, 0x01CC, 0x01CC, 0x01CC, 0x01CC, 0x01CC, 0x01CC, 0x01CC, 0x01CC, 0x01CC, 0x01CC,
  0x01CC, 0x01CC, 0x01CC, 0x01CC, 0x01CC, 0x01CC, 0x01CC, 0x01CC, 0x01CC, 0x01CC, 0x01CC, 0x01CC,
  0x01CC, 0x01CC, 0x01CC, 0x01CC, 0x01CC, 0x01CC, 0x01CC, 0x01CC, 0x01CC, 0x01CC, 0x01CC, 0x01CC,
  0x01CC, 0x01CC, 0x01CC, 0x01CC, 0x01CC, 0x01CC, 0x01CC, 0x01CC, 0x01CC, 0x01CC, 0x01CC, 0x01CC,
  0x01CC, 0x01CC, 0x01CC, 0x01CC, 0x01CC, 0x01CC, 0x01CC, 0x01CC, 0x01CC, 0x01CC, 0x01CC, 0x01CC,
  0x01CC, 0x01CC, 0x01CC, 0x01CC, 0x01CC, 0x01CC, 0x01CC, 0x01CC, 0x01CC, 0x01CC, 0x01CC, 0x01CC,
  0x01CC, 0x01CC, 0x01CC, 0x01CC, 0x01CC, 0x01CC, 0x01CC, 0x01CC, 0x01CC, 0x01CC, 0x01CC, 0x01CC,
  0x01CC, 0x01CC, 0x01CC, 0x01CC, 0x01CC, 0x01CC, 0x01CC, 0x01CC, 0x01CC, 0x01CC, 0x01CC, 0x01CC,
  0x01CC, 0x01CC, 0x01CC, 0x01CC, 0x01CC, 0x01CC, 0x01CC, 0x01CC, 0x01CC, 0x01CC, 0x01CC, 0x01CC,
  0x01CC, 0x01CC, 0x01CC, 0x01CC, 0x01CC, 0x01CC, 0x01CC, 0x01CC, 0x01CC, 0x01CC, 0x01CC, 0x01CC,
  0x01CC, 0x01CC, 0x01CC, 0x01CC, 0x01CC, 0x01CC, 0x01CC, 0x01CC, 0x01CC, 0x01CC, 0x01CC, 0x01CC,
  0x01CC, 0x01CC, 0x01CC, 0x01CC, 0x01CC, 0x01CC, 0x01CC, 0x01CC, 0x01CC, 0x01CC, 0x01CC, 0x01CC,
  0x01CC, 0x01CC, 0x01CC, 0x01CC, 0x01CC, 0x01CC, 0x01CC, 0x01CC, 0x01CC, 0x01CC, 0x01CC, 0x01CC,
  0x01CC, 0x01CC, 0x01CC, 0x01CC, 0x01CC, 0x01CC, 0x01CC, 0x01CC, 0x01CC, 0x01CC, 0x01CC, 0x01CC,
  0x01CC, 0x01CC, 0x01CC, 0x01CC, 0x01CC, 0x01CC, 0x01CC, 0x01CC, 0x01CC, 0x01CC, 0x01CC, 0x01CC,
  0x01CC, 0x01CC, 0x01CC, 0x01CC, 0x01CC, 0x01CC, 0x01CC, 0x01CC, 0x01CC, 0x01CC, 0x01CC, 0x01CC,
  0x01CC, 0x01CC, 0x01CC, 0x01CC, 0x01CC, 0x01CC, 0x01CC, 0x01CC, 0x01CC, 0x01CC, 0x01CC, 0x01CC,
  0x01CC, 0x01CC, 0x01CC, 0x01CC, 0x01CC, 0x01CC, 0x01CC, 0x01CC, 0x01CC, 0x01CC, 0x01CC, 0x01CC,
  0x01CC, 0x01CC, 0x01CC, 0x01CC, 0x01CC, 0x01CC, 0x01CC, 0x01CC, 0x01CC, 0x01CC, 0x01CC, 0x01CC,
  0x01CC, 0x01CC, 0x01CC, 0x01CC, 0x01CC, 0x01CC, 0x01CC, 0x01CC, 0x01CC, 0x01CC, 0x01CC, 0x01CC,
  0x01CC, 0x01CC, 0x01CC, 0x01CC, 0x01CC, 0x01CC, 0x01CC, 0x01CC, 0x01CC, 0x01CC, 0x01CC, 0x01CC,
  0x01CC, 0x01CC, 0x01CC, 0x01CC, 0x01CC, 0x01CC, 0x01CC, 0x01CC, 0x01CC, 0x01CC, 0x01CC, 0x01CC,
  0x01CC, 0x01CC, 0x01CC, 0x01CC, 0x01CC, 0x01CC, 0x01CC, 0x01CC, 0x01CC, 0x01CC, 0x01CC, 0x01CC,
  0x01CC, 0x01CC, 0x01CC, 0x01CC, 0x01CC, 0x01CC, 0x01CC, 0x01CC, 0x01CC, 0x01CC, 0x01CC, 0x01CC,
  0x01CC, 0x01CC, 0x01CC, 0x01CC, 0x01CC, 0x01CC, 0x01CC, 0x01CC, 0x01CC, 0x01CC, 0x01CC, 0x01CC,
  0x01CC, 0x01CC, 0x01CC, 0x01CC, 0x01CC, 0x01CC, 0x01CC, 0x01CC, 0x01CC, 0x01CC, 0x01CC, 0x01CC,
  0x01CC, 0x01CC, 0x01CC, 0x01CC, 0x01CC, 0x01CC, 0x01CC, 0x01CC, 0x01CC, 0x01CC, 0x01CC, 0x01CC,
  0x01CC, 0x01CC, 0x01CC, 0x01CC, 0x01CC, 0x01CC, 0x01CC, 0x01CC, 0x01CC, 0x01CC, 0x01CC, 0x01CC,
  0x01CC, 0x01CC, 0x01CC, 0x01CC, 0x01CC, 0x01CC, 0x01CC, 0x01CC, 0x01CC, 0x01CC, 0x01CC, 0x01CC,
  0x01CC, 0x01CC, 0x01CC, 0x01CC, 0x01CC, 0x01CC, 0x01CC, 0x01CC, 0x01CC, 0x01CC, 0x01CC, 0x01CC,
  0x01CC, 0x01CC, 0x01CC, 0x01CC, 0x01CC, 0x01CC, 0x01CC, 0x01CC, 0x01CC, 0x01CC, 0x01CC, 0x01CC,
  0x01CC, 0x01CC, 0x01CC, 0x01CC, 0x01CC, 0x01CC, 0x01CC, 0x01CC, 0x01CC, 0x01CC, 0x01CC, 0x01CC,
  0x01CC, 0x01CC, 0x01CC, 0x01CC, 0x01CC, 0x01CC, 0x01CC, 0x01CC, 0x01CC, 0x01CC, 0x01CC, 0x01CC,
  0x01CC, 0x01CC, 0x01CC, 0x01CC, 0x01CC, 0x01CC, 0x01CC, 0x01CC, 0x01CC, 0x01CC, 0x01CC, 0x01CC,
  0x01CC, 0x01CC, 0x01CC, 0x01CC, 0x01CC, 0x01CC, 0x01CC, 0x01CC, 0x01CC, 0x01CC, 0x01CC, 0x01CC,
  0x01CC, 0x01CC, 0x01CC, 0x01CC, 0x01CC, 0x01CC, 0x01CC, 0x01CC, 0x01CC, 0x01CC, 0x01CC, 0x01CC,
  0x01CC, 0x01CC, 0x01CC, 0x01CC, 0x01CC, 0x01CC, 0x01CC, 0x01CC, 0x01CC, 0x01CC, 0x01CC, 0x01CC,
  0x01CC, 0x01CC, 0x01CC, 0x01CC, 0x01CC, 0x01CC, 0x01CC, 0x01CC, 0x01CC, 0x01CC, 0x01CC, 0x01CC,
  0x01CC, 0x01CC, 0x01CC, 0x01CC, 0x01CC, 0x01CC, 0x01CC, 0x01CC, 0x01CC, 0x01CC, 0x01CC, 0x01CC,
  0x01CC, 0x01CC, 0x01CC, 0x01CC, 0x01CC, 0x01CC, 0x01CC, 0x01CC, 0x01CC, 0x01CC, 0x01CC, 0x01CC,
  0x01CC, 0x01CC, 0x01CC, 0x01CC, 0x01CC, 0x01CC, 0x01CC, 0x01CC, 0x01CC, 0x01CC, 0x01CC, 0x01CC,
  0x01CC, 0x01CC, 0x01CC, 0x01CC, 0x01CC, 0x01CC, 0x01CC, 0x01CC, 0x01CC, 0x01CC, 0x01CC, 0x01CC,
  0x01CC, 0x01CC, 0x01CC, 0x01CC, 0x01CC, 0x01CC, 0x01CC, 0x01CC, 0x01CC, 0x01CC, 0x01CC, 0x01CC,
  0x01CC, 0x01CC, 0x01CC, 0x01CC, 0x01CC, 0x01CC, 0x01CC, 0x01CC, 0x01CC, 0x01CC, 0x01CC, 0x01CC,
  0x01CC, 0x01CC, 0x01CC, 0x01CC, 0x01CC, 0x01CC, 0x01CC, 0x01CC, 0x01CC, 0x01CC, 0x01CC, 0x01CC,
  0x01CC, 0x01CC, 0x01CC, 0x01CC, 0x01CC, 0x01CC, 0x01CC, 0x01CC, 0x01CC, 0x01CC, 0x01CC, 0x01CC,
  0x01CC, 0x01CC, 0x01CC, 0x01CC, 0x01CC, 0x01CC, 0x01CC, 0x01CC, 0x01CC, 0x01CC, 0x01CC, 0x01CC,
  0x01CC, 0x01CC, 0x01CC, 0x01CC, 0x01CC, 0x01CC, 0x01CC, 0x01CC, 0x01CC, 0x01CC, 0x01CC, 0x01CC,
  0x01CC, 0x01CC, 0x01CC, 0x01CC, 0x01CC, 0x01CC, 0x01CC, 0x01CC, 0x01CC, 0x01CC, 0x01CC, 0x01CC,
  0x01CC, 0x01CC, 0x01CC, 0x01CC, 0x01CC, 0x01CC, 0x01CC, 0x01CC, 0x01CC, 0x01CC, 0x01CC, 0x01CC,
  0x01CC, 0x01CC, 0x01CC, 0x01CC, 0x01CC, 0x01CC, 0x01CC, 0x01CC, 0x01CC, 0x01CC, 0x01CC, 0x01CC,
  0x01CC, 0x01CC, 0x01CC, 0x01CC, 0x01CC, 0x01CC, 0x01CC, 0x01CC, 0x01CC, 0x01CC, 0x01CC, 0x01CC,
  0x01CC, 0x01CC, 0x01CC, 0x01CC, 0x01CC, 0x01CC, 0x01CC, 0x01CC, 0x01CC, 0x01CC, 0x01CC, 0x01CC,
  0x01CC, 0x01CC, 0x01CC, 0x01CC, 0x01CC, 0x01CC, 0x01CC, 0x01CC, 0x01CC, 0x01CC, 0x01CC, 0x01CC,
  0x01CC, 0x01CC, 0x01CC, 0x01CC, 0x01CC, 0x01CC, 0x01CC, 0x01CC, 0x01CC, 0x01CC, 0x01CC, 0x01CC,
  0x01CC, 0x01CC, 0x01CC, 0x01CC, 0x01CC, 0x01CC, 0x01CC, 0x01CC, 0x01CC, 0x01CC, 0x01CC, 0x01CC,
  0x01CC, 0x01CC, 0x01CC, 0x01CC, 0x01CC, 0x01CC, 0x01CC, 0x01CC, 0x01CC, 0x01CC, 0x01CC, 0x01CC,
  0x01CC, 0x01CC, 0x01CC, 0x01CC, 0x01CC, 0x01CC, 0x01CC, 0x01CC, 0x01CC, 0x01CC, 0x01CC, 0x01CC,
  0x01CC, 0x01CC, 0x01CC, 0x01CC, 0x01CC, 0x01CC, 0x01CC, 0x01CC, 0x01CC, 0x01CC, 0x01CC, 0x01CC,
  0x01CC, 0x01CC, 0x01CC, 0x01CC, 0x01CC, 0x01CC, 0x01CC, 0x01CC, 0x01CC, 0x01CC, 0x01CC, 0x01CC,
  0x01CC, 0x01CC, 0x01CC, 0x01CC, 0x01CC, 0x01CC, 0x01CC, 0x01CC, 0x01CC, 0x01CC, 0x01CC, 0x01CC,
  0x01CC, 0x01CC, 0x01CC, 0x01CC, 0x01CC, 0x01CC, 0x01CC, 0x01CC, 0x01CC, 0x01CC, 0x01CC, 0x01CC,
  0x01CC, 0x01CC, 0x01CC, 0x01CC, 0x01CC, 0x01CC, 0x01CC, 0x01CC, 0x01CC, 0x01CC, 0x01CC, 0x01CC,
  0x01CC, 0x01CC, 0x01CC, 0x01CC, 0x01CC, 0x01CC, 0x01CC, 0x01CC, 0x01CC, 0x01CC, 0x01CC, 0x01CC,
  0x01CC, 0x01CC, 0x01CC, 0x01CC, 0x01CC, 0x01CC, 0x01CC, 0x01CC, 0x01CC, 0x01CC, 0x01CC, 0x01CC,
  0x01CC, 0x01CC, 0x01CC, 0x01CC, 0x01CC, 0x01CC, 0x01CC, 0x01CC, 0x01CC, 0x01CC, 0x01CC, 0x01CC,
  0x01CC, 0x01CC, 0x01CC, 0x01CC, 0x01CC, 0x01CC, 0x01CC, 0x01CC, 0x01CC, 0x01CC, 0x01CC, 0x01CC,
  0x01CC, 0x01CC, 0x01CC, 0x01CC, 0x01CC, 0x01CC, 0x01CC, 0x01CC, 0x01CC, 0x01CC, 0x01CC, 0x01CC,
  0x01CC, 0x01CC, 0x01CC, 0x01CC, 0x01CC, 0x01CC, 0x01CC, 0x01CC, 0x01CC, 0x01CC, 0x01CC, 0x01CC,
  0x01CC, 0x01CC, 0x01CC, 0x01CC, 0x01CC, 0x01CC, 0x01CC, 0x01CC, 0x01CC, 0x01CC, 0x01CC, 0x01CC,
  0x01CC, 0x01CC, 0x01CC, 0x01CC, 0x01CC, 0x01CC, 0x01CC, 0x01CC, 0x01CC, 0x01CC, 0x01CC, 0x01CC,
  0x01CC, 0x01CC, 0x01CC, 0x01CC, 0x01CC, 0x01CC, 0x01CC, 0x01CC, 0x01CC, 0x01CC, 0x01CC, 0x01CC,
  0x01CC, 0x01CC, 0x01CC, 0x01CC, 0x01CC, 0x01CC, 0x01CC, 0x01CC, 0x01CC, 0x01CC, 0x01CC, 0x01CC,
  0x01CC, 0x01CC, 0x01CC, 0x01CC, 0x01CC, 0x01CC, 0x01CC, 0x01CC, 0x01CC, 0x01CC, 0x01CC, 0x01CC,
  0x01CC, 0x01CC, 0x01CC, 0x01CC, 0x01CC, 0x01CC, 0x01CC, 0x01CC, 0x01CC, 0x01CC, 0x01CC, 0x01CC,
  0x01CC, 0x01CC, 0x01CC, 0x01CC, 0x01CC, 0x01CC, 0x01CC, 0x01CC, 0x01CC, 0x01CC, 0x01CC, 0x01CC,
  0x01CC, 0x01CC, 0x01CC, 0x01CC, 0x01CC, 0x01CC, 0x01CC, 0x01CC, 0x01CC, 0x01CC, 0x01CC, 0x01CC,
  0x01CC, 0x01CC, 0x01CC, 0x01CC, 0x01CC, 0x01CC, 0x01CC, 0x01CC, 0x01CC, 0x01CC, 0x01CC, 0x01CC,
  0x01CC, 0x01CC, 0x01CC, 0x01CC, 0x01CC, 0x01CC, 0x01CC, 0x01CC, 0x01CC, 0x01CC, 0x01CC, 0x01CC,
  0x01CC, 0x01CC, 0x01CC, 0x01CC, 0x01CC, 0x01CC, 0x01CC, 0x01CC, 0x01CC, 0x01CC, 0x01CC, 0x01CC,
  0x01CC, 0x01CC, 0x01CC, 0x01CC, 0x01CC, 0x01CC, 0x01CC, 0x01CC, 0x01CC, 0x01CC, 0x01CC, 0x01CC,
  0x01CC, 0x01CC, 0x01CC, 0x01CC, 0x01CC, 0x01CC, 0x01CC, 0x01CC, 0x01CC, 0x01CC, 0x01CC, 0x01CC,
  0x01CC, 0x01CC, 0x01CC, 0x01CC, 0x01CC, 0x01CC, 0x01CC, 0x01CC, 0x01CC, 0x01CC, 0x01CC, 0x01CC,
  0x01CC, 0x01CC, 0x01CC, 0x01CC, 0x01CC, 0x01CC, 0x01CC, 0x01CC, 0x01CC, 0x01CC, 0x01CC, 0x01CC,
  0x01CC, 0x01CC, 0x01CC, 0x01CC, 0x01CC, 0x01CC, 0x01CC, 0x01CC, 0x01CC, 0x01CC, 0x01CC, 0x01CC,
  0x01CC, 0x01CC, 0x01CC, 0x01CC, 0x01CC, 0x01CC, 0x01CC, 0x01CC, 0x01CC, 0x01CC, 0x01CC, 0x01CC,
  0x01CC, 0x01CC, 0x01CC, 0x01CC, 0x01CC, 0x01CC, 0x01CC, 0x01CC, 0x01CC, 0x01CC, 0x01CC, 0x01CC,
  0x01CC, 0x01CC, 0x01CC, 0x01CC, 0x01CC, 0x01CC, 0x01CC, 0x01CC, 0x01CC, 0x01CC, 0x01CC, 0x01CC,
  0x01CC, 0x01CC, 0x01CC, 0x01CC, 0x01CC, 0x01CC, 0x01CC, 0x01CC, 0x01CC, 0x01CC, 0x01CC, 0x01CC,
  0x01CC, 0x01CC, 0x01CC, 0x01CC, 0x01CC, 0x01CC, 0x01CC, 0x01CC, 0x01CC, 0x01CC, 0x01CC, 0x01CC,
  0x01CC, 0x01CC, 0x01CC, 0x01CC, 0x01CC, 0x01CC, 0x01CC, 0x01CC, 0x01CC, 0x01CC, 0x01CC, 0x01CC,
  0x01CC, 0x01CC, 0x01CC, 0x01CC, 0x01CC, 0x01CC, 0x01CC, 0x01CC, 0x01CC, 0x01CC, 0x01CC, 0x01CC,
  0x01CC, 0x01CC, 0x01CC, 0x01CC, 0x01CC, 0x01CC, 0x01CC, 0x01CC, 0x01CC, 0x01CC, 0x01CC, 0x01CC,
  0x01CC, 0x01CC, 0x01CC, 0x01CC, 0x01CC, 0x01CC, 0x01CC, 0x01CC, 0x01CC, 0x01CC, 0x01CC, 0x01CC,
  0x01CC, 0x01CC, 0x01CC, 0x01CC, 0x01CC, 0x01CC, 0x01CC, 0x01CC, 0x01CC, 0x01CC, 0x01CC, 0x01CC,
  0x01CC, 0x01CC, 0x01CC, 0x01CC, 0x01CC, 0x01CC, 0x01CC, 0x01CC, 0x01CC, 0x01CC, 0x01CC, 0x01CC,
  0x01CC, 0x01CC, 0x01CC, 0x01CC, 0x01CC, 0x01CC, 0x01CC, 0x01CC, 0x01CC, 0x01CC, 0x01CC, 0x01CC,
  0x01CC, 0x01CC, 0x01CC, 0x01CC, 0x01CC, 0x01CC, 0x01CC, 0x01CC, 0x01CC, 0x01CC, 0x01CC, 0x01CC,
  0x01CC, 0x01CC, 0x01CC, 0x01CC, 0x01CC, 0x01CC, 0x01CC, 0x01CC, 0x01CC, 0x01CC, 0x01CC, 0x01CC,
  0x01CC, 0x01CC, 0x01CC, 0x01CC, 0x01CC, 0x01CC, 0x01CC, 0x01CC, 0x01CC, 0x01CC, 0x01CC, 0x01CC,
  0x01CC, 0x01CC, 0x01CC, 0x01CC, 0x01CC, 0x01CC, 0x01CC, 0x01CC, 0x01CC, 0x01CC, 0x01CC, 0x01CC,
  0x01CC, 0x01CC, 0x01CC, 0x01CC, 0x01CC, 0x01CC, 0x01CC, 0x01CC, 0x01CC, 0x01CC, 0x01CC, 0x01CC,
  0x01CC, 0x01CC, 0x01CC, 0x01CC, 0x01CC, 0x01CC, 0x01CC, 0x01CC, 0x01CC, 0x01CC, 0x01CC, 0x01CC,
  0x01CC, 0x01CC, 0x01CC, 0x01CC, 0x01CC, 0x01CC, 0x01CC, 0x01CC, 0x01CC, 0x01CC, 0x01CC, 0x01CC,
  0x01CC, 0x01CC, 0x01CC, 0x01CC, 0x01CC, 0x01CC, 0x01CC, 0x01CC, 0x01CC, 0x01CC, 0x01CC, 0x01CC,
  0x01CC, 0x01CC, 0x01CC, 0x01CC, 0x01CC, 0x01CC, 0x01CC, 0x01CC, 0x01CC, 0x01CC, 0x01CC, 0x01CC,
  0x01CC, 0x01CC, 0x01CC, 0x01CC, 0x01CC, 0x01CC, 0x01CC, 0x01CC, 0x01CC, 0x01CC, 0x01CC, 0x01CC,
  0x01CC, 0x01CC, 0x01CC, 0x01CC, 0x01CC, 0x01CC, 0x01CC, 0x01CC, 0x01CC, 0x01CC, 0x01CC, 0x01CC,
  0x01CC, 0x01CC, 0x01CC, 0x01CC, 0x01CC, 0x01CC, 0x01CC, 0x01CC, 0x01CC, 0x01CC, 0x01CC, 0x01CC,
  0x01CC, 0x01CC, 0x01CC, 0x01CC, 0x01CC, 0x01CC, 0x01CC, 0x01CC, 0x01CC, 0x01CC, 0x01CC, 0x01CC,
  0x01CC, 0x01CC, 0x01CC, 0x01CC, 0x01CC, 0x01CC, 0x01CC, 0x01CC, 0x01CC, 0x01CC, 0x01CC, 0x01CC,
  0x01CC, 0x01CC, 0x01CC, 0x01CC, 0x01CC, 0x01CC, 0x01CC, 0x01CC, 0x01CC, 0x01CC, 0x01CC, 0x01CC,
  0x01CC, 0x01CC, 0x01CC, 0x01CC, 0x01CC, 0x01CC, 0x01CC, 0x01CC, 0x01CC, 0x01CC, 0x01CC, 0x01CC,
  0x01CC, 0x01CC, 0x01CC, 0x01CC, 0x01CC, 0x01CC, 0x01CC, 0x01CC, 0x01CC, 0x01CC, 0x01CC, 0x01CC,
  0x01CC, 0x01CC, 0x01CC, 0x01CC, 0x01CC, 0x01CC, 0x01CC, 0x01CC, 0x01CC, 0x01CC, 0x01CC, 0x01CC,
  0x01CC, 0x01CC, 0x01CC, 0x01CC, 0x01CC, 0x01CC, 0x01CC, 0x01CC, 0x01CC, 0x01CC, 0x01CC, 0x01CC,
  0x01CC, 0x01CC, 0x01CC, 0x01CC, 0x01CC, 0x01CC, 0x01CC, 0x01CC, 0x01CC, 0x01CC, 0x01CC, 0x01CC,
  0x01CC, 0x01CC, 0x01CC, 0x01CC, 0x01CC, 0x01CC, 0x01CC, 0x01CC, 0x01CC, 0x01CC, 0x01CC, 0x01CC,
  0x01CC, 0x01CC, 0x01CC, 0x01CC, 0x01CC, 0x01CC, 0x01CC, 0x01CC, 0x01CC, 0x01CC, 0x01CC, 0x01CC,
  0x01CC, 0x01CC, 0x01CC, 0x01CC, 0x01CC, 0x01CC, 0x01CC, 0x01CC, 0x01CC, 0x01CC, 0x01CC, 0x01CC,
  0x01CC, 0x01CC, 0x01CC, 0x01CC, 0x01CC, 0x01CC, 0x01CC, 0x01CC, 0x01CC, 0x01CC, 0x01CC, 0x01CC,
  0x01CC, 0x01CC, 0x01CC, 0x01CC, 0x01CC, 0x01CC, 0x01CC, 0x01CC, 0x01CC, 0x01CC, 0x01CC, 0x01CC,
  0x01CC, 0x01CC, 0x01CC, 0x01CC, 0x01CC, 0x01CC, 0x01CC, 0x01CC, 0x01CC, 0x01CC, 0x01CC, 0x01CC,
  0x01CC, 0x01CC, 0x01CC, 0x01CC, 0x01CC, 0x01CC, 0x01CC, 0x01CC, 0x01CC, 0x01CC, 0x01CC, 0x01CC,
  0x01CC, 0x01CC, 0x01CC, 0x01CC, 0x01CC, 0x01CC, 0x01CC, 0x01CC, 0x01CC, 0x01CC, 0x01CC, 0x01CC,
  0x01CC, 0x01CC, 0x01CC, 0x01CC, 0x01CC, 0x01CC, 0x01CC, 0x01CC, 0x01CC, 0x01CC, 0x01CC, 0x01CC,
  0x01CC, 0x01CC, 0x01CC, 0x01CC, 0x01CC, 0x01CC, 0x01CC, 0x01CC, 0x01CC, 0x01CC, 0x01CC, 0x01CC,
  0x01CC, 0x01CC, 0x01CC, 0x01CC, 0x01CC, 0x01CC, 0x01CC, 0x01CC, 0x01CC, 0x01CC, 0x01CC, 0x01CC,
  0x01CC, 0x01CC, 0x01CC, 0x01CC, 0x01CC, 0x01CC, 0x01CC, 0x01CC, 0x01CC, 0x01CC, 0x01CC, 0x01CC,
  0x01CC, 0x01CC, 0x01CC, 0x01CC, 0x01CC, 0x01CC, 0x01CC, 0x01CC, 0x01CC, 0x01CC, 0x01CC, 0x01CC,
  0x01CC, 0x01CC, 0x01CC, 0x01CC, 0x01CC, 0x01CC, 0x01CC, 0x01CC, 0x01CC, 0x01CC, 0x01CC, 0x01CC,
  0x01CC, 0x01CC, 0x01CC, 0x01CC, 0x01CC, 0x01CC, 0x01CC, 0x01CC, 0x01CC, 0x01CC, 0x01CC, 0x01CC,
  0x01CC, 0x01CC, 0x01CC, 0x01CC, 0x01CC, 0x01CC, 0x01CC, 0x01CC, 0x01CC, 0x01CC, 0x01CC, 0x01CC,
  0x01CC, 0x01CC, 0x01CC, 0x01CC, 0x01CC, 0x01CC, 0x01CC, 0x01CC, 0x01CC, 0x01CC, 0x01CC, 0x01CC,
  0x01CC, 0x01CC, 0x01CC, 0x01CC, 0x01CC, 0x01CC, 0x01CC, 0x01CC, 0x01CC, 0x01CC, 0x01CC, 0x01CC,
  0x01CC, 0x01CC, 0x01CC, 0x01CC, 0x01CC, 0x01CC, 0x01CC, 0x01CC, 0x01CC, 0x01CC, 0x01CC, 0x01CC,
  0x01CC, 0x01CC, 0x01CC, 0x01CC, 0x01CC, 0x01CC, 0x01CC, 0x01CC, 0x01CC, 0x01CC, 0x01CC, 0x01CC,
  0x01CC, 0x01CC, 0x01CC, 0x01CC, 0x01CC, 0x01CC, 0x01CC, 0x01CC, 0x01CC, 0x01CC, 0x01CC, 0x01CC,
  0x01CC, 0x01CC, 0x01CC, 0x01CC, 0x01CC, 0x01CC, 0x01CC, 0x01CC, 0x01CC, 0x01CC, 0x01CC, 0x01CC,
  0x01CC, 0x01CC, 0x01CC, 0x01CC, 0x01CC, 0x01CC, 0x01CC, 0x01CC, 0x01CC, 0x01CC, 0x01CC, 0x01CC,
  0x01CC, 0x01CC, 0x01CC, 0x01CC, 0x01CC, 0x01CC, 0x01CC, 0x01CC, 0x01CC, 0x01CC, 0x01CC, 0x01CC,
  0x01CC, 0x01CC, 0x01CC, 0x01CC, 0x01CC, 0x01CC, 0x01CC, 0x01CC, 0x01CC, 0x01CC, 0x01CC, 0x01CC,
  0x01CC, 0x01CC, 0x01CC, 0x01CC, 0x01CC, 0x01CC, 0x01CC, 0x01CC, 0x01CC, 0x01CC, 0x01CC, 0x01CC,
  0x01CC, 0x01CC, 0x01CC, 0x01CC, 0x01CC, 0x01CC, 0x01CC, 0x01CC, 0x01CC, 0x01CC, 0x01CC, 0x01CC,
  0x01CC, 0x01CC, 0x01CC, 0x01CC, 0x01CC, 0x01CC, 0x01CC, 0x01CC, 0x01CC, 0x01CC, 0x01CC, 0x01CC,
  0x01CC, 0x01CC, 0x01CC, 0x01CC, 0x01CC, 0x01CC, 0x01CC, 0x01CC, 0x01CC, 0x01CC, 0x01CC, 0x01CC,
  0x01CC, 0x01CC, 0x01CC, 0x01CC, 0x01CC, 0x01CC, 0x01CC, 0x01CC, 0x01CC, 0x01CC, 0x01CC, 0x01CC,
  0x01CC, 0x01CC, 0x01CC, 0x01CC, 0x01CC, 0x01CC, 0x01CC, 0x01CC, 0x01CC, 0x01CC, 0x01CC, 0x01CC,
  0x01CC, 0x01CC, 0x01CC, 0x01CC, 0x01CC, 0x01CC, 0x01CC, 0x01CC, 0x01CC, 0x01CC, 0x01CC, 0x01CC,
  0x01CC, 0x01CC, 0x01CC, 0x01CC, 0x01CC, 0x01CC, 0x01CC, 0x01CC, 0x01CC, 0x01CC, 0x01CC, 0x01CC,
  0x01CC, 0x01CC, 0x01CC, 0x01CC, 0x01CC, 0x01CC, 0x01CC, 0x01CC, 0x01CC, 0x01CC, 0x01CC, 0x01CC,
  0x01CC, 0x01CC, 0x01CC, 0x01CC, 0x01CC, 0x01CC, 0x01CC, 0x01CC, 0x01CC, 0x01CC, 0x01CC, 0x01CC,
  0x01CC, 0x01CC, 0x01CC, 0x01CC, 0x01CC, 0x01CC, 0x01CC, 0x01CC, 0x01CC, 0x01CC, 0x01CC, 0x01CC,
  0x01CC, 0x01CC, 0x01CC, 0x01CC, 0x01CC, 0x01CC, 0x01CC, 0x01CC, 0x01CC, 0x01CC, 0x01CC, 0x01CC,
  0x01CC, 0x01CC, 0x01CC, 0x01CC, 0x01CC, 0x01CC, 0x01CC, 0x01CC, 0x01CC, 0x01CC, 0x01CC, 0x01CC,
  0x01CC, 0x01CC, 0x01CC, 0x01CC, 0x01CC, 0x01CC, 0x01CC, 0x01CC, 0x01CC, 0x01CC, 0x01CC, 0x01CC,
  0x01CC, 0x01CC, 0x01CC, 0x01CC, 0x01CC, 0x01CC, 0x01CC, 0x01CC, 0x01CC, 0x01CC, 0x01CC, 0x01CC,
  0x01CC, 0x01CC, 0x01CC, 0x01CC, 0x01CC, 0x01CC, 0x01CC, 0x01CC, 0x01CC, 0x01CC, 0x01CC, 0x01CC,
  0x01CC, 0x01CC, 0x01CC, 0x01CC, 0x01CC, 0x01CC, 0x01CC, 0x01CC, 0x01CC, 0x01CC, 0x01CC, 0x01CC,
  0x01CC, 0x01CC, 0x01CC, 0x01CC, 0x01CC, 0x01CC, 0x01CC, 0x01CC, 0x01CC, 0x01CC, 0x01CC, 0x01CC,
  0x01CC, 0x01CC, 0x01CC, 0x01CC, 0x01CC, 0x01CC, 0x01CC, 0x01CC, 0x01CC, 0x01CC, 0x01CC, 0x01CC,
  0x01CC, 0x01CC, 0x01CC, 0x01CC, 0x01CC, 0x01CC, 0x01CC, 0x01CC, 0x01CC, 0x01CC, 0x01CC, 0x01CC,
  0x01CC, 0x01CC, 0x01CC, 0x01CC, 0x01CC, 0x01CC, 0x01CC, 0x01CC, 0x01CC, 0x01CC, 0x01CC, 0x01CC,
  0x01CC, 0x01CC, 0x01CC, 0x01CC, 0x01CC, 0x01CC, 0x01CC, 0x01CC, 0x01CC, 0x01CC, 0x01CC, 0x01CC,
  0x01CC, 0x01CC, 0x01CC, 0x01CC, 0x01CC, 0x01CC, 0x01CC, 0x01CC, 0x01CC, 0x01CC, 0x01CC, 0x01CC,
  0x01CC, 0x01CC, 0x01CC, 0x01CC, 0x01CC, 0x01CC, 0x01CC, 0x01CC, 0x01CC, 0x01CC, 0x01CC, 0x01CC,
  0x01CC, 0x01CC, 0x01CC, 0x01CC, 0x01CC, 0x01CC, 0x01CC, 0x01CC, 0x01CC, 0x01CC, 0x01CC, 0x01CC,
  0x01CC, 0x01CC, 0x01CC, 0x01CC, 0x01CC, 0x01CC, 0x01CC, 0x01CC, 0x01CC, 0x01CC, 0x01CC, 0x01CC,
  0x01CC, 0x01CC, 0x01CC, 0x01CC, 0x01CC, 0x01CC, 0x01CC, 0x01CC, 0x01CC, 0x01CC, 0x01CC, 0x01CC,
  0x01CC, 0x01CC, 0x01CC, 0x01CC, 0x01CC, 0x01CC, 0x01CC, 0x01CC, 0x01CC, 0x01CC, 0x01CC, 0x01CC,
  0x01CC, 0x01CC, 0x01CC, 0x01CC, 0x01CC, 0x01CC, 0x01CC, 0x01CC, 0x01CC, 0x01CC, 0x01CC, 0x01CC,
  0x01CC, 0x01CC, 0x01CC, 0x01CC, 0x01CC, 0x01CC, 0x01CC, 0x01CC, 0x01CC, 0x01CC, 0x01CC, 0x01CC,
  0x01CC, 0x01CC, 0x01CC, 0x01CC, 0x01CC, 0x01CC, 0x01CC, 0x01CC, 0x01CC, 0x01CC, 0x01CC, 0x01CC,
  0x01CC, 0x01CC, 0x01CC, 0x01CC, 0x01CC, 0x01CC, 0x01CC, 0x01CC, 0x01CC, 0x01CC, 0x01CC, 0x01CC,
  0x01CC, 0x01CC, 0x01CC, 0x01CC, 0x01CC, 0x01CC, 0x01CC, 0x01CC, 0x01CC, 0x01CC, 0x01CC, 0x01CC,
  0x01CC, 0x01CC, 0x01CC, 0x01CC, 0x01CC, 0x01CC, 0x01CC, 0x01CC, 0x01CC, 0x01CC, 0x01CC, 0x01CC,
  0x01CC, 0x01CC, 0x01CC, 0x01CC, 0x01CC, 0x01CC, 0x01CC, 0x01CC, 0x01CC, 0x01CC, 0x01CC, 0x01CC,
  0x01CC, 0x01CC, 0x01CC, 0x01CC, 0x01CC, 0x01CC, 0x01CC, 0x01CC, 0x01CC, 0x01CC, 0x01CC, 0x01CC,
  0x01CC, 0x01CC, 0x01CC, 0x01CC, 0x01CC, 0x01CC, 0x01CC, 0x01CC, 0x01CC, 0x01CC, 0x01CC, 0x01CC,
  0x01CC, 0x01CC, 0x01CC, 0x01CC, 0x01CC, 0x01CC, 0x01CC, 0x01CC, 0x01CC, 0x01CC, 0x01CC, 0x01CC,
  0x01CC, 0x01CC, 0x01CC, 0x01CC, 0x01CC, 0x01CC, 0x01CC, 0x01CC, 0x01CC, 0x01CC, 0x01CC, 0x01CC,
  0x01CC, 0x01CC, 0x01CC, 0x01CC, 0x01CC, 0x01CC, 0x01CC, 0x01CC, 0x01CC, 0x01CC, 0x01CC, 0x01CC,
  0x01CC, 0x01CC, 0x01CC, 0x01CC, 0x01CC, 0x01CC, 0x01CC, 0x01CC, 0x01CC, 0x01CC, 0x01CC, 0x01CC,
  0x01CC, 0x01CC, 0x01CC, 0x01CC, 0x01CC, 0x01CC, 0x01CC, 0x01CC, 0x01CC, 0x01CC, 0x01CC, 0x01CC,
  0x01CC, 0x01CC, 0x01CC, 0x01CC, 0x01CC, 0x01CC, 0x01CC, 0x01CC, 0x01CC, 0x01CC, 0x01CC, 0x01CC,
  0x01CC, 0x01CC, 0x01CC, 0x01CC, 0x01CC, 0x01CC, 0x01CC, 0x01CC, 0x01CC, 0x01CC, 0x01CC, 0x01CC,
  0x01CC, 0x01CC, 0x01CC, 0x01CC, 0x01CC, 0x01CC, 0x01CC, 0x01CC, 0x01CC, 0x01CC, 0x01CC, 0x01CC,
  0x01CC, 0x01CC, 0x01CC, 0x01CC, 0x01CC, 0x01CC, 0x01CC, 0x01CC, 0x01CC, 0x01CC, 0x01CC, 0x01CC,
  0x01CC, 0x01CC, 0x01CC, 0x01CC, 0x01CC, 0x01CC, 0x01CC, 0x01CC, 0x01CC, 0x01CC, 0x01CC, 0x01CC,
  0x01CC, 0x01CC, 0x01CC, 0x01CC, 0x01CC, 0x01CC, 0x01CC, 0x01CC, 0x01CC, 0x01CC, 0x01CC, 0x01CC,
  0x01CC, 0x01CC, 0x01CC, 0x01CC, 0x01CC, 0x01CC, 0x01CC, 0x01CC, 0x01CC, 0x01CC, 0x01CC, 0x01CC,
  0x01CC, 0x01CC, 0x01CC, 0x01CC, 0x01CC, 0x01CC, 0x01CC, 0x01CC, 0x01CC, 0x01CC, 0x01CC, 0x01CC,
  0x01CC, 0x01CC, 0x01CC, 0x01CC, 0x01CC, 0x01CC, 0x01CC, 0x01CC, 0x01CC, 0x01CC, 0x01CC, 0x01CC,
  0x01CC, 0x01CC, 0x01CC, 0x01CC, 0x01CC, 0x01CC, 0x01CC, 0x01CC, 0x01CC, 0x01CC, 0x01CC, 0x01CC,
  0x01CC, 0x01CC, 0x01CC, 0x01CC, 0x01CC, 0x01CC, 0x01CC, 0x01CC, 0x01CC, 0x01CC, 0x01CC, 0x01CC,
  0x01CC, 0x01CC, 0x01CC, 0x01CC, 0x01CC, 0x01CC, 0x01CC, 0x01CC, 0x01CC, 0x01CC, 0x01CC, 0x01CC,
  0x01CC, 0x01CC, 0x01CC, 0x01CC, 0x01CC, 0x01CC, 0x01CC, 0x01CC, 0x01CC, 0x01CC, 0x01CC, 0x01CC,
  0x01CC, 0x01CC, 0x01CC, 0x01CC, 0x01CC, 0x01CC, 0x01CC, 0x01CC, 0x01CC, 0x01CC, 0x01CC, 0x01CC,
  0x01CC, 0x01CC, 0x01CC, 0x01CC, 0x01CC, 0x01CC, 0x01CC, 0x01CC, 0x01CC, 0x01CC, 0x01CC, 0x01CC,
  0x01CC, 0x01CC, 0x01CC, 0x01CC, 0x01CC, 0x01CC, 0x01CC, 0x01CC, 0x01CC, 0x01CC, 0x01CC, 0x01CC,
  0x01CC, 0x01CC, 0x01CC, 0x01CC, 0x01CC, 0x01CC, 0x01CC, 0x01CC, 0x01CC, 0x01CC, 0x01CC, 0x01CC,
  0x01CC, 0x01CC, 0x01CC, 0x01CC, 0x01CC, 0x01CC, 0x01CC, 0x01CC, 0x01CC, 0x01CC, 0x01CC, 0x01CC,
  0x01CC, 0x01CC, 0x01CC, 0x01CC, 0x01CC, 0x01CC, 0x01CC, 0x01CC, 0x01CC, 0x01CC, 0x01CC, 0x01CC,
  0x01CC, 0x01CC, 0x01CC, 0x01CC, 0x01CC, 0x01CC, 0x01CC, 0x01CC, 0x01CC, 0x01CC, 0x01CC, 0x01CC,
  0x01CC, 0x01CC, 0x01CC, 0x01CC, 0x01CC, 0x01CC, 0x01CC, 0x01CC, 0x01CC, 0x01CC, 0x01CC, 0x01CC,
  0x01CC, 0x01CC, 0x01CC, 0x01CC, 0x01CC, 0x01CC, 0x01CC, 0x01CC, 0x01CC, 0x01CC, 0x01CC, 0x01CC,
  0x01CC, 0x01CC, 0x01CC, 0x01CC, 0x01CC, 0x01CC, 0x01CC, 0x01CC, 0x01CC, 0x01CC, 0x01CC, 0x01CC,
  0x01CC, 0x01CC, 0x01CC, 0x01CC, 0x01CC, 0x01CC, 0x01CC, 0x01CC, 0x01CC, 0x01CC, 0x01CC, 0x01CC,
  0x01CC, 0x01CC, 0x01CC, 0x01CC, 0x01CC, 0x01CC, 0x01CC, 0x01CC, 0x01CC, 0x01CC, 0x01CC, 0x01CC,
  0x01CC, 0x01CC, 0x01CC, 0x01CC, 0x01CC, 0x01CC, 0x01CC, 0x01CC, 0x01CC, 0x01CC, 0x01CC, 0x01CC,
  0x01CC, 0x01CC, 0x01CC, 0x01CC, 0x01CC, 0x01CC, 0x01CC, 0x01CC, 0x01CC, 0x01CC, 0x01CC, 0x01CC,
  0x01CC, 0x01CC, 0x01CC, 0x01CC, 0x01CC, 0x01CC, 0x01CC, 0x01CC, 0x01CC, 0x01CC, 0x01CC, 0x01CC,
  0x01CC, 0x01CC, 0x01CC, 0x01CC, 0x01CC, 0x01CC, 0x01CC, 0x01CC, 0x01CC, 0x01CC, 0x01CC, 0x01CC,
  0x01CC, 0x01CC, 0x01CC, 0x01CC, 0x01CC, 0x01CC, 0x01CC, 0x01CC, 0x01CC, 0x01CC, 0x01CC, 0x01CC,
  0x01CC, 0x01CC, 0x01CC, 0x01CC, 0x01CC, 0x01CC, 0x01CC, 0x01CC, 0x01CC, 0x01CC, 0x01CC, 0x01CC,
  0x01CC, 0x01CC, 0x01CC, 0x01CC, 0x01CC, 0x01CC, 0x01CC, 0x01CC, 0x01CC, 0x01CC, 0x01CC, 0x01CC,
  0x01CC, 0x01CC, 0x01CC, 0x01CC, 0x01CC, 0x01CC, 0x01CC, 0x01CC, 0x01CC, 0x01CC, 0x01CC, 0x01CC,
  0x01CC, 0x01CC, 0x01CC, 0x01CC, 0x01CC, 0x01CC, 0x01CC, 0x01CC, 0x01CC, 0x01CC, 0x01CC, 0x01CC,
  0x01CC, 0x01CC, 0x01CC, 0x01CC, 0x01CC, 0x01CC, 0x01CC, 0x01CC, 0x01CC, 0x01CC, 0x01CC, 0x01CC,
  0x01CC, 0x01CC, 0x01CC, 0x01CC, 0x01CC, 0x01CC, 0x01CC, 0x01CC, 0x01CC, 0x01CC, 0x01CC, 0x01CC,
  0x01CC, 0x01CC, 0x01CC, 0x01CC, 0x01CC, 0x01CC, 0x01CC, 0x01CC, 0x01CC, 0x01CC, 0x01CC, 0x01CC,
  0x01CC, 0x01CC, 0x01CC, 0x01CC, 0x01CC, 0x01CC, 0x01CC, 0x01CC, 0x01CC, 0x01CC, 0x01CC, 0x01CC,
  0x01CC, 0x01CC, 0x01CC, 0x01CC, 0x01CC, 0x01CC, 0x01CC, 0x01CC, 0x01CC, 0x01CC, 0x01CC, 0x01CC,
  0x01CC, 0x01CC, 0x01CC, 0x01CC, 0x01CC, 0x01CC, 0x01CC, 0x01CC, 0x01CC, 0x01CC, 0x01CC, 0x01CC,
  0x01CC, 0x01CC, 0x01CC, 0x01CC, 0x01CC, 0x01CC, 0x01CC, 0x01CC, 0x01CC, 0x01CC, 0x01CC, 0x01CC,
  0x01CC, 0x01CC, 0x01CC, 0x01CC, 0x01CC, 0x01CC, 0x01CC, 0x01CC, 0x01CC, 0x01CC, 0x01CC, 0x01CC,
  0x01CC, 0x01CC, 0x01CC, 0x01CC, 0x01CC, 0x01CC, 0x01CC, 0x01CC, 0x01CC, 0x01CC, 0x01CC, 0x01CC,
  0x01CC, 0x01CC, 0x01CC, 0x01CC, 0x01CC, 0x01CC, 0x01CC, 0x01CC, 0x01CC, 0x01CC, 0x01CC, 0x01CC,
  0x01CC, 0x01CC, 0x01CC, 0x01CC, 0x01CC, 0x01CC, 0x01CC, 0x01CC, 0x01CC, 0x01CC, 0x01CC, 0x01CC,
  0x01CC, 0x01CC, 0x01CC, 0x01CC, 0x01CC, 0x01CC, 0x01CC, 0x01CC, 0x01CC, 0x01CC, 0x01CC, 0x01CC,
  0x01CC, 0x01CC, 0x01CC, 0x01CC, 0x01CC, 0x01CC, 0x01CC, 0x01CC, 0x01CC, 0x01CC, 0x01CC, 0x01CC,
  0x01CC, 0x01CC, 0x01CC, 0x01CC, 0x01CC, 0x01CC, 0x01CC, 0x01CC, 0x01CC, 0x01CC, 0x01CC, 0x01CC,
  0x01CC, 0x01CC, 0x01CC, 0x01CC, 0x01CC, 0x01CC, 0x01CC, 0x01CC, 0x01CC, 0x01CC, 0x01CC, 0x01CC,
  0x01CC, 0x01CC, 0x01CC, 0x01CC, 0x01CC, 0x01CC, 0x01CC, 0x01CC, 0x01CC, 0x01CC, 0x01CC, 0x01CC,
  0x01CC, 0x01CC, 0x01CC, 0x01CC, 0x01CC, 0x01CC, 0x01CC, 0x01CC, 0x01CC, 0x01CC, 0x01CC, 0x01CC,
  0x01CC, 0x01CC, 0x01CC, 0x01CC, 0x01CC, 0x01CC, 0x01CC, 0x01CC, 0x01CC, 0x01CC, 0x01CC, 0x01CC,
  0x01CC, 0x01CC, 0x01CC, 0x01CC, 0x01CC, 0x01CC, 0x01CC, 0x01CC, 0x01CC, 0x01CC, 0x01CC, 0x01CC,
  0x01CC, 0x01CC, 0x01CC, 0x01CC, 0x01CC, 0x01CC, 0x01CC, 0x01CC, 0x01CC, 0x01CC, 0x01CC, 0x01CC,
  0x01CC, 0x01CC, 0x01CC, 0x01CC, 0x01CC, 0x01CC, 0x01CC, 0x01CC, 0x01CC, 0x01CC, 0x01CC, 0x01CC,
  0x01CC, 0x01CC, 0x01CC, 0x01CC, 0x01CC, 0x01CC, 0x01CC, 0x01CC, 0x01CC, 0x01CC, 0x01CC, 0x01CC,
  0x01CC, 0x01CC, 0x01CC, 0x01CC, 0x01CC, 0x01CC, 0x01CC, 0x01CC, 0x01CC, 0x01CC, 0x01CC, 0x01CC,
  0x01CC, 0x01CC, 0x01CC, 0x01CC, 0x01CC, 0x01CC, 0x01CC, 0x01CC, 0x01CC, 0x01CC, 0x01CC, 0x01CC,
  0x01CC, 0x01CC, 0x01CC, 0x01CC, 0x01CC, 0x01CC, 0x01CC, 0x01CC, 0x01CC, 0x01CC, 0x01CC, 0x01CC,
  0x01CC, 0x01CC, 0x01CC, 0x01CC, 0x01CC, 0x01CC, 0x01CC, 0x01CC, 0x01CC, 0x01CC, 0x01CC, 0x01CC,
  0x01CC, 0x01CC, 0x01CC, 0x01CC, 0x01CC, 0x01CC, 0x01CC, 0x01CC, 0x01CC, 0x01CC, 0x01CC, 0x01CC,
  0x01CC, 0x01CC, 0x01CC, 0x01CC, 0x01CC, 0x01CC, 0x01CC, 0x01CC, 0x01CC, 0x01CC, 0x01CC, 0x01CC,
  0x01CC, 0x01CC, 0x01CC, 0x01CC, 0x01CC, 0x01CC, 0x01CC, 0x01CC, 0x01CC, 0x01CC, 0x01CC, 0x01CC,
  0x01CC, 0x01CC, 0x01CC, 0x01CC, 0x01CC, 0x01CC, 0x01CC, 0x01CC, 0x01CC, 0x01CC, 0x01CC, 0x01CC,
  0x01CC, 0x01CC, 0x01CC, 0x01CC, 0x01CC, 0x01CC, 0x01CC, 0x01CC, 0x01CC, 0x01CC, 0x01CC, 0x01CC,
  0x01CC, 0x01CC, 0x01CC, 0x01CC, 0x01CC, 0x01CC, 0x01CC, 0x01CC, 0x01CC, 0x01CC, 0x01CC, 0x01CC,
  0x01CC, 0x01CC, 0x01CC, 0x01CC, 0x01CC, 0x01CC, 0x01CC, 0x01CC, 0x01CC, 0x01CC, 0x01CC, 0x01CC,
  0x01CC, 0x01CC, 0x01CC, 0x01CC, 0x01CC, 0x01CC, 0x01CC, 0x01CC, 0x01CC, 0x01CC, 0x01CC, 0x01CC,
  0x01CC, 0x01CC, 0x01CC, 0x01CC, 0x01CC, 0x01CC, 0x01CC, 0x01CC, 0x01CC, 0x01CC, 0x01CC, 0x01CC,
  0x01CC, 0x01CC, 0x01CC, 0x01CC, 0x01CC, 0x01CC, 0x01CC, 0x01CC, 0x01CC, 0x01CC, 0x01CC, 0x01CC,
  0x01CC, 0x01CC, 0x01CC, 0x01CC, 0x01CC, 0x01CC, 0x01CC, 0x01CC, 0x01CC, 0x01CC, 0x01CC, 0x01CC,
  0x01CC, 0x01CC, 0x01CC, 0x01CC, 0x01CC, 0x01CC, 0x01CC, 0x01CC, 0x01CC, 0x01CC, 0x01CC, 0x01CC,
  0x01CC, 0x01CC, 0x01CC, 0x01CC, 0x01CC, 0x01CC, 0x01CC, 0x01CC, 0x01CC, 0x01CC, 0x01CC, 0x01CC,
  0x01CC, 0x01CC, 0x01CC, 0x01CC, 0x01CC, 0x01CC, 0x01CC, 0x01CC, 0x01CC, 0x01CC, 0x01CC, 0x01CC,
  0x01CC, 0x01CC, 0x01CC, 0x01CC, 0x01CC, 0x01CC, 0x01CC, 0x01CC, 0x01CC, 0x01CC, 0x01CC, 0x01CC,
  0x01CC, 0x01CC, 0x01CC, 0x01CC, 0x01CC, 0x01CC, 0x01CC, 0x01CC, 0x01CC, 0x01CC, 0x01CC, 0x01CC,
  0x01CC, 0x01CC, 0x01CC, 0x01CC, 0x01CC, 0x01CC, 0x01CC, 0x01CC, 0x01CC, 0x01CC, 0x01CC, 0x01CC,
  0x01CC, 0x01CC, 0x01CC, 0x01CC, 0x01CC, 0x01CC, 0x01CC, 0x01CC, 0x01CC, 0x01CC, 0x01CC, 0x01CC,
  0x01CC, 0x01CC, 0x01CC, 0x01CC, 0x01CC, 0x01CC, 0x01CC, 0x01CC, 0x01CC, 0x01CC, 0x01CC, 0x01CC,
  0x01CC, 0x01CC, 0x01CC, 0x01CC, 0x01CC, 0x01CC, 0x01CC, 0x01CC, 0x01CC, 0x01CC, 0x01CC, 0x01CC,
  0x01CC, 0x01CC, 0x01CC, 0x01CC, 0x01CC, 0x01CC, 0x01CC, 0x01CC, 0x01CC, 0x01CC, 0x01CC, 0x01CC,
  0x01CC, 0x01CC, 0x01CC, 0x01CC, 0x01CC, 0x01CC, 0x01CC, 0x01CC, 0x01CC, 0x01CC, 0x01CC, 0x01CC,
  0x01CC, 0x01CC, 0x01CC, 0x01CC, 0x01CC, 0x01CC, 0x01CC, 0x01CC, 0x01CC, 0x01CC, 0x01CC, 0x01CC,
  0x01CC, 0x01CC, 0x01CC, 0x01CC, 0x01CC, 0x01CC, 0x01CC, 0x01CC, 0x01CC, 0x01CC, 0x01CC, 0x01CC,
  0x01CC, 0x01CC, 0x01CC, 0x01CC, 0x01CC, 0x01CC, 0x01CC, 0x01CC, 0x01CC, 0x01CC, 0x01CC, 0x01CC,
  0x01CC, 0x01CC, 0x01CC, 0x01CC, 0x01CC, 0x01CC, 0x01CC, 0x01CC, 0x01CC, 0x01CC, 0x01CC, 0x01CC,
  0x01CC, 0x01CC, 0x01CC, 0x01CC, 0x01CC, 0x01CC, 0x01CC, 0x01CC, 0x01CC, 0x01CC, 0x01CC, 0x01CC,
  0x01CC, 0x01CC, 0x01CC, 0x01CC, 0x01CC, 0x01CC, 0x01CC, 0x01CC, 0x01CC, 0x01CC, 0x01CC, 0x01CC,
  0x01CC, 0x01CC, 0x01CC, 0x01CC, 0x01CC, 0x01CC, 0x01CC, 0x01CC, 0x01CC, 0x01CC, 0x01CC, 0x01CC,
  0x01CC, 0x01CC, 0x01CC, 0x01CC, 0x01CC, 0x01CC, 0x01CC, 0x01CC, 0x01CC, 0x01CC, 0x01CC, 0x01CC,
  0x01CC, 0x01CC, 0x01CC, 0x01CC, 0x01CC, 0x01CC, 0x01CC, 0x01CC, 0x01CC, 0x01CC, 0x01CC, 0x01CC,
  0x01CC, 0x01CC, 0x01CC, 0x01CC, 0x01CC, 0x01CC, 0x01CC, 0x01CC, 0x01CC, 0x01CC, 0x01CC, 0x01CC,
  0x01CC, 0x01CC, 0x01CC, 0x01CC, 0x01CC, 0x01CC, 0x01CC, 0x01CC, 0x01CC, 0x01CC, 0x01CC, 0x01CC,
  0x01CC, 0x01CC, 0x01CC, 0x01CC, 0x01CC, 0x01CC, 0x01CC, 0x01CC, 0x01CC, 0x01CC, 0x01CC, 0x01CC,
  0x01CC, 0x01CC, 0x01CC, 0x01CC, 0x01CC, 0x01CC, 0x01CC, 0x01CC, 0x01CC, 0x01CC, 0x01CC, 0x01CC,
  0x01CC, 0x01CC, 0x01CC, 0x01CC, 0x01CC, 0x01CC, 0x01CC, 0x01CC, 0x01CC, 0x01CC, 0x01CC, 0x01CC,
  0x01CC, 0x01CC, 0x01CC, 0x01CC, 0x01CC, 0x01CC, 0x01CC, 0x01CC, 0x01CC, 0x01CC, 0x01CC, 0x01CC,
  0x01CC, 0x01CC, 0x01CC, 0x01CC, 0x01CC, 0x01CC, 0x01CC, 0x01CC, 0x01CC, 0x01CC, 0x01CC, 0x01CC,
  0x01CC, 0x01CC, 0x01CC, 0x01CC, 0x01CC, 0x01CC, 0x01CC, 0x01CC, 0x01CC, 0x01CC, 0x01CC, 0x01CC,
  0x01CC, 0x01CC, 0x01CC, 0x01CC, 0x01CC, 0x01CC, 0x01CC, 0x01CC, 0x01CC, 0x01CC, 0x01CC, 0x01CC,
  0x01CC, 0x01CC, 0x01CC, 0x01CC, 0x01CC, 0x01CC, 0x01CC, 0x01CC, 0x01CC, 0x01CC, 0x01CC, 0x01CC,
  0x01CC, 0x01CC, 0x01CC, 0x01CC, 0x01CC, 0x01CC, 0x01CC, 0x01CC, 0x01CC, 0x01CC, 0x01CC, 0x01CC,
  0x01CC, 0x01CC, 0x01CC, 0x01CC, 0x01CC, 0x01CC, 0x01CC, 0x01CC, 0x01CC, 0x01CC, 0x01CC, 0x01CC,
  0x01CC, 0x01CC, 0x01CC, 0x01CC, 0x01CC, 0x01CC, 0x01CC, 0x01CC, 0x01CC, 0x01CC, 0x01CC, 0x01CC,
  0x01CC, 0x01CC, 0x01CC, 0x01CC, 0x01CC, 0x01CC, 0x01CC, 0x01CC, 0x01CC, 0x01CC, 0x01CC, 0x01CC,
  0x01CC, 0x01CC, 0x01CC, 0x01CC, 0x01CC, 0x01CC, 0x01CC, 0x01CC, 0x01CC, 0x01CC, 0x01CC, 0x01CC,
  0x01CC, 0x01CC, 0x01CC, 0x01CC, 0x01CC, 0x01CC, 0x01CC, 0x01CC, 0x01CC, 0x01CC, 0x01CC, 0x01CC,
  0x01CC, 0x01CC, 0x01CC, 0x01CC, 0x01CC, 0x01CC, 0x01CC, 0x01CC, 0x01CC, 0x01CC, 0x01CC, 0x01CC,
  0x01CC, 0x01CC, 0x01CC, 0x01CC, 0x01CC, 0x01CC, 0x01CC, 0x01CC, 0x01CC, 0x01CC, 0x01CC, 0x01CC,
  0x01CC, 0x01CC, 0x01CC, 0x01CC, 0x01CC, 0x01CC, 0x01CC, 0x01CC, 0x01CC, 0x01CC, 0x01CC, 0x01CC,
  0x01CC, 0x01CC, 0x01CC, 0x01CC, 0x01CC, 0x01CC, 0x01CC, 0x01CC, 0x01CC, 0x01CC, 0x01CC, 0x01CC,
  0x01CC, 0x01CC, 0x01CC, 0x01CC, 0x01CC, 0x01CC, 0x01CC, 0x01CC, 0x01CC, 0x01CC, 0x01CC, 0x01CC,
  0x01CC, 0x01CC, 0x01CC, 0x01CC, 0x01CC, 0x01CC, 0x01CC, 0x01CC, 0x01CC, 0x01CC, 0x01CC, 0x01CC,
  0x01CC, 0x01CC, 0x01CC, 0x01CC, 0x01CC, 0x01CC, 0x01CC, 0x01CC, 0x01CC, 0x01CC, 0x01CC, 0x01CC,
  0x01CC, 0x01CC, 0x01CC, 0x01CC, 0x01CC, 0x01CC, 0x01CC, 0x01CC, 0x01CC, 0x01CC, 0x01CC, 0x01CC,
  0x01CC, 0x01CC, 0x01CC, 0x01CC, 0x01CC, 0x01CC, 0x01CC, 0x01CC, 0x01CC, 0x01CC, 0x01CC, 0x01CC,
  0x01CC, 0x01CC, 0x01CC, 0x01CC, 0x01CC, 0x01CC, 0x01CC, 0x01CC, 0x01CC, 0x01CC, 0x01CC, 0x01CC,
  0x01CC, 0x01CC, 0x01CC, 0x01CC, 0x01CC, 0x01CC, 0x01CC, 0x01CC, 0x01CC, 0x01CC, 0x01CC, 0x01CC,
  0x01CC, 0x01CC, 0x01CC, 0x01CC, 0x01CC, 0x01CC, 0x01CC, 0x01CC, 0x01CC, 0x01CC, 0x01CC, 0x01CC,
  0x01CC, 0x01CC, 0x01CC, 0x01CC, 0x01CC, 0x01CC, 0x01CC, 0x01CC, 0x01CC, 0x01CC, 0x01CC, 0x01CC,
  0x01CC, 0x01CC, 0x01CC, 0x01CC, 0x01CC, 0x01CC, 0x01CC, 0x01CC, 0x01CC, 0x01CC, 0x01CC, 0x01CC,
  0x01CC, 0x01CC, 0x01CC, 0x01CC, 0x01CC, 0x01CC, 0x01CC, 0x01CC, 0x01CC, 0x01CC, 0x01CC, 0x01CC,
  0x01CC, 0x01CC, 0x01CC, 0x01CC, 0x01CC, 0x01CC, 0x01CC, 0x01CC, 0x01CC, 0x01CC, 0x01CC, 0x01CC,
  0x01CC, 0x01CC, 0x01CC, 0x01CC, 0x01CC, 0x01CC, 0x01CC, 0x01CC, 0x01CC, 0x01CC, 0x01CC, 0x01CC,
  0x01CC, 0x01CC, 0x01CC, 0x01CC, 0x01CC, 0x01CC, 0x01CC, 0x01CC, 0x01CC, 0x01CC, 0x01CC, 0x01CC,
  0x01CC, 0x01CC, 0x01CC, 0x01CC, 0x01CC, 0x01CC, 0x01CC, 0x01CC, 0x01CC, 0x01CC, 0x01CC, 0x01CC,
  0x01CC, 0x01CC, 0x01CC, 0x01CC, 0x01CC, 0x01CC, 0x01CC, 0x01CC, 0x01CC, 0x01CC, 0x01CC, 0x01CC,
  0x01CC, 0x01CC, 0x01CC, 0x01CC, 0x01CC, 0x01CC, 0x01CC, 0x01CC, 0x01CC, 0x01CC, 0x01CC, 0x01CC,
  0x01CC, 0x01CC, 0x01CC, 0x01CC, 0x01CC, 0x01CC, 0x01CC, 0x01CC, 0x01CC, 0x01CC, 0x01CC, 0x01CC,
  0x01CC, 0x01CC, 0x01CC, 0x01CC, 0x01CC, 0x01CC, 0x01CC, 0x01CC, 0x01CC, 0x01CC, 0x01CC, 0x01CC,
  0x01CC, 0x01CC, 0x01CC, 0x01CC, 0x01CC, 0x01CC, 0x01CC, 0x01CC, 0x01CC, 0x01CC, 0x01CC, 0x01CC,
  0x01CC, 0x01CC, 0x01CC, 0x01CC, 0x01CC, 0x01CC, 0x01CC, 0x01CC, 0x01CC, 0x01CC, 0x01CC, 0x01CC,
  0x01CC, 0x01CC, 0x01CC, 0x01CC, 0x01CC, 0x01CC, 0x01CC, 0x01CC, 0x01CC, 0x01CC, 0x01CC, 0x01CC,
  0x01CC, 0x01CC, 0x01CC, 0x01CC, 0x01CC, 0x01CC, 0x01CC, 0x01CC, 0x01CC, 0x01CC, 0x01CC, 0x01CC,
  0x01CC, 0x01CC, 0x01CC, 0x01CC, 0x01CC, 0x01CC, 0x01CC, 0x01CC, 0x01CC, 0x01CC, 0x01CC, 0x01CC,
  0x01CC, 0x01CC, 0x01CC, 0x01CC, 0x01CC, 0x01CC, 0x01CC, 0x01CC, 0x01CC, 0x01CC, 0x01CC, 0x01CC,
  0x01CC, 0x01CC, 0x01CC, 0x01CC, 0x01CC, 0x01CC, 0x01CC, 0x01CC, 0x01CC, 0x01CC, 0x01CC, 0x01CC,
  0x01CC, 0x01CC, 0x01CC, 0x01CC, 0x01CC, 0x01CC, 0x01CC, 0x01CC, 0x01CC, 0x01CC, 0x01CC, 0x01CC,
  0x01CC, 0x01CC, 0x01CC, 0x01CC, 0x01CC, 0x01CC, 0x01CC, 0x01CC, 0x01CC, 0x01CC, 0x01CC, 0x01CC,
  0x01CC, 0x01CC, 0x01CC, 0x01CC, 0x01CC, 0x01CC, 0x01CC, 0x01CC, 0x01CC, 0x01CC, 0x01CC, 0x01CC,
  0x01CC, 0x01CC, 0x01CC, 0x01CC, 0x01CC, 0x01CC, 0x01CC, 0x01CC, 0x01CC, 0x01CC, 0x01CC, 0x01CC,
  0x01CC, 0x01CC, 0x01CC, 0x01CC, 0x01CC, 0x01CC, 0x01CC, 0x01CC, 0x01CC, 0x01CC, 0x01CC, 0x01CC,
  0x01CC, 0x01CC, 0x01CC, 0x01CC, 0x01CC, 0x01CC, 0x01CC, 0x01CC, 0x01CC, 0x01CC, 0x01CC, 0x01CC,
  0x01CC, 0x01CC, 0x01CC, 0x01CC, 0x01CC, 0x01CC, 0x01CC, 0x01CC, 0x01CC, 0x01CC, 0x01CC, 0x01CC,
  0x01CC, 0x01CC, 0x01CC, 0x01CC, 0x01CC, 0x01CC, 0x01CC, 0x01CC, 0x01CC, 0x01CC, 0x01CC, 0x01CC,
  0x01CC, 0x01CC, 0x01CC, 0x01CC, 0x01CC, 0x01CC, 0x01CC, 0x01CC, 0x01CC, 0x01CC, 0x01CC, 0x01CC,
  0x01CC, 0x01CC, 0x01CC, 0x01CC, 0x01CC, 0x01CC, 0x01CC, 0x01CC, 0x01CC, 0x01CC, 0x01CC, 0x01CC,
  0x01CC, 0x01CC, 0x01CC, 0x01CC, 0x01CC, 0x01CC, 0x01CC, 0x01CC, 0x01CC, 0x01CC, 0x01CC, 0x01CC,
  0x01CC, 0x01CC, 0x01CC, 0x01CC, 0x01CC, 0x01CC, 0x01CC, 0x01CC, 0x01CC, 0x01CC, 0x01CC, 0x01CC,
  0x01CC, 0x01CC, 0x01CC, 0x01CC, 0x01CC, 0x01CC, 0x01CC, 0x01CC, 0x01CC, 0x01CC, 0x01CC, 0x01CC,
  0x01CC, 0x01CC, 0x01CC, 0x01CC, 0x01CC, 0x01CC, 0x01CC, 0x01CC, 0x01CC, 0x01CC, 0x01CC, 0x01CC,
  0x01CC, 0x01CC, 0x01CC, 0x01CC, 0x01CC, 0x01CC, 0x01CC, 0x01CC, 0x01CC, 0x01CC, 0x01CC, 0x01CC,
  0x01CC, 0x01CC, 0x01CC, 0x01CC, 0x01CC, 0x01CC, 0x01CC, 0x01CC, 0x01CC, 0x01CC, 0x01CC, 0x01CC,
  0x01CC, 0x01CC, 0x01CC, 0x01CC, 0x01CC, 0x01CC, 0x01CC, 0x01CC, 0x01CC, 0x01CC, 0x01CC, 0x01CC,
  0x01CC, 0x01CC, 0x01CC, 0x01CC, 0x01CC, 0x01CC, 0x01CC, 0x01CC, 0x01CC, 0x01CC, 0x01CC, 0x01CC,
  0x01CC, 0x01CC, 0x01CC, 0x01CC, 0x01CC, 0x01CC, 0x01CC, 0x01CC, 0x01CC, 0x01CC, 0x01CC, 0x01CC,
  0x01CC, 0x01CC, 0x01CC, 0x01CC, 0x01CC, 0x01CC, 0x01CC, 0x01CC, 0x01CC, 0x01CC, 0x01CC, 0x01CC,
  0x01CC, 0x01CC, 0x01CC, 0x01CC, 0x01CC, 0x01CC, 0x01CC, 0x01CC, 0x01CC, 0x01CC, 0x01CC, 0x01CC,
  0x01CC, 0x01CC, 0x01CC, 0x01CC, 0x01CC, 0x01CC, 0x01CC, 0x01CC, 0x01CC, 0x01CC, 0x01CC, 0x01CC,
  0x01CC, 0x01CC, 0x01CC, 0x01CC, 0x01CC, 0x01CC, 0x01CC, 0x01CC, 0x01CC, 0x01CC, 0x01CC, 0x01CC,
  0x01CC, 0x01CC, 0x01CC, 0x01CC, 0x01CC, 0x01CC, 0x01CC, 0x01CC, 0x01CC, 0x01CC, 0x01CC, 0x01CC,
  0x01CC, 0x01CC, 0x01CC, 0x01CC, 0x01CC, 0x01CC, 0x01CC, 0x01CC, 0x01CC, 0x01CC, 0x01CC, 0x01CC,
  0x01CC, 0x01CC, 0x01CC, 0x01CC, 0x01CC, 0x01CC, 0x01CC, 0x01CC, 0x01CC, 0x01CC, 0x01CC, 0x01CC,
  0x01CC, 0x01CC, 0x01CC, 0x01CC, 0x01CC, 0x01CC, 0x01CC, 0x01CC, 0x01CC, 0x01CC, 0x01CC, 0x01CC,
  0x01CC, 0x01CC, 0x01CC, 0x01CC, 0x01CC, 0x01CC, 0x01CC, 0x01CC, 0x01CC, 0x01CC, 0x01CC, 0x01CC,
  0x01CC, 0x01CC, 0x01CC, 0x01CC, 0x01CC, 0x01CC, 0x01CC, 0x01CC, 0x01CC, 0x01CC, 0x01CC, 0x01CC,
  0x01CC, 0x01CC, 0x01CC, 0x01CC, 0x01CC, 0x01CC, 0x01CC, 0x01CC, 0x01CC, 0x01CC, 0x01CC, 0x01CC,
  0x01CC, 0x01CC, 0x01CC, 0x01CC, 0x01CC, 0x01CC, 0x01CC, 0x01CC, 0x01CC, 0x01CC, 0x01CC, 0x01CC,
  0x01CC, 0x01CC, 0x01CC, 0x01CC, 0x01CC, 0x01CC, 0x01CC, 0x01CC, 0x01CC, 0x01CC, 0x01CC, 0x01CC,
  0x01CC, 0x01CC, 0x01CC, 0x01CC, 0x01CC, 0x01CC, 0x01CC, 0x01CC, 0x01CC, 0x01CC, 0x01CC, 0x01CC,
  0x01CC, 0x01CC, 0x01CC, 0x01CC, 0x01CC, 0x01CC, 0x01CC, 0x01CC, 0x01CC, 0x01CC, 0x01CC, 0x01CC,
  0x01CC, 0x01CC, 0x01CC, 0x01CC, 0x01CC, 0x01CC, 0x01CC, 0x01CC, 0x01CC, 0x01CC, 0x01CC, 0x01CC,
  0x01CC, 0x01CC, 0x01CC, 0x01CC, 0x01CC, 0x01CC, 0x01CC, 0x01CC, 0x01CC, 0x01CC, 0x01CC, 0x01CC,
  0x01CC, 0x01CC, 0x01CC, 0x01CC, 0x01CC, 0x01CC, 0x01CC, 0x01CC, 0x01CC, 0x01CC, 0x01CC, 0x01CC,
  0x01CC, 0x01CC, 0x01CC, 0x01CC, 0x01CC, 0x01CC, 0x01CC, 0x01CC, 0x01CC, 0x01CC, 0x01CC, 0x01CC,
  0x01CC, 0x01CC, 0x01CC, 0x01CC, 0x01CC, 0x01CC, 0x01CC, 0x01CC, 0x01CC, 0x01CC, 0x01CC, 0x01CC,
  0x01CC, 0x01CC, 0x01CC, 0x01CC, 0x01CC, 0x01CC, 0x01CC, 0x01CC, 0x01CC, 0x01CC, 0x01CC, 0x01CC,
  0x01CC, 0x01CC, 0x01CC, 0x01CC, 0x01CC, 0x01CC, 0x01CC, 0x01CC, 0x01CC, 0x01CC, 0x01CC, 0x01CC,
  0x01CC, 0x01CC, 0x01CC, 0x01CC, 0x01CC, 0x01CC, 0x01CC, 0x01CC, 0x01CC, 0x01CC, 0x01CC, 0x01CC,
  0x01CC, 0x01CC, 0x01CC, 0x01CC, 0x01CC, 0x01CC, 0x01CC, 0x01CC, 0x01CC, 0x01CC, 0x01CC, 0x01CC,
  0x01CC, 0x01CC, 0x01CC, 0x01CC, 0x01CC, 0x01CC, 0x01CC, 0x01CC, 0x01CC, 0x01CC, 0x01CC, 0x01CC,
  0x01CC, 0x01CC, 0x01CC, 0x01CC, 0x01CC, 0x01CC, 0x01CC, 0x01CC, 0x01CC, 0x01CC, 0x01CC, 0x01CC,
  0x01CC, 0x01CC, 0x01CC, 0x01CC, 0x01CC, 0x01CC, 0x01CC, 0x01CC, 0x01CC, 0x01CC, 0x01CC, 0x01CC,
  0x01CC, 0x01CC, 0x01CC, 0x01CC, 0x01CC, 0x01CC, 0x01CC, 0x01CC, 0x01CC, 0x01CC, 0x01CC, 0x01CC,
  0x01CC, 0x01CC, 0x01CC, 0x01CC, 0x01CC, 0x01CC, 0x01CC, 0x01CC, 0x01CC, 0x01CC, 0x01CC, 0x01CC,
  0x01CC, 0x01CC, 0x01CC, 0x01CC, 0x01CC, 0x01CC, 0x01CC, 0x01CC, 0x01CC, 0x01CC, 0x01CC, 0x01CC,
  0x01CC, 0x01CC, 0x01CC, 0x01CC, 0x01CC, 0x01CC, 0x01CC, 0x01CC, 0x01CC, 0x01CC, 0x01CC, 0x01CC,
  0x01CC, 0x01CC, 0x01CC, 0x01CC, 0x01CC, 0x01CC, 0x01CC, 0x01CC, 0x01CC, 0x01CC, 0x01CC, 0x01CC,
  0x01CC, 0x01CC, 0x01CC, 0x01CC, 0x01CC, 0x01CC, 0x01CC, 0x01CC, 0x01CC, 0x01CC, 0x01CC, 0x01CC,
  0x01CC, 0x01CC, 0x01CC, 0x01CC, 0x01CC, 0x01CC, 0x01CC, 0x01CC, 0x01CC, 0x01CC, 0x01CC, 0x01CC,
  0x01CC, 0x01CC, 0x01CC, 0x01CC, 0x01CC, 0x01CC, 0x01CC, 0x01CC, 0x01CC, 0x01CC, 0x01CC, 0x01CC,
  0x01CC, 0x01CC, 0x01CC, 0x01CC, 0x01CC, 0x01CC, 0x01CC, 0x01CC, 0x01CC, 0x01CC, 0x01CC, 0x01CC,
  0x01CC, 0x01CC, 0x01CC, 0x01CC, 0x01CC, 0x01CC, 0x01CC, 0x01CC, 0x01CC, 0x01CC, 0x01CC, 0x01CC,
  0x01CC, 0x01CC, 0x01CC, 0x01CC, 0x01CC, 0x01CC, 0x01CC, 0x01CC, 0x01CC, 0x01CC, 0x01CC, 0x01CC,
  0x01CC, 0x01CC, 0x01CC, 0x01CC, 0x01CC, 0x01CC, 0x01CC, 0x01CC, 0x01CC, 0x01CC, 0x01CC, 0x01CC,
  0x01CC, 0x01CC, 0x01CC, 0x01CC, 0x01CC, 0x01CC, 0x01CC, 0x01CC, 0x01CC, 0x01CC, 0x01CC, 0x01CC,
  0x01CC, 0x01CC, 0x01CC, 0x01CC, 0x01CC, 0x01CC, 0x01CC, 0x01CC, 0x01CC, 0x01CC, 0x01CC, 0x01CC,
  0x01CC, 0x01CC, 0x01CC, 0x01CC, 0x01CC, 0x01CC, 0x01CC, 0x01CC, 0x01CC, 0x01CC, 0x01CC, 0x01CC,
  0x01CC, 0x01CC, 0x01CC, 0x01CC, 0x01CC, 0x01CC, 0x01CC, 0x01CC, 0x01CC, 0x01CC, 0x01CC, 0x01CC,
  0x01CC, 0x01CC, 0x01CC, 0x01CC, 0x01CC, 0x01CC, 0x01CC, 0x01CC, 0x01CC, 0x01CC, 0x01CC, 0x01CC,
  0x01CC, 0x01CC, 0x01CC, 0x01CC, 0x01CC, 0x01CC, 0x01CC, 0x01CC, 0x01CC, 0x01CC, 0x01CC, 0x01CC,
  0x01CC, 0x01CC, 0x01CC, 0x01CC, 0x01CC, 0x01CC, 0x01CC, 0x01CC, 0x01CC, 0x01CC, 0x01CC, 0x01CC,
  0x01CC, 0x01CC, 0x01CC, 0x01CC, 0x01CC, 0x01CC, 0x01CC, 0x01CC, 0x01CC, 0x01CC, 0x01CC, 0x01CC,
  0x01CC, 0x01CC, 0x01CC, 0x01CC, 0x01CC, 0x01CC, 0x01CC, 0x01CC, 0x01CC, 0x01CC, 0x01CC, 0x01CC,
  0x01CC, 0x01CC, 0x01CC, 0x01CC, 0x01CC, 0x01CC, 0x01CC, 0x01CC, 0x01CC, 0x01CC, 0x01CC, 0x01CC,
  0x01CC, 0x01CC, 0x01CC, 0x01CC, 0x01CC, 0x01CC, 0x01CC, 0x01CC, 0x01CC, 0x01CC, 0x01CC, 0x01CC,
  0x01CC, 0x01CC, 0x01CC, 0x01CC, 0x01CC, 0x01CC, 0x01CC, 0x01CC, 0x01CC, 0x01CC, 0x01CC, 0x01CC,
  0x01CC, 0x01CC, 0x01CC, 0x01CC, 0x01CC, 0x01CC, 0x01CC, 0x01CC, 0x01CC, 0x01CC, 0x01CC, 0x01CC,
  0x01CC, 0x01CC, 0x01CC, 0x01CC, 0x01CC, 0x01CC, 0x01CC, 0x01CC, 0x01CC, 0x01CC, 0x01CC, 0x01CC,
  0x01CC, 0x01CC, 0x01CC, 0x01CC, 0x01CC, 0x01CC, 0x01CC, 0x01CC, 0x01CC, 0x01CC, 0x01CC, 0x01CC,
  0x01CC, 0x01CC, 0x01CC, 0x01CC, 0x01CC, 0x01CC, 0x01CC, 0x01CC, 0x01CC, 0x01CC, 0x01CC, 0x01CC,
  0x01CC, 0x01CC, 0x01CC, 0x01CC, 0x01CC, 0x01CC, 0x01CC, 0x01CC, 0x01CC, 0x01CC, 0x01CC, 0x01CC,
  0x01CC, 0x01CC, 0x01CC, 0x01CC, 0x01CC, 0x01CC, 0x01CC, 0x01CC, 0x01CC, 0x01CC, 0x01CC, 0x01CC,
  0x01CC, 0x01CC, 0x01CC, 0x01CC, 0x01CC, 0x01CC, 0x01CC, 0x01CC, 0x01CC, 0x01CC, 0x01CC, 0x01CC,
  0x01CC, 0x01CC, 0x01CC, 0x01CC, 0x01CC, 0x01CC, 0x01CC, 0x01CC, 0x01CC, 0x01CC, 0x01CC, 0x01CC,
  0x01CC, 0x01CC, 0x01CC, 0x01CC, 0x01CC, 0x01CC, 0x01CC, 0x01CC, 0x01CC, 0x01CC, 0x01CC, 0x01CC,
  0x01CC, 0x01CC, 0x01CC, 0x01CC, 0x01CC, 0x01CC, 0x01CC, 0x01CC, 0x01CC, 0x01CC, 0x01CC, 0x01CC,
  0x01CC, 0x01CC, 0x01CC, 0x01CC, 0x01CC, 0x01CC, 0x01CC, 0x01CC, 0x01CC, 0x01CC, 0x01CC, 0x01CC,
  0x01CC, 0x01CC, 0x01CC, 0x01CC, 0x01CC, 0x01CC, 0x01CC, 0x01CC, 0x01CC, 0x01CC, 0x01CC, 0x01CC,
  0x01CC, 0x01CC, 0x01CC, 0x01CC, 0x01CC, 0x01CC, 0x01CC, 0x01CC, 0x01CC, 0x01CC, 0x01CC, 0x01CC,
  0x01CC, 0x01CC, 0x01CC, 0x01CC, 0x01CC, 0x01CC, 0x01CC, 0x01CC, 0x01CC, 0x01CC, 0x01CC, 0x01CC,
  0x01CC, 0x01CC, 0x01CC, 0x01CC, 0x01CC, 0x01CC, 0x01CC, 0x01CC, 0x01CC, 0x01CC, 0x01CC, 0x01CC,
  0x01CC, 0x01CC, 0x01CC, 0x01CC, 0x01CC, 0x01CC, 0x01CC, 0x01CC, 0x01CC, 0x01CC, 0x01CC, 0x01CC,
  0x01CC, 0x01CC, 0x01CC, 0x01CC, 0x01CC, 0x01CC, 0x01CC, 0x01CC, 0x01CC, 0x01CC, 0x01CC, 0x01CC,
  0x01CC, 0x01CC, 0x01CC, 0x01CC, 0x01CC, 0x01CC, 0x01CC, 0x01CC, 0x01CC, 0x01CC, 0x01CC, 0x01CC,
  0x01CC, 0x01CC, 0x01CC, 0x01CC, 0x01CC, 0x01CC, 0x01CC, 0x01CC, 0x01CC, 0x01CC, 0x01CC, 0x01CC,
  0x01CC, 0x01CC, 0x01CC, 0x01CC, 0x01CC, 0x01CC, 0x01CC, 0x01CC, 0x01CC, 0x01CC, 0x01CC, 0x01CC,
  0x01CC, 0x01CC, 0x01CC, 0x01CC, 0x01CC, 0x01CC, 0x01CC, 0x01CC, 0x01CC, 0x01CC, 0x01CC, 0x01CC,
  0x01CC, 0x01CC, 0x01CC, 0x01CC, 0x01CC, 0x01CC, 0x01CC, 0x01CC, 0x01CC, 0x01CC, 0x01CC, 0x01CC,
  0x01CC, 0x01CC, 0x01CC, 0x01CC, 0x01CC, 0x01CC, 0x01CC, 0x01CC, 0x01CC, 0x01CC, 0x01CC, 0x01CC,
  0x01CC, 0x01CC, 0x01CC, 0x01CC, 0x01CC, 0x01CC, 0x01CC, 0x01CC, 0x01CC, 0x01CC, 0x01CC, 0x01CC,
  0x01CC, 0x01CC, 0x01CC, 0x01CC, 0x01CC, 0x01CC, 0x01CC, 0x01CC, 0x01CC, 0x01CC, 0x01CC, 0x01CC,
  0x01CC, 0x01CC, 0x01CC, 0x01CC, 0x01CC, 0x01CC, 0x01CC, 0x01CC, 0x01CC, 0x01CC, 0x01CC, 0x01CC,
  0x01CC, 0x01CC, 0x01CC, 0x01CC, 0x01CC, 0x01CC, 0x01CC, 0x01CC, 0x01CC, 0x01CC, 0x01CC, 0x01CC,
  0x01CC, 0x01CC, 0x01CC, 0x01CC, 0x01CC, 0x01CC, 0x01CC, 0x01CC, 0x01CC, 0x01CC, 0x01CC, 0x01CC,
  0x01CC, 0x01CC, 0x01CC, 0x01CC, 0x01CC, 0x01CC, 0x01CC, 0x01CC, 0x01CC, 0x01CC, 0x01CC, 0x01CC,
  0x01CC, 0x01CC, 0x01CC, 0x01CC, 0x01CC, 0x01CC, 0x01CC, 0x01CC, 0x01CC, 0x01CC, 0x01CC, 0x01CC,
  0x01CC, 0x01CC, 0x01CC, 0x01CC, 0x01CC, 0x01CC, 0x01CC, 0x01CC, 0x01CC, 0x01CC, 0x01CC, 0x01CC,
  0x01CC, 0x01CC, 0x01CC, 0x01CC, 0x01CC, 0x01CC, 0x01CC, 0x01CC, 0x01CC, 0x01CC, 0x01CC, 0x01CC,
  0x01CC, 0x01CC, 0x01CC, 0x01CC, 0x01CC, 0x01CC, 0x01CC, 0x01CC, 0x01CC, 0x01CC, 0x01CC, 0x01CC,
  0x01CC, 0x01CC, 0x01CC, 0x01CC, 0x01CC, 0x01CC, 0x01CC, 0x01CC, 0x01CC, 0x01CC, 0x01CC, 0x01CC,
  0x01CC, 0x01CC, 0x01CC, 0x01CC, 0x01CC, 0x01CC, 0x01CC, 0x01CC, 0x01CC, 0x01CC, 0x01CC, 0x01CC,
  0x01CC, 0x01CC, 0x01CC, 0x01CC, 0x01CC, 0x01CC, 0x01CC, 0x01CC, 0x01CC, 0x01CC, 0x01CC, 0x01CC,
  0x01CC, 0x01CC, 0x01CC, 0x01CC, 0x01CC, 0x01CC, 0x01CC, 0x01CC, 0x01CC, 0x01CC, 0x01CC, 0x01CC,
  0x01CC, 0x01CC, 0x01CC, 0x01CC, 0x01CC, 0x01CC, 0x01CC, 0x01CC, 0x01CC, 0x01CC, 0x01CC, 0x01CC,
  0x01CC, 0x01CC, 0x01CC, 0x01CC, 0x01CC, 0x01CC, 0x01CC, 0x01CC, 0x01CC, 0x01CC, 0x01CC, 0x01CC,
  0x01CC, 0x01CC, 0x01CC, 0x01CC, 0x01CC, 0x01CC, 0x01CC, 0x01CC, 0x01CC, 0x01CC, 0x01CC, 0x01CC,
  0x01CC, 0x01CC, 0x01CC, 0x01CC, 0x01CC, 0x01CC, 0x01CC, 0x01CC, 0x01CC, 0x01CC, 0x01CC, 0x01CC,
  0x01CC, 0x01CC, 0x01CC, 0x01CC, 0x01CC, 0x01CC, 0x01CC, 0x01CC, 0x01CC, 0x01CC, 0x01CC, 0x01CC,
  0x01CC, 0x01CC, 0x01CC, 0x01CC, 0x01CC, 0x01CC, 0x01CC, 0x01CC, 0x01CC, 0x01CC, 0x01CC, 0x01CC,
  0x01CC, 0x01CC, 0x01CC, 0x01CC, 0x01CC, 0x01CC, 0x01CC, 0x01CC, 0x01CC, 0x01CC, 0x01CC, 0x01CC,
  0x01CC, 0x01CC, 0x01CC, 0x01CC, 0x01CC, 0x01CC, 0x01CC, 0x01CC, 0x01CC, 0x01CC, 0x01CC, 0x01CC,
  0x01CC, 0x01CC, 0x01CC, 0x01CC, 0x01CC, 0x01CC, 0x01CC, 0x01CC, 0x01CC, 0x01CC, 0x01CC, 0x01CC,
  0x01CC, 0x01CC, 0x01CC, 0x01CC, 0x01CC, 0x01CC, 0x01CC, 0x01CC, 0x01CC, 0x01CC, 0x01CC, 0x01CC,
  0x01CC, 0x01CC, 0x01CC, 0x01CC, 0x01CC, 0x01CC, 0x01CC, 0x01CC, 0x01CC, 0x01CC, 0x01CC, 0x01CC,
  0x01CC, 0x01CC, 0x01CC, 0x01CC, 0x01CC, 0x01CC, 0x01CC, 0x01CC, 0x01CC, 0x01CC, 0x01CC, 0x01CC,
  0x01CC, 0x01CC, 0x01CC, 0x01CC, 0x01CC, 0x01CC, 0x01CC, 0x01CC, 0x01CC, 0x01CC, 0x01CC, 0x01CC,
  0x01CC, 0x01CC, 0x01CC, 0x01CC, 0x01CC, 0x01CC, 0x01CC, 0x01CC, 0x01CC, 0x01CC, 0x01CC, 0x01CC,
  0x01CC, 0x01CC, 0x01CC, 0x01CC, 0x01CC, 0x01CC, 0x01CC, 0x01CC, 0x01CC, 0x01CC, 0x01CC, 0x01CC,
  0x01CC, 0x01CC, 0x01CC, 0x01CC, 0x01CC, 0x01CC, 0x01CC, 0x01CC, 0x01CC, 0x01CC, 0x01CC, 0x01CC,
  0x01CC, 0x01CC, 0x01CC, 0x01CC, 0x01CC, 0x01CC, 0x01CC, 0x01CC, 0x01CC, 0x01CC, 0x01CC, 0x01CC,
  0x01CC, 0x01CC, 0x01CC, 0x01CC, 0x01CC, 0x01CC, 0x01CC, 0x01CC, 0x01CC, 0x01CC, 0x01CC, 0x01CC,
  0x01CC, 0x01CC, 0x01CC, 0x01CC, 0x01CC, 0x01CC, 0x01CC, 0x01CC, 0x01CC, 0x01CC, 0x01CC, 0x01CC,
  0x01CC, 0x01CC, 0x01CC, 0x01CC, 0x01CC, 0x01CC, 0x01CC, 0x01CC, 0x01CC, 0x01CC, 0x01CC, 0x01CC,
  0x01CC, 0x01CC, 0x01CC, 0x01CC, 0x01CC, 0x01CC, 0x01CC, 0x01CC, 0x01CC, 0x01CC, 0x01CC, 0x01CC,
  0x01CC, 0x01CC, 0x01CC, 0x01CC, 0x01CC, 0x01CC, 0x01CC, 0x01CC, 0x01CC, 0x01CC, 0x01CC, 0x01CC,
  0x01CC, 0x01CC, 0x01CC, 0x01CC, 0x01CC, 0x01CC, 0x01CC, 0x01CC, 0x01CC, 0x01CC, 0x01CC, 0x01CC,
  0x01CC, 0x01CC, 0x01CC, 0x01CC, 0x01CC, 0x01CC, 0x01CC, 0x01CC, 0x01CC, 0x01CC, 0x01CC, 0x01CC,
  0x01CC, 0x01CC, 0x01CC, 0x01CC, 0x01CC, 0x01CC, 0x01CC, 0x01CC, 0x01CC, 0x01CC, 0x01CC, 0x01CC,
  0x01CC, 0x01CC, 0x01CC, 0x01CC, 0x01CC, 0x01CC, 0x01CC, 0x01CC, 0x01CC, 0x01CC, 0x01CC, 0x01CC,
  0x01CC, 0x01CC, 0x01CC, 0x01CC, 0x01CC, 0x01CC, 0x01CC, 0x01CC, 0x01CC, 0x01CC, 0x01CC, 0x01CC,
  0x01CC, 0x01CC, 0x01CC, 0x01CC, 0x01CC, 0x01CC, 0x01CC, 0x01CC, 0x01CC, 0x01CC, 0x01CC, 0x01CC,
  0x01CC, 0x01CC, 0x01CC, 0x01CC, 0x01CC, 0x01CC, 0x01CC, 0x01CC, 0x01CC, 0x01CC, 0x01CC, 0x01CC,
  0x01CC, 0x01CC, 0x01CC, 0x01CC, 0x01CC, 0x01CC, 0x01CC, 0x01CC, 0x01CC, 0x01CC, 0x01CC, 0x01CC,
  0x01CC, 0x01CC, 0x01CC, 0x01CC, 0x01CC, 0x01CC, 0x01CC, 0x01CC, 0x01CC, 0x01CC, 0x01CC, 0x01CC,
  0x01CC, 0x01CC, 0x01CC, 0x01CC, 0x01CC, 0x01CC, 0x01CC, 0x01CC, 0x01CC, 0x01CC, 0x01CC, 0x01CC,
  0x01CC, 0x01CC, 0x01CC, 0x01CC, 0x01CC, 0x01CC, 0x01CC, 0x01CC, 0x01CC, 0x01CC, 0x01CC, 0x01CC,
  0x01CC, 0x01CC, 0x01CC, 0x01CC, 0x01CC, 0x01CC, 0x01CC, 0x01CC, 0x01CC, 0x01CC, 0x01CC, 0x01CC,
  0x01CC, 0x01CC, 0x01CC, 0x01CC, 0x01CC, 0x01CC, 0x01CC, 0x01CC, 0x01CC, 0x01CC, 0x01CC, 0x01CC,
  0x01CC, 0x01CC, 0x01CC, 0x01CC, 0x01CC, 0x01CC, 0x01CC, 0x01CC, 0x01CC, 0x01CC, 0x01CC, 0x01CC,
  0x01CC, 0x01CC, 0x01CC, 0x01CC, 0x01CC, 0x01CC, 0x01CC, 0x01CC, 0x01CC, 0x01CC, 0x01CC, 0x01CC,
  0x01CC, 0x01CC, 0x01CC, 0x01CC, 0x01CC, 0x01CC, 0x01CC, 0x01CC, 0x01CC, 0x01CC, 0x01CC, 0x01CC,
  0x01CC, 0x01CC, 0x01CC, 0x01CC, 0x01CC, 0x01CC, 0x01CC, 0x01CC, 0x01CC, 0x01CC, 0x01CC, 0x01CC,
  0x01CC, 0x01CC, 0x01CC, 0x01CC, 0x01CC, 0x01CC, 0x01CC, 0x01CC, 0x01CC, 0x01CC, 0x01CC, 0x01CC,
  0x01CC, 0x01CC, 0x01CC, 0x01CC, 0x01CC, 0x01CC, 0x01CC, 0x01CC, 0x01CC, 0x01CC, 0x01CC, 0x01CC,
  0x01CC, 0x01CC, 0x01CC, 0x01CC, 0x01CC, 0x01CC, 0x01CC, 0x01CC, 0x01CC, 0x01CC, 0x01CC, 0x01CC,
  0x01CC, 0x01CC, 0x01CC, 0x01CC, 0x01CC, 0x01CC, 0x01CC, 0x01CC, 0x01CC, 0x01CC, 0x01CC, 0x01CC,
  0x01CC, 0x01CC, 0x01CC, 0x01CC, 0x01CC, 0x01CC, 0x01CC, 0x01CC, 0x01CC, 0x01CC, 0x01CC, 0x01CC,
  0x01CC, 0x01CC, 0x01CC, 0x01CC, 0x01CC, 0x01CC, 0x01CC, 0x01CC, 0x01CC, 0x01CC, 0x01CC, 0x01CC,
  0x01CC, 0x01CC, 0x01CC, 0x01CC, 0x01CC, 0x01CC, 0x01CC, 0x01CC, 0x01CC, 0x01CC, 0x01CC, 0x01CC,
  0x01CC, 0x01CC, 0x01CC, 0x01CC, 0x01CC, 0x01CC, 0x01CC, 0x01CC, 0x01CC, 0x01CC, 0x01CC, 0x01CC,
  0x01CC, 0x01CC, 0x01CC, 0x01CC, 0x01CC, 0x01CC, 0x01CC, 0x01CC, 0x01CC, 0x01CC, 0x01CC, 0x01CC,
  0x01CC, 0x01CC, 0x01CC, 0x01CC, 0x01CC, 0x01CC, 0x01CC, 0x01CC, 0x01CC, 0x01CC, 0x01CC, 0x01CC,
  0x01CC, 0x01CC, 0x01CC, 0x01CC, 0x01CC, 0x01CC, 0x01CC, 0x01CC, 0x01CC, 0x01CC, 0x01CC, 0x01CC,
  0x01CC, 0x01CC, 0x01CC, 0x01CC, 0x01CC, 0x01CC, 0x01CC, 0x01CC, 0x01CC, 0x01CC, 0x01CC, 0x01CC,
  0x01CC, 0x01CC, 0x01CC, 0x01CC, 0x01CC, 0x01CC, 0x01CC, 0x01CC, 0x01CC, 0x01CC, 0x01CC, 0x01CC,
  0x01CC, 0x01CC, 0x01CC, 0x01CC, 0x01CC, 0x01CC, 0x01CC, 0x01CC, 0x01CC, 0x01CC, 0x01CC, 0x01CC,
  0x01CC, 0x01CC, 0x01CC, 0x01CC, 0x01CC, 0x01CC, 0x01CC, 0x01CC, 0x01CC, 0x01CC, 0x01CC, 0x01CC,
  0x01CC, 0x01CC, 0x01CC, 0x01CC, 0x01CC, 0x01CC, 0x01CC, 0x01CC, 0x01CC, 0x01CC, 0x01CC, 0x01CC,
  0x01CC, 0x01CC, 0x01CC, 0x01CC, 0x01CC, 0x01CC, 0x01CC, 0x01CC, 0x01CC, 0x01CC, 0x01CC, 0x01CC,
  0x01CC, 0x01CC, 0x01CC, 0x01CC, 0x01CC, 0x01CC, 0x01CC, 0x01CC, 0x01CC, 0x01CC, 0x01CC, 0x01CC,
  0x01CC, 0x01CC, 0x01CC, 0x01CC, 0x01CC, 0x01CC, 0x01CC, 0x01CC, 0x01CC, 0x01CC, 0x01CC, 0x01CC,
  0x01CC, 0x01CC, 0x01CC, 0x01CC, 0x01CC, 0x01CC, 0x01CC, 0x01CC, 0x01CC, 0x01CC, 0x01CC, 0x01CC,
  0x01CC, 0x01CC, 0x01CC, 0x01CC, 0x01CC, 0x01CC, 0x01CC, 0x01CC, 0x01CC, 0x01CC, 0x01CC, 0x01CC,
  0x01CC, 0x01CC, 0x01CC, 0x01CC, 0x01CC, 0x01CC, 0x01CC, 0x01CC, 0x01CC, 0x01CC, 0x01CC, 0x01CC,
  0x01CC, 0x01CC, 0x01CC, 0x01CC, 0x01CC, 0x01CC, 0x01CC, 0x01CC, 0x01CC, 0x01CC, 0x01CC, 0x01CC,
  0x01CC, 0x01CC, 0x01CC, 0x01CC, 0x01CC, 0x01CC, 0x01CC, 0x01CC, 0x01CC, 0x01CC, 0x01CC, 0x01CC,
  0x01CC, 0x01CC, 0x01CC, 0x01CC, 0x01CC, 0x01CC, 0x01CC, 0x01CC, 0x01CC, 0x01CC, 0x01CC, 0x01CC,
  0x01CC, 0x01CC, 0x01CC, 0x01CC, 0x01CC, 0x01CC, 0x01CC, 0x01CC, 0x01CC, 0x01CC, 0x01CC, 0x01CC,
  0x01CC, 0x01CC, 0x01CC, 0x01CC, 0x01CC, 0x01CC, 0x01CC, 0x01CC, 0x01CC, 0x01CC, 0x01CC, 0x01CC,
  0x01CC, 0x01CC, 0x01CC, 0x01CC, 0x01CC, 0x01CC, 0x01CC, 0x01CC, 0x01CC, 0x01CC, 0x01CC, 0x01CC,
  0x01CC, 0x01CC, 0x01CC, 0x01CC, 0x01CC, 0x01CC, 0x01CC, 0x01CC, 0x01CC, 0x01CC, 0x01CC, 0x01CC,
  0x01CC, 0x01CC, 0x01CC, 0x01CC, 0x01CC, 0x01CC, 0x01CC, 0x01CC, 0x01CC, 0x01CC, 0x01CC, 0x01CC,
  0x01CC, 0x01CC, 0x01CC, 0x01CC, 0x01CC, 0x01CC, 0x01CC, 0x01CC, 0x01CC, 0x01CC, 0x01CC, 0x01CC,
  0x01CC, 0x01CC, 0x01CC, 0x01CC, 0x01CC, 0x01CC, 0x01CC, 0x01CC, 0x01CC, 0x01CC, 0x01CC, 0x01CC,
  0x01CC, 0x01CC, 0x01CC, 0x01CC, 0x01CC, 0x01CC, 0x01CC, 0x01CC, 0x01CC, 0x01CC, 0x01CC, 0x01CC,
  0x01CC, 0x01CC, 0x01CC, 0x01CC, 0x01CC, 0x01CC, 0x01CC, 0x01CC, 0x01CC, 0x01CC, 0x01CC, 0x01CC,
  0x01CC, 0x01CC, 0x01CC, 0x01CC, 0x01CC, 0x01CC, 0x01CC, 0x01CC, 0x01CC, 0x01CC, 0x01CC, 0x01CC,
  0x01CC, 0x01CC, 0x01CC, 0x01CC, 0x01CC, 0x01CC, 0x01CC, 0x01CC, 0x01CC, 0x01CC, 0x01CC, 0x01CC,
  0x01CC, 0x01CC, 0x01CC, 0x01CC, 0x01CC, 0x01CC, 0x01CC, 0x01CC, 0x01CC, 0x01CC, 0x01CC, 0x01CC,
  0x01CC, 0x01CC, 0x01CC, 0x01CC, 0x01CC, 0x01CC, 0x01CC, 0x01CC, 0x01CC, 0x01CC, 0x01CC, 0x01CC,
  0x01CC, 0x01CC, 0x01CC, 0x01CC, 0x01CC, 0x01CC, 0x01CC, 0x01CC, 0x01CC, 0x01CC, 0x01CC, 0x01CC,
  0x01CC, 0x01CC, 0x01CC, 0x01CC, 0x01CC, 0x01CC, 0x01CC, 0x01CC, 0x01CC, 0x01CC, 0x01CC, 0x01CC,
  0x01CC, 0x01CC, 0x01CC, 0x01CC, 0x01CC, 0x01CC, 0x01CC, 0x01CC, 0x01CC, 0x01CC, 0x01CC, 0x01CC,
  0x01CC, 0x01CC, 0x01CC, 0x01CC, 0x01CC, 0x01CC, 0x01CC, 0x01CC, 0x01CC, 0x01CC, 0x01CC, 0x01CC,
  0x01CC, 0x01CC, 0x01CC, 0x01CC, 0x01CC, 0x01CC, 0x01CC, 0x01CC, 0x01CC, 0x01CC, 0x01CC, 0x01CC,
  0x01CC, 0x01CC, 0x01CC, 0x01CC, 0x01CC, 0x01CC, 0x01CC, 0x01CC, 0x01CC, 0x01CC, 0x01CC, 0x01CC,
  0x01CC, 0x01CC, 0x01CC, 0x01CC, 0x01CC, 0x01CC, 0x01CC, 0x01CC, 0x01CC, 0x01CC, 0x01CC, 0x01CC,
  0x01CC, 0x01CC, 0x01CC, 0x01CC, 0x01CC, 0x01CC, 0x01CC, 0x01CC, 0x01CC, 0x01CC, 0x01CC, 0x01CC,
  0x01CC, 0x01CC, 0x01CC, 0x01CC, 0x01CC, 0x01CC, 0x01CC, 0x01CC, 0x01CC, 0x01CC, 0x01CC, 0x01CC,
  0x01CC, 0x01CC, 0x01CC, 0x01CC, 0x01CC, 0x01CC, 0x01CC, 0x01CC, 0x01CC, 0x01CC, 0x01CC, 0x01CC,
  0x01CC, 0x01CC, 0x01CC, 0x01CC, 0x01CC, 0x01CC, 0x01CC, 0x01CC, 0x01CC, 0x01CC, 0x01CC, 0x01CC,
  0x01CC, 0x01CC, 0x01CC, 0x01CC, 0x01CC, 0x01CC, 0x01CC, 0x01CC, 0x01CC, 0x01CC, 0x01CC, 0x01CC,
  0x01CC, 0x01CC, 0x01CC, 0x01CC, 0x01CC, 0x01CC, 0x01CC, 0x01CC, 0x01CC, 0x01CC, 0x01CC, 0x01CC,
  0x01CC, 0x01CC, 0x01CC, 0x01CC, 0x01CC, 0x01CC, 0x01CC, 0x01CC, 0x01CC, 0x01CC, 0x01CC, 0x01CC,
  0x01CC, 0x01CC, 0x01CC, 0x01CC, 0x01CC, 0x01CC, 0x01CC, 0x01CC, 0x01CC, 0x01CC, 0x01CC, 0x01CC,
  0x01CC, 0x01CC, 0x01CC, 0x01CC, 0x01CC, 0x01CC, 0x01CC, 0x01CC, 0x01CC, 0x01CC, 0x01CC, 0x01CC,
  0x01CC, 0x01CC, 0x01CC, 0x01CC, 0x01CC, 0x01CC, 0x01CC, 0x01CC, 0x01CC, 0x01CC, 0x01CC, 0x01CC,
  0x01CC, 0x01CC, 0x01CC, 0x01CC, 0x01CC, 0x01CC, 0x01CC, 0x01CC, 0x01CC, 0x01CC, 0x01CC, 0x01CC,
  0x01CC, 0x01CC, 0x01CC, 0x01CC, 0x01CC, 0x01CC, 0x01CC, 0x01CC, 0x01CC, 0x01CC, 0x01CC, 0x01CC,
  0x01CC, 0x01CC, 0x01CC, 0x01CC, 0x01CC, 0x01CC, 0x01CC, 0x01CC, 0x01CC, 0x01CC, 0x01CC, 0x01CC,
  0x01CC, 0x01CC, 0x01CC, 0x01CC, 0x01CC, 0x01CC, 0x01CC, 0x01CC, 0x01CC, 0x01CC, 0x01CC, 0x01CC,
  0x01CC, 0x01CC, 0x01CC, 0x01CC, 0x01CC, 0x01CC, 0x01CC, 0x01CC, 0x01CC, 0x01CC, 0x01CC, 0x01CC,
  0x01CC, 0x01CC, 0x01CC, 0x01CC, 0x01CC, 0x01CC, 0x01CC, 0x01CC, 0x01CC, 0x01CC, 0x01CC, 0x01CC,
  0x01CC, 0x01CC, 0x01CC, 0x01CC, 0x01CC, 0x01CC, 0x01CC, 0x01CC, 0x01CC, 0x01CC, 0x01CC, 0x01CC,
  0x01CC, 0x01CC, 0x01CC, 0x01CC, 0x01CC, 0x01CC, 0x01CC, 0x01CC, 0x01CC, 0x01CC, 0x01CC, 0x01CC,
  0x01CC, 0x01CC, 0x01CC, 0x01CC, 0x01CC, 0x01CC, 0x01CC, 0x01CC, 0x01CC, 0x01CC, 0x01CC, 0x01CC,
  0x01CC, 0x01CC, 0x01CC, 0x01CC, 0x01CC, 0x01CC, 0x01CC, 0x01CC, 0x01CC, 0x01CC, 0x01CC, 0x01CC,
  0x01CC, 0x01CC, 0x01CC, 0x01CC, 0x01CC, 0x01CC, 0x01CC, 0x01CC, 0x01CC, 0x01CC, 0x01CC, 0x01CC,
  0x01CC, 0x01CC, 0x01CC, 0x01CC, 0x01CC, 0x01CC, 0x01CC, 0x01CC, 0x01CC, 0x01CC, 0x01CC, 0x01CC,
  0x01CC, 0x01CC, 0x01CC, 0x01CC, 0x01CC, 0x01CC, 0x01CC, 0x01CC, 0x01CC, 0x01CC, 0x01CC, 0x01CC,
  0x01CC, 0x01CC, 0x01CC, 0x01CC, 0x01CC, 0x01CC, 0x01CC, 0x01CC, 0x01CC, 0x01CC, 0x01CC, 0x01CC,
  0x01CC, 0x01CC, 0x01CC, 0x01CC, 0x01CC, 0x01CC, 0x01CC, 0x01CC, 0x01CC, 0x01CC, 0x01CC, 0x01CC,
  0x01CC, 0x01CC, 0x01CC, 0x01CC, 0x01CC, 0x01CC, 0x01CC, 0x01CC, 0x01CC, 0x01CC, 0x01CC, 0x01CC,
  0x01CC, 0x01CC, 0x01CC, 0x01CC, 0x01CC, 0x01CC, 0x01CC, 0x01CC, 0x01CC, 0x01CC, 0x01CC, 0x01CC,
  0x01CC, 0x01CC, 0x01CC, 0x01CC, 0x01CC, 0x01CC, 0x01CC, 0x01CC, 0x01CC, 0x01CC, 0x01CC, 0x01CC,
  0x01CC, 0x01CC, 0x01CC, 0x01CC, 0x01CC, 0x01CC, 0x01CC, 0x01CC, 0x01CC, 0x01CC, 0x01CC, 0x01CC,
  0x01CC, 0x01CC, 0x01CC, 0x01CC, 0x01CC, 0x01CC, 0x01CC, 0x01CC, 0x01CC, 0x01CC, 0x01CC, 0x01CC,
  0x01CC, 0x01CC, 0x01CC, 0x01CC, 0x01CC, 0x01CC, 0x01CC, 0x01CC, 0x01CC, 0x01CC, 0x01CC, 0x01CC,
  0x01CC, 0x01CC, 0x01CC, 0x01CC, 0x01CC, 0x01CC, 0x01CC, 0x01CC, 0x01CC, 0x01CC, 0x01CC, 0x01CC,
  0x01CC, 0x01CC, 0x01CC, 0x01CC, 0x01CC, 0x01CC, 0x01CC, 0x01CC, 0x01CC, 0x01CC, 0x01CC, 0x01CC,
  0x01CC, 0x01CC, 0x01CC, 0x01CC, 0x01CC, 0x01CC, 0x01CC, 0x01CC, 0x01CC, 0x01CC, 0x01CC, 0x01CC,
  0x01CC, 0x01CC, 0x01CC, 0x01CC, 0x01CC, 0x01CC, 0x01CC, 0x01CC, 0x01CC, 0x01CC, 0x01CC, 0x01CC,
  0x01CC, 0x01CC, 0x01CC, 0x01CC, 0x01CC, 0x01CC, 0x01CC, 0x01CC, 0x01CC, 0x01CC, 0x01CC, 0x01CC,
  0x01CC, 0x01CC, 0x01CC, 0x01CC, 0x01CC, 0x01CC, 0x01CC, 0x01CC, 0x01CC, 0x01CC, 0x01CC, 0x01CC,
  0x01CC, 0x01CC, 0x01CC, 0x01CC, 0x01CC, 0x01CC, 0x01CC, 0x01CC, 0x01CC, 0x01CC, 0x01CC, 0x01CC,
  0x01CC, 0x01CC, 0x01CC, 0x01CC, 0x01CC, 0x01CC, 0x01CC, 0x01CC, 0x01CC, 0x01CC, 0x01CC, 0x01CC,
  0x01CC, 0x01CC, 0x01CC, 0x01CC, 0x01CC, 0x01CC, 0x01CC, 0x01CC, 0x01CC, 0x01CC, 0x01CC, 0x01CC,
  0x01CC, 0x01CC, 0x01CC, 0x01CC, 0x01CC, 0x01CC, 0x01CC, 0x01CC, 0x01CC, 0x01CC, 0x01CC, 0x01CC,
  0x01CC, 0x01CC, 0x01CC, 0x01CC, 0x01CC, 0x01CC, 0x01CC, 0x01CC, 0x01CC, 0x01CC, 0x01CC, 0x01CC,
  0x01CC, 0x01CC, 0x01CC, 0x01CC, 0x01CC, 0x01CC, 0x01CC, 0x01CC, 0x01CC, 0x01CC, 0x01CC, 0x01CC,
  0x01CC, 0x01CC, 0x01CC, 0x01CC, 0x01CC, 0x01CC, 0x01CC, 0x01CC, 0x01CC, 0x01CC, 0x01CC, 0x01CC,
  0x01CC, 0x01CC, 0x01CC, 0x01CC, 0x01CC, 0x01CC, 0x01CC, 0x01CC, 0x01CC, 0x01CC, 0x01CC, 0x01CC,
  0x01CC, 0x01CC, 0x01CC, 0x01CC, 0x01CC, 0x01CC, 0x01CC, 0x01CC, 0x01CC, 0x01CC, 0x01CC, 0x01CC,
  0x01CC, 0x01CC, 0x01CC, 0x01CC, 0x01CC, 0x01CC, 0x01CC, 0x01CC, 0x01CC, 0x01CC, 0x01CC, 0x01CC,
  0x01CC, 0x01CC, 0x01CC, 0x01CC, 0x01CC, 0x01CC, 0x01CC, 0x01CC, 0x01CC, 0x01CC, 0x01CC, 0x01CC,
  0x01CC, 0x01CC, 0x01CC, 0x01CC, 0x01CC, 0x01CC, 0x01CC, 0x01CC, 0x01CC, 0x01CC, 0x01CC, 0x01CC,
  0x01CC, 0x01CC, 0x01CC, 0x01CC, 0x01CC, 0x01CC, 0x01CC, 0x01CC, 0x01CC, 0x01CC, 0x01CC, 0x01CC,
  0x01CC, 0x01CC, 0x01CC, 0x01CC, 0x01CC, 0x01CC, 0x01CC, 0x01CC, 0x01CC, 0x01CC, 0x01CC, 0x01CC,
  0x01CC, 0x01CC, 0x01CC, 0x01CC, 0x01CC, 0x01CC, 0x01CC, 0x01CC, 0x01CC, 0x01CC, 0x01CC, 0x01CC,
  0x01CC, 0x01CC, 0x01CC, 0x01CC, 0x01CC, 0x01CC, 0x01CC, 0x01CC, 0x01CC, 0x01CC, 0x01CC, 0x01CC,
  0x01CC, 0x01CC, 0x01CC, 0x01CC, 0x01CC, 0x01CC, 0x01CC, 0x01CC, 0x01CC, 0x01CC, 0x01CC, 0x01CC,
  0x01CC, 0x01CC, 0x01CC, 0x01CC, 0x01CC, 0x01CC, 0x01CC, 0x01CC, 0x01CC, 0x01CC, 0x01CC, 0x01CC,
  0x01CC, 0x01CC, 0x01CC, 0x01CC, 0x01CC, 0x01CC, 0x01CC, 0x01CC, 0x01CC, 0x01CC, 0x01CC, 0x01CC,
  0x01CC, 0x01CC, 0x01CC, 0x01CC, 0x01CC, 0x01CC, 0x01CC, 0x01CC, 0x01CC, 0x01CC, 0x01CC, 0x01CC,
  0x01CC, 0x01CC, 0x01CC, 0x01CC, 0x01CC, 0x01CC, 0x01CC, 0x01CC, 0x01CC, 0x01CC, 0x01CC, 0x01CC,
  0x01CC, 0x01CC, 0x01CC, 0x01CC, 0x01CC, 0x01CC, 0x01CC, 0x01CC, 0x01CC, 0x01CC, 0x01CC, 0x01CC,
  0x01CC, 0x01CC, 0x01CC, 0x01CC, 0x01CC, 0x01CC, 0x01CC, 0x01CC, 0x01CC, 0x01CC, 0x01CC, 0x01CC,
  0x01CC, 0x01CC, 0x01CC, 0x01CC, 0x01CC, 0x01CC, 0x01CC, 0x01CC, 0x01CC, 0x01CC, 0x01CC, 0x01CC,
  0x01CC, 0x01CC, 0x01CC, 0x01CC, 0x01CC, 0x01CC, 0x01CC, 0x01CC, 0x01CC, 0x01CC, 0x01CC, 0x01CC,
  0x01CC, 0x01CC, 0x01CC, 0x01CC, 0x01CC, 0x01CC, 0x01CC, 0x01CC, 0x01CC, 0x01CC, 0x01CC, 0x01CC,
  0x01CC, 0x01CC, 0x01CC, 0x01CC, 0x01CC, 0x01CC, 0x01CC, 0x01CC, 0x01CC, 0x01CC, 0x01CC, 0x01CC,
  0x01CC, 0x01CC, 0x01CC, 0x01CC, 0x01CC, 0x01CC, 0x01CC, 0x01CC, 0x01CC, 0x01CC, 0x01CC, 0x01CC,
  0x01CC, 0x01CC, 0x01CC, 0x01CC, 0x01CC, 0x01CC, 0x01CC, 0x01CC, 0x01CC, 0x01CC, 0x01CC, 0x01CC,
  0x01CC, 0x01CC, 0x01CC, 0x01CC, 0x01CC, 0x01CC, 0x01CC, 0x01CC, 0x01CC, 0x01CC, 0x01CC, 0x01CC,
  0x01CC, 0x01CC, 0x01CC, 0x01CC, 0x01CC, 0x01CC, 0x01CC, 0x01CC, 0x01CC, 0x01CC, 0x01CC, 0x01CC,
  0x01CC, 0x01CC, 0x01CC, 0x01CC, 0x01CC, 0x01CC, 0x01CC, 0x01CC, 0x01CC, 0x01CC, 0x01CC, 0x01CC,
  0x01CC, 0x01CC, 0x01CC, 0x01CC, 0x01CC, 0x01CC, 0x01CC, 0x01CC, 0x01CC, 0x01CC, 0x01CC, 0x01CC,
  0x01CC, 0x01CC, 0x01CC, 0x01CC, 0x01CC, 0x01CC, 0x01CC, 0x01CC, 0x01CC, 0x01CC, 0x01CC, 0x01CC,
  0x01CC, 0x01CC, 0x01CC, 0x01CC, 0x01CC, 0x01CC, 0x01CC, 0x01CC, 0x01CC, 0x01CC, 0x01CC, 0x01CC,
  0x01CC, 0x01CC, 0x01CC, 0x01CC, 0x01CC, 0x01CC, 0x01CC, 0x01CC, 0x01CC, 0x01CC, 0x01CC, 0x01CC,
  0x01CC, 0x01CC, 0x01CC, 0x01CC, 0x01CC, 0x01CC, 0x01CC, 0x01CC, 0x01CC, 0x01CC, 0x01CC, 0x01CC,
  0x01CC, 0x01CC, 0x01CC, 0x01CC, 0x01CC, 0x01CC, 0x01CC, 0x01CC, 0x01CC, 0x01CC, 0x01CC, 0x01CC,
  0x01CC, 0x01CC, 0x01CC, 0x01CC, 0x01CC, 0x01CC, 0x01CC, 0x01CC, 0x01CC, 0x01CC, 0x01CC, 0x01CC,
  0x01CC, 0x01CC, 0x01CC, 0x01CC, 0x01CC, 0x01CC, 0x01CC, 0x01CC, 0x01CC, 0x01CC, 0x01CC, 0x01CC,
  0x01CC, 0x01CC, 0x01CC, 0x01CC, 0x01CC, 0x01CC, 0x01CC, 0x01CC, 0x01CC, 0x01CC, 0x01CC, 0x01CC,
  0x01CC, 0x01CC, 0x01CC, 0x01CC, 0x01CC, 0x01CC, 0x01CC, 0x01CC, 0x01CC, 0x01CC, 0x01CC, 0x01CC,
  0x01CC, 0x01CC, 0x01CC, 0x01CC, 0x01CC, 0x01CC, 0x01CC, 0x01CC, 0x01CC, 0x01CC, 0x01CC, 0x01CC,
  0x01CC, 0x01CC, 0x01CC, 0x01CC, 0x01CC, 0x01CC, 0x01CC, 0x01CC, 0x01CC, 0x01CC, 0x01CC, 0x01CC,
  0x01CC, 0x01CC, 0x01CC, 0x01CC, 0x01CC, 0x01CC, 0x01CC, 0x01CC, 0x01CC, 0x01CC, 0x01CC, 0x01CC,
  0x01CC, 0x01CC, 0x01CC, 0x01CC, 0x01CC, 0x01CC, 0x01CC, 0x01CC, 0x01CC, 0x01CC, 0x01CC, 0x01CC,
  0x01CC, 0x01CC, 0x01CC, 0x01CC, 0x01CC, 0x01CC, 0x01CC, 0x01CC, 0x01CC, 0x01CC, 0x01CC, 0x01CC,
  0x01CC, 0x01CC, 0x01CC, 0x01CC, 0x01CC, 0x01CC, 0x01CC, 0x01CC, 0x01CC, 0x01CC, 0x01CC, 0x01CC,
  0x01CC, 0x01CC, 0x01CC, 0x01CC, 0x01CC, 0x01CC, 0x01CC, 0x01CC, 0x01CC, 0x01CC, 0x01CC, 0x01CC,
  0x01CC, 0x01CC, 0x01CC, 0x01CC, 0x01CC, 0x01CC, 0x01CC, 0x01CC, 0x01CC, 0x01CC, 0x01CC, 0x01CC,
  0x01CC, 0x01CC, 0x01CC, 0x01CC, 0x01CC, 0x01CC, 0x01CC, 0x01CC, 0x01CC, 0x01CC, 0x01CC, 0x01CC,
  0x01CC, 0x01CC, 0x01CC, 0x01CC, 0x01CC, 0x01CC, 0x01CC, 0x01CC, 0x01CC, 0x01CC, 0x01CC, 0x01CC,
  0x01CC, 0x01CC, 0x01CC, 0x01CC, 0x01CC, 0x01CC, 0x01CC, 0x01CC, 0x01CC, 0x01CC, 0x01CC, 0x01CC,
  0x01CC, 0x01CC, 0x01CC, 0x01CC, 0x01CC, 0x01CC, 0x01CC, 0x01CC, 0x01CC, 0x01CC, 0x01CC, 0x01CC,
  0x01CC, 0x01CC, 0x01CC, 0x01CC, 0x01CC, 0x01CC, 0x01CC, 0x01CC, 0x01CC, 0x01CC, 0x01CC, 0x01CC,
  0x01CC, 0x01CC, 0x01CC, 0x01CC, 0x01CC, 0x01CC, 0x01CC, 0x01CC, 0x01CC, 0x01CC, 0x01CC, 0x01CC,
  0x01CC, 0x01CC, 0x01CC, 0x01CC, 0x01CC, 0x01CC, 0x01CC, 0x01CC, 0x01CC, 0x01CC, 0x01CC, 0x01CC,
  0x01CC, 0x01CC, 0x01CC, 0x01CC, 0x01CC, 0x01CC, 0x01CC, 0x01CC, 0x01CC, 0x01CC, 0x01CC, 0x01CC,
  0x01CC, 0x01CC, 0x01CC, 0x01CC, 0x01CC, 0x01CC, 0x01CC, 0x01CC, 0x01CC, 0x01CC, 0x01CC, 0x01CC,
  0x01CC, 0x01CC, 0x01CC, 0x01CC, 0x01CC, 0x01CC, 0x01CC, 0x01CC, 0x01CC, 0x01CC, 0x01CC, 0x01CC,
  0x01CC, 0x01CC, 0x01CC, 0x01CC, 0x01CC, 0x01CC, 0x01CC, 0x01CC, 0x01CC, 0x01CC, 0x01CC, 0x01CC,
  0x01CC, 0x01CC, 0x01CC, 0x01CC, 0x01CC, 0x01CC, 0x01CC, 0x01CC, 0x01CC, 0x01CC, 0x01CC, 0x01CC,
  0x01CC, 0x01CC, 0x01CC, 0x01CC, 0x01CC, 0x01CC, 0x01CC, 0x01CC, 0x01CC, 0x01CC, 0x01CC, 0x01CC,
  0x01CC, 0x01CC, 0x01CC, 0x01CC, 0x01CC, 0x01CC, 0x01CC, 0x01CC, 0x01CC, 0x01CC, 0x01CC, 0x01CC,
  0x01CC, 0x01CC, 0x01CC, 0x01CC, 0x01CC, 0x01CC, 0x01CC, 0x01CC, 0x01CC, 0x01CC, 0x01CC, 0x01CC,
  0x01CC, 0x01CC, 0x01CC, 0x01CC, 0x01CC, 0x01CC, 0x01CC, 0x01CC, 0x01CC, 0x01CC, 0x01CC, 0x01CC,
  0x01CC, 0x01CC, 0x01CC, 0x01CC, 0x01CC, 0x01CC, 0x01CC, 0x01CC, 0x01CC, 0x01CC, 0x01CC, 0x01CC,
  0x01CC, 0x01CC, 0x01CC, 0x01CC, 0x01CC, 0x01CC, 0x01CC, 0x01CC, 0x01CC, 0x01CC, 0x01CC, 0x01CC,
  0x01CC, 0x01CC, 0x01CC, 0x01CC, 0x01CC, 0x01CC, 0x01CC, 0x01CC, 0x01CC, 0x01CC, 0x01CC, 0x01CC,
  0x01CC, 0x01CC, 0x01CC, 0x01CC, 0x01CC, 0x01CC, 0x01CC, 0x01CC, 0x01CC, 0x01CC, 0x01CC, 0x01CC,
  0x01CC, 0x01CC, 0x01CC, 0x01CC, 0x01CC, 0x01CC, 0x01CC, 0x01CC, 0x01CC, 0x01CC, 0x01CC, 0x01CC,
  0x01CC, 0x01CC, 0x01CC, 0x01CC, 0x01CC, 0x01CC, 0x01CC, 0x01CC, 0x01CC, 0x01CC, 0x01CC, 0x01CC,
  0x01CC, 0x01CC, 0x01CC, 0x01CC, 0x01CC, 0x01CC, 0x01CC, 0x01CC, 0x01CC, 0x01CC, 0x01CC, 0x01CC,
  0x01CC, 0x01CC, 0x01CC, 0x01CC, 0x01CC, 0x01CC, 0x01CC, 0x01CC, 0x01CC, 0x01CC, 0x01CC, 0x01CC,
  0x01CC, 0x01CC, 0x01CC, 0x01CC, 0x01CC, 0x01CC, 0x01CC, 0x01CC, 0x01CC, 0x01CC, 0x01CC, 0x01CC,
  0x01CC, 0x01CC, 0x01CC, 0x01CC, 0x01CC, 0x01CC, 0x01CC, 0x01CC, 0x01CC, 0x01CC, 0x01CC, 0x01CC,
  0x01CC, 0x01CC, 0x01CC, 0x01CC, 0x01CC, 0x01CC, 0x01CC, 0x01CC, 0x01CC, 0x01CC, 0x01CC, 0x01CC,
  0x01CC, 0x01CC, 0x01CC, 0x01CC, 0x01CC, 0x01CC, 0x01CC, 0x01CC, 0x01CC, 0x01CC, 0x01CC, 0x01CC,
  0x01CC, 0x01CC, 0x01CC, 0x01CC, 0x01CC, 0x01CC, 0x01CC, 0x01CC, 0x01CC, 0x01CC, 0x01CC, 0x01CC,
  0x01CC, 0x01CC, 0x01CC, 0x01CC, 0x01CC, 0x01CC, 0x01CC, 0x01CC, 0x01CC, 0x01CC, 0x01CC, 0x01CC,
  0x01CC, 0x01CC, 0x01CC, 0x01CC, 0x01CC, 0x01CC, 0x01CC, 0x01CC, 0x01CC, 0x01CC, 0x01CC, 0x01CC,
  0x01CC, 0x01CC, 0x01CC, 0x01CC, 0x01CC, 0x01CC, 0x01CC, 0x01CC, 0x01CC, 0x01CC, 0x01CC, 0x01CC,
  0x01CC, 0x01CC, 0x01CC, 0x01CC, 0x01CC, 0x01CC, 0x01CC, 0x01CC, 0x01CC, 0x01CC, 0x01CC, 0x01CC,
  0x01CC, 0x01CC, 0x01CC, 0x01CC, 0x01CC, 0x01CC, 0x01CC, 0x01CC, 0x01CC, 0x01CC, 0x01CC, 0x01CC,
  0x01CC, 0x01CC, 0x01CC, 0x01CC, 0x01CC, 0x01CC, 0x01CC, 0x01CC, 0x01CC, 0x01CC, 0x01CC, 0x01CC,
  0x01CC, 0x01CC, 0x01CC, 0x01CC, 0x01CC, 0x01CC, 0x01CC, 0x01CC, 0x01CC, 0x01CC, 0x01CC, 0x01CC,
  0x01CC, 0x01CC, 0x01CC, 0x01CC, 0x01CC, 0x01CC, 0x01CC, 0x01CC, 0x01CC, 0x01CC, 0x01CC, 0x01CC,
  0x01CC, 0x01CC, 0x01CC, 0x01CC, 0x01CC, 0x01CC, 0x01CC, 0x01CC, 0x01CC, 0x01CC, 0x01CC, 0x01CC,
  0x01CC, 0x01CC, 0x01CC, 0x01CC, 0x01CC, 0x01CC, 0x01CC, 0x01CC, 0x01CC, 0x01CC, 0x01CC, 0x01CC,
  0x01CC, 0x01CC, 0x01CC, 0x01CC, 0x01CC, 0x01CC, 0x01CC, 0x01CC, 0x01CC, 0x01CC, 0x01CC, 0x01CC,
  0x01CC, 0x01CC, 0x01CC, 0x01CC, 0x01CC, 0x01CC, 0x01CC, 0x01CC, 0x01CC, 0x01CC, 0x01CC, 0x01CC,
  0x01CC, 0x01CC, 0x01CC, 0x01CC, 0x01CC, 0x01CC, 0x01CC, 0x01CC, 0x01CC, 0x01CC, 0x01CC, 0x01CC,
  0x01CC, 0x01CC, 0x01CC, 0x01CC, 0x01CC, 0x01CC, 0x01CC, 0x01CC, 0x01CC, 0x01CC, 0x01CC, 0x01CC,
  0x01CC, 0x01CC, 0x01CC, 0x01CC, 0x01CC, 0x01CC, 0x01CC, 0x01CC, 0x01CC, 0x01CC, 0x01CC, 0x01CC,
  0x01CC, 0x01CC, 0x01CC, 0x01CC, 0x01CC, 0x01CC, 0x01CC, 0x01CC, 0x01CC, 0x01CC, 0x01CC, 0x01CC,
  0x01CC, 0x01CC, 0x01CC, 0x01CC, 0x01CC, 0x01CC, 0x01CC, 0x01CC, 0x01CC, 0x01CC, 0x01CC, 0x01CC,
  0x01CC, 0x01CC, 0x01CC, 0x01CC, 0x01CC, 0x01CC, 0x01CC, 0x01CC, 0x01CC, 0x01CC, 0x01CC, 0x01CC,
  0x01CC, 0x01CC, 0x01CC, 0x01CC, 0x01CC, 0x01CC, 0x01CC, 0x01CC, 0x01CC, 0x01CC, 0x01CC, 0x01CC,
  0x01CC, 0x01CC, 0x01CC, 0x01CC, 0x01CC, 0x01CC, 0x01CC, 0x01CC, 0x01CC, 0x01CC, 0x01CC, 0x01CC,
  0x01CC, 0x01CC, 0x01CC, 0x01CC, 0x01CC, 0x01CC, 0x01CC, 0x01CC, 0x01CC, 0x01CC, 0x01CC, 0x01CC,
  0x01CC, 0x01CC, 0x01CC, 0x01CC, 0x01CC, 0x01CC, 0x01CC, 0x01CC, 0x01CC, 0x01CC, 0x01CC, 0x01CC,
  0x01CC, 0x01CC, 0x01CC, 0x01CC, 0x01CC, 0x01CC, 0x01CC, 0x01CC, 0x01CC, 0x01CC, 0x01CC, 0x01CC,
  0x01CC, 0x01CC, 0x01CC, 0x01CC, 0x01CC, 0x01CC, 0x01CC, 0x01CC, 0x01CC, 0x01CC, 0x01CC, 0x01CC,
  0x01CC, 0x01CC, 0x01CC, 0x01CC, 0x01CC, 0x01CC, 0x01CC, 0x01CC, 0x01CC, 0x01CC, 0x01CC, 0x01CC,
  0x01CC, 0x01CC, 0x01CC, 0x01CC, 0x01CC, 0x01CC, 0x01CC, 0x01CC, 0x01CC, 0x01CC, 0x01CC, 0x01CC,
  0x01CC, 0x01CC, 0x01CC, 0x01CC, 0x01CC, 0x01CC, 0x01CC, 0x01CC, 0x01CC, 0x01CC, 0x01CC, 0x01CC,
  0x01CC, 0x01CC, 0x01CC, 0x01CC, 0x01CC, 0x01CC, 0x01CC, 0x01CC, 0x01CC, 0x01CC, 0x01CC, 0x01CC,
  0x01CC, 0x01CC, 0x01CC, 0x01CC, 0x01CC, 0x01CC, 0x01CC, 0x01CC, 0x01CC, 0x01CC, 0x01CC, 0x01CC,
  0x01CC, 0x01CC, 0x01CC, 0x01CC, 0x01CC, 0x01CC, 0x01CC, 0x01CC, 0x01CC, 0x01CC, 0x01CC, 0x01CC,
  0x01CC, 0x01CC, 0x01CC, 0x01CC, 0x01CC, 0x01CC, 0x01CC, 0x01CC, 0x01CC, 0x01CC, 0x01CC, 0x01CC,
  0x01CC, 0x01CC, 0x01CC, 0x01CC, 0x01CC, 0x01CC, 0x01CC, 0x01CC, 0x01CC, 0x01CC, 0x01CC, 0x01CC,
  0x01CC, 0x01CC, 0x01CC, 0x01CC, 0x01CC, 0x01CC, 0x01CC, 0x01CC, 0x01CC, 0x01CC, 0x01CC, 0x01CC,
  0x01CC, 0x01CC, 0x01CC, 0x01CC, 0x01CC, 0x01CC, 0x01CC, 0x01CC, 0x01CC, 0x01CC, 0x01CC, 0x01CC,
  0x01CC, 0x01CC, 0x01CC, 0x01CC, 0x01CC, 0x01CC, 0x01CC, 0x01CC, 0x01CC, 0x01CC, 0x01CC, 0x01CC,
  0x01CC, 0x01CC, 0x01CC, 0x01CC, 0x01CC, 0x01CC, 0x01CC, 0x01CC, 0x01CC, 0x01CC, 0x01CC, 0x01CC,
  0x01CC, 0x01CC, 0x01CC, 0x01CC, 0x01CC, 0x01CC, 0x01CC, 0x01CC, 0x01CC, 0x01CC, 0x01CC, 0x01CC,
  0x01CC, 0x01CC, 0x01CC, 0x01CC, 0x01CC, 0x01CC, 0x01CC, 0x01CC, 0x01CC, 0x01CC, 0x01CC, 0x01CC,
  0x01CC, 0x01CC, 0x01CC, 0x01CC, 0x01CC, 0x01CC, 0x01CC, 0x01CC, 0x01CC, 0x01CC, 0x01CC, 0x01CC,
  0x01CC, 0x01CC, 0x01CC, 0x01CC, 0x01CC, 0x01CC, 0x01CC, 0x01CC, 0x01CC, 0x01CC, 0x01CC, 0x01CC,
  0x01CC, 0x01CC, 0x01CC, 0x01CC, 0x01CC, 0x01CC, 0x01CC, 0x01CC, 0x01CC, 0x01CC, 0x01CC, 0x01CC,
  0x01CC, 0x01CC, 0x01CC, 0x01CC, 0x01CC, 0x01CC, 0x01CC, 0x01CC, 0x01CC, 0x01CC, 0x01CC, 0x01CC,
  0x01CC, 0x01CC, 0x01CC, 0x01CC, 0x01CC, 0x01CC, 0x01CC, 0x01CC, 0x01CC, 0x01CC, 0x01CC, 0x01CC,
  0x01CC, 0x01CC, 0x01CC, 0x01CC, 0x01CC, 0x01CC, 0x01CC, 0x01CC, 0x01CC, 0x01CC, 0x01CC, 0x01CC,
  0x01CC, 0x01CC, 0x01CC, 0x01CC, 0x01CC, 0x01CC, 0x01CC, 0x01CC, 0x01CC, 0x01CC, 0x01CC, 0x01CC,
  0x01CC, 0x01CC, 0x01CC, 0x01CC, 0x01CC, 0x01CC, 0x01CC, 0x01CC, 0x01CC, 0x01CC, 0x01CC, 0x01CC,
  0x01CC, 0x01CC, 0x01CC, 0x01CC, 0x01CC, 0x01CC, 0x01CC, 0x01CC, 0x01CC, 0x01CC, 0x01CC, 0x01CC,
  0x01CC, 0x01CC, 0x01CC, 0x01CC, 0x01CC, 0x01CC, 0x01CC, 0x01CC, 0x01CC, 0x01CC, 0x01CC, 0x01CC,
  0x01CC, 0x01CC, 0x01CC, 0x01CC, 0x01CC, 0x01CC, 0x01CC, 0x01CC, 0x01CC, 0x01CC, 0x01CC, 0x01CC,
  0x01CC, 0x01CC, 0x01CC, 0x01CC, 0x01CC, 0x01CC, 0x01CC, 0x01CC, 0x01CC, 0x01CC, 0x01CC, 0x01CC,
  0x01CC, 0x01CC, 0x01CC, 0x01CC, 0x01CC, 0x01CC, 0x01CC, 0x01CC, 0x01CC, 0x01CC, 0x01CC, 0x01CC,
  0x01CC, 0x01CC, 0x01CC, 0x01CC, 0x01CC, 0x01CC, 0x01CC, 0x01CC, 0x01CC, 0x01CC, 0x01CC, 0x01CC,
  0x01CC, 0x01CC, 0x01CC, 0x01CC, 0x01CC, 0x01CC, 0x01CC, 0x01CC, 0x01CC, 0x01CC, 0x01CC, 0x01CC,
  0x01CC, 0x01CC, 0x01CC, 0x01CC, 0x01CC, 0x01CC, 0x01CC, 0x01CC, 0x01CC, 0x01CC, 0x01CC, 0x01CC,
  0x01CC, 0x01CC, 0x01CC, 0x01CC, 0x01CC, 0x01CC, 0x01CC, 0x01CC, 0x01CC, 0x01CC, 0x01CC, 0x01CC,
  0x01CC, 0x01CC, 0x01CC, 0x01CC, 0x01CC, 0x01CC, 0x01CC, 0x01CC, 0x01CC, 0x01CC, 0x01CC, 0x01CC,
  0x01CC, 0x01CC, 0x01CC, 0x01CC, 0x01CC, 0x01CC, 0x01CC, 0x01CC, 0x01CC, 0x01CC, 0x01CC, 0x01CC,
  0x01CC, 0x01CC, 0x01CC, 0x01CC, 0x01CC, 0x01CC, 0x01CC, 0x01CC, 0x01CC, 0x01CC, 0x01CC, 0x01CC,
  0x01CC, 0x01CC, 0x01CC, 0x01CC, 0x01CC, 0x01CC, 0x01CC, 0x01CC, 0x01CC, 0x01CC, 0x01CC, 0x01CC,
  0x01CC, 0x01CC, 0x01CC, 0x01CC, 0x01CC, 0x01CC, 0x01CC, 0x01CC, 0x01CC, 0x01CC, 0x01CC, 0x01CC,
  0x01CC, 0x01CC, 0x01CC, 0x01CC, 0x01CC, 0x01CC, 0x01CC, 0x01CC, 0x01CC, 0x01CC, 0x01CC, 0x01CC,
  0x01CC, 0x01CC, 0x01CC, 0x01CC, 0x01CC, 0x01CC, 0x01CC, 0x01CC, 0x01CC, 0x01CC, 0x01CC, 0x01CC,
  0x01CC, 0x01CC, 0x01CC, 0x01CC, 0x01CC, 0x01CC, 0x01CC, 0x01CC, 0x01CC, 0x01CC, 0x01CC, 0x01CC,
  0x01CC, 0x01CC, 0x01CC, 0x01CC, 0x01CC, 0x01CC, 0x01CC, 0x01CC, 0x01CC, 0x01CC, 0x01CC, 0x01CC,
  0x01CC, 0x01CC, 0x01CC, 0x01CC, 0x01CC, 0x01CC, 0x01CC, 0x01CC, 0x01CC, 0x01CC, 0x01CC, 0x01CC,
  0x01CC, 0x01CC, 0x01CC, 0x01CC, 0x01CC, 0x01CC, 0x01CC, 0x01CC, 0x01CC, 0x01CC, 0x01CC, 0x01CC,
  0x01CC, 0x01CC, 0x01CC, 0x01CC, 0x01CC, 0x01CC, 0x01CC, 0x01CC, 0x01CC, 0x01CC, 0x01CC, 0x01CC,
  0x01CC, 0x01CC, 0x01CC, 0x01CC, 0x01CC, 0x01CC, 0x01CC, 0x01CC, 0x01CC, 0x01CC, 0x01CC, 0x01CC,
  0x01CC, 0x01CC, 0x01CC, 0x01CC, 0x01CC, 0x01CC, 0x01CC, 0x01CC, 0x01CC, 0x01CC, 0x01CC, 0x01CC,
  0x01CC, 0x01CC, 0x01CC, 0x01CC, 0x01CC, 0x01CC, 0x01CC, 0x01CC, 0x01CC, 0x01CC, 0x01CC, 0x01CC,
  0x01CC, 0x01CC, 0x01CC, 0x01CC, 0x01CC, 0x01CC, 0x01CC, 0x01CC, 0x01CC, 0x01CC, 0x01CC, 0x01CC,
  0x01CC, 0x01CC, 0x01CC, 0x01CC, 0x01CC, 0x01CC, 0x01CC, 0x01CC, 0x01CC, 0x01CC, 0x01CC, 0x01CC,
  0x01CC, 0x01CC, 0x01CC, 0x01CC, 0x01CC, 0x01CC, 0x01CC, 0x01CC, 0x01CC, 0x01CC, 0x01CC, 0x01CC,
  0x01CC, 0x01CC, 0x01CC, 0x01CC, 0x01CC, 0x01CC, 0x01CC, 0x01CC, 0x01CC, 0x01CC, 0x01CC, 0x01CC,
  0x01CC, 0x01CC, 0x01CC, 0x01CC, 0x01CC, 0x01CC, 0x01CC, 0x01CC, 0x01CC, 0x01CC, 0x01CC, 0x01CC,
  0x01CC, 0x01CC, 0x01CC, 0x01CC, 0x01CC, 0x01CC, 0x01CC, 0x01CC, 0x01CC, 0x01CC, 0x01CC, 0x01CC,
  0x01CC, 0x01CC, 0x01CC, 0x01CC, 0x01CC, 0x01CC, 0x01CC, 0x01CC, 0x01CC, 0x01CC, 0x01CC, 0x01CC,
  0x01CC, 0x01CC, 0x01CC, 0x01CC, 0x01CC, 0x01CC, 0x01CC, 0x01CC, 0x01CC, 0x01CC, 0x01CC, 0x01CC,
  0x01CC, 0x01CC, 0x01CC, 0x01CC, 0x01CC, 0x01CC, 0x01CC, 0x01CC, 0x01CC, 0x01CC, 0x01CC, 0x01CC,
  0x01CC, 0x01CC, 0x01CC, 0x01CC, 0x01CC, 0x01CC, 0x01CC, 0x01CC, 0x01CC, 0x01CC, 0x01CC, 0x01CC,
  0x01CC, 0x01CC, 0x01CC, 0x01CC, 0x01CC, 0x01CC, 0x01CC, 0x01CC, 0x01CC, 0x01CC, 0x01CC, 0x01CC,
  0x01CC, 0x01CC, 0x01CC, 0x01CC, 0x01CC, 0x01CC, 0x01CC, 0x01CC, 0x01CC, 0x01CC, 0x01CC, 0x01CC,
  0x01CC, 0x01CC, 0x01CC, 0x01CC, 0x01CC, 0x01CC, 0x01CC, 0x01CC, 0x01CC, 0x01CC, 0x01CC, 0x01CC,
  0x01CC, 0x01CC, 0x01CC, 0x01CC, 0x01CC, 0x01CC, 0x01CC, 0x01CC, 0x01CC, 0x01CC, 0x01CC, 0x01CC,
  0x01CC, 0x01CC, 0x01CC, 0x01CC, 0x01CC, 0x01CC, 0x01CC, 0x01CC, 0x01CC, 0x01CC, 0x01CC, 0x01CC,
  0x01CC, 0x01CC, 0x01CC, 0x01CC, 0x01CC, 0x01CC, 0x01CC, 0x01CC, 0x01CC, 0x01CC, 0x01CC, 0x01CC,
  0x01CC, 0x01CC, 0x01CC, 0x01CC, 0x01CC, 0x01CC, 0x01CC, 0x01CC, 0x01CC, 0x01CC, 0x01CC, 0x01CC,
  0x01CC, 0x01CC, 0x01CC, 0x01CC, 0x01CC, 0x01CC, 0x01CC, 0x01CC, 0x01CC, 0x01CC, 0x01CC, 0x01CC,
  0x01CC, 0x01CC, 0x01CC, 0x01CC, 0x01CC, 0x01CC, 0x01CC, 0x01CC, 0x01CC, 0x01CC, 0x01CC, 0x01CC,
  0x01CC, 0x01CC, 0x01CC, 0x01CC, 0x01CC, 0x01CC, 0x01CC, 0x01CC, 0x01CC, 0x01CC, 0x01CC, 0x01CC,
  0x01CC, 0x01CC, 0x01CC, 0x01CC, 0x01CC, 0x01CC, 0x01CC, 0x01CC, 0x01CC, 0x01CC, 0x01CC, 0x01CC,
  0x01CC, 0x01CC, 0x01CC, 0x01CC, 0x01CC, 0x01CC, 0x01CC, 0x01CC, 0x01CC, 0x01CC, 0x01CC, 0x01CC,
  0x01CC, 0x01CC, 0x01CC, 0x01CC, 0x01CC, 0x01CC, 0x01CC, 0x01CC, 0x01CC, 0x01CC, 0x01CC, 0x01CC,
  0x01CC, 0x01CC, 0x01CC, 0x01CC, 0x01CC, 0x01CC, 0x01CC, 0x01CC, 0x01CC, 0x01CC, 0x01CC, 0x01CC,
  0x01CC, 0x01CC, 0x01CC, 0x01CC, 0x01CC, 0x01CC, 0x01CC, 0x01CC, 0x01CC, 0x01CC, 0x01CC, 0x01CC,
  0x01CC, 0x01CC, 0x01CC, 0x01CC, 0x01CC, 0x01CC, 0x01CC, 0x01CC, 0x01CC, 0x01CC, 0x01CC, 0x01CC,
  0x01CC, 0x01CC, 0x01CC, 0x01CC, 0x01CC, 0x01CC, 0x01CC, 0x01CC, 0x01CC, 0x01CC, 0x01CC, 0x01CC,
  0x01CC, 0x01CC, 0x01CC, 0x01CC, 0x01CC, 0x01CC, 0x01CC, 0x01CC, 0x01CC, 0x01CC, 0x01CC, 0x01CC,
  0x01CC, 0x01CC, 0x01CC, 0x01CC, 0x01CC, 0x01CC, 0x01CC, 0x01CC, 0x01CC, 0x01CC, 0x01CC, 0x01CC,
  0x01CC, 0x01CC, 0x01CC, 0x01CC, 0x01CC, 0x01CC, 0x01CC, 0x01CC, 0x01CC, 0x01CC, 0x01CC, 0x01CC,
  0x01CC, 0x01CC, 0x01CC, 0x01CC, 0x01CC, 0x01CC, 0x01CC, 0x01CC, 0x01CC, 0x01CC, 0x01CC, 0x01CC,
  0x01CC, 0x01CC, 0x01CC, 0x01CC, 0x01CC, 0x01CC, 0x01CC, 0x01CC, 0x01CC, 0x01CC, 0x01CC, 0x01CC,
  0x01CC, 0x01CC, 0x01CC, 0x01CC, 0x01CC, 0x01CC, 0x01CC, 0x01CC, 0x01CC, 0x01CC, 0x01CC, 0x01CC,
  0x01CC, 0x01CC, 0x01CC, 0x01CC, 0x01CC, 0x01CC, 0x01CC, 0x01CC, 0x01CC, 0x01CC, 0x01CC, 0x01CC,
  0x01CC, 0x01CC, 0x01CC, 0x01CC, 0x01CC, 0x01CC, 0x01CC, 0x01CC, 0x01CC, 0x01CC, 0x01CC, 0x01CC,
  0x01CC, 0x01CC, 0x01CC, 0x01CC, 0x01CC, 0x01CC, 0x01CC, 0x01CC, 0x01CC, 0x01CC, 0x01CC, 0x01CC,
  0x01CC, 0x01CC, 0x01CC, 0x01CC, 0x01CC, 0x01CC, 0x01CC, 0x01CC, 0x01CC, 0x01CC, 0x01CC, 0x01CC,
  0x01CC, 0x01CC, 0x01CC, 0x01CC, 0x01CC, 0x01CC, 0x01CC, 0x01CC, 0x01CC, 0x01CC, 0x01CC, 0x01CC,
  0x01CC, 0x01CC, 0x01CC, 0x01CC, 0x01CC, 0x01CC, 0x01CC, 0x01CC, 0x01CC, 0x01CC, 0x01CC, 0x01CC,
  0x01CC, 0x01CC, 0x01CC, 0x01CC, 0x01CC, 0x01CC, 0x01CC, 0x01CC, 0x01CC, 0x01CC, 0x01CC, 0x01CC,
  0x01CC, 0x01CC, 0x01CC, 0x01CC, 0x01CC, 0x01CC, 0x01CC, 0x01CC, 0x01CC, 0x01CC, 0x01CC, 0x01CC,
  0x01CC, 0x01CC, 0x01CC, 0x01CC, 0x01CC, 0x01CC, 0x01CC, 0x01CC, 0x01CC, 0x01CC, 0x01CC, 0x01CC,
  0x01CC, 0x01CC, 0x01CC, 0x01CC, 0x01CC, 0x01CC, 0x01CC, 0x01CC, 0x01CC, 0x01CC, 0x01CC, 0x01CC,
  0x01CC, 0x01CC, 0x01CC, 0x01CC, 0x01CC, 0x01CC, 0x01CC, 0x01CC, 0x01CC, 0x01CC, 0x01CC, 0x01CC,
  0x01CC, 0x01CC, 0x01CC, 0x01CC, 0x01CC, 0x01CC, 0x01CC, 0x01CC, 0x01CC, 0x01CC, 0x01CC, 0x01CC,
  0x01CC, 0x01CC, 0x01CC, 0x01CC, 0x01CC, 0x01CC, 0x01CC, 0x01CC, 0x01CC, 0x01CC, 0x01CC, 0x01CC,
  0x01CC, 0x01CC, 0x01CC, 0x01CC, 0x01CC, 0x01CC, 0x01CC, 0x01CC, 0x01CC, 0x01CC, 0x01CC, 0x01CC,
  0x01CC, 0x01CC, 0x01CC, 0x01CC, 0x01CC, 0x01CC, 0x01CC, 0x01CC, 0x01CC, 0x01CC, 0x01CC, 0x01CC,
  0x01CC, 0x01CC, 0x01CC, 0x01CC, 0x01CC, 0x01CC, 0x01CC, 0x01CC, 0x01CC, 0x01CC, 0x01CC, 0x01CC,
  0x01CC, 0x01CC, 0x01CC, 0x01CC, 0x01CC, 0x01CC, 0x01CC, 0x01CC, 0x01CC, 0x01CC, 0x01CC, 0x01CC,
  0x01CC, 0x01CC, 0x01CC, 0x01CC, 0x01CC, 0x01CC, 0x01CC, 0x01CC, 0x01CC, 0x01CC, 0x01CC, 0x01CC,
  0x01CC, 0x01CC, 0x01CC, 0x01CC, 0x01CC, 0x01CC, 0x01CC, 0x01CC, 0x01CC, 0x01CC, 0x01CC, 0x01CC,
  0x01CC, 0x01CC, 0x01CC, 0x01CC, 0x01CC, 0x01CC, 0x01CC, 0x01CC, 0x01CC, 0x01CC, 0x01CC, 0x01CC,
  0x01CC, 0x01CC, 0x01CC, 0x01CC, 0x01CC, 0x01CC, 0x01CC, 0x01CC, 0x01CC, 0x01CC, 0x01CC, 0x01CC,
  0x01CC, 0x01CC, 0x01CC, 0x01CC, 0x01CC, 0x01CC, 0x01CC, 0x01CC, 0x01CC, 0x01CC, 0x01CC, 0x01CC,
  0x01CC, 0x01CC, 0x01CC, 0x01CC, 0x01CC, 0x01CC, 0x01CC, 0x01CC, 0x01CC, 0x01CC, 0x01CC, 0x01CC,
  0x01CC, 0x01CC, 0x01CC, 0x01CC, 0x01CC, 0x01CC, 0x01CC, 0x01CC, 0x01CC, 0x01CC, 0x01CC, 0x01CC,
  0x01CC, 0x01CC, 0x01CC, 0x01CC, 0x01CC, 0x01CC, 0x01CC, 0x01CC, 0x01CC, 0x01CC, 0x01CC, 0x01CC,
  0x01CC, 0x01CC, 0x01CC, 0x01CC, 0x01CC, 0x01CC, 0x01CC, 0x01CC, 0x01CC, 0x01CC, 0x01CC, 0x01CC,
  0x01CC, 0x01CC, 0x01CC, 0x01CC, 0x01CC, 0x01CC, 0x01CC, 0x01CC, 0x01CC, 0x01CC, 0x01CC, 0x01CC,
  0x01CC, 0x01CC, 0x01CC, 0x01CC, 0x01CC, 0x01CC, 0x01CC, 0x01CC, 0x01CC, 0x01CC, 0x01CC, 0x01CC,
  0x01CC, 0x01CC, 0x01CC, 0x01CC, 0x01CC, 0x01CC, 0x01CC, 0x01CC, 0x01CC, 0x01CC, 0x01CC, 0x01CC,
  0x01CC, 0x01CC, 0x01CC, 0x01CC, 0x01CC, 0x01CC, 0x01CC, 0x01CC, 0x01CC, 0x01CC, 0x01CC, 0x01CC,
  0x01CC, 0x01CC, 0x01CC, 0x01CC, 0x01CC, 0x01CC, 0x01CC, 0x01CC, 0x01CC, 0x01CC, 0x01CC, 0x01CC,
  0x01CC, 0x01CC, 0x01CC, 0x01CC, 0x01CC, 0x01CC, 0x01CC, 0x01CC, 0x01CC, 0x01CC, 0x01CC, 0x01CC,
  0x01CC, 0x01CC, 0x01CC, 0x01CC, 0x01CC, 0x01CC, 0x01CC, 0x01CC, 0x01CC, 0x01CC, 0x01CC, 0x01CC,
  0x01CC, 0x01CC, 0x01CC, 0x01CC, 0x01CC, 0x01CC, 0x01CC, 0x01CC, 0x01CC, 0x01CC, 0x01CC, 0x01CC,
  0x01CC, 0x01CC, 0x01CC, 0x01CC, 0x01CC, 0x01CC, 0x01CC, 0x01CC, 0x01CC, 0x01CC, 0x01CC, 0x01CC,
  0x01CC, 0x01CC, 0x01CC, 0x01CC, 0x01CC, 0x01CC, 0x01CC, 0x01CC, 0x01CC, 0x01CC, 0x01CC, 0x01CC,
  0x01CC, 0x01CC, 0x01CC, 0x01CC, 0x01CC, 0x01CC, 0x01CC, 0x01CC, 0x01CC, 0x01CC, 0x01CC, 0x01CC,
  0x01CC, 0x01CC, 0x01CC, 0x01CC, 0x01CC, 0x01CC, 0x01CC, 0x01CC, 0x01CC, 0x01CC, 0x01CC, 0x01CC,
  0x01CC, 0x01CC, 0x01CC, 0x01CC, 0x01CC, 0x01CC, 0x01CC, 0x01CC, 0x01CC, 0x01CC, 0x01CC, 0x01CC,
  0x01CC, 0x01CC, 0x01CC, 0x01CC, 0x01CC, 0x01CC, 0x01CC, 0x01CC, 0x01CC, 0x01CC, 0x01CC, 0x01CC,
  0x01CC, 0x01CC, 0x01CC, 0x01CC, 0x01CC, 0x01CC, 0x01CC, 0x01CC, 0x01CC, 0x01CC, 0x01CC, 0x01CC,
  0x01CC, 0x01CC, 0x01CC, 0x01CC, 0x01CC, 0x01CC, 0x01CC, 0x01CC, 0x01CC, 0x01CC, 0x01CC, 0x01CC,
  0x01CC, 0x01CC, 0x01CC, 0x01CC, 0x01CC, 0x01CC, 0x01CC, 0x01CC, 0x01CC, 0x01CC, 0x01CC, 0x01CC,
  0x01CC, 0x01CC, 0x01CC, 0x01CC, 0x01CC, 0x01CC, 0x01CC, 0x01CC, 0x01CC, 0x01CC, 0x01CC, 0x01CC,
  0x01CC, 0x01CC, 0x01CC, 0x01CC, 0x01CC, 0x01CC, 0x01CC, 0x01CC, 0x01CC, 0x01CC, 0x01CC, 0x01CC,
  0x01CC, 0x01CC, 0x01CC, 0x01CC, 0x01CC, 0x01CC, 0x01CC, 0x01CC, 0x01CC, 0x01CC, 0x01CC, 0x01CC,
  0x01CC, 0x01CC, 0x01CC, 0x01CC, 0x01CC, 0x01CC, 0x01CC, 0x01CC, 0x01CC, 0x01CC, 0x01CC, 0x01CC,
  0x01CC, 0x01CC, 0x01CC, 0x01CC, 0x01CC, 0x01CC, 0x01CC, 0x01CC, 0x01CC, 0x01CC, 0x01CC, 0x01CC,
  0x01CC, 0x01CC, 0x01CC, 0x01CC, 0x01CC, 0x01CC, 0x01CC, 0x01CC, 0x01CC, 0x01CC, 0x01CC, 0x01CC,
  0x01CC, 0x01CC, 0x01CC, 0x01CC, 0x01CC, 0x01CC, 0x01CC, 0x01CC, 0x01CC, 0x01CC, 0x01CC, 0x01CC,
  0x01CC, 0x01CC, 0x01CC, 0x01CC, 0x01CC, 0x01CC, 0x01CC, 0x01CC, 0x01CC, 0x01CC, 0x01CC, 0x01CC,
  0x01CC, 0x01CC, 0x01CC, 0x01CC, 0x01CC, 0x01CC, 0x01CC, 0x01CC, 0x01CC, 0x01CC, 0x01CC, 0x01CC,
  0x01CC, 0x01CC, 0x01CC, 0x01CC, 0x01CC, 0x01CC, 0x01CC, 0x01CC, 0x01CC, 0x01CC, 0x01CC, 0x01CC,
  0x01CC, 0x01CC, 0x01CC, 0x01CC, 0x01CC, 0x01CC, 0x01CC, 0x01CC, 0x01CC, 0x01CC, 0x01CC, 0x01CC,
  0x01CC, 0x01CC, 0x01CC, 0x01CC, 0x01CC, 0x01CC, 0x01CC, 0x01CC, 0x01CC, 0x01CC, 0x01CC, 0x01CC,
  0x01CC, 0x01CC, 0x01CC, 0x01CC, 0x01CC, 0x01CC, 0x01CC, 0x01CC, 0x01CC, 0x01CC, 0x01CC, 0x01CC,
  0x01CC, 0x01CC, 0x01CC, 0x01CC, 0x01CC, 0x01CC, 0x01CC, 0x01CC, 0x01CC, 0x01CC, 0x01CC, 0x01CC,
  0x01CC, 0x01CC, 0x01CC, 0x01CC, 0x01CC, 0x01CC, 0x01CC, 0x01CC, 0x01CC, 0x01CC, 0x01CC, 0x01CC,
  0x01CC, 0x01CC, 0x01CC, 0x01CC, 0x01CC, 0x01CC, 0x01CC, 0x01CC, 0x01CC, 0x01CC, 0x01CC, 0x01CC,
  0x01CC, 0x01CC, 0x01CC, 0x01CC, 0x01CC, 0x01CC, 0x01CC, 0x01CC, 0x01CC, 0x01CC, 0x01CC, 0x01CC,
  0x01CC, 0x01CC, 0x01CC, 0x01CC, 0x01CC, 0x01CC, 0x01CC, 0x01CC, 0x01CC, 0x01CC, 0x01CC, 0x01CC,
  0x01CC, 0x01CC, 0x01CC, 0x01CC, 0x01CC, 0x01CC, 0x01CC, 0x01CC, 0x01CC, 0x01CC, 0x01CC, 0x01CC,
  0x01CC, 0x01CC, 0x01CC, 0x01CC, 0x01CC, 0x01CC, 0x01CC, 0x01CC, 0x01CC, 0x01CC, 0x01CC, 0x01CC,
  0x01CC, 0x01CC, 0x01CC, 0x01CC, 0x01CC, 0x01CC, 0x01CC, 0x01CC, 0x01CC, 0x01CC, 0x01CC, 0x01CC,
  0x01CC, 0x01CC, 0x01CC, 0x01CC, 0x01CC, 0x01CC, 0x01CC, 0x01CC, 0x01CC, 0x01CC, 0x01CC, 0x01CC,
  0x01CC, 0x01CC, 0x01CC, 0x01CC, 0x01CC, 0x01CC, 0x01CC, 0x01CC, 0x01CC, 0x01CC, 0x01CC, 0x01CC,
  0x01CC, 0x01CC, 0x01CC, 0x01CC, 0x01CC, 0x01CC, 0x01CC, 0x01CC, 0x01CC, 0x01CC, 0x01CC, 0x01CC,
  0x01CC, 0x01CC, 0x01CC, 0x01CC, 0x01CC, 0x01CC, 0x01CC, 0x01CC, 0x01CC, 0x01CC, 0x01CC, 0x01CC,
  0x01CC, 0x01CC, 0x01CC, 0x01CC, 0x01CC, 0x01CC, 0x01CC, 0x01CC, 0x01CC, 0x01CC, 0x01CC, 0x01CC,
  0x01CC, 0x01CC, 0x01CC, 0x01CC, 0x01CC, 0x01CC, 0x01CC, 0x01CC, 0x01CC, 0x01CC, 0x01CC, 0x01CC,
  0x01CC, 0x01CC, 0x01CC, 0x01CC, 0x01CC, 0x01CC, 0x01CC, 0x01CC, 0x01CC, 0x01CC, 0x01CC, 0x01CC,
  0x01CC, 0x01CC, 0x01CC, 0x01CC, 0x01CC, 0x01CC, 0x01CC, 0x01CC, 0x01CC, 0x01CC, 0x01CC, 0x01CC,
  0x01CC, 0x01CC, 0x01CC, 0x01CC, 0x01CC, 0x01CC, 0x01CC, 0x01CC, 0x01CC, 0x01CC, 0x01CC, 0x01CC,
  0x01CC, 0x01CC, 0x01CC, 0x01CC, 0x01CC, 0x01CC, 0x01CC, 0x01CC, 0x01CC, 0x01CC, 0x01CC, 0x01CC,
  0x01CC, 0x01CC, 0x01CC, 0x01CC, 0x01CC, 0x01CC, 0x01CC, 0x01CC, 0x01CC, 0x01CC, 0x01CC, 0x01CC,
  0x01CC, 0x01CC, 0x01CC, 0x01CC, 0x01CC, 0x01CC, 0x01CC, 0x01CC, 0x01CC, 0x01CC, 0x01CC, 0x01CC,
  0x01CC, 0x01CC, 0x01CC, 0x01CC, 0x01CC, 0x01CC, 0x01CC, 0x01CC, 0x01CC, 0x01CC, 0x01CC, 0x01CC,
  0x01CC, 0x01CC, 0x01CC, 0x01CC, 0x01CC, 0x01CC, 0x01CC, 0x01CC, 0x01CC, 0x01CC, 0x01CC, 0x01CC,
  0x01CC, 0x01CC, 0x01CC, 0x01CC, 0x01CC, 0x01CC, 0x01CC, 0x01CC, 0x01CC, 0x01CC, 0x01CC, 0x01CC,
  0x01CC, 0x01CC, 0x01CC, 0x01CC, 0x01CC, 0x01CC, 0x01CC, 0x01CC, 0x01CC, 0x01CC, 0x01CC, 0x01CC,
  0x01CC, 0x01CC, 0x01CC, 0x01CC, 0x01CC, 0x01CC, 0x01CC, 0x01CC, 0x01CC, 0x01CC, 0x01CC, 0x01CC,
  0x01CC, 0x01CC, 0x01CC, 0x01CC, 0x01CC, 0x01CC, 0x01CC, 0x01CC, 0x01CC, 0x01CC, 0x01CC, 0x01CC,
  0x01CC, 0x01CC, 0x01CC, 0x01CC, 0x01CC, 0x01CC, 0x01CC, 0x01CC, 0x01CC, 0x01CC, 0x01CC, 0x01CC,
  0x01CC, 0x01CC, 0x01CC, 0x01CC, 0x01CC, 0x01CC, 0x01CC, 0x01CC, 0x01CC, 0x01CC, 0x01CC, 0x01CC,
  0x01CC, 0x01CC, 0x01CC, 0x01CC, 0x01CC, 0x01CC, 0x01CC, 0x01CC, 0x01CC, 0x01CC, 0x01CC, 0x01CC,
  0x01CC, 0x01CC, 0x01CC, 0x01CC, 0x01CC, 0x01CC, 0x01CC, 0x01CC, 0x01CC, 0x01CC, 0x01CC, 0x01CC,
  0x01CC, 0x01CC, 0x01CC, 0x01CC, 0x01CC, 0x01CC, 0x01CC, 0x01CC, 0x01CC, 0x01CC, 0x01CC, 0x01CC,
  0x01CC, 0x01CC, 0x01CC, 0x01CC, 0x01CC, 0x01CC, 0x01CC, 0x01CC, 0x01CC, 0x01CC, 0x01CC, 0x01CC,
  0x01CC, 0x01CC, 0x01CC, 0x01CC, 0x01CC, 0x01CC, 0x01CC, 0x01CC, 0x01CC, 0x01CC, 0x01CC, 0x01CC,
  0x01CC, 0x01CC, 0x01CC, 0x01CC, 0x01CC, 0x01CC, 0x01CC, 0x01CC, 0x01CC, 0x01CC, 0x01CC, 0x01CC,
  0x01CC, 0x01CC, 0x01CC, 0x01CC, 0x01CC, 0x01CC, 0x01CC, 0x01CC, 0x01CC, 0x01CC, 0x01CC, 0x01CC,
  0x01CC, 0x01CC, 0x01CC, 0x01CC, 0x01CC, 0x01CC, 0x01CC, 0x01CC, 0x01CC, 0x01CC, 0x01CC, 0x01CC,
  0x01CC, 0x01CC, 0x01CC, 0x01CC, 0x01CC, 0x01CC, 0x01CC, 0x01CC, 0x01CC, 0x01CC, 0x01CC, 0x01CC,
  0x01CC, 0x01CC, 0x01CC, 0x01CC, 0x01CC, 0x01CC, 0x01CC, 0x01CC, 0x01CC, 0x01CC, 0x01CC, 0x01CC,
  0x01CC, 0x01CC, 0x01CC, 0x01CC, 0x01CC, 0x01CC, 0x01CC, 0x01CC, 0x01CC, 0x01CC, 0x01CC, 0x01CC,
  0x01CC, 0x01CC, 0x01CC, 0x01CC, 0x01CC, 0x01CC, 0x01CC, 0x01CC, 0x01CC, 0x01CC, 0x01CC, 0x01CC,
  0x01CC, 0x01CC, 0x01CC, 0x01CC, 0x01CC, 0x01CC, 0x01CC, 0x01CC, 0x01CC, 0x01CC, 0x01CC, 0x01CC,
  0x01CC, 0x01CC, 0x01CC, 0x01CC, 0x01CC, 0x01CC, 0x01CC, 0x01CC, 0x01CC, 0x01CC, 0x01CC, 0x01CC,
  0x01CC, 0x01CC, 0x01CC, 0x01CC, 0x01CC, 0x01CC, 0x01CC, 0x01CC, 0x01CC, 0x01CC, 0x01CC, 0x01CC,
  0x01CC, 0x01CC, 0x01CC, 0x01CC, 0x01CC, 0x01CC, 0x01CC, 0x01CC, 0x01CC, 0x01CC, 0x01CC, 0x01CC,
  0x01CC, 0x01CC, 0x01CC, 0x01CC, 0x01CC, 0x01CC, 0x01CC, 0x01CC, 0x01CC, 0x01CC, 0x01CC, 0x01CC,
  0x01CC, 0x01CC, 0x01CC, 0x01CC, 0x01CC, 0x01CC, 0x01CC, 0x01CC, 0x01CC, 0x01CC, 0x01CC, 0x01CC,
  0x01CC, 0x01CC, 0x01CC, 0x01CC, 0x01CC, 0x01CC, 0x01CC, 0x01CC, 0x01CC, 0x01CC, 0x01CC, 0x01CC,
  0x01CC, 0x01CC, 0x01CC, 0x01CC, 0x01CC, 0x01CC, 0x01CC, 0x01CC, 0x01CC, 0x01CC, 0x01CC, 0x01CC,
  0x01CC, 0x01CC, 0x01CC, 0x01CC, 0x01CC, 0x01CC, 0x01CC, 0x01CC, 0x01CC, 0x01CC, 0x01CC, 0x01CC,
  0x01CC, 0x01CC, 0x01CC, 0x01CC, 0x01CC, 0x01CC, 0x01CC, 0x01CC, 0x01CC, 0x01CC, 0x01CC, 0x01CC,
  0x01CC, 0x01CC, 0x01CC, 0x01CC, 0x01CC, 0x01CC, 0x01CC, 0x01CC, 0x01CC, 0x01CC, 0x01CC, 0x01CC,
  0x01CC, 0x01CC, 0x01CC, 0x01CC, 0x01CC, 0x01CC, 0x01CC, 0x01CC, 0x01CC, 0x01CC, 0x01CC, 0x01CC,
  0x01CC, 0x01CC, 0x01CC, 0x01CC, 0x01CC, 0x01CC, 0x01CC, 0x01CC, 0x01CC, 0x01CC, 0x01CC, 0x01CC,
  0x01CC, 0x01CC, 0x01CC, 0x01CC, 0x01CC, 0x01CC, 0x01CC, 0x01CC, 0x01CC, 0x01CC, 0x01CC, 0x01CC,
  0x01CC, 0x01CC, 0x01CC, 0x01CC, 0x01CC, 0x01CC, 0x01CC, 0x01CC, 0x01CC, 0x01CC, 0x01CC, 0x01CC,
  0x01CC, 0x01CC, 0x01CC, 0x01CC, 0x01CC, 0x01CC, 0x01CC, 0x01CC, 0x01CC, 0x01CC, 0x01CC, 0x01CC,
  0x01CC, 0x01CC, 0x01CC, 0x01CC, 0x01CC, 0x01CC, 0x01CC, 0x01CC, 0x01CC, 0x01CC, 0x01CC, 0x01CC,
  0x01CC, 0x01CC, 0x01CC, 0x01CC, 0x01CC, 0x01CC, 0x01CC, 0x01CC, 0x01CC, 0x01CC, 0x01CC, 0x01CC,
  0x01CC, 0x01CC, 0x01CC, 0x01CC, 0x01CC, 0x01CC, 0x01CC, 0x01CC, 0x01CC, 0x01CC, 0x01CC, 0x01CC,
  0x01CC, 0x01CC, 0x01CC, 0x01CC, 0x01CC, 0x01CC, 0x01CC, 0x01CC, 0x01CC, 0x01CC, 0x01CC, 0x01CC,
  0x01CC, 0x01CC, 0x01CC, 0x01CC, 0x01CC, 0x01CC, 0x01CC, 0x01CC, 0x01CC, 0x01CC, 0x01CC, 0x01CC,
  0x01CC, 0x01CC, 0x01CC, 0x01CC, 0x01CC, 0x01CC, 0x01CC, 0x01CC, 0x01CC, 0x01CC, 0x01CC, 0x01CC,
  0x01CC, 0x01CC, 0x01CC, 0x01CC, 0x01CC, 0x01CC, 0x01CC, 0x01CC, 0x01CC, 0x01CC, 0x01CC, 0x01CC,
  0x01CC, 0x01CC, 0x01CC, 0x01CC, 0x01CC, 0x01CC, 0x01CC, 0x01CC, 0x01CC, 0x01CC, 0x01CC, 0x01CC,
  0x01CC, 0x01CC, 0x01CC, 0x01CC, 0x01CC, 0x01CC, 0x01CC, 0x01CC, 0x01CC, 0x01CC, 0x01CC, 0x01CC,
  0x01CC, 0x01CC, 0x01CC, 0x01CC, 0x01CC, 0x01CC, 0x01CC, 0x01CC, 0x01CC, 0x01CC, 0x01CC, 0x01CC,
  0x01CC, 0x01CC, 0x01CC, 0x01CC, 0x01CC, 0x01CC, 0x01CC, 0x01CC, 0x01CC, 0x01CC, 0x01CC, 0x01CC,
  0x01CC, 0x01CC, 0x01CC, 0x01CC, 0x01CC, 0x01CC, 0x01CC, 0x01CC, 0x01CC, 0x01CC, 0x01CC, 0x01CC,
  0x01CC, 0x01CC, 0x01CC, 0x01CC, 0x01CC, 0x01CC, 0x01CC, 0x01CC, 0x01CC, 0x01CC, 0x01CC, 0x01CC,
  0x01CC, 0x01CC, 0x01CC, 0x01CC, 0x01CC, 0x01CC, 0x01CC, 0x01CC, 0x01CC, 0x01CC, 0x01CC, 0x01CC,
  0x01CC, 0x01CC, 0x01CC, 0x01CC, 0x01CC, 0x01CC, 0x01CC, 0x01CC, 0x01CC, 0x01CC, 0x01CC, 0x01CC,
  0x01CC, 0x01CC, 0x01CC, 0x01CC, 0x01CC, 0x01CC, 0x01CC, 0x01CC, 0x01CC, 0x01CC, 0x01CC, 0x01CC,
  0x01CC, 0x01CC, 0x01CC, 0x01CC, 0x01CC, 0x01CC, 0x01CC, 0x01CC, 0x01CC, 0x01CC, 0x01CC, 0x01CC,
  0x01CC, 0x01CC, 0x01CC, 0x01CC, 0x01CC, 0x01CC, 0x01CC, 0x01CC, 0x01CC, 0x01CC, 0x01CC, 0x01CC,
  0x01CC, 0x01CC, 0x01CC, 0x01CC, 0x01CC, 0x01CC, 0x01CC, 0x01CC, 0x01CC, 0x01CC, 0x01CC, 0x01CC,
  0x01CC, 0x01CC, 0x01CC, 0x01CC, 0x01CC, 0x01CC, 0x01CC, 0x01CC, 0x01CC, 0x01CC, 0x01CC, 0x01CC,
  0x01CC, 0x01CC, 0x01CC, 0x01CC, 0x01CC, 0x01CC, 0x01CC, 0x01CC, 0x01CC, 0x01CC, 0x01CC, 0x01CC,
  0x01CC, 0x01CC, 0x01CC, 0x01CC, 0x01CC, 0x01CC, 0x01CC, 0x01CC, 0x01CC, 0x01CC, 0x01CC, 0x01CC,
  0x01CC, 0x01CC, 0x01CC, 0x01CC, 0x01CC, 0x01CC, 0x01CC, 0x01CC, 0x01CC, 0x01CC, 0x01CC, 0x01CC,
  0x01CC, 0x01CC, 0x01CC, 0x01CC, 0x01CC, 0x01CC, 0x01CC, 0x01CC, 0x01CC, 0x01CC, 0x01CC, 0x01CC,
  0x01CC, 0x01CC, 0x01CC, 0x01CC, 0x01CC, 0x01CC, 0x01CC, 0x01CC, 0x01CC, 0x01CC, 0x01CC, 0x01CC,
  0x01CC, 0x01CC, 0x01CC, 0x01CC, 0x01CC, 0x01CC, 0x01CC, 0x01CC, 0x01CC, 0x01CC, 0x01CC, 0x01CC,
  0x01CC, 0x01CC, 0x01CC, 0x01CC, 0x01CC, 0x01CC, 0x01CC, 0x01CC, 0x01CC, 0x01CC, 0x01CC, 0x01CC,
  0x01CC, 0x01CC, 0x01CC, 0x01CC, 0x01CC, 0x01CC, 0x01CC, 0x01CC, 0x01CC, 0x01CC, 0x01CC, 0x01CC,
  0x01CC, 0x01CC, 0x01CC, 0x01CC, 0x01CC, 0x01CC, 0x01CC, 0x01CC, 0x01CC, 0x01CC, 0x01CC, 0x01CC,
  0x01CC, 0x01CC, 0x01CC, 0x01CC, 0x01CC, 0x01CC, 0x01CC, 0x01CC, 0x01CC, 0x01CC, 0x01CC, 0x01CC,
  0x01CC, 0x01CC, 0x01CC, 0x01CC, 0x01CC, 0x01CC, 0x01CC, 0x01CC, 0x01CC, 0x01CC, 0x01CC, 0x01CC,
  0x01CC, 0x01CC, 0x01CC, 0x01CC, 0x01CC, 0x01CC, 0x01CC, 0x01CC, 0x01CC, 0x01CC, 0x01CC, 0x01CC,
  0x01CC, 0x01CC, 0x01CC, 0x01CC, 0x01CC, 0x01CC, 0x01CC, 0x01CC, 0x01CC, 0x01CC, 0x01CC, 0x01CC,
  0x01CC, 0x01CC, 0x01CC, 0x01CC, 0x01CC, 0x01CC, 0x01CC, 0x01CC, 0x01CC, 0x01CC, 0x01CC, 0x01CC,
  0x01CC, 0x01CC, 0x01CC, 0x01CC, 0x01CC, 0x01CC, 0x01CC, 0x01CC, 0x01CC, 0x01CC, 0x01CC, 0x01CC,
  0x01CC, 0x01CC, 0x01CC, 0x01CC, 0x01CC, 0x01CC, 0x01CC, 0x01CC, 0x01CC, 0x01CC, 0x01CC, 0x01CC,
  0x01CC, 0x01CC, 0x01CC, 0x01CC, 0x01CC, 0x01CC, 0x01CC, 0x01CC, 0x01CC, 0x01CC, 0x01CC, 0x01CC,
  0x01CC, 0x01CC, 0x01CC, 0x01CC, 0x01CC, 0x01CC, 0x01CC, 0x01CC, 0x01CC, 0x01CC, 0x01CC, 0x01CC,
  0x01CC, 0x01CC, 0x01CC, 0x01CC, 0x01CC, 0x01CC, 0x01CC, 0x01CC, 0x01CC, 0x01CC, 0x01CC, 0x01CC,
  0x01CC, 0x01CC, 0x01CC, 0x01CC, 0x01CC, 0x01CC, 0x01CC, 0x01CC, 0x01CC, 0x01CC, 0x01CC, 0x01CC,
  0x01CC, 0x01CC, 0x01CC, 0x01CC, 0x01CC, 0x01CC, 0x01CC, 0x01CC, 0x01CC, 0x01CC, 0x01CC, 0x01CC,
  0x01CC, 0x01CC, 0x01CC, 0x01CC, 0x01CC, 0x01CC, 0x01CC, 0x01CC, 0x01CC, 0x01CC, 0x01CC, 0x01CC,
  0x01CC, 0x01CC, 0x01CC, 0x01CC, 0x01CC, 0x01CC, 0x01CC, 0x01CC, 0x01CC, 0x01CC, 0x01CC, 0x01CC,
  0x01CC, 0x01CC, 0x01CC, 0x01CC, 0x01CC, 0x01CC, 0x01CC, 0x01CC, 0x01CC, 0x01CC, 0x01CC, 0x01CC,
  0x01CC, 0x01CC, 0x01CC, 0x01CC, 0x01CC, 0x01CC, 0x01CC, 0x01CC, 0x01CC, 0x01CC, 0x01CC, 0x01CC,
  0x01CC, 0x01CC, 0x01CC, 0x01CC, 0x01CC, 0x01CC, 0x01CC, 0x01CC, 0x01CC, 0x01CC, 0x01CC, 0x01CC,
  0x01CC, 0x01CC, 0x01CC, 0x01CC, 0x01CC, 0x01CC, 0x01CC, 0x01CC, 0x01CC, 0x01CC, 0x01CC, 0x01CC,
  0x01CC, 0x01CC, 0x01CC, 0x01CC, 0x01CC, 0x01CC, 0x01CC, 0x01CC, 0x01CC, 0x01CC, 0x01CC, 0x01CC,
  0x01CC, 0x01CC, 0x01CC, 0x01CC, 0x01CC, 0x01CC, 0x01CC, 0x01CC, 0x01CC, 0x01CC, 0x01CC, 0x01CC,
  0x01CC, 0x01CC, 0x01CC, 0x01CC, 0x01CC, 0x01CC, 0x01CC, 0x01CC, 0x01CC, 0x01CC, 0x01CC, 0x01CC,
  0x01CC, 0x01CC, 0x01CC, 0x01CC, 0x01CC, 0x01CC, 0x01CC, 0x01CC, 0x01CC, 0x01CC, 0x01CC, 0x01CC,
  0x01CC, 0x01CC, 0x01CC, 0x01CC, 0x01CC, 0x01CC, 0x01CC, 0x01CC, 0x01CC, 0x01CC, 0x01CC, 0x01CC,
  0x01CC, 0x01CC, 0x01CC, 0x01CC, 0x01CC, 0x01CC, 0x01CC, 0x01CC, 0x01CC, 0x01CC, 0x01CC, 0x01CC,
  0x01CC, 0x01CC, 0x01CC, 0x01CC, 0x01CC, 0x01CC, 0x01CC, 0x01CC, 0x01CC, 0x01CC, 0x01CC, 0x01CC,
  0x01CC, 0x01CC, 0x01CC, 0x01CC, 0x01CC, 0x01CC, 0x01CC, 0x01CC, 0x01CC, 0x01CC, 0x01CC, 0x01CC,
  0x01CC, 0x01CC, 0x01CC, 0x01CC, 0x01CC, 0x01CC, 0x01CC, 0x01CC, 0x01CC, 0x01CC, 0x01CC, 0x01CC,
  0x01CC, 0x01CC, 0x01CC, 0x01CC, 0x01CC, 0x01CC, 0x01CC, 0x01CC, 0x01CC, 0x01CC, 0x01CC, 0x01CC,
  0x01CC, 0x01CC, 0x01CC, 0x01CC, 0x01CC, 0x01CC, 0x01CC, 0x01CC, 0x01CC, 0x01CC, 0x01CC, 0x01CC,
  0x01CC, 0x01CC, 0x01CC, 0x01CC, 0x01CC, 0x01CC, 0x01CC, 0x01CC, 0x01CC, 0x01CC, 0x01CC, 0x01CC,
  0x01CC, 0x01CC, 0x01CC, 0x01CC, 0x01CC, 0x01CC, 0x01CC, 0x01CC, 0x01CC, 0x01CC, 0x01CC, 0x01CC,
  0x01CC, 0x01CC, 0x01CC, 0x01CC, 0x01CC, 0x01CC, 0x01CC, 0x01CC, 0x01CC, 0x01CC, 0x01CC, 0x01CC,
  0x01CC, 0x01CC, 0x01CC, 0x01CC, 0x01CC, 0x01CC, 0x01CC, 0x01CC, 0x01CC, 0x01CC, 0x01CC, 0x01CC,
  0x01CC, 0x01CC, 0x01CC, 0x01CC, 0x01CC, 0x01CC, 0x01CC, 0x01CC, 0x01CC, 0x01CC, 0x01CC, 0x01CC,
  0x01CC, 0x01CC, 0x01CC, 0x01CC, 0x01CC, 0x01CC, 0x01CC, 0x01CC, 0x01CC, 0x01CC, 0x01CC, 0x01CC,
  0x01CC, 0x01CC, 0x01CC, 0x01CC, 0x01CC, 0x01CC, 0x01CC, 0x01CC, 0x01CC, 0x01CC, 0x01CC, 0x01CC,
  0x01CC, 0x01CC, 0x01CC, 0x01CC, 0x01CC, 0x01CC, 0x01CC, 0x01CC, 0x01CC, 0x01CC, 0x01CC, 0x01CC,
  0x01CC, 0x01CC, 0x01CC, 0x01CC, 0x01CC, 0x01CC, 0x01CC, 0x01CC, 0x01CC, 0x01CC, 0x01CC, 0x01CC,
  0x01CC, 0x01CC, 0x01CC, 0x01CC, 0x01CC, 0x01CC, 0x01CC, 0x01CC, 0x01CC, 0x01CC, 0x01CC, 0x01CC,
  0x01CC, 0x01CC, 0x01CC, 0x01CC, 0x01CC, 0x01CC, 0x01CC, 0x01CC, 0x01CC, 0x01CC, 0x01CC, 0x01CC,
  0x01CC, 0x01CC, 0x01CC, 0x01CC, 0x01CC, 0x01CC, 0x01CC, 0x01CC, 0x01CC, 0x01CC, 0x01CC, 0x01CC,
  0x01CC, 0x01CC, 0x01CC, 0x01CC, 0x01CC, 0x01CC, 0x01CC, 0x01CC, 0x01CC, 0x01CC, 0x01CC, 0x01CC,
  0x01CC, 0x01CC, 0x01CC, 0x01CC, 0x01CC, 0x01CC, 0x01CC, 0x01CC, 0x01CC, 0x01CC, 0x01CC, 0x01CC,
  0x01CC, 0x01CC, 0x01CC, 0x01CC, 0x01CC, 0x01CC, 0x01CC, 0x01CC, 0x01CC, 0x01CC, 0x01CC, 0x01CC,
  0x01CC, 0x01CC, 0x01CC, 0x01CC, 0x01CC, 0x01CC, 0x01CC, 0x01CC, 0x01CC, 0x01CC, 0x01CC, 0x01CC,
  0x01CC, 0x01CC, 0x01CC, 0x01CC, 0x01CC, 0x01CC, 0x01CC, 0x01CC, 0x01CC, 0x01CC, 0x01CC, 0x01CC,
  0x01CC, 0x01CC, 0x01CC, 0x01CC, 0x01CC, 0x01CC, 0x01CC, 0x01CC, 0x01CC, 0x01CC, 0x01CC, 0x01CC,
  0x01CC, 0x01CC, 0x01CC, 0x01CC, 0x01CC, 0x01CC, 0x01CC, 0x01CC, 0x01CC, 0x01CC, 0x01CC, 0x01CC,
  0x01CC, 0x01CC, 0x01CC, 0x01CC, 0x01CC, 0x01CC, 0x01CC, 0x01CC, 0x01CC, 0x01CC, 0x01CC, 0x01CC,
  0x01CC, 0x01CC, 0x01CC, 0x01CC, 0x01CC, 0x01CC, 0x01CC, 0x01CC, 0x01CC, 0x01CC, 0x01CC, 0x01CC,
  0x01CC, 0x01CC, 0x01CC, 0x01CC, 0x01CC, 0x01CC, 0x01CC, 0x01CC, 0x01CC, 0x01CC, 0x01CC, 0x01CC,
  0x01CC, 0x01CC, 0x01CC, 0x01CC, 0x01CC, 0x01CC, 0x01CC, 0x01CC, 0x01CC, 0x01CC, 0x01CC, 0x01CC,
  0x01CC, 0x01CC, 0x01CC, 0x01CC, 0x01CC, 0x01CC, 0x01CC, 0x01CC, 0x01CC, 0x01CC, 0x01CC, 0x01CC,
  0x01CC, 0x01CC, 0x01CC, 0x01CC, 0x01CC, 0x01CC, 0x01CC, 0x01CC, 0x01CC, 0x01CC, 0x01CC, 0x01CC,
  0x01CC, 0x01CC, 0x01CC, 0x01CC, 0x01CC, 0x01CC, 0x01CC, 0x01CC, 0x01CC, 0x01CC, 0x01CC, 0x01CC,
  0x01CC, 0x01CC, 0x01CC, 0x01CC, 0x01CC, 0x01CC, 0x01CC, 0x01CC, 0x01CC, 0x01CC, 0x01CC, 0x01CC,
  0x01CC, 0x01CC, 0x01CC, 0x01CC, 0x01CC, 0x01CC, 0x01CC, 0x01CC, 0x01CC, 0x01CC, 0x01CC, 0x01CC,
  0x01CC, 0x01CC, 0x01CC, 0x01CC, 0x01CC, 0x01CC, 0x01CC, 0x01CC, 0x01CC, 0x01CC, 0x01CC, 0x01CC,
  0x01CC, 0x01CC, 0x01CC, 0x01CC, 0x01CC, 0x01CC, 0x01CC, 0x01CC, 0x01CC, 0x01CC, 0x01CC, 0x01CC,
  0x01CC, 0x01CC, 0x01CC, 0x01CC, 0x01CC, 0x01CC, 0x01CC, 0x01CC, 0x01CC, 0x01CC, 0x01CC, 0x01CC,
  0x01CC, 0x01CC, 0x01CC, 0x01CC, 0x01CC, 0x01CC, 0x01CC, 0x01CC, 0x01CC, 0x01CC, 0x01CC, 0x01CC,
  0x01CC, 0x01CC, 0x01CC, 0x01CC, 0x01CC, 0x01CC, 0x01CC, 0x01CC, 0x01CC, 0x01CC, 0x01CC, 0x01CC,
  0x01CC, 0x01CC, 0x01CC, 0x01CC, 0x01CC, 0x01CC, 0x01CC, 0x01CC, 0x01CC, 0x01CC, 0x01CC, 0x01CC,
  0x01CC, 0x01CC, 0x01CC, 0x01CC, 0x01CC, 0x01CC, 0x01CC, 0x01CC, 0x01CC, 0x01CC, 0x01CC, 0x01CC,
  0x01CC, 0x01CC, 0x01CC, 0x01CC, 0x01CC, 0x01CC, 0x01CC, 0x01CC, 0x01CC, 0x01CC, 0x01CC, 0x01CC,
  0x01CC, 0x01CC, 0x01CC, 0x01CC, 0x01CC, 0x01CC, 0x01CC, 0x01CC, 0x01CC, 0x01CC, 0x01CC, 0x01CC,
  0x01CC, 0x01CC, 0x01CC, 0x01CC, 0x01CC, 0x01CC, 0x01CC, 0x01CC, 0x01CC, 0x01CC, 0x01CC, 0x01CC,
  0x01CC, 0x01CC, 0x01CC, 0x01CC, 0x01CC, 0x01CC, 0x01CC, 0x01CC, 0x01CC, 0x01CC, 0x01CC, 0x01CC,
  0x01CC, 0x01CC, 0x01CC, 0x01CC, 0x01CC, 0x01CC, 0x01CC, 0x01CC, 0x01CC, 0x01CC, 0x01CC, 0x01CC,
  0x01CC, 0x01CC, 0x01CC, 0x01CC, 0x01CC, 0x01CC, 0x01CC, 0x01CC, 0x01CC, 0x01CC, 0x01CC, 0x01CC,
  0x01CC, 0x01CC, 0x01CC, 0x01CC, 0x01CC, 0x01CC, 0x01CC, 0x01CC, 0x01CC, 0x01CC, 0x01CC, 0x01CC,
  0x01CC, 0x01CC, 0x01CC, 0x01CC, 0x01CC, 0x01CC, 0x01CC, 0x01CC, 0x01CC, 0x01CC, 0x01CC, 0x01CC,
  0x01CC, 0x01CC, 0x01CC, 0x01CC, 0x01CC, 0x01CC, 0x01CC, 0x01CC, 0x01CC, 0x01CC, 0x01CC, 0x01CC,
  0x01CC, 0x01CC, 0x01CC, 0x01CC, 0x01CC, 0x01CC, 0x01CC, 0x01CC, 0x01CC, 0x01CC, 0x01CC, 0x01CC,
  0x01CC, 0x01CC, 0x01CC, 0x01CC, 0x01CC, 0x01CC, 0x01CC, 0x01CC, 0x01CC, 0x01CC, 0x01CC, 0x01CC,
  0x01CC, 0x01CC, 0x01CC, 0x01CC, 0x01CC, 0x01CC, 0x01CC, 0x01CC, 0x01CC, 0x01CC, 0x01CC, 0x01CC,
  0x01CC, 0x01CC, 0x01CC, 0x01CC, 0x01CC, 0x01CC, 0x01CC, 0x01CC, 0x01CC, 0x01CC, 0x01CC, 0x01CC,
  0x01CC, 0x01CC, 0x01CC, 0x01CC, 0x01CC, 0x01CC, 0x01CC, 0x01CC, 0x01CC, 0x01CC, 0x01CC, 0x01CC,
  0x01CC, 0x01CC, 0x01CC, 0x01CC, 0x01CC, 0x01CC, 0x01CC, 0x01CC, 0x01CC, 0x01CC, 0x01CC, 0x01CC,
  0x01CC, 0x01CC, 0x01CC, 0x01CC, 0x01CC, 0x01CC, 0x01CC, 0x01CC, 0x01CC, 0x01CC, 0x01CC, 0x01CC,
  0x01CC, 0x01CC, 0x01CC, 0x01CC, 0x01CC, 0x01CC, 0x01CC, 0x01CC, 0x01CC, 0x01CC, 0x01CC, 0x01CC,
  0x01CC, 0x01CC, 0x01CC, 0x01CC, 0x01CC, 0x01CC, 0x01CC, 0x01CC, 0x01CC, 0x01CC, 0x01CC, 0x01CC,
  0x01CC, 0x01CC, 0x01CC, 0x01CC, 0x01CC, 0x01CC, 0x01CC, 0x01CC, 0x01CC, 0x01CC, 0x01CC, 0x01CC,
  0x01CC, 0x01CC, 0x01CC, 0x01CC, 0x01CC, 0x01CC, 0x01CC, 0x01CC, 0x01CC, 0x01CC, 0x01CC, 0x01CC,
  0x01CC, 0x01CC, 0x01CC, 0x01CC, 0x01CC, 0x01CC, 0x01CC, 0x01CC, 0x01CC, 0x01CC, 0x01CC, 0x01CC,
  0x01CC, 0x01CC, 0x01CC, 0x01CC, 0x01CC, 0x01CC, 0x01CC, 0x01CC, 0x01CC, 0x01CC, 0x01CC, 0x01CC,
  0x01CC, 0x01CC, 0x01CC, 0x01CC, 0x01CC, 0x01CC, 0x01CC, 0x01CC, 0x01CC, 0x01CC, 0x01CC, 0x01CC,
  0x01CC, 0x01CC, 0x01CC, 0x01CC, 0x01CC, 0x01CC, 0x01CC, 0x01CC, 0x01CC, 0x01CC, 0x01CC, 0x01CC,
  0x01CC, 0x01CC, 0x01CC, 0x01CC, 0x01CC, 0x01CC, 0x01CC, 0x01CC, 0x01CC, 0x01CC, 0x01CC, 0x01CC,
  0x01CC, 0x01CC, 0x01CC, 0x01CC, 0x01CC, 0x01CC, 0x01CC, 0x01CC, 0x01CC, 0x01CC, 0x01CC, 0x01CC,
  0x01CC, 0x01CC, 0x01CC, 0x01CC, 0x01CC, 0x01CC, 0x01CC, 0x01CC, 0x01CC, 0x01CC, 0x01CC, 0x01CC,
  0x01CC, 0x01CC, 0x01CC, 0x01CC, 0x01CC, 0x01CC, 0x01CC, 0x01CC, 0x01CC, 0x01CC, 0x01CC, 0x01CC,
  0x01CC, 0x01CC, 0x01CC, 0x01CC, 0x01CC, 0x01CC, 0x01CC, 0x01CC, 0x01CC, 0x01CC, 0x01CC, 0x01CC,
  0x01CC, 0x01CC, 0x01CC, 0x01CC, 0x01CC, 0x01CC, 0x01CC, 0x01CC, 0x01CC, 0x01CC, 0x01CC, 0x01CC,
  0x01CC, 0x01CC, 0x01CC, 0x01CC, 0x01CC, 0x01CC, 0x01CC, 0x01CC, 0x01CC, 0x01CC, 0x01CC, 0x01CC,
  0x01CC, 0x01CC, 0x01CC, 0x01CC, 0x01CC, 0x01CC, 0x01CC, 0x01CC, 0x01CC, 0x01CC, 0x01CC, 0x01CC,
  0x01CC, 0x01CC, 0x01CC, 0x01CC, 0x01CC, 0x01CC, 0x01CC, 0x01CC, 0x01CC, 0x01CC, 0x01CC, 0x01CC,
  0x01CC, 0x01CC, 0x01CC, 0x01CC, 0x01CC, 0x01CC, 0x01CC, 0x01CC, 0x01CC, 0x01CC, 0x01CC, 0x01CC,
  0x01CC, 0x01CC, 0x01CC, 0x01CC, 0x01CC, 0x01CC, 0x01CC, 0x01CC, 0x01CC, 0x01CC, 0x01CC, 0x01CC,
  0x01CC, 0x01CC, 0x01CC, 0x01CC, 0x01CC, 0x01CC, 0x01CC, 0x01CC, 0x01CC, 0x01CC, 0x01CC, 0x01CC,
  0x01CC, 0x01CC, 0x01CC, 0x01CC, 0x01CC, 0x01CC, 0x01CC, 0x01CC, 0x01CC, 0x01CC, 0x01CC, 0x01CC,
  0x01CC, 0x01CC, 0x01CC, 0x01CC, 0x01CC, 0x01CC, 0x01CC, 0x01CC, 0x01CC, 0x01CC, 0x01CC, 0x01CC,
  0x01CC, 0x01CC, 0x01CC, 0x01CC, 0x01CC, 0x01CC, 0x01CC, 0x01CC, 0x01CC, 0x01CC, 0x01CC, 0x01CC,
  0x01CC, 0x01CC, 0x01CC, 0x01CC, 0x01CC, 0x01CC, 0x01CC, 0x01CC, 0x01CC, 0x01CC, 0x01CC, 0x01CC,
  0x01CC, 0x01CC, 0x01CC, 0x01CC, 0x01CC, 0x01CC, 0x01CC, 0x01CC, 0x01CC, 0x01CC, 0x01CC, 0x01CC,
  0x01CC, 0x01CC, 0x01CC, 0x01CC, 0x01CC, 0x01CC, 0x01CC, 0x01CC, 0x01CC, 0x01CC, 0x01CC, 0x01CC,
  0x01CC, 0x01CC, 0x01CC, 0x01CC, 0x01CC, 0x01CC, 0x01CC, 0x01CC, 0x01CC, 0x01CC, 0x01CC, 0x01CC,
  0x01CC, 0x01CC, 0x01CC, 0x01CC, 0x01CC, 0x01CC, 0x01CC, 0x01CC, 0x01CC, 0x01CC, 0x01CC, 0x01CC,
  0x01CC, 0x01CC, 0x01CC, 0x01CC, 0x01CC, 0x01CC, 0x01CC, 0x01CC, 0x01CC, 0x01CC, 0x01CC, 0x01CC,
  0x01CC, 0x01CC, 0x01CC, 0x01CC, 0x01CC, 0x01CC, 0x01CC, 0x01CC, 0x01CC, 0x01CC, 0x01CC, 0x01CC,
  0x01CC, 0x01CC, 0x01CC, 0x01CC, 0x01CC, 0x01CC, 0x01CC, 0x01CC, 0x01CC, 0x01CC, 0x01CC, 0x01CC,
  0x01CC, 0x01CC, 0x01CC, 0x01CC, 0x01CC, 0x01CC, 0x01CC, 0x01CC, 0x01CC, 0x01CC, 0x01CC, 0x01CC,
  0x01CC, 0x01CC, 0x01CC, 0x01CC, 0x01CC, 0x01CC, 0x01CC, 0x01CC, 0x01CC, 0x01CC, 0x01CC, 0x01CC,
  0x01CC, 0x01CC, 0x01CC, 0x01CC, 0x01CC, 0x01CC, 0x01CC, 0x01CC, 0x01CC, 0x01CC, 0x01CC, 0x01CC,
  0x01CC, 0x01CC, 0x01CC, 0x01CC, 0x01CC, 0x01CC, 0x01CC, 0x01CC, 0x01CC, 0x01CC, 0x01CC, 0x01CC,
  0x01CC, 0x01CC, 0x01CC, 0x01CC, 0x01CC, 0x01CC, 0x01CC, 0x01CC, 0x01CC, 0x01CC, 0x01CC, 0x01CC,
  0x01CC, 0x01CC, 0x01CC, 0x01CC, 0x01CC, 0x01CC, 0x01CC, 0x01CC, 0x01CC, 0x01CC, 0x01CC, 0x01CC,
  0x01CC, 0x01CC, 0x01CC, 0x01CC, 0x01CC, 0x01CC, 0x01CC, 0x01CC, 0x01CC, 0x01CC, 0x01CC, 0x01CC,
  0x01CC, 0x01CC, 0x01CC, 0x01CC, 0x01CC, 0x01CC, 0x01CC, 0x01CC, 0x01CC, 0x01CC, 0x01CC, 0x01CC,
  0x01CC, 0x01CC, 0x01CC, 0x01CC, 0x01CC, 0x01CC, 0x01CC, 0x01CC, 0x01CC, 0x01CC, 0x01CC, 0x01CC,
  0x01CC, 0x01CC, 0x01CC, 0x01CC, 0x01CC, 0x01CC, 0x01CC, 0x01CC, 0x01CC, 0x01CC, 0x01CC, 0x01CC,
  0x01CC, 0x01CC, 0x01CC, 0x01CC, 0x01CC, 0x01CC, 0x01CC, 0x01CC, 0x01CC, 0x01CC, 0x01CC, 0x01CC,
  0x01CC, 0x01CC, 0x01CC, 0x01CC, 0x01CC, 0x01CC, 0x01CC, 0x01CC, 0x01CC, 0x01CC, 0x01CC, 0x01CC,
  0x01CC, 0x01CC, 0x01CC, 0x01CC, 0x01CC, 0x01CC, 0x01CC, 0x01CC, 0x01CC, 0x01CC, 0x01CC, 0x01CC,
  0x01CC, 0x01CC, 0x01CC, 0x01CC, 0x01CC, 0x01CC, 0x01CC, 0x01CC, 0x01CC, 0x01CC, 0x01CC, 0x01CC,
  0x01CC, 0x01CC, 0x01CC, 0x01CC, 0x01CC, 0x01CC, 0x01CC, 0x01CC, 0x01CC, 0x01CC, 0x01CC, 0x01CC,
  0x01CC, 0x01CC, 0x01CC, 0x01CC, 0x01CC, 0x01CC, 0x01CC, 0x01CC, 0x01CC, 0x01CC, 0x01CC, 0x01CC,
  0x01CC, 0x01CC, 0x01CC, 0x01CC, 0x01CC, 0x01CC, 0x01CC, 0x01CC, 0x01CC, 0x01CC, 0x01CC, 0x01CC,
  0x01CC, 0x01CC, 0x01CC, 0x01CC, 0x01CC, 0x01CC, 0x01CC, 0x01CC, 0x01CC, 0x01CC, 0x01CC, 0x01CC,
  0x01CC, 0x01CC, 0x01CC, 0x01CC, 0x01CC, 0x01CC, 0x01CC, 0x01CC, 0x01CC, 0x01CC, 0x01CC, 0x01CC,
  0x01CC, 0x01CC, 0x01CC, 0x01CC, 0x01CC, 0x01CC, 0x01CC, 0x01CC, 0x01CC, 0x01CC, 0x01CC, 0x01CC,
  0x01CC, 0x01CC, 0x01CC, 0x01CC, 0x01CC, 0x01CC, 0x01CC, 0x01CC, 0x01CC, 0x01CC, 0x01CC, 0x01CC,
  0x01CC, 0x01CC, 0x01CC, 0x01CC, 0x01CC, 0x01CC, 0x01CC, 0x01CC, 0x01CC, 0x01CC, 0x01CC, 0x01CC,
  0x01CC, 0x01CC, 0x01CC, 0x01CC, 0x01CC, 0x01CC, 0x01CC, 0x01CC, 0x01CC, 0x01CC, 0x01CC, 0x01CC,
  0x01CC, 0x01CC, 0x01CC, 0x01CC, 0x01CC, 0x01CC, 0x01CC, 0x01CC, 0x01CC, 0x01CC, 0x01CC, 0x01CC,
  0x01CC, 0x01CC, 0x01CC, 0x01CC, 0x01CC, 0x01CC, 0x01CC, 0x01CC, 0x01CC, 0x01CC, 0x01CC, 0x01CC,
  0x01CC, 0x01CC, 0x01CC, 0x01CC, 0x01CC, 0x01CC, 0x01CC, 0x01CC, 0x01CC, 0x01CC, 0x01CC, 0x01CC,
  0x01CC, 0x01CC, 0x01CC, 0x01CC, 0x01CC, 0x01CC, 0x01CC, 0x01CC, 0x01CC, 0x01CC, 0x01CC, 0x01CC,
  0x01CC, 0x01CC, 0x01CC, 0x01CC, 0x01CC, 0x01CC, 0x01CC, 0x01CC, 0x01CC, 0x01CC, 0x01CC, 0x01CC,
  0x01CC, 0x01CC, 0x01CC, 0x01CC, 0x01CC, 0x01CC, 0x01CC, 0x01CC, 0x01CC, 0x01CC, 0x01CC, 0x01CC,
  0x01CC, 0x01CC, 0x01CC, 0x01CC, 0x01CC, 0x01CC, 0x01CC, 0x01CC, 0x01CC, 0x01CC, 0x01CC, 0x01CC,
  0x01CC, 0x01CC, 0x01CC, 0x01CC, 0x01CC, 0x01CC, 0x01CC, 0x01CC, 0x01CC, 0x01CC, 0x01CC, 0x01CC,
  0x01CC, 0x01CC, 0x01CC, 0x01CC, 0x01CC, 0x01CC, 0x01CC, 0x01CC, 0x01CC, 0x01CC, 0x01CC, 0x01CC,
  0x01CC, 0x01CC, 0x01CC, 0x01CC, 0x01CC, 0x01CC, 0x01CC, 0x01CC, 0x01CC, 0x01CC, 0x01CC, 0x01CC,
  0x01CC, 0x01CC, 0x01CC, 0x01CC, 0x01CC, 0x01CC, 0x01CC, 0x01CC, 0x01CC, 0x01CC, 0x01CC, 0x01CC,
  0x01CC, 0x01CC, 0x01CC, 0x01CC, 0x01CC, 0x01CC, 0x01CC, 0x01CC, 0x01CC, 0x01CC, 0x01CC, 0x01CC,
  0x01CC, 0x01CC, 0x01CC, 0x01CC, 0x01CC, 0x01CC, 0x01CC, 0x01CC, 0x01CC, 0x01CC, 0x01CC, 0x01CC,
  0x01CC, 0x01CC, 0x01CC, 0x01CC, 0x01CC, 0x01CC, 0x01CC, 0x01CC, 0x01CC, 0x01CC, 0x01CC, 0x01CC,
  0x01CC, 0x01CC, 0x01CC, 0x01CC, 0x01CC, 0x01CC, 0x01CC, 0x01CC, 0x01CC, 0x01CC, 0x01CC, 0x01CC,
  0x01CC, 0x01CC, 0x01CC, 0x01CC, 0x01CC, 0x01CC, 0x01CC, 0x01CC, 0x01CC, 0x01CC, 0x01CC, 0x01CC,
  0x01CC, 0x01CC, 0x01CC, 0x01CC, 0x01CC, 0x01CC, 0x01CC, 0x01CC, 0x01CC, 0x01CC, 0x01CC, 0x01CC,
  0x01CC, 0x01CC, 0x01CC, 0x01CC, 0x01CC, 0x01CC, 0x01CC, 0x01CC, 0x01CC, 0x01CC, 0x01CC, 0x01CC,
  0x01CC, 0x01CC, 0x01CC, 0x01CC, 0x01CC, 0x01CC, 0x01CC, 0x01CC, 0x01CC, 0x01CC, 0x01CC, 0x01CC,
  0x01CC, 0x01CC, 0x01CC, 0x01CC, 0x01CC, 0x01CC, 0x01CC, 0x01CC, 0x01CC, 0x01CC, 0x01CC, 0x01CC,
  0x01CC, 0x01CC, 0x01CC, 0x01CC, 0x01CC, 0x01CC, 0x01CC, 0x01CC, 0x01CC, 0x01CC, 0x01CC, 0x01CC,
  0x01CC, 0x01CC, 0x01CC, 0x01CC, 0x01CC, 0x01CC, 0x01CC, 0x01CC, 0x01CC, 0x01CC, 0x01CC, 0x01CC,
  0x01CC, 0x01CC, 0x01CC, 0x01CC, 0x01CC, 0x01CC, 0x01CC, 0x01CC, 0x01CC, 0x01CC, 0x01CC, 0x01CC,
  0x01CC, 0x01CC, 0x01CC, 0x01CC, 0x01CC, 0x01CC, 0x01CC, 0x01CC, 0x01CC, 0x01CC, 0x01CC, 0x01CC,
  0x01CC, 0x01CC, 0x01CC, 0x01CC, 0x01CC, 0x01CC, 0x01CC, 0x01CC, 0x01CC, 0x01CC, 0x01CC, 0x01CC,
  0x01CC, 0x01CC, 0x01CC, 0x01CC, 0x01CC, 0x01CC, 0x01CC, 0x01CC, 0x01CC, 0x01CC, 0x01CC, 0x01CC,
  0x01CC, 0x01CC, 0x01CC, 0x01CC, 0x01CC, 0x01CC, 0x01CC, 0x01CC, 0x01CC, 0x01CC, 0x01CC, 0x01CC,
  0x01CC, 0x01CC, 0x01CC, 0x01CC, 0x01CC, 0x01CC, 0x01CC, 0x01CC, 0x01CC, 0x01CC, 0x01CC, 0x01CC,
  0x01CC, 0x01CC, 0x01CC, 0x01CC, 0x01CC, 0x01CC, 0x01CC, 0x01CC, 0x01CC, 0x01CC, 0x01CC, 0x01CC,
  0x01CC, 0x01CC, 0x01CC, 0x01CC, 0x01CC, 0x01CC, 0x01CC, 0x01CC, 0x01CC, 0x01CC, 0x01CC, 0x01CC,
  0x01CC, 0x01CC, 0x01CC, 0x01CC, 0x01CC, 0x01CC, 0x01CC, 0x01CC, 0x01CC, 0x01CC, 0x01CC, 0x01CC,
  0x01CC, 0x01CC, 0x01CC, 0x01CC, 0x01CC, 0x01CC, 0x01CC, 0x01CC, 0x01CC, 0x01CC, 0x01CC, 0x01CC,
  0x01CC, 0x01CC, 0x01CC, 0x01CC, 0x01CC, 0x01CC, 0x01CC, 0x01CC, 0x01CC, 0x01CC, 0x01CC, 0x01CC,
  0x01CC, 0x01CC, 0x01CC, 0x01CC, 0x01CC, 0x01CC, 0x01CC, 0x01CC, 0x01CC, 0x01CC, 0x01CC, 0x01CC,
  0x01CC, 0x01CC, 0x01CC, 0x01CC, 0x01CC, 0x01CC, 0x01CC, 0x01CC, 0x01CC, 0x01CC, 0x01CC, 0x01CC,
  0x01CC, 0x01CC, 0x01CC, 0x01CC, 0x01CC, 0x01CC, 0x01CC, 0x01CC, 0x01CC, 0x01CC, 0x01CC, 0x01CC,
  0x01CC, 0x01CC, 0x01CC, 0x01CC, 0x01CC, 0x01CC, 0x01CC, 0x01CC, 0x01CC, 0x01CC, 0x01CC, 0x01CC,
  0x01CC, 0x01CC, 0x01CC, 0x01CC, 0x01CC, 0x01CC, 0x01CC, 0x01CC, 0x01CC, 0x01CC, 0x01CC, 0x01CC,
  0x01CC, 0x01CC, 0x01CC, 0x01CC, 0x01CC, 0x01CC, 0x01CC, 0x01CC, 0x01CC, 0x01CC, 0x01CC, 0x01CC,
  0x01CC, 0x01CC, 0x01CC, 0x01CC, 0x01CC, 0x01CC, 0x01CC, 0x01CC, 0x01CC, 0x01CC, 0x01CC, 0x01CC,
  0x01CC, 0x01CC, 0x01CC, 0x01CC, 0x01CC, 0x01CC, 0x01CC, 0x01CC, 0x01CC, 0x01CC, 0x01CC, 0x01CC,
  0x01CC, 0x01CC, 0x01CC, 0x01CC, 0x01CC, 0x01CC, 0x01CC, 0x01CC, 0x01CC, 0x01CC, 0x01CC, 0x01CC,
  0x01CC, 0x01CC, 0x01CC, 0x01CC, 0x01CC, 0x01CC, 0x01CC, 0x01CC, 0x01CC, 0x01CC, 0x01CC, 0x01CC,
  0x01CC, 0x01CC, 0x01CC, 0x01CC, 0x01CC, 0x01CC, 0x01CC, 0x01CC, 0x01CC, 0x01CC, 0x01CC, 0x01CC,
  0x01CC, 0x01CC, 0x01CC, 0x01CC, 0x01CC, 0x01CC, 0x01CC, 0x01CC, 0x01CC, 0x01CC, 0x01CC, 0x01CC,
  0x01CC, 0x01CC, 0x01CC, 0x01CC, 0x01CC, 0x01CC, 0x01CC, 0x01CC, 0x01CC, 0x01CC, 0x01CC, 0x01CC,
  0x01CC, 0x01CC, 0x01CC, 0x01CC, 0x01CC, 0x01CC, 0x01CC, 0x01CC, 0x01CC, 0x01CC, 0x01CC, 0x01CC,
  0x01CC, 0x01CC, 0x01CC, 0x01CC, 0x01CC, 0x01CC, 0x01CC, 0x01CC, 0x01CC, 0x01CC, 0x01CC, 0x01CC,
  0x01CC, 0x01CC, 0x01CC, 0x01CC, 0x01CC, 0x01CC, 0x01CC, 0x01CC, 0x01CC, 0x01CC, 0x01CC, 0x01CC,
  0x01CC, 0x01CC, 0x01CC, 0x01CC, 0x01CC, 0x01CC, 0x01CC, 0x01CC, 0x01CC, 0x01CC, 0x01CC, 0x01CC,
  0x01CC, 0x01CC, 0x01CC, 0x01CC, 0x01CC, 0x01CC, 0x01CC, 0x01CC, 0x01CC, 0x01CC, 0x01CC, 0x01CC,
  0x01CC, 0x01CC, 0x01CC, 0x01CC, 0x01CC, 0x01CC, 0x01CC, 0x01CC, 0x01CC, 0x01CC, 0x01CC, 0x01CC,
  0x01CC, 0x01CC, 0x01CC, 0x01CC, 0x01CC, 0x01CC, 0x01CC, 0x01CC, 0x01CC, 0x01CC, 0x01CC, 0x01CC,
  0x01CC, 0x01CC, 0x01CC, 0x01CC, 0x01CC, 0x01CC, 0x01CC, 0x01CC, 0x01CC, 0x01CC, 0x01CC, 0x01CC,
  0x01CC, 0x01CC, 0x01CC, 0x01CC, 0x01CC, 0x01CC, 0x01CC, 0x01CC, 0x01CC, 0x01CC, 0x01CC, 0x01CC,
  0x01CC, 0x01CC, 0x01CC, 0x01CC, 0x01CC, 0x01CC, 0x01CC, 0x01CC, 0x01CC, 0x01CC, 0x01CC, 0x01CC,
  0x01CC, 0x01CC, 0x01CC, 0x01CC, 0x01CC, 0x01CC, 0x01CC, 0x01CC, 0x01CC, 0x01CC, 0x01CC, 0x01CC,
  0x01CC, 0x01CC, 0x01CC, 0x01CC, 0x01CC, 0x01CC, 0x01CC, 0x01CC, 0x01CC, 0x01CC, 0x01CC, 0x01CC,
  0x01CC, 0x01CC, 0x01CC, 0x01CC, 0x01CC, 0x01CC, 0x01CC, 0x01CC, 0x01CC, 0x01CC, 0x01CC, 0x01CC,
  0x01CC, 0x01CC, 0x01CC, 0x01CC, 0x01CC, 0x01CC, 0x01CC, 0x01CC, 0x01CC, 0x01CC, 0x01CC, 0x01CC,
  0x01CC, 0x01CC, 0x01CC, 0x01CC, 0x01CC, 0x01CC, 0x01CC, 0x01CC, 0x01CC, 0x01CC, 0x01CC, 0x01CC,
  0x01CC, 0x01CC, 0x01CC, 0x01CC, 0x01CC, 0x01CC, 0x01CC, 0x01CC, 0x01CC, 0x01CC, 0x01CC, 0x01CC,
  0x01CC, 0x01CC, 0x01CC, 0x01CC, 0x01CC, 0x01CC, 0x01CC, 0x01CC, 0x01CC, 0x01CC, 0x01CC, 0x01CC,
  0x01CC, 0x01CC, 0x01CC, 0x01CC, 0x01CC, 0x01CC, 0x01CC, 0x01CC, 0x01CC, 0x01CC, 0x01CC, 0x01CC,
  0x01CC, 0x01CC, 0x01CC, 0x01CC, 0x01CC, 0x01CC, 0x01CC, 0x01CC, 0x01CC, 0x01CC, 0x01CC, 0x01CC,
  0x01CC, 0x01CC, 0x01CC, 0x01CC, 0x01CC, 0x01CC, 0x01CC, 0x01CC, 0x01CC, 0x01CC, 0x01CC, 0x01CC,
  0x01CC, 0x01CC, 0x01CC, 0x01CC, 0x01CC, 0x01CC, 0x01CC, 0x01CC, 0x01CC, 0x01CC, 0x01CC, 0x01CC,
  0x01CC, 0x01CC, 0x01CC, 0x01CC, 0x01CC, 0x01CC, 0x01CC, 0x01CC, 0x01CC, 0x01CC, 0x01CC, 0x01CC,
  0x01CC, 0x01CC, 0x01CC, 0x01CC, 0x01CC, 0x01CC, 0x01CC, 0x01CC, 0x01CC, 0x01CC, 0x01CC, 0x01CC,
  0x01CC, 0x01CC, 0x01CC, 0x01CC, 0x01CC, 0x01CC, 0x01CC, 0x01CC, 0x01CC, 0x01CC, 0x01CC, 0x01CC,
  0x01CC, 0x01CC, 0x01CC, 0x01CC, 0x01CC, 0x01CC, 0x01CC, 0x01CC, 0x01CC, 0x01CC, 0x01CC, 0x01CC,
  0x01CC, 0x01CC, 0x01CC, 0x01CC, 0x01CC, 0x01CC, 0x01CC, 0x01CC, 0x01CC, 0x01CC, 0x01CC, 0x01CC,
  0x01CC, 0x01CC, 0x01CC, 0x01CC, 0x01CC, 0x01CC, 0x01CC, 0x01CC, 0x01CC, 0x01CC, 0x01CC, 0x01CC,
  0x01CC, 0x01CC, 0x01CC, 0x01CC, 0x01CC, 0x01CC, 0x01CC, 0x01CC, 0x01CC, 0x01CC, 0x01CC, 0x01CC,
  0x01CC, 0x01CC, 0x01CC, 0x01CC, 0x01CC, 0x01CC, 0x01CC, 0x01CC, 0x01CC, 0x01CC, 0x01CC, 0x01CC,
  0x01CC, 0x01CC, 0x01CC, 0x01CC, 0x01CC, 0x01CC, 0x01CC, 0x01CC, 0x01CC, 0x01CC, 0x01CC, 0x01CC,
  0x01CC, 0x01CC, 0x01CC, 0x01CC, 0x01CC, 0x01CC, 0x01CC, 0x01CC, 0x01CC, 0x01CC, 0x01CC, 0x01CC,
  0x01CC, 0x01CC, 0x01CC, 0x01CC, 0x01CC, 0x01CC, 0x01CC, 0x01CC, 0x01CC, 0x01CC, 0x01CC, 0x01CC,
  0x01CC, 0x01CC, 0x01CC, 0x01CC, 0x01CC, 0x01CC, 0x01CC, 0x01CC, 0x01CC, 0x01CC, 0x01CC, 0x01CC,
  0x01CC, 0x01CC, 0x01CC, 0x01CC, 0x01CC, 0x01CC, 0x01CC, 0x01CC, 0x01CC, 0x01CC, 0x01CC, 0x01CC,
  0x01CC, 0x01CC, 0x01CC, 0x01CC, 0x01CC, 0x01CC, 0x01CC, 0x01CC, 0x01CC, 0x01CC, 0x01CC, 0x01CC,
  0x01CC, 0x01CC, 0x01CC, 0x01CC, 0x01CC, 0x01CC, 0x01CC, 0x01CC, 0x01CC, 0x01CC, 0x01CC, 0x01CC,
  0x01CC, 0x01CC, 0x01CC, 0x01CC, 0x01CC, 0x01CC, 0x01CC, 0x01CC, 0x01CC, 0x01CC, 0x01CC, 0x01CC,
  0x01CC, 0x01CC, 0x01CC, 0x01CC, 0x01CC, 0x01CC, 0x01CC, 0x01CC, 0x01CC, 0x01CC, 0x01CC, 0x01CC,
  0x01CC, 0x01CC, 0x01CC, 0x01CC, 0x01CC, 0x01CC, 0x01CC, 0x01CC, 0x01CC, 0x01CC, 0x01CC, 0x01CC,
  0x01CC, 0x01CC, 0x01CC, 0x01CC, 0x01CC, 0x01CC, 0x01CC, 0x01CC, 0x01CC, 0x01CC, 0x01CC, 0x01CC,
  0x01CC, 0x01CC, 0x01CC, 0x01CC, 0x01CC, 0x01CC, 0x01CC, 0x01CC, 0x01CC, 0x01CC, 0x01CC, 0x01CC,
  0x01CC, 0x01CC, 0x01CC, 0x01CC, 0x01CC, 0x01CC, 0x01CC, 0x01CC, 0x01CC, 0x01CC, 0x01CC, 0x01CC,
  0x01CC, 0x01CC, 0x01CC, 0x01CC, 0x01CC, 0x01CC, 0x01CC, 0x01CC, 0x01CC, 0x01CC, 0x01CC, 0x01CC,
  0x01CC, 0x01CC, 0x01CC, 0x01CC, 0x01CC, 0x01CC, 0x01CC, 0x01CC, 0x01CC, 0x01CC, 0x01CC, 0x01CC,
  0x01CC, 0x01CC, 0x01CC, 0x01CC, 0x01CC, 0x01CC, 0x01CC, 0x01CC, 0x01CC, 0x01CC, 0x01CC, 0x01CC,
  0x01CC, 0x01CC, 0x01CC, 0x01CC, 0x01CC, 0x01CC, 0x01CC, 0x01CC, 0x01CC, 0x01CC, 0x01CC, 0x01CC,
  0x01CC, 0x01CC, 0x01CC, 0x01CC, 0x01CC, 0x01CC, 0x01CC, 0x01CC, 0x01CC, 0x01CC, 0x01CC, 0x01CC,
  0x01CC, 0x01CC, 0x01CC, 0x01CC, 0x01CC, 0x01CC, 0x01CC, 0x01CC, 0x01CC, 0x01CC, 0x01CC, 0x01CC,
  0x01CC, 0x01CC, 0x01CC, 0x01CC, 0x01CC, 0x01CC, 0x01CC, 0x01CC, 0x01CC, 0x01CC, 0x01CC, 0x01CC,
  0x01CC, 0x01CC, 0x01CC, 0x01CC, 0x01CC, 0x01CC, 0x01CC, 0x01CC, 0x01CC, 0x01CC, 0x01CC, 0x01CC,
  0x01CC, 0x01CC, 0x01CC, 0x01CC, 0x01CC, 0x01CC, 0x01CC, 0x01CC, 0x01CC, 0x01CC, 0x01CC, 0x01CC,
  0x01CC, 0x01CC, 0x01CC, 0x01CC, 0x01CC, 0x01CC, 0x01CC, 0x01CC, 0x01CC, 0x01CC, 0x01CC, 0x01CC,
  0x01CC, 0x01CC, 0x01CC, 0x01CC, 0x01CC, 0x01CC, 0x01CC, 0x01CC, 0x01CC, 0x01CC, 0x01CC, 0x01CC,
  0x01CC, 0x01CC, 0x01CC, 0x01CC, 0x01CC, 0x01CC, 0x01CC, 0x01CC, 0x01CC, 0x01CC, 0x01CC, 0x01CC,
  0x01CC, 0x01CC, 0x01CC, 0x01CC, 0x01CC, 0x01CC, 0x01CC, 0x01CC, 0x01CC, 0x01CC, 0x01CC, 0x01CC,
  0x01CC, 0x01CC, 0x01CC, 0x01CC, 0x01CC, 0x01CC, 0x01CC, 0x01CC, 0x01CC, 0x01CC, 0x01CC, 0x01CC,
  0x01CC, 0x01CC, 0x01CC, 0x01CC, 0x01CC, 0x01CC, 0x01CC, 0x01CC, 0x01CC, 0x01CC, 0x01CC, 0x01CC,
  0x01CC, 0x01CC, 0x01CC, 0x01CC, 0x01CC, 0x01CC, 0x01CC, 0x01CC, 0x01CC, 0x01CC, 0x01CC, 0x01CC,
  0x01CC, 0x01CC, 0x01CC, 0x01CC, 0x01CC, 0x01CC, 0x01CC, 0x01CC, 0x01CC, 0x01CC, 0x01CC, 0x01CC,
  0x01CC, 0x01CC, 0x01CC, 0x01CC, 0x01CC, 0x01CC, 0x01CC, 0x01CC, 0x01CC, 0x01CC, 0x01CC, 0x01CC,
  0x01CC, 0x01CC, 0x01CC, 0x01CC, 0x01CC, 0x01CC, 0x01CC, 0x01CC, 0x01CC, 0x01CC, 0x01CC, 0x01CC,
  0x01CC, 0x01CC, 0x01CC, 0x01CC, 0x01CC, 0x01CC, 0x01CC, 0x01CC, 0x01CC, 0x01CC, 0x01CC, 0x01CC,
  0x01CC, 0x01CC, 0x01CC, 0x01CC, 0x01CC, 0x01CC, 0x01CC, 0x01CC, 0x01CC, 0x01CC, 0x01CC, 0x01CC,
  0x01CC, 0x01CC, 0x01CC, 0x01CC, 0x01CC, 0x01CC, 0x01CC, 0x01CC, 0x01CC, 0x01CC, 0x01CC, 0x01CC,
  0x01CC, 0x01CC, 0x01CC, 0x01CC, 0x01CC, 0x01CC, 0x01CC, 0x01CC, 0x01CC, 0x01CC, 0x01CC, 0x01CC,
  0x01CC, 0x01CC, 0x01CC, 0x01CC, 0x01CC, 0x01CC, 0x01CC, 0x01CC, 0x01CC, 0x01CC, 0x01CC, 0x01CC,
  0x01CC, 0x01CC, 0x01CC, 0x01CC, 0x01CC, 0x01CC, 0x01CC, 0x01CC, 0x01CC, 0x01CC, 0x01CC, 0x01CC,
  0x01CC, 0x01CC, 0x01CC, 0x01CC, 0x01CC, 0x01CC, 0x01CC, 0x01CC, 0x01CC, 0x01CC, 0x01CC, 0x01CC,
  0x01CC, 0x01CC, 0x01CC, 0x01CC, 0x01CC, 0x01CC, 0x01CC, 0x01CC, 0x01CC, 0x01CC, 0x01CC, 0x01CC,
  0x01CC, 0x01CC, 0x01CC, 0x01CC, 0x01CC, 0x01CC, 0x01CC, 0x01CC, 0x01CC, 0x01CC, 0x01CC, 0x01CC,
  0x01CC, 0x01CC, 0x01CC, 0x01CC, 0x01CC, 0x01CC, 0x01CC, 0x01CC, 0x01CC, 0x01CC, 0x01CC, 0x01CC,
  0x01CC, 0x01CC, 0x01CC, 0x01CC, 0x01CC, 0x01CC, 0x01CC, 0x01CC, 0x01CC, 0x01CC, 0x01CC, 0x01CC,
  0x01CC, 0x01CC, 0x01CC, 0x01CC, 0x01CC, 0x01CC, 0x01CC, 0x01CC, 0x01CC, 0x01CC, 0x01CC, 0x01CC,
  0x01CC, 0x01CC, 0x01CC, 0x01CC, 0x01CC, 0x01CC, 0x01CC, 0x01CC, 0x01CC, 0x01CC, 0x01CC, 0x01CC,
  0x01CC, 0x01CC, 0x01CC, 0x01CC, 0x01CC, 0x01CC, 0x01CC, 0x01CC, 0x01CC, 0x01CC, 0x01CC, 0x01CC,
  0x01CC, 0x01CC, 0x01CC, 0x01CC, 0x01CC, 0x01CC, 0x01CC, 0x01CC, 0x01CC, 0x01CC, 0x01CC, 0x01CC,
  0x01CC, 0x01CC, 0x01CC, 0x01CC, 0x01CC, 0x01CC, 0x01CC, 0x01CC, 0x01CC, 0x01CC, 0x01CC, 0x01CC,
  0x01CC, 0x01CC, 0x01CC, 0x01CC, 0x01CC, 0x01CC, 0x01CC, 0x01CC, 0x01CC, 0x01CC, 0x01CC, 0x01CC,
  0x01CC, 0x01CC, 0x01CC, 0x01CC, 0x01CC, 0x01CC, 0x01CC, 0x01CC, 0x01CC, 0x01CC, 0x01CC, 0x01CC,
  0x01CC, 0x01CC, 0x01CC, 0x01CC, 0x01CC, 0x01CC, 0x01CC, 0x01CC, 0x01CC, 0x01CC, 0x01CC, 0x01CC,
  0x01CC, 0x01CC, 0x01CC, 0x01CC, 0x01CC, 0x01CC, 0x01CC, 0x01CC, 0x01CC, 0x01CC, 0x01CC, 0x01CC,
  0x01CC, 0x01CC, 0x01CC, 0x01CC, 0x01CC, 0x01CC, 0x01CC, 0x01CC, 0x01CC, 0x01CC, 0x01CC, 0x01CC,
  0x01CC, 0x01CC, 0x01CC, 0x01CC, 0x01CC, 0x01CC, 0x01CC, 0x01CC, 0x01CC, 0x01CC, 0x01CC, 0x01CC,
  0x01CC, 0x01CC, 0x01CC, 0x01CC, 0x01CC, 0x01CC, 0x01CC, 0x01CC, 0x01CC, 0x01CC, 0x01CC, 0x01CC,
  0x01CC, 0x01CC, 0x01CC, 0x01CC, 0x01CC, 0x01CC, 0x01CC, 0x01CC, 0x01CC, 0x01CC, 0x01CC, 0x01CC,
  0x01CC, 0x01CC, 0x01CC, 0x01CC, 0x01CC, 0x01CC, 0x01CC, 0x01CC, 0x01CC, 0x01CC, 0x01CC, 0x01CC,
  0x01CC, 0x01CC, 0x01CC, 0x01CC, 0x01CC, 0x01CC, 0x01CC, 0x01CC, 0x01CC, 0x01CC, 0x01CC, 0x01CC,
  0x01CC, 0x01CC, 0x01CC, 0x01CC, 0x01CC, 0x01CC, 0x01CC, 0x01CC, 0x01CC, 0x01CC, 0x01CC, 0x01CC,
  0x01CC, 0x01CC, 0x01CC, 0x01CC, 0x01CC, 0x01CC, 0x01CC, 0x01CC, 0x01CC, 0x01CC, 0x01CC, 0x01CC,
  0x01CC, 0x01CC, 0x01CC, 0x01CC, 0x01CC, 0x01CC, 0x01CC, 0x01CC, 0x01CC, 0x01CC, 0x01CC, 0x01CC,
  0x01CC, 0x01CC, 0x01CC, 0x01CC, 0x01CC, 0x01CC, 0x01CC, 0x01CC, 0x01CC, 0x01CC, 0x01CC, 0x01CC,
  0x01CC, 0x01CC, 0x01CC, 0x01CC, 0x01CC, 0x01CC, 0x01CC, 0x01CC, 0x01CC, 0x01CC, 0x01CC, 0x01CC,
  0x01CC, 0x01CC, 0x01CC, 0x01CC, 0x01CC, 0x01CC, 0x01CC, 0x01CC, 0x01CC, 0x01CC, 0x01CC, 0x01CC,
  0x01CC, 0x01CC, 0x01CC, 0x01CC, 0x01CC, 0x01CC, 0x01CC, 0x01CC, 0x01CC, 0x01CC, 0x01CC, 0x01CC,
  0x01CC, 0x01CC, 0x01CC, 0x01CC, 0x01CC, 0x01CC, 0x01CC, 0x01CC, 0x01CC, 0x01CC, 0x01CC, 0x01CC,
  0x01CC, 0x01CC, 0x01CC, 0x01CC, 0x01CC, 0x01CC, 0x01CC, 0x01CC, 0x01CC, 0x01CC, 0x01CC, 0x01CC,
  0x01CC, 0x01CC, 0x01CC, 0x01CC, 0x01CC, 0x01CC, 0x01CC, 0x01CC, 0x01CC, 0x01CC, 0x01CC, 0x01CC,
  0x01CC, 0x01CC, 0x01CC, 0x01CC, 0x01CC, 0x01CC, 0x01CC, 0x01CC, 0x01CC, 0x01CC, 0x01CC, 0x01CC,
  0x01CC, 0x01CC, 0x01CC, 0x01CC, 0x01CC, 0x01CC, 0x01CC, 0x01CC, 0x01CC, 0x01CC, 0x01CC, 0x01CC,
  0x01CC, 0x01CC, 0x01CC, 0x01CC, 0x01CC, 0x01CC, 0x01CC, 0x01CC, 0x01CC, 0x01CC, 0x01CC, 0x01CC,
  0x01CC, 0x01CC, 0x01CC, 0x01CC, 0x01CC, 0x01CC, 0x01CC, 0x01CC, 0x01CC, 0x01CC, 0x01CC, 0x01CC,
  0x01CC, 0x01CC, 0x01CC, 0x01CC, 0x01CC, 0x01CC, 0x01CC, 0x01CC, 0x01CC, 0x01CC, 0x01CC, 0x01CC,
  0x01CC, 0x01CC, 0x01CC, 0x01CC, 0x01CC, 0x01CC, 0x01CC, 0x01CC, 0x01CC, 0x01CC, 0x01CC, 0x01CC,
  0x01CC, 0x01CC, 0x01CC, 0x01CC, 0x01CC, 0x01CC, 0x01CC, 0x01CC, 0x01CC, 0x01CC, 0x01CC, 0x01CC,
  0x01CC, 0x01CC, 0x01CC, 0x01CC, 0x01CC, 0x01CC, 0x01CC, 0x01CC, 0x01CC, 0x01CC, 0x01CC, 0x01CC,
  0x01CC, 0x01CC, 0x01CC, 0x01CC, 0x01CC, 0x01CC, 0x01CC, 0x01CC, 0x01CC, 0x01CC, 0x01CC, 0x01CC,
  0x01CC, 0x01CC, 0x01CC, 0x01CC, 0x01CC, 0x01CC, 0x01CC, 0x01CC, 0x01CC, 0x01CC, 0x01CC, 0x01CC,
  0x01CC, 0x01CC, 0x01CC, 0x01CC, 0x01CC, 0x01CC, 0x01CC, 0x01CC, 0x01CC, 0x01CC, 0x01CC, 0x01CC,
  0x01CC, 0x01CC, 0x01CC, 0x01CC, 0x01CC, 0x01CC, 0x01CC, 0x01CC, 0x01CC, 0x01CC, 0x01CC, 0x01CC,
  0x01CC, 0x01CC, 0x01CC, 0x01CC, 0x01CC, 0x01CC, 0x01CC, 0x01CC, 0x01CC, 0x01CC, 0x01CC, 0x01CC,
  0x01CC, 0x01CC, 0x01CC, 0x01CC, 0x01CC, 0x01CC, 0x01CC, 0x01CC, 0x01CC, 0x01CC, 0x01CC, 0x01CC,
  0x01CC, 0x01CC, 0x01CC, 0x01CC, 0x01CC, 0x01CC, 0x01CC, 0x01CC, 0x01CC, 0x01CC, 0x01CC, 0x01CC,
  0x01CC, 0x01CC, 0x01CC, 0x01CC, 0x01CC, 0x01CC, 0x01CC, 0x01CC, 0x01CC, 0x01CC, 0x01CC, 0x01CC,
  0x01CC, 0x01CC, 0x01CC, 0x01CC, 0x01CC, 0x01CC, 0x01CC, 0x01CC, 0x01CC, 0x01CC, 0x01CC, 0x01CC,
  0x01CC, 0x01CC, 0x01CC, 0x01CC, 0x01CC, 0x01CC, 0x01CC, 0x01CC, 0x01CC, 0x01CC, 0x01CC, 0x01CC,
  0x01CC, 0x01CC, 0x01CC, 0x01CC, 0x01CC, 0x01CC, 0x01CC, 0x01CC, 0x01CC, 0x01CC, 0x01CC, 0x01CC,
  0x01CC, 0x01CC, 0x01CC, 0x01CC, 0x01CC, 0x01CC, 0x01CC, 0x01CC, 0x01CC, 0x01CC, 0x01CC, 0x01CC,
  0x01CC, 0x01CC, 0x01CC, 0x01CC, 0x01CC, 0x01CC, 0x01CC, 0x01CC, 0x01CC, 0x01CC, 0x01CC, 0x01CC,
  0x01CC, 0x01CC, 0x01CC, 0x01CC, 0x01CC, 0x01CC, 0x01CC, 0x01CC, 0x01CC, 0x01CC, 0x01CC, 0x01CC,
  0x01CC, 0x01CC, 0x01CC, 0x01CC, 0x01CC, 0x01CC, 0x01CC, 0x01CC, 0x01CC, 0x01CC, 0x01CC, 0x01CC,
  0x01CC, 0x01CC, 0x01CC, 0x01CC, 0x01CC, 0x01CC, 0x01CC, 0x01CC, 0x01CC, 0x01CC, 0x01CC, 0x01CC,
  0x01CC, 0x01CC, 0x01CC, 0x01CC, 0x01CC, 0x01CC, 0x01CC, 0x01CC, 0x01CC, 0x01CC, 0x01CC, 0x01CC,
  0x01CC, 0x01CC, 0x01CC, 0x01CC, 0x01CC, 0x01CC, 0x01CC, 0x01CC, 0x01CC, 0x01CC, 0x01CC, 0x01CC,
  0x01CC, 0x01CC, 0x01CC, 0x01CC, 0x01CC, 0x01CC, 0x01CC, 0x01CC, 0x01CC, 0x01CC, 0x01CC, 0x01CC,
  0x01CC, 0x01CC, 0x01CC, 0x01CC, 0x01CC, 0x01CC, 0x01CC, 0x01CC, 0x01CC, 0x01CC, 0x01CC, 0x01CC,
  0x01CC, 0x01CC, 0x01CC, 0x01CC, 0x01CC, 0x01CC, 0x01CC, 0x01CC, 0x01CC, 0x01CC, 0x01CC, 0x01CC,
  0x01CC, 0x01CC, 0x01CC, 0x01CC, 0x01CC, 0x01CC, 0x01CC, 0x01CC, 0x01CC, 0x01CC, 0x01CC, 0x01CC,
  0x01CC, 0x01CC, 0x01CC, 0x01CC, 0x01CC, 0x01CC, 0x01CC, 0x01CC, 0x01CC, 0x01CC, 0x01CC, 0x01CC,
  0x01CC, 0x01CC, 0x01CC, 0x01CC, 0x01CC, 0x01CC, 0x01CC, 0x01CC, 0x01CC, 0x01CC, 0x01CC, 0x01CC,
  0x01CC, 0x01CC, 0x01CC, 0x01CC, 0x01CC, 0x01CC, 0x01CC, 0x01CC, 0x01CC, 0x01CC, 0x01CC, 0x01CC,
  0x01CC, 0x01CC, 0x01CC, 0x01CC, 0x01CC, 0x01CC, 0x01CC, 0x01CC, 0x01CC, 0x01CC, 0x01CC, 0x01CC,
  0x01CC, 0x01CC, 0x01CC, 0x01CC, 0x01CC, 0x01CC, 0x01CC, 0x01CC, 0x01CC, 0x01CC, 0x01CC, 0x01CC,
  0x01CC, 0x01CC, 0x01CC, 0x01CC, 0x01CC, 0x01CC, 0x01CC, 0x01CC, 0x01CC, 0x01CC, 0x01CC, 0x01CC,
  0x01CC, 0x01CC, 0x01CC, 0x01CC, 0x01CC, 0x01CC, 0x01CC, 0x01CC, 0x01CC, 0x01CC, 0x01CC, 0x01CC,
  0x01CC, 0x01CC, 0x01CC, 0x01CC, 0x01CC, 0x01CC, 0x01CC, 0x01CC, 0x01CC, 0x01CC, 0x01CC, 0x01CC,
  0x01CC, 0x01CC, 0x01CC, 0x01CC, 0x01CC, 0x01CC, 0x01CC, 0x01CC, 0x01CC, 0x01CC, 0x01CC, 0x01CC,
  0x01CC, 0x01CC, 0x01CC, 0x01CC, 0x01CC, 0x01CC, 0x01CC, 0x01CC, 0x01CC, 0x01CC, 0x01CC, 0x01CC,
  0x01CC, 0x01CC, 0x01CC, 0x01CC, 0x01CC, 0x01CC, 0x01CC, 0x01CC, 0x01CC, 0x01CC, 0x01CC, 0x01CC,
  0x01CC, 0x01CC, 0x01CC, 0x01CC, 0x01CC, 0x01CC, 0x01CC, 0x01CC, 0x01CC, 0x01CC, 0x01CC, 0x01CC,
  0x01CC, 0x01CC, 0x01CC, 0x01CC, 0x01CC, 0x01CC, 0x01CC, 0x01CC, 0x01CC, 0x01CC, 0x01CC, 0x01CC,
  0x01CC, 0x01CC, 0x01CC, 0x01CC, 0x01CC, 0x01CC, 0x01CC, 0x01CC, 0x01CC, 0x01CC, 0x01CC, 0x01CC,
  0x01CC, 0x01CC, 0x01CC, 0x01CC, 0x01CC, 0x01CC, 0x01CC, 0x01CC, 0x01CC, 0x01CC, 0x01CC, 0x01CC,
  0x01CC, 0x01CC, 0x01CC, 0x01CC, 0x01CC, 0x01CC, 0x01CC, 0x01CC, 0x01CC, 0x01CC, 0x01CC, 0x01CC,
  0x01CC, 0x01CC, 0x01CC, 0x01CC, 0x01CC, 0x01CC, 0x01CC, 0x01CC, 0x01CC, 0x01CC, 0x01CC, 0x01CC,
  0x01CC, 0x01CC, 0x01CC, 0x01CC, 0x01CC, 0x01CC, 0x01CC, 0x01CC, 0x01CC, 0x01CC, 0x01CC, 0x01CC,
  0x01CC, 0x01CC, 0x01CC, 0x01CC, 0x01CC, 0x01CC, 0x01CC, 0x01CC, 0x01CC, 0x01CC, 0x01CC, 0x01CC,
  0x01CC, 0x01CC, 0x01CC, 0x01CC, 0x01CC, 0x01CC, 0x01CC, 0x01CC, 0x01CC, 0x01CC, 0x01CC, 0x01CC,
  0x01CC, 0x01CC, 0x01CC, 0x01CC, 0x01CC, 0x01CC, 0x01CC, 0x01CC, 0x01CC, 0x01CC, 0x01CC, 0x01CC,
  0x01CC, 0x01CC, 0x01CC, 0x01CC, 0x01CC, 0x01CC, 0x01CC, 0x01CC, 0x01CC, 0x01CC, 0x01CC, 0x01CC,
  0x01CC, 0x01CC, 0x01CC, 0x01CC, 0x01CC, 0x01CC, 0x01CC, 0x01CC, 0x01CC, 0x01CC, 0x01CC, 0x01CC,
  0x01CC, 0x01CC, 0x01CC, 0x01CC, 0x01CC, 0x01CC, 0x01CC, 0x01CC, 0x01CC, 0x01CC, 0x01CC, 0x01CC,
  0x01CC, 0x01CC, 0x01CC, 0x01CC, 0x01CC, 0x01CC, 0x01CC, 0x01CC, 0x01CC, 0x01CC, 0x01CC, 0x01CC,
  0x01CC, 0x01CC, 0x01CC, 0x01CC, 0x01CC, 0x01CC, 0x01CC, 0x01CC, 0x01CC, 0x01CC, 0x01CC, 0x01CC,
  0x01CC, 0x01CC, 0x01CC, 0x01CC, 0x01CC, 0x01CC, 0x01CC, 0x01CC, 0x01CC, 0x01CC, 0x01CC, 0x01CC,
  0x01CC, 0x01CC, 0x01CC, 0x01CC, 0x01CC, 0x01CC, 0x01CC, 0x01CC, 0x01CC, 0x01CC, 0x01CC, 0x01CC,
  0x01CC, 0x01CC, 0x01CC, 0x01CC, 0x01CC, 0x01CC, 0x01CC, 0x01CC, 0x01CC, 0x01CC, 0x01CC, 0x01CC,
  0x01CC, 0x01CC, 0x01CC, 0x01CC, 0x01CC, 0x01CC, 0x01CC, 0x01CC, 0x01CC, 0x01CC, 0x01CC, 0x01CC,
  0x01CC, 0x01CC, 0x01CC, 0x01CC, 0x01CC, 0x01CC, 0x01CC, 0x01CC, 0x01CC, 0x01CC, 0x01CC, 0x01CC,
  0x01CC, 0x01CC, 0x01CC, 0x01CC, 0x01CC, 0x01CC, 0x01CC, 0x01CC, 0x01CC, 0x01CC, 0x01CC, 0x01CC,
  0x01CC, 0x01CC, 0x01CC, 0x01CC, 0x01CC, 0x01CC, 0x01CC, 0x01CC, 0x01CC, 0x01CC, 0x01CC, 0x01CC,
  0x01CC, 0x01CC, 0x01CC, 0x01CC, 0x01CC, 0x01CC, 0x01CC, 0x01CC, 0x01CC, 0x01CC, 0x01CC, 0x01CC,
  0x01CC, 0x01CC, 0x01CC, 0x01CC, 0x01CC, 0x01CC, 0x01CC, 0x01CC, 0x01CC, 0x01CC, 0x01CC, 0x01CC,
  0x01CC, 0x01CC, 0x01CC, 0x01CC, 0x01CC, 0x01CC, 0x01CC, 0x01CC, 0x01CC, 0x01CC, 0x01CC, 0x01CC,
  0x01CC, 0x01CC, 0x01CC, 0x01CC, 0x01CC, 0x01CC, 0x01CC, 0x01CC, 0x01CC, 0x01CC, 0x01CC, 0x01CC,
  0x01CC, 0x01CC, 0x01CC, 0x01CC, 0x01CC, 0x01CC, 0x01CC, 0x01CC, 0x01CC, 0x01CC, 0x01CC, 0x01CC,
  0x01CC, 0x01CC, 0x01CC, 0x01CC, 0x01CC, 0x01CC, 0x01CC, 0x01CC, 0x01CC, 0x01CC, 0x01CC, 0x01CC,
  0x01CC, 0x01CC, 0x01CC, 0x01CC, 0x01CC, 0x01CC, 0x01CC, 0x01CC, 0x01CC, 0x01CC, 0x01CC, 0x01CC,
  0x01CC, 0x01CC, 0x01CC, 0x01CC, 0x01CC, 0x01CC, 0x01CC, 0x01CC, 0x01CC, 0x01CC, 0x01CC, 0x01CC,
  0x01CC, 0x01CC, 0x01CC, 0x01CC, 0x01CC, 0x01CC, 0x01CC, 0x01CC, 0x01CC, 0x01CC, 0x01CC, 0x01CC,
  0x01CC, 0x01CC, 0x01CC, 0x01CC, 0x01CC, 0x01CC, 0x01CC, 0x01CC, 0x01CC, 0x01CC, 0x01CC, 0x01CC,
  0x01CC, 0x01CC, 0x01CC, 0x01CC, 0x01CC, 0x01CC, 0x01CC, 0x01CC, 0x01CC, 0x01CC, 0x01CC, 0x01CC,
  0x01CC, 0x01CC, 0x01CC, 0x01CC, 0x01CC, 0x01CC, 0x01CC, 0x01CC, 0x01CC, 0x01CC, 0x01CC, 0x01CC,
  0x01CC, 0x01CC, 0x01CC, 0x01CC, 0x01CC, 0x01CC, 0x01CC, 0x01CC, 0x01CC, 0x01CC, 0x01CC, 0x01CC,
  0x01CC, 0x01CC, 0x01CC, 0x01CC, 0x01CC, 0x01CC, 0x01CC, 0x01CC, 0x01CC, 0x01CC, 0x01CC, 0x01CC,
  0x01CC, 0x01CC, 0x01CC, 0x01CC, 0x01CC, 0x01CC, 0x01CC, 0x01CC, 0x01CC, 0x01CC, 0x01CC, 0x01CC,
  0x01CC, 0x01CC, 0x01CC, 0x01CC, 0x01CC, 0x01CC, 0x01CC, 0x01CC, 0x01CC, 0x01CC, 0x01CC, 0x01CC,
  0x01CC, 0x01CC, 0x01CC, 0x01CC, 0x01CC, 0x01CC, 0x01CC, 0x01CC, 0x01CC, 0x01CC, 0x01CC, 0x01CC,
  0x01CC, 0x01CC, 0x01CC, 0x01CC, 0x01CC, 0x01CC, 0x01CC, 0x01CC, 0x01CC, 0x01CC, 0x01CC, 0x01CC,
  0x01CC, 0x01CC, 0x01CC, 0x01CC, 0x01CC, 0x01CC, 0x01CC, 0x01CC, 0x01CC, 0x01CC, 0x01CC, 0x01CC,
  0x01CC, 0x01CC, 0x01CC, 0x01CC, 0x01CC, 0x01CC, 0x01CC, 0x01CC, 0x01CC, 0x01CC, 0x01CC, 0x01CC,
  0x01CC, 0x01CC, 0x01CC, 0x01CC, 0x01CC, 0x01CC, 0x01CC, 0x01CC, 0x01CC, 0x01CC, 0x01CC, 0x01CC,
  0x01CC, 0x01CC, 0x01CC, 0x01CC, 0x01CC, 0x01CC, 0x01CC, 0x01CC, 0x01CC, 0x01CC, 0x01CC, 0x01CC,
  0x01CC, 0x01CC, 0x01CC, 0x01CC, 0x01CC, 0x01CC, 0x01CC, 0x01CC, 0x01CC, 0x01CC, 0x01CC, 0x01CC,
  0x01CC, 0x01CC, 0x01CC, 0x01CC, 0x01CC, 0x01CC, 0x01CC, 0x01CC, 0x01CC, 0x01CC, 0x01CC, 0x01CC,
  0x01CC, 0x01CC, 0x01CC, 0x01CC, 0x01CC, 0x01CC, 0x01CC, 0x01CC, 0x01CC, 0x01CC, 0x01CC, 0x01CC,
  0x01CC, 0x01CC, 0x01CC, 0x01CC, 0x01CC, 0x01CC, 0x01CC, 0x01CC, 0x01CC, 0x01CC, 0x01CC, 0x01CC,
  0x01CC, 0x01CC, 0x01CC, 0x01CC, 0x01CC, 0x01CC, 0x01CC, 0x01CC, 0x01CC, 0x01CC, 0x01CC, 0x01CC,
  0x01CC, 0x01CC, 0x01CC, 0x01CC, 0x01CC, 0x01CC, 0x01CC, 0x01CC, 0x01CC, 0x01CC, 0x01CC, 0x01CC,
  0x01CC, 0x01CC, 0x01CC, 0x01CC, 0x01CC, 0x01CC, 0x01CC, 0x01CC, 0x01CC, 0x01CC, 0x01CC, 0x01CC,
  0x01CC, 0x01CC, 0x01CC, 0x01CC, 0x01CC, 0x01CC, 0x01CC, 0x01CC, 0x01CC, 0x01CC, 0x01CC, 0x01CC,
  0x01CC, 0x01CC, 0x01CC, 0x01CC, 0x01CC, 0x01CC, 0x01CC, 0x01CC, 0x01CC, 0x01CC, 0x01CC, 0x01CC,
  0x01CC, 0x01CC, 0x01CC, 0x01CC, 0x01CC, 0x01CC, 0x01CC, 0x01CC, 0x01CC, 0x01CC, 0x01CC, 0x01CC,
  0x01CC, 0x01CC, 0x01CC, 0x01CC, 0x01CC, 0x01CC, 0x01CC, 0x01CC, 0x01CC, 0x01CC, 0x01CC, 0x01CC,
  0x01CC, 0x01CC, 0x01CC, 0x01CC, 0x01CC, 0x01CC, 0x01CC, 0x01CC, 0x01CC, 0x01CC, 0x01CC, 0x01CC,
  0x01CC, 0x01CC, 0x01CC, 0x01CC, 0x01CC, 0x01CC, 0x01CC, 0x01CC, 0x01CC, 0x01CC, 0x01CC, 0x01CC,
  0x01CC, 0x01CC, 0x01CC, 0x01CC, 0x01CC, 0x01CC, 0x01CC, 0x01CC, 0x01CC, 0x01CC, 0x01CC, 0x01CC,
  0x01CC, 0x01CC, 0x01CC, 0x01CC, 0x01CC, 0x01CC, 0x01CC, 0x01CC, 0x01CC, 0x01CC, 0x01CC, 0x01CC,
  0x01CC, 0x01CC, 0x01CC, 0x01CC, 0x01CC, 0x01CC, 0x01CC, 0x01CC, 0x01CC, 0x01CC, 0x01CC, 0x01CC,
  0x01CC, 0x01CC, 0x01CC, 0x01CC, 0x01CC, 0x01CC, 0x01CC, 0x01CC, 0x01CC, 0x01CC, 0x01CC, 0x01CC,
  0x01CC, 0x01CC, 0x01CC, 0x01CC, 0x01CC, 0x01CC, 0x01CC, 0x01CC, 0x01CC, 0x01CC, 0x01CC, 0x01CC,
  0x01CC, 0x01CC, 0x01CC, 0x01CC, 0x01CC, 0x01CC, 0x01CC, 0x01CC, 0x01CC, 0x01CC, 0x01CC, 0x01CC,
  0x01CC, 0x01CC, 0x01CC, 0x01CC, 0x01CC, 0x01CC, 0x01CC, 0x01CC, 0x01CC, 0x01CC, 0x01CC, 0x01CC,
  0x01CC, 0x01CC, 0x01CC, 0x01CC, 0x01CC, 0x01CC, 0x01CC, 0x01CC, 0x01EC, 0x01EC, 0x01EC, 0x01EC,
  0x01EC, 0x01EC, 0x01EC, 0x01EC, 0x01EC, 0x01CC, 0x01CC, 0x01CC, 0x01CC, 0x01CC, 0x01CC, 0x01CC,
  0x01CC, 0x01CC, 0x01CC, 0x01CC, 0x01CC, 0x01CC, 0x01CC, 0x01CC, 0x01CC, 0x01CC, 0x01CC, 0x01CC,
  0x01CC, 0x01CC, 0x01CC, 0x01CC, 0x01CC, 0x01CC, 0x01CC, 0x01CC, 0x01CC, 0x01CC, 0x01CC, 0x01CC,
  0x01CC, 0x01CC, 0x01CC, 0x01CC, 0x01CC, 0x01CC, 0x01CC, 0x01CC, 0x01CC, 0x01CC, 0x01CC, 0x01CC,
  0x01CC, 0x01CC, 0x01CC, 0x01CC, 0x01CC, 0x01CC, 0x01CC, 0x01CC, 0x01CC, 0x01CC, 0x01CC, 0x01CC,
  0x01CC, 0x01CC, 0x01CC, 0x01CC, 0x01CC, 0x01CC, 0x01CC, 0x01CC, 0x01CC, 0x01CC, 0x01CC, 0x01CC,
  0x01CC, 0x01CC, 0x01CC, 0x01CC, 0x01CC, 0x01CC, 0x01CC, 0x01CC, 0x01CC, 0x01CC, 0x01CC, 0x01CC,
  0x01CC, 0x01CC, 0x01CC, 0x01CC, 0x01CC, 0x01CC, 0x01CC, 0x01CC, 0x01CC, 0x01CC, 0x01CC, 0x01CC,
  0x01CC, 0x01CC, 0x01CC, 0x01CC, 0x01CC, 0x01CC, 0x01CC, 0x01CC, 0x01CC, 0x01CC, 0x01CC, 0x01CC,
  0x01CC, 0x01CC, 0x01CC, 0x01CC, 0x01CC, 0x01CC, 0x01CC, 0x01CC, 0x01CC, 0x01CC, 0x01CC, 0x01CC,
  0x01CC, 0x01CC, 0x01CC, 0x01CC, 0x01CC, 0x01CC, 0x01CC, 0x01CC, 0x01CC, 0x01CC, 0x01CC, 0x01CC,
  0x01CC, 0x01CC, 0x01CC, 0x01CC, 0x01CC, 0x01CC, 0x01CC, 0x01CC, 0x01CC, 0x01CC, 0x01CC, 0x01CC,
  0x01CC, 0x01CC, 0x01CC, 0x01CC, 0x01CC, 0x01CC, 0x01CC, 0x01CC, 0x01CC, 0x01CC, 0x01CC, 0x01CC,
  0x01CC, 0x01CC, 0x01CC, 0x01CC, 0x01CC, 0x01CC, 0x01CC, 0x01CC, 0x01CC, 0x01CC, 0x01CC, 0x01CC,
  0x01CC, 0x01CC, 0x01CC, 0x01CC, 0x01CC, 0x01CC, 0x01CC, 0x01CC, 0x01CC, 0x01CC, 0x01CC, 0x01CC,
  0x01CC, 0x01CC, 0x01CC, 0x01CC, 0x01CC, 0x01CC, 0x01CC, 0x01CC, 0x01CC, 0x01CC, 0x01CC, 0x01CC,
  0x01CC, 0x01CC, 0x01CC, 0x01CC, 0x01CC, 0x01CC, 0x01CC, 0x01CC, 0x01CC, 0x01CC, 0x01CC, 0x01CC,
  0x01CC, 0x01CC, 0x01CC, 0x01CC, 0x01CC, 0x01CC, 0x01CC, 0x01CC, 0x01CC, 0x01CC, 0x01CC, 0x01CC,
  0x01CC, 0x01CC, 0x01CC, 0x01CC, 0x01CC, 0x01CC, 0x01CC, 0x01CC, 0x01CC, 0x01CC, 0x01CC, 0x01CC,
  0x01CC, 0x01CC, 0x01CC, 0x01CC, 0x01CC, 0x01CC, 0x01CC, 0x01CC, 0x01CC, 0x01CC, 0x01CC, 0x01CC,
  0x01CC, 0x01CC, 0x01CC, 0x01CC, 0x01CC, 0x01CC, 0x01CC, 0x01CC, 0x01CC, 0x01CC, 0x01CC, 0x01CC,
  0x01CC, 0x01CC, 0x01CC, 0x01CC, 0x01CC, 0x01CC, 0x01CC, 0x01CC, 0x01CC, 0x01CC, 0x01CC, 0x01CC,
  0x01CC, 0x01CC, 0x01CC, 0x01CC, 0x01CC, 0x01CC, 0x01CC, 0x01CC, 0x01CC, 0x01CC, 0x01CC, 0x01CC,
  0x01CC, 0x01CC, 0x01CC, 0x01CC, 0x01CC, 0x01CC, 0x01CC, 0x01CC, 0x01CC, 0x01CC, 0x01CC, 0x01CC,
  0x01CC, 0x01CC, 0x01CC, 0x01CC, 0x01CC, 0x01CC, 0x01CC, 0x01CC, 0x01CC, 0x01CC, 0x01CC, 0x01CC,
  0x01CC, 0x01CC, 0x01CC, 0x01CC, 0x01CC, 0x01CC, 0x01CC, 0x01CC, 0x01CC, 0x01CC, 0x01CC, 0x01CC,
  0x01CC, 0x01CC, 0x01CC, 0x01CC, 0x01CC, 0x01CC, 0x01CC, 0x01CC, 0x01CC, 0x01CC, 0x01CC, 0x01CC,
  0x01CC, 0x01CC, 0x01CC, 0x01CC, 0x01CC, 0x01CC, 0x01CC, 0x01CC, 0x01CC, 0x01CC, 0x01CC, 0x01CC,
  0x01CC, 0x01CC, 0x01CC, 0x01CC, 0x01CC, 0x01CC, 0x01CC, 0x01CC, 0x01CC, 0x01CC, 0x01CC, 0x01CC,
  0x01CC, 0x01CC, 0x01CC, 0x01CC, 0x01CC, 0x01CC, 0x01CC, 0x01CC, 0x01CC, 0x01CC, 0x01CC, 0x01CC,
  0x01CC, 0x01CC, 0x01CC, 0x01CC, 0x01CC, 0x01CC, 0x01CC, 0x01CC, 0x01CC, 0x01CC, 0x01CC, 0x01CC,
  0x01CC, 0x01CC, 0x01CC, 0x01CC, 0x01CC, 0x01CC, 0x01CC, 0x01CC, 0x01CC, 0x01CC, 0x01CC, 0x01CC,
  0x01CC, 0x01CC, 0x01CC, 0x01CC, 0x01CC, 0x01CC, 0x01CC, 0x01CC, 0x01CC, 0x01CC, 0x01CC, 0x01CC,
  0x01CC, 0x01CC, 0x01CC, 0x01CC, 0x01CC, 0x01CC, 0x01CC, 0x01CC, 0x01CC, 0x01CC, 0x01CC, 0x01CC,
  0x01CC, 0x01CC, 0x01CC, 0x01CC, 0x01CC, 0x01CC, 0x01CC, 0x01CC, 0x01CC, 0x01CC, 0x01CC, 0x01CC,
  0x01CC, 0x01CC, 0x01CC, 0x01CC, 0x01CC, 0x01CC, 0x01CC, 0x01CC, 0x01CC, 0x01CC, 0x01CC, 0x01CC,
  0x01CC, 0x01CC, 0x01CC, 0x01CC, 0x01CC, 0x01CC, 0x01CC, 0x01CC, 0x01CC, 0x01CC, 0x01CC, 0x01CC,
  0x01CC, 0x01CC, 0x01CC, 0x01CC, 0x01CC, 0x01CC, 0x01CC, 0x01CC, 0x01CC, 0x01CC, 0x01CC, 0x01CC,
  0x01CC, 0x01CC, 0x01CC, 0x01CC, 0x01CC, 0x01CC, 0x01CC, 0x01CC, 0x01CC, 0x01CC, 0x01CC, 0x01CC,
  0x01CC, 0x01CC, 0x01CC, 0x01CC, 0x01EC, 0x01ED, 0x0A0D, 0x0A0D, 0x122D, 0x124D, 0x124E, 0x124E,
  0x124E, 0x124E, 0x124E, 0x124E, 0x122D, 0x122D, 0x0A0D, 0x09ED, 0x01EC, 0x01CC, 0x01CC, 0x01CC,
  0x01CC, 0x01CC, 0x01CC, 0x01CC, 0x01CC, 0x01CC, 0x01CC, 0x01CC, 0x01CC, 0x01CC, 0x01CC, 0x01CC,
  0x01CC, 0x01CC, 0x01CC, 0x01CC, 0x01CC, 0x01CC, 0x01CC, 0x01CC, 0x01CC, 0x01CC, 0x01CC, 0x01CC,
  0x01CC, 0x01CC, 0x01CC, 0x01CC, 0x01CC, 0x01CC, 0x01CC, 0x01CC, 0x01CC, 0x01CC, 0x01CC, 0x01CC,
  0x01CC, 0x01CC, 0x01CC, 0x01CC, 0x01CC, 0x01CC, 0x01CC, 0x01CC, 0x01CC, 0x01CC, 0x01CC, 0x01CC,
  0x01CC, 0x01CC, 0x01CC, 0x01CC, 0x01CC, 0x01CC, 0x01CC, 0x01CC, 0x01CC, 0x01CC, 0x01CC, 0x01CC,
  0x01CC, 0x01CC, 0x01CC, 0x01CC, 0x01CC, 0x01CC, 0x01CC, 0x01CC, 0x01CC, 0x01CC, 0x01CC, 0x01CC,
  0x01CC, 0x01CC, 0x01CC, 0x01CC, 0x01CC, 0x01CC, 0x01CC, 0x01CC, 0x01CC, 0x01CC, 0x01CC, 0x01CC,
  0x01CC, 0x01CC, 0x01CC, 0x01CC, 0x01CC, 0x01CC, 0x01CC, 0x01CC, 0x01CC, 0x01CC, 0x01CC, 0x01CC,
  0x01CC, 0x01CC, 0x01CC, 0x01CC, 0x01CC, 0x01CC, 0x01CC, 0x01CC, 0x01CC, 0x01CC, 0x01CC, 0x01CC,
  0x01CC, 0x01CC, 0x01CC, 0x01CC, 0x01CC, 0x01CC, 0x01CC, 0x01CC, 0x01CC, 0x01CC, 0x01CC, 0x01CC,
  0x01CC, 0x01CC, 0x01CC, 0x01CC, 0x01CC, 0x01CC, 0x01CC, 0x01CC, 0x01CC, 0x01CC, 0x01CC, 0x01CC,
  0x01CC, 0x01CC, 0x01CC, 0x01CC, 0x01CC, 0x01CC, 0x01CC, 0x01CC, 0x01CC, 0x01CC, 0x01CC, 0x01CC,
  0x01CC, 0x01CC, 0x01CC, 0x01CC, 0x01CC, 0x01CC, 0x01CC, 0x01CC, 0x01CC, 0x01CC, 0x01CC, 0x01CC,
  0x01CC, 0x01CC, 0x01CC, 0x01CC, 0x01CC, 0x01CC, 0x01CC, 0x01CC, 0x01CC, 0x01CC, 0x01CC, 0x01CC,
  0x01CC, 0x01CC, 0x01CC, 0x01CC, 0x01CC, 0x01CC, 0x01CC, 0x01CC, 0x01CC, 0x01CC, 0x01CC, 0x01CC,
  0x01CC, 0x01CC, 0x01CC, 0x01CC, 0x01CC, 0x01CC, 0x01CC, 0x01CC, 0x01CC, 0x01CC, 0x01CC, 0x01CC,
  0x01CC, 0x01CC, 0x01CC, 0x01CC, 0x01CC, 0x01CC, 0x01CC, 0x01CC, 0x01CC, 0x01CC, 0x01CC, 0x01CC,
  0x01CC, 0x01CC, 0x01CC, 0x01CC, 0x01CC, 0x01CC, 0x01CC, 0x01CC, 0x01CC, 0x01CC, 0x01CC, 0x01CC,
  0x01CC, 0x01CC, 0x01CC, 0x01CC, 0x01CC, 0x01CC, 0x01CC, 0x01CC, 0x01CC, 0x01CC, 0x01CC, 0x01CC,
  0x01CC, 0x01CC, 0x01CC, 0x01CC, 0x01CC, 0x01CC, 0x01CC, 0x01CC, 0x01CC, 0x01CC, 0x01CC, 0x01CC,
  0x01CC, 0x01CC, 0x01CC, 0x01CC, 0x01CC, 0x01CC, 0x01CC, 0x01CC, 0x01CC, 0x01CC, 0x01CC, 0x01CC,
  0x01CC, 0x01CC, 0x01CC, 0x01CC, 0x01CC, 0x01CC, 0x01CC, 0x01CC, 0x01CC, 0x01CC, 0x01CC, 0x01CC,
  0x01CC, 0x01CC, 0x01CC, 0x01CC, 0x01CC, 0x01CC, 0x01CC, 0x01CC, 0x01CC, 0x01CC, 0x01CC, 0x01CC,
  0x01CC, 0x01CC, 0x01CC, 0x01CC, 0x01CC, 0x01CC, 0x01CC, 0x01CC, 0x01CC, 0x01CC, 0x01CC, 0x01CC,
  0x01CC, 0x01CC, 0x01CC, 0x01CC, 0x01CC, 0x01CC, 0x01CC, 0x01CC, 0x01CC, 0x01CC, 0x01CC, 0x01CC,
  0x01CC, 0x01CC, 0x01CC, 0x01CC, 0x01CC, 0x01CC, 0x01CC, 0x01CC, 0x01CC, 0x01CC, 0x01CC, 0x01CC,
  0x01CC, 0x01CC, 0x01CC, 0x01CC, 0x01CC, 0x01CC, 0x01CC, 0x01CC, 0x01CC, 0x01CC, 0x01CC, 0x01CC,
  0x01CC, 0x01CC, 0x01CC, 0x01CC, 0x01CC, 0x01CC, 0x01CC, 0x01CC, 0x01CC, 0x01CC, 0x01CC, 0x01CC,
  0x01CC, 0x01CC, 0x01CC, 0x01CC, 0x01CC, 0x01CC, 0x01CC, 0x01CC, 0x01CC, 0x01CC, 0x01CC, 0x01CC,
  0x01CC, 0x01CC, 0x01CC, 0x01CC, 0x01CC, 0x01CC, 0x01CC, 0x01CC, 0x01CC, 0x01CC, 0x01CC, 0x01CC,
  0x01CC, 0x01CC, 0x01CC, 0x01CC, 0x01CC, 0x01CC, 0x01CC, 0x01CC, 0x01CC, 0x01CC, 0x01CC, 0x01CC,
  0x01CC, 0x01CC, 0x01CC, 0x01CC, 0x01CC, 0x01CC, 0x01CC, 0x01CC, 0x01CC, 0x01CC, 0x01CC, 0x01CC,
  0x01CC, 0x01CC, 0x01CC, 0x01CC, 0x01CC, 0x01CC, 0x01CC, 0x01CC, 0x01CC, 0x01CC, 0x01CC, 0x01CC,
  0x01CC, 0x01CC, 0x01CC, 0x01CC, 0x01CC, 0x01CC, 0x01CC, 0x01CC, 0x01CC, 0x01CC, 0x01CC, 0x01CC,
  0x01CC, 0x01CC, 0x01CC, 0x01CC, 0x01CC, 0x01CC, 0x01CC, 0x01CC, 0x01CC, 0x01CC, 0x01CC, 0x01CC,
  0x01CC, 0x01CC, 0x01CC, 0x01CC, 0x01CC, 0x01CC, 0x01CC, 0x01CC, 0x01CC, 0x01CC, 0x01CC, 0x01CC,
  0x01CC, 0x01CC, 0x01CC, 0x01CC, 0x01CC, 0x01CC, 0x01CC, 0x01CC, 0x01CC, 0x01CC, 0x01CC, 0x01CC,
  0x01CC, 0x01CC, 0x01CC, 0x01CC, 0x01CC, 0x01CC, 0x01CC, 0x01ED, 0x122D, 0x1A6E, 0x2ACF, 0x3310,
  0x3B31, 0x4371, 0x53B2, 0x5C13, 0x6434, 0x6C74, 0x6C74, 0x7495, 0x74B5, 0x7CB5, 0x7CD5, 0x7CD6,
  0x7CD6, 0x7CD6, 0x7CD6, 0x7CD5, 0x7CB5, 0x74B5, 0x7495, 0x6C74, 0x6434, 0x5C13, 0x53F3, 0x4BB2,
  0x4371, 0x3B51, 0x3310, 0x2ACF, 0x1A8E, 0x122D, 0x0A0D, 0x01EC, 0x01CC, 0x01CC, 0x01CC, 0x01CC,
  0x01CC, 0x01CC, 0x01CC, 0x01CC, 0x01CC, 0x01CC, 0x01CC, 0x01CC, 0x01CC, 0x01CC, 0x01CC, 0x01CC,
  0x01CC, 0x01CC, 0x01CC, 0x01CC, 0x01CC, 0x01CC, 0x01CC, 0x01CC, 0x01CC, 0x01CC, 0x01CC, 0x01CC,
  0x01CC, 0x01CC, 0x01CC, 0x01CC, 0x01CC, 0x01CC, 0x01CC, 0x01CC, 0x01CC, 0x01CC, 0x01CC, 0x01CC,
  0x01CC, 0x01CC, 0x01CC, 0x01CC, 0x01CC, 0x01CC, 0x01CC, 0x01CC, 0x01CC, 0x01CC, 0x01CC, 0x01CC,
  0x01CC, 0x01CC, 0x01CC, 0x01CC, 0x01CC, 0x01CC, 0x01CC, 0x01CC, 0x01CC, 0x01CC, 0x01CC, 0x01CC,
  0x01CC, 0x01CC, 0x01CC, 0x01CC, 0x01CC, 0x01CC, 0x01CC, 0x01CC, 0x01CC, 0x01CC, 0x01CC, 0x01CC,
  0x01CC, 0x01CC, 0x01CC, 0x01CC, 0x01CC, 0x01CC, 0x01CC, 0x01CC, 0x01CC, 0x01CC, 0x01CC, 0x01CC,
  0x01CC, 0x01CC, 0x01CC, 0x01CC, 0x01CC, 0x01CC, 0x01CC, 0x01CC, 0x01CC, 0x01CC, 0x01CC, 0x01CC,
  0x01CC, 0x01CC, 0x01CC, 0x01CC, 0x01CC, 0x01CC, 0x01CC, 0x01CC, 0x01CC, 0x01CC, 0x01CC, 0x01CC,
  0x01CC, 0x01CC, 0x01CC, 0x01CC, 0x01CC, 0x01CC, 0x01CC, 0x01CC, 0x01CC, 0x01CC, 0x01CC, 0x01CC,
  0x01CC, 0x01CC, 0x01CC, 0x01CC, 0x01CC, 0x01CC, 0x01CC, 0x01CC, 0x01CC, 0x01CC, 0x01CC, 0x01CC,
  0x01CC, 0x01CC, 0x01CC, 0x01CC, 0x01CC, 0x01CC, 0x01CC, 0x01CC, 0x01CC, 0x01CC, 0x01CC, 0x01CC,
  0x01CC, 0x01CC, 0x01CC, 0x01CC, 0x01CC, 0x01CC, 0x01CC, 0x01CC, 0x01CC, 0x01CC, 0x01CC, 0x01CC,
  0x01CC, 0x01CC, 0x01CC, 0x01CC, 0x01CC, 0x01CC, 0x01CC, 0x01CC, 0x01CC, 0x01CC, 0x01CC, 0x01CC,
  0x01CC, 0x01CC, 0x01CC, 0x01CC, 0x01CC, 0x01CC, 0x01CC, 0x01CC, 0x01CC, 0x01CC, 0x01CC, 0x01CC,
  0x01CC, 0x01CC, 0x01CC, 0x01CC, 0x01CC, 0x01CC, 0x01CC, 0x01CC, 0x01CC, 0x01CC, 0x01CC, 0x01CC,
  0x01CC, 0x01CC, 0x01CC, 0x01CC, 0x01CC, 0x01CC, 0x01CC, 0x01CC, 0x01CC, 0x01CC, 0x01CC, 0x01CC,
  0x01CC, 0x01CC, 0x01CC, 0x01CC, 0x01CC, 0x01CC, 0x01CC, 0x01CC, 0x01CC, 0x01CC, 0x01CC, 0x01CC,
  0x01CC, 0x01CC, 0x01CC, 0x01CC, 0x01CC, 0x01CC, 0x01CC, 0x01CC, 0x01CC, 0x01CC, 0x01CC, 0x01CC,
  0x01CC, 0x01CC, 0x01CC, 0x01CC, 0x01CC, 0x01CC, 0x01CC, 0x01CC, 0x01CC, 0x01CC, 0x01CC, 0x01CC,
  0x01CC, 0x01CC, 0x01CC, 0x01CC, 0x01CC, 0x01CC, 0x01CC, 0x01CC, 0x01CC, 0x01CC, 0x01CC, 0x01CC,
  0x01CC, 0x01CC, 0x01CC, 0x01CC, 0x01CC, 0x01CC, 0x01CC, 0x01CC, 0x01CC, 0x01CC, 0x01CC, 0x01CC,
  0x01CC, 0x01CC, 0x01CC, 0x01CC, 0x01CC, 0x01CC, 0x01CC, 0x01CC, 0x01CC, 0x01CC, 0x01CC, 0x01CC,
  0x01CC, 0x01CC, 0x01CC, 0x01CC, 0x01CC, 0x01CC, 0x01CC, 0x01CC, 0x01CC, 0x01CC, 0x01CC, 0x01CC,
  0x01CC, 0x01CC, 0x01CC, 0x01CC, 0x01CC, 0x01CC, 0x01CC, 0x01CC, 0x01CC, 0x01CC, 0x01CC, 0x01CC,
  0x01CC, 0x01CC, 0x01CC, 0x01CC, 0x01CC, 0x01CC, 0x01CC, 0x01CC, 0x01CC, 0x01CC, 0x01CC, 0x01CC,
  0x01CC, 0x01CC, 0x01CC, 0x01CC, 0x01CC, 0x01CC, 0x01CC, 0x01CC, 0x01CC, 0x01CC, 0x01CC, 0x01CC,
  0x01CC, 0x01CC, 0x01CC, 0x01CC, 0x01CC, 0x01CC, 0x01CC, 0x01CC, 0x01CC, 0x01CC, 0x01CC, 0x01CC,
  0x01CC, 0x01CC, 0x01CC, 0x01CC, 0x01CC, 0x01CC, 0x01CC, 0x01CC, 0x01CC, 0x01CC, 0x01CC, 0x01CC,
  0x01CC, 0x01CC, 0x01CC, 0x01CC, 0x01CC, 0x01CC, 0x01CC, 0x01CC, 0x01CC, 0x01CC, 0x01CC, 0x01CC,
  0x01CC, 0x01CC, 0x01CC, 0x01CC, 0x01CC, 0x01CC, 0x01CC, 0x01CC, 0x01CC, 0x01CC, 0x01CC, 0x01CC,
  0x01CC, 0x01CC, 0x01CC, 0x01CC, 0x01CC, 0x01CC, 0x01CC, 0x01CC, 0x01CC, 0x01CC, 0x01CC, 0x01CC,
  0x01CC, 0x01CC, 0x01CC, 0x01CC, 0x01CC, 0x01CC, 0x01CC, 0x01CC, 0x01CC, 0x01CC, 0x01CC, 0x01CC,
  0x01CC, 0x01CC, 0x01CC, 0x01CC, 0x01CC, 0x01CC, 0x01CC, 0x01CC, 0x01CC, 0x01CC, 0x01CC, 0x01CC,
  0x01CC, 0x01CC, 0x01CC, 0x01CC, 0x01CC, 0x01CC, 0x01CC, 0x01CC, 0x01CC, 0x01CC, 0x01CC, 0x01CC,
  0x01CC, 0x01CC, 0x01CC, 0x01CC, 0x01CC, 0x01CC, 0x01CC, 0x01CC, 0x01CC, 0x01CC, 0x01CC, 0x01CC,
  0x01CC, 0x01EC, 0x0A0D, 0x0A2D, 0x122D, 0x124E, 0x1A6E, 0x2ACF, 0x3B51, 0x53D2, 0x6C74, 0x84F6,
  0x8D57, 0xA5D9, 0xBE5A, 0xCEDC, 0xDF1D, 0xE75D, 0xEF7E, 0xEF9E, 0xEF9E, 0xF7BE, 0xF7BF, 0xF7BF,
  0xF7DF, 0xF7DF, 0xF7DF, 0xF7BF, 0xF7BF, 0xF79E, 0xEF9E, 0xE75D, 0xDF1D, 0xD6DC, 0xC69B, 0xB63A,
  0xA5D9, 0x9557, 0x84F6, 0x6C74, 0x53F3, 0x4351, 0x2AF0, 0x22AF, 0x1A6E, 0x124E, 0x124D, 0x0A2D,
  0x0A0D, 0x01ED, 0x01EC, 0x01CC, 0x01CC, 0x01CC, 0x01CC, 0x01CC, 0x01CC, 0x01CC, 0x01CC, 0x01CC,
  0x01CC, 0x01CC, 0x01CC, 0x01CC, 0x01CC, 0x01CC, 0x01CC, 0x01CC, 0x01CC, 0x01CC, 0x01CC, 0x01CC,
  0x01CC, 0x01CC, 0x01CC, 0x01CC, 0x01CC, 0x01CC, 0x01CC, 0x01CC, 0x01CC, 0x01CC, 0x01CC, 0x01CC,
  0x01CC, 0x01CC, 0x01CC, 0x01CC, 0x01CC, 0x01CC, 0x01CC, 0x01CC, 0x01CC, 0x01CC, 0x01CC, 0x01CC,
  0x01CC, 0x01CC, 0x01CC, 0x01CC, 0x01CC, 0x01CC, 0x01CC, 0x01CC, 0x01CC, 0x01CC, 0x01CC, 0x01CC,
  0x01CC, 0x01CC, 0x01CC, 0x01CC, 0x01CC, 0x01CC, 0x01CC, 0x01CC, 0x01CC, 0x01CC, 0x01CC, 0x01CC,
  0x01CC, 0x01CC, 0x01CC, 0x01CC, 0x01CC, 0x01CC, 0x01CC, 0x01CC, 0x01CC, 0x01CC, 0x01CC, 0x01CC,
  0x01CC, 0x01CC, 0x01CC, 0x01CC, 0x01CC, 0x01CC, 0x01CC, 0x01CC, 0x01CC, 0x01CC, 0x01CC, 0x01CC,
  0x01CC, 0x01CC, 0x01CC, 0x01CC, 0x01CC, 0x01CC, 0x01CC, 0x01CC, 0x01CC, 0x01CC, 0x01CC, 0x01CC,
  0x01CC, 0x01CC, 0x01CC, 0x01CC, 0x01CC, 0x01CC, 0x01CC, 0x01CC, 0x01CC, 0x01CC, 0x01CC, 0x01CC,
  0x01CC, 0x01CC, 0x01CC, 0x01CC, 0x01CC, 0x01CC, 0x01CC, 0x01CC, 0x01CC, 0x01CC, 0x01CC, 0x01CC,
  0x01CC, 0x01CC, 0x01CC, 0x01CC, 0x01CC, 0x01CC, 0x01CC, 0x01CC, 0x01CC, 0x01CC, 0x01CC, 0x01CC,
  0x01CC, 0x01CC, 0x01CC, 0x01CC, 0x01CC, 0x01CC, 0x01CC, 0x01CC, 0x01CC, 0x01CC, 0x01CC, 0x01CC,
  0x01CC, 0x01CC, 0x01CC, 0x01CC, 0x01CC, 0x01CC, 0x01CC, 0x01CC, 0x01CC, 0x01CC, 0x01CC, 0x01CC,
  0x01CC, 0x01CC, 0x01CC, 0x01CC, 0x01CC, 0x01CC, 0x01CC, 0x01CC, 0x01CC, 0x01CC, 0x01CC, 0x01CC,
  0x01CC, 0x01CC, 0x01CC, 0x01CC, 0x01CC, 0x01CC, 0x01CC, 0x01CC, 0x01CC, 0x01CC, 0x01CC, 0x01CC,
  0x01CC, 0x01CC, 0x01CC, 0x01CC, 0x01CC, 0x01CC, 0x01CC, 0x01CC, 0x01CC, 0x01CC, 0x01CC, 0x01CC,
  0x01CC, 0x01CC, 0x01CC, 0x01CC, 0x01CC, 0x01CC, 0x01CC, 0x01CC, 0x01CC, 0x01CC, 0x01CC, 0x01CC,
  0x01CC, 0x01CC, 0x01CC, 0x01CC, 0x01CC, 0x01CC, 0x01CC, 0x01CC, 0x01CC, 0x01CC, 0x01CC, 0x01CC,
  0x01CC, 0x01CC, 0x01CC, 0x01CC, 0x01CC, 0x01CC, 0x01CC, 0x01CC, 0x01CC, 0x01CC, 0x01CC, 0x01CC,
  0x01CC, 0x01CC, 0x01CC, 0x01CC, 0x01CC, 0x01CC, 0x01CC, 0x01CC, 0x01CC, 0x01CC, 0x01CC, 0x01CC,
  0x01CC, 0x01CC, 0x01CC, 0x01CC, 0x01CC, 0x01CC, 0x01CC, 0x01CC, 0x01CC, 0x01CC, 0x01CC, 0x01CC,
  0x01CC, 0x01CC, 0x01CC, 0x01CC, 0x01CC, 0x01CC, 0x01CC, 0x01CC, 0x01CC, 0x01CC, 0x01CC, 0x01CC,
  0x01CC, 0x01CC, 0x01CC, 0x01CC, 0x01CC, 0x01CC, 0x01CC, 0x01CC, 0x01CC, 0x01CC, 0x01CC, 0x01CC,
  0x01CC, 0x01CC, 0x01CC, 0x01CC, 0x01CC, 0x01CC, 0x01CC, 0x01CC, 0x01CC, 0x01CC, 0x01CC, 0x01CC,
  0x01CC, 0x01CC, 0x01CC, 0x01CC, 0x01CC, 0x01CC, 0x01CC, 0x01CC, 0x01CC, 0x01CC, 0x01CC, 0x01CC,
  0x01CC, 0x01CC, 0x01CC, 0x01CC, 0x01CC, 0x01CC, 0x01CC, 0x01CC, 0x01CC, 0x01CC, 0x01CC, 0x01CC,
  0x01CC, 0x01CC, 0x01CC, 0x01CC, 0x01CC, 0x01CC, 0x01CC, 0x01CC, 0x01CC, 0x01CC, 0x01CC, 0x01CC,
  0x01CC, 0x01CC, 0x01CC, 0x01CC, 0x01CC, 0x01CC, 0x01CC, 0x01CC, 0x01CC, 0x01CC, 0x01CC, 0x01CC,
  0x01CC, 0x01CC, 0x01CC, 0x01CC, 0x01CC, 0x01CC, 0x01CC, 0x01CC, 0x01CC, 0x01CC, 0x01CC, 0x01CC,
  0x01CC, 0x01CC, 0x01CC, 0x01CC, 0x01CC, 0x01CC, 0x01CC, 0x01CC, 0x01CC, 0x01CC, 0x01CC, 0x01CC,
  0x01CC, 0x01CC, 0x01CC, 0x01CC, 0x01CC, 0x01CC, 0x01CC, 0x01CC, 0x01CC, 0x01CC, 0x01CC, 0x01CC,
  0x01CC, 0x01CC, 0x01CC, 0x01CC, 0x01CC, 0x01CC, 0x01CC, 0x01CC, 0x01CC, 0x01CC, 0x01CC, 0x01CC,
  0x01CC, 0x01CC, 0x01CC, 0x01CC, 0x01CC, 0x01CC, 0x01CC, 0x01CC, 0x01CC, 0x01CC, 0x01CC, 0x01CC,
  0x01CC, 0x01CC, 0x01CC, 0x01CC, 0x01CC, 0x01CC, 0x01CC, 0x01CC, 0x01CC, 0x01CC, 0x01CC, 0x01CC,
  0x01CC, 0x01CC, 0x01CC, 0x01CC, 0x01CC, 0x01CC, 0x01CC, 0x01CC, 0x01CC, 0x01CC, 0x01CC, 0x01CC,
  0x0A0D, 0x22AF, 0x3B51, 0x5C13, 0x7CD5, 0x9577, 0xADF9, 0xBE7A, 0xCEBB, 0xD6FC, 0xDF1D, 0xDF3D,
  0xE75D, 0xEF7E, 0xEF9E, 0xF7BE, 0xF7BF, 0xFFDF, 0xFFDF, 0xFFDF, 0xFFFF, 0xFFFF, 0xFFFF, 0xFFFF,
  0xFFFF, 0xFFFF, 0xFFFF, 0xFFFF, 0xFFFF, 0xFFDF, 0xFFDF, 0xF7DF, 0xF7BF, 0xF7BE, 0xF79E, 0xEF9E,
  0xEF7E, 0xE75D, 0xE73D, 0xDF1D, 0xD6FC, 0xCEDC, 0xC69B, 0xBE5A, 0xADF9, 0x9577, 0x7CD6, 0x6434,
  0x4B92, 0x32F0, 0x1A6E, 0x0A0D, 0x01EC, 0x01CC, 0x01CC, 0x01CC, 0x01CC, 0x01CC, 0x01CC, 0x01CC,
  0x01CC, 0x01CC, 0x01CC, 0x01CC, 0x01CC, 0x01CC, 0x01CC, 0x01CC, 0x01CC, 0x01CC, 0x01CC, 0x01CC,
  0x01CC, 0x01CC, 0x01CC, 0x01CC, 0x01CC, 0x01CC, 0x01CC, 0x01CC, 0x01CC, 0x01CC, 0x01CC, 0x01CC,
  0x01CC, 0x01CC, 0x01CC, 0x01CC, 0x01CC, 0x01CC, 0x01CC, 0x01CC, 0x01CC, 0x01CC, 0x01CC, 0x01CC,
  0x01CC, 0x01CC, 0x01CC, 0x01CC, 0x01CC, 0x01CC, 0x01CC, 0x01CC, 0x01CC, 0x01CC, 0x01CC, 0x01CC,
  0x01CC, 0x01CC, 0x01CC, 0x01CC, 0x01CC, 0x01CC, 0x01CC, 0x01CC, 0x01CC, 0x01CC, 0x01CC, 0x01CC,
  0x01CC, 0x01CC, 0x01CC, 0x01CC, 0x01CC, 0x01CC, 0x01CC, 0x01CC, 0x01CC, 0x01CC, 0x01CC, 0x01CC,
  0x01CC, 0x01CC, 0x01CC, 0x01CC, 0x01CC, 0x01CC, 0x01CC, 0x01CC, 0x01CC, 0x01CC, 0x01CC, 0x01CC,
  0x01CC, 0x01CC, 0x01CC, 0x01CC, 0x01CC, 0x01CC, 0x01CC, 0x01CC, 0x01CC, 0x01CC, 0x01CC, 0x01CC,
  0x01CC, 0x01CC, 0x01CC, 0x01CC, 0x01CC, 0x01CC, 0x01CC, 0x01CC, 0x01CC, 0x01CC, 0x01CC, 0x01CC,
  0x01CC, 0x01CC, 0x01CC, 0x01CC, 0x01CC, 0x01CC, 0x01CC, 0x01CC, 0x01CC, 0x01CC, 0x01CC, 0x01CC,
  0x01CC, 0x01CC, 0x01CC, 0x01CC, 0x01CC, 0x01CC, 0x01CC, 0x01CC, 0x01CC, 0x01CC, 0x01CC, 0x01CC,
  0x01CC, 0x01CC, 0x01CC, 0x01CC, 0x01CC, 0x01CC, 0x01CC, 0x01CC, 0x01CC, 0x01CC, 0x01CC, 0x01CC,
  0x01CC, 0x01CC, 0x01CC, 0x01CC, 0x01CC, 0x01CC, 0x01CC, 0x01CC, 0x01CC, 0x01CC, 0x01CC, 0x01CC,
  0x01CC, 0x01CC, 0x01CC, 0x01CC, 0x01CC, 0x01CC, 0x01CC, 0x01CC, 0x01CC, 0x01CC, 0x01CC, 0x01CC,
  0x01CC, 0x01CC, 0x01CC, 0x01CC, 0x01CC, 0x01CC, 0x01CC, 0x01CC, 0x01CC, 0x01CC, 0x01CC, 0x01CC,
  0x01CC, 0x01CC, 0x01CC, 0x01CC, 0x01CC, 0x01CC, 0x01CC, 0x01CC, 0x01CC, 0x01CC, 0x01CC, 0x01CC,
  0x01CC, 0x01CC, 0x01CC, 0x01CC, 0x01CC, 0x01CC, 0x01CC, 0x01CC, 0x01CC, 0x01CC, 0x01CC, 0x01CC,
  0x01CC, 0x01CC, 0x01CC, 0x01CC, 0x01CC, 0x01CC, 0x01CC, 0x01CC, 0x01CC, 0x01CC, 0x01CC, 0x01CC,
  0x01CC, 0x01CC, 0x01CC, 0x01CC, 0x01CC, 0x01CC, 0x01CC, 0x01CC, 0x01CC, 0x01CC, 0x01CC, 0x01CC,
  0x01CC, 0x01CC, 0x01CC, 0x01CC, 0x01CC, 0x01CC, 0x01CC, 0x01CC, 0x01CC, 0x01CC, 0x01CC, 0x01CC,
  0x01CC, 0x01CC, 0x01CC, 0x01CC, 0x01CC, 0x01CC, 0x01CC, 0x01CC, 0x01CC, 0x01CC, 0x01CC, 0x01CC,
  0x01CC, 0x01CC, 0x01CC, 0x01CC, 0x01CC, 0x01CC, 0x01CC, 0x01CC, 0x01CC, 0x01CC, 0x01CC, 0x01CC,
  0x01CC, 0x01CC, 0x01CC, 0x01CC, 0x01CC, 0x01CC, 0x01CC, 0x01CC, 0x01CC, 0x01CC, 0x01CC, 0x01CC,
  0x01CC, 0x01CC, 0x01CC, 0x01CC, 0x01CC, 0x01CC, 0x01CC, 0x01CC, 0x01CC, 0x01CC, 0x01CC, 0x01CC,
  0x01CC, 0x01CC, 0x01CC, 0x01CC, 0x01CC, 0x01CC, 0x01CC, 0x01CC, 0x01CC, 0x01CC, 0x01CC, 0x01CC,
  0x01CC, 0x01CC, 0x01CC, 0x01CC, 0x01CC, 0x01CC, 0x01CC, 0x01CC, 0x01CC, 0x01CC, 0x01CC, 0x01CC,
  0x01CC, 0x01CC, 0x01CC, 0x01CC, 0x01CC, 0x01CC, 0x01CC, 0x01CC, 0x01CC, 0x01CC, 0x01CC, 0x01CC,
  0x01CC, 0x01CC, 0x01CC, 0x01CC, 0x01CC, 0x01CC, 0x01CC, 0x01CC, 0x01CC, 0x01CC, 0x01CC, 0x01CC,
  0x01CC, 0x01CC, 0x01CC, 0x01CC, 0x01CC, 0x01CC, 0x01CC, 0x01CC, 0x01CC, 0x01CC, 0x01CC, 0x01CC,
  0x01CC, 0x01CC, 0x01CC, 0x01CC, 0x01CC, 0x01CC, 0x01CC, 0x01CC, 0x01CC, 0x01CC, 0x01CC, 0x01CC,
  0x01CC, 0x01CC, 0x01CC, 0x01CC, 0x01CC, 0x01CC, 0x01CC, 0x01CC, 0x01CC, 0x01CC, 0x01CC, 0x01CC,
  0x01CC, 0x01CC, 0x01CC, 0x01CC, 0x01CC, 0x01CC, 0x01CC, 0x01CC, 0x01CC, 0x01CC, 0x01CC, 0x01CC,
  0x01CC, 0x01CC, 0x01CC, 0x01CC, 0x01CC, 0x01CC, 0x01CC, 0x01CC, 0x01CC, 0x01CC, 0x01CC, 0x01CC,
  0x01CC, 0x01CC, 0x01CC, 0x01CC, 0x01CC, 0x01CC, 0x01CC, 0x01CC, 0x01CC, 0x01CC, 0x01CC, 0x01CC,
  0x01CC, 0x01CC, 0x01CC, 0x01CC, 0x01CC, 0x01CC, 0x01CC, 0x01ED, 0x124E, 0x2ACF, 0x4371, 0x5C13,
  0x7495, 0x8516, 0x9DB8, 0xB61A, 0xCEBB, 0xDF3D, 0xEF7E, 0xF7BF, 0xFFFF, 0xFFFF, 0xFFFF, 0xFFFF,
  0xFFFF, 0xFFFF, 0xFFFF, 0xFFFF, 0xFFFF, 0xFFFF, 0xFFFF, 0xFFFF, 0xFFFF, 0xFFFF, 0xFFFF, 0xFFFF,
  0xFFFF, 0xFFFF, 0xFFFF, 0xFFFF, 0xFFFF, 0xFFFF, 0xFFFF, 0xFFFF, 0xFFFF, 0xFFFF, 0xFFFF, 0xFFFF,
  0xFFFF, 0xFFFF, 0xFFFF, 0xFFFF, 0xFFFF, 0xFFFF, 0xFFDF, 0xF7BE, 0xEF7E, 0xDF1D, 0xCEBB, 0xBE5A,
  0xA5D9, 0x9577, 0x84F6, 0x74B5, 0x6434, 0x53D2, 0x3B51, 0x2ACF, 0x1A6E, 0x0A0D, 0x01EC, 0x01CC,
  0x01CC, 0x01CC, 0x01CC, 0x01CC, 0x01CC, 0x01CC, 0x01CC, 0x01CC, 0x01CC, 0x01CC, 0x01CC, 0x01CC,
  0x01CC, 0x01CC, 0x01CC, 0x01CC, 0x01CC, 0x01CC, 0x01CC, 0x01CC, 0x01CC, 0x01CC, 0x01CC, 0x01CC,
  0x01CC, 0x01CC, 0x01CC, 0x01CC, 0x01CC, 0x01CC, 0x01CC, 0x01CC, 0x01CC, 0x01CC, 0x01CC, 0x01CC,
  0x01CC, 0x01CC, 0x01CC, 0x01CC, 0x01CC, 0x01CC, 0x01CC, 0x01CC, 0x01CC, 0x01CC, 0x01CC, 0x01CC,
  0x01CC, 0x01CC, 0x01CC, 0x01CC, 0x01CC, 0x01CC, 0x01CC, 0x01CC, 0x01CC, 0x01CC, 0x01CC, 0x01CC,
  0x01CC, 0x01CC, 0x01CC, 0x01CC, 0x01CC, 0x01CC, 0x01CC, 0x01CC, 0x01CC, 0x01CC, 0x01CC, 0x01CC,
  0x01CC, 0x01CC, 0x01CC, 0x01CC, 0x01CC, 0x01CC, 0x01CC, 0x01CC, 0x01CC, 0x01CC, 0x01CC, 0x01CC,
  0x01CC, 0x01CC, 0x01CC, 0x01CC, 0x01CC, 0x01CC, 0x01CC, 0x01CC, 0x01CC, 0x01CC, 0x01CC, 0x01CC,
  0x01CC, 0x01CC, 0x01CC, 0x01CC, 0x01CC, 0x01CC, 0x01CC, 0x01CC, 0x01CC, 0x01CC, 0x01CC, 0x01CC,
  0x01CC, 0x01CC, 0x01CC, 0x01CC, 0x01CC, 0x01CC, 0x01CC, 0x01CC, 0x01CC, 0x01CC, 0x01CC, 0x01CC,
  0x01CC, 0x01CC, 0x01CC, 0x01CC, 0x01CC, 0x01CC, 0x01CC, 0x01CC, 0x01CC, 0x01CC, 0x01CC, 0x01CC,
  0x01CC, 0x01CC, 0x01CC, 0x01CC, 0x01CC, 0x01CC, 0x01CC, 0x01CC, 0x01CC, 0x01CC, 0x01CC, 0x01CC,
  0x01CC, 0x01CC, 0x01CC, 0x01CC, 0x01CC, 0x01CC, 0x01CC, 0x01CC, 0x01CC, 0x01CC, 0x01CC, 0x01CC,
  0x01CC, 0x01CC, 0x01CC, 0x01CC, 0x01CC, 0x01CC, 0x01CC, 0x01CC, 0x01CC, 0x01CC, 0x01CC, 0x01CC,
  0x01CC, 0x01CC, 0x01CC, 0x01CC, 0x01CC, 0x01CC, 0x01CC, 0x01CC, 0x01CC, 0x01CC, 0x01CC, 0x01CC,
  0x01CC, 0x01CC, 0x01CC, 0x01CC, 0x01CC, 0x01CC, 0x01CC, 0x01CC, 0x01CC, 0x01CC, 0x01CC, 0x01CC,
  0x01CC, 0x01CC, 0x01CC, 0x01CC, 0x01CC, 0x01CC, 0x01CC, 0x01CC, 0x01CC, 0x01CC, 0x01CC, 0x01CC,
  0x01CC, 0x01CC, 0x01CC, 0x01CC, 0x01CC, 0x01CC, 0x01CC, 0x01CC, 0x01CC, 0x01CC, 0x01CC, 0x01CC,
  0x01CC, 0x01CC, 0x01CC, 0x01CC, 0x01CC, 0x01CC, 0x01CC, 0x01CC, 0x01CC, 0x01CC, 0x01CC, 0x01CC,
  0x01CC, 0x01CC, 0x01CC, 0x01CC, 0x01CC, 0x01CC, 0x01CC, 0x01CC, 0x01CC, 0x01CC, 0x01CC, 0x01CC,
  0x01CC, 0x01CC, 0x01CC, 0x01CC, 0x01CC, 0x01CC, 0x01CC, 0x01CC, 0x01CC, 0x01CC, 0x01CC, 0x01CC,
  0x01CC, 0x01CC, 0x01CC, 0x01CC, 0x01CC, 0x01CC, 0x01CC, 0x01CC, 0x01CC, 0x01CC, 0x01CC, 0x01CC,
  0x01CC, 0x01CC, 0x01CC, 0x01CC, 0x01CC, 0x01CC, 0x01CC, 0x01CC, 0x01CC, 0x01CC, 0x01CC, 0x01CC,
  0x01CC, 0x01CC, 0x01CC, 0x01CC, 0x01CC, 0x01CC, 0x01CC, 0x01CC, 0x01CC, 0x01CC, 0x01CC, 0x01CC,
  0x01CC, 0x01CC, 0x01CC, 0x01CC, 0x01CC, 0x01CC, 0x01CC, 0x01CC, 0x01CC, 0x01CC, 0x01CC, 0x01CC,
  0x01CC, 0x01CC, 0x01CC, 0x01CC, 0x01CC, 0x01CC, 0x01CC, 0x01CC, 0x01CC, 0x01CC, 0x01CC, 0x01CC,
  0x01CC, 0x01CC, 0x01CC, 0x01CC, 0x01CC, 0x01CC, 0x01CC, 0x01CC, 0x01CC, 0x01CC, 0x01CC, 0x01CC,
  0x01CC, 0x01CC, 0x01CC, 0x01CC, 0x01CC, 0x01CC, 0x01CC, 0x01CC, 0x01CC, 0x01CC, 0x01CC, 0x01CC,
  0x01CC, 0x01CC, 0x01CC, 0x01CC, 0x01CC, 0x01CC, 0x01CC, 0x01CC, 0x01CC, 0x01CC, 0x01CC, 0x01CC,
  0x01CC, 0x01CC, 0x01CC, 0x01CC, 0x01CC, 0x01CC, 0x01CC, 0x01CC, 0x01CC, 0x01CC, 0x01CC, 0x01CC,
  0x01CC, 0x01CC, 0x01CC, 0x01CC, 0x01CC, 0x01CC, 0x01CC, 0x01CC, 0x01CC, 0x01CC, 0x01CC, 0x01CC,
  0x01CC, 0x01CC, 0x01CC, 0x01CC, 0x01CC, 0x01CC, 0x01CC, 0x01CC, 0x01CC, 0x01CC, 0x01CC, 0x01CC,
  0x01CC, 0x01CC, 0x01CC, 0x01CC, 0x01CC, 0x01CC, 0x01CC, 0x01CC, 0x01CC, 0x01CC, 0x01CC, 0x01CC,
  0x01CC, 0x01CC, 0x01CC, 0x01CC, 0x01CC, 0x01CC, 0x01CC, 0x01CC, 0x01CC, 0x01CC, 0x01CC, 0x01CC,
  0x01CC, 0x01CC, 0x01CC, 0x01EC, 0x0A0D, 0x122D, 0x124E, 0x22CF, 0x4371, 0x6C75, 0xA5B8, 0xCEDC,
  0xEF7E, 0xFFDF, 0xFFFF, 0xFFFF, 0xFFFF, 0xFFFF, 0xFFFF, 0xFFFF, 0xFFFF, 0xFFFF, 0xFFFF, 0xFFFF,
  0xFFFF, 0xFFFF, 0xFFFF, 0xFFFF, 0xFFFF, 0xFFFF, 0xFFFF, 0xFFFF, 0xFFFF, 0xFFFF, 0xFFFF, 0xFFFF,
  0xFFFF, 0xFFFF, 0xFFFF, 0xFFFF, 0xFFFF, 0xFFFF, 0xFFFF, 0xFFFF, 0xFFFF, 0xFFFF, 0xFFFF, 0xFFFF,
  0xFFFF, 0xFFFF, 0xFFFF, 0xFFFF, 0xFFFF, 0xFFFF, 0xFFFF, 0xFFFF, 0xFFFF, 0xFFFF, 0xFFFF, 0xFFFF,
  0xFFFF, 0xFFFF, 0xFFFF, 0xF7BE, 0xDF1D, 0xBE7A, 0x9577, 0x7495, 0x53D2, 0x3310, 0x228F, 0x1A4E,
  0x122D, 0x0A0D, 0x0A0D, 0x01EC, 0x01CC, 0x01CC, 0x01CC, 0x01CC, 0x01CC, 0x01CC, 0x01CC, 0x01CC,
  0x01CC, 0x01CC, 0x01CC, 0x01CC, 0x01CC, 0x01CC, 0x01CC, 0x01CC, 0x01CC, 0x01CC, 0x01CC, 0x01CC,
  0x01CC, 0x01CC, 0x01CC, 0x01CC, 0x01CC, 0x01CC, 0x01CC, 0x01CC, 0x01CC, 0x01CC, 0x01CC, 0x01CC,
  0x01CC, 0x01CC, 0x01CC, 0x01CC, 0x01CC, 0x01CC, 0x01CC, 0x01CC, 0x01CC, 0x01CC, 0x01CC, 0x01CC,
  0x01CC, 0x01CC, 0x01CC, 0x01CC, 0x01CC, 0x01CC, 0x01CC, 0x01CC, 0x01CC, 0x01CC, 0x01CC, 0x01CC,
  0x01CC, 0x01CC, 0x01CC, 0x01CC, 0x01CC, 0x01CC, 0x01CC, 0x01CC, 0x01CC, 0x01CC, 0x01CC, 0x01CC,
  0x01CC, 0x01CC, 0x01CC, 0x01CC, 0x01CC, 0x01CC, 0x01CC, 0x01CC, 0x01CC, 0x01CC, 0x01CC, 0x01CC,
  0x01CC, 0x01CC, 0x01CC, 0x01CC, 0x01CC, 0x01CC, 0x01CC, 0x01CC, 0x01CC, 0x01CC, 0x01CC, 0x01CC,
  0x01CC, 0x01CC, 0x01CC, 0x01CC, 0x01CC, 0x01CC, 0x01CC, 0x01CC, 0x01CC, 0x01CC, 0x01CC, 0x01CC,
  0x01CC, 0x01CC, 0x01CC, 0x01CC, 0x01CC, 0x01CC, 0x01CC, 0x01CC, 0x01CC, 0x01CC, 0x01CC, 0x01CC,
  0x01CC, 0x01CC, 0x01CC, 0x01CC, 0x01CC, 0x01CC, 0x01CC, 0x01CC, 0x01CC, 0x01CC, 0x01CC, 0x01CC,
  0x01CC, 0x01CC, 0x01CC, 0x01CC, 0x01CC, 0x01CC, 0x01CC, 0x01CC, 0x01CC, 0x01CC, 0x01CC, 0x01CC,
  0x01CC, 0x01CC, 0x01CC, 0x01CC, 0x01CC, 0x01CC, 0x01CC, 0x01CC, 0x01CC, 0x01CC, 0x01CC, 0x01CC,
  0x01CC, 0x01CC, 0x01CC, 0x01CC, 0x01CC, 0x01CC, 0x01CC, 0x01CC, 0x01CC, 0x01CC, 0x01CC, 0x01CC,
  0x01CC, 0x01CC, 0x01CC, 0x01CC, 0x01CC, 0x01CC, 0x01CC, 0x01CC, 0x01CC, 0x01CC, 0x01CC, 0x01CC,
  0x01CC, 0x01CC, 0x01CC, 0x01CC, 0x01CC, 0x01CC, 0x01CC, 0x01CC, 0x01CC, 0x01CC, 0x01CC, 0x01CC,
  0x01CC, 0x01CC, 0x01CC, 0x01CC, 0x01CC, 0x01CC, 0x01CC, 0x01CC, 0x01CC, 0x01CC, 0x01CC, 0x01CC,
  0x01CC, 0x01CC, 0x01CC, 0x01CC, 0x01CC, 0x01CC, 0x01CC, 0x01CC, 0x01CC, 0x01CC, 0x01CC, 0x01CC,
  0x01CC, 0x01CC, 0x01CC, 0x01CC, 0x01CC, 0x01CC, 0x01CC, 0x01CC, 0x01CC, 0x01CC, 0x01CC, 0x01CC,
  0x01CC, 0x01CC, 0x01CC, 0x01CC, 0x01CC, 0x01CC, 0x01CC, 0x01CC, 0x01CC, 0x01CC, 0x01CC, 0x01CC,
  0x01CC, 0x01CC, 0x01CC, 0x01CC, 0x01CC, 0x01CC, 0x01CC, 0x01CC, 0x01CC, 0x01CC, 0x01CC, 0x01CC,
  0x01CC, 0x01CC, 0x01CC, 0x01CC, 0x01CC, 0x01CC, 0x01CC, 0x01CC, 0x01CC, 0x01CC, 0x01CC, 0x01CC,
  0x01CC, 0x01CC, 0x01CC, 0x01CC, 0x01CC, 0x01CC, 0x01CC, 0x01CC, 0x01CC, 0x01CC, 0x01CC, 0x01CC,
  0x01CC, 0x01CC, 0x01CC, 0x01CC, 0x01CC, 0x01CC, 0x01CC, 0x01CC, 0x01CC, 0x01CC, 0x01CC, 0x01CC,
  0x01CC, 0x01CC, 0x01CC, 0x01CC, 0x01CC, 0x01CC, 0x01CC, 0x01CC, 0x01CC, 0x01CC, 0x01CC, 0x01CC,
  0x01CC, 0x01CC, 0x01CC, 0x01CC, 0x01CC, 0x01CC, 0x01CC, 0x01CC, 0x01CC, 0x01CC, 0x01CC, 0x01CC,
  0x01CC, 0x01CC, 0x01CC, 0x01CC, 0x01CC, 0x01CC, 0x01CC, 0x01CC, 0x01CC, 0x01CC, 0x01CC, 0x01CC,
  0x01CC, 0x01CC, 0x01CC, 0x01CC, 0x01CC, 0x01CC, 0x01CC, 0x01CC, 0x01CC, 0x01CC, 0x01CC, 0x01CC,
  0x01CC, 0x01CC, 0x01CC, 0x01CC, 0x01CC, 0x01CC, 0x01CC, 0x01CC, 0x01CC, 0x01CC, 0x01CC, 0x01CC,
  0x01CC, 0x01CC, 0x01CC, 0x01CC, 0x01CC, 0x01CC, 0x01CC, 0x01CC, 0x01CC, 0x01CC, 0x01CC, 0x01CC,
  0x01CC, 0x01CC, 0x01CC, 0x01CC, 0x01CC, 0x01CC, 0x01CC, 0x01CC, 0x01CC, 0x01CC, 0x01CC, 0x01CC,
  0x01CC, 0x01CC, 0x01CC, 0x01CC, 0x01CC, 0x01CC, 0x01CC, 0x01CC, 0x01CC, 0x01CC, 0x01CC, 0x01CC,
  0x01CC, 0x01CC, 0x01CC, 0x01CC, 0x01CC, 0x01CC, 0x01CC, 0x01CC, 0x01CC, 0x01CC, 0x01CC, 0x01CC,
  0x01CC, 0x01CC, 0x01CC, 0x01CC, 0x01CC, 0x01CC, 0x01CC, 0x01CC, 0x01CC, 0x01CC, 0x01CC, 0x01CC,
  0x01CC, 0x01CC, 0x09ED, 0x1A6E, 0x3B51, 0x6C74, 0x9557, 0xB61A, 0xCEDC, 0xDF1D, 0xE77E, 0xF7BF,
  0xFFDF, 0xFFFF, 0xFFFF, 0xFFFF, 0xFFFF, 0xFFFF, 0xFFFF, 0xFFFF, 0xFFFF, 0xFFFF, 0xFFFF, 0xFFFF,
  0xFFFF, 0xFFFF, 0xFFFF, 0xFFFF, 0xFFFF, 0xFFFF, 0xFFFF, 0xFFFF, 0xFFFF, 0xFFFF, 0xFFFF, 0xFFFF,
  0xFFFF, 0xFFFF, 0xFFFF, 0xFFFF, 0xFFFF, 0xFFFF, 0xFFFF, 0xFFFF, 0xFFFF, 0xFFFF, 0xFFFF, 0xFFFF,
  0xFFFF, 0xFFFF, 0xFFFF, 0xFFFF, 0xFFFF, 0xFFFF, 0xFFFF, 0xFFFF, 0xFFFF, 0xFFFF, 0xFFFF, 0xFFFF,
  0xFFFF, 0xFFFF, 0xFFFF, 0xFFFF, 0xF7DF, 0xEF9E, 0xE75D, 0xDF3D, 0xD6FC, 0xCEBB, 0xB63A, 0x9D98,
  0x7CD5, 0x5C13, 0x3B51, 0x22AF, 0x122D, 0x01CC, 0x01CC, 0x01CC, 0x01CC, 0x01CC, 0x01CC, 0x01CC,
  0x01CC, 0x01CC, 0x01CC, 0x01CC, 0x01CC, 0x01CC, 0x01CC, 0x01CC, 0x01CC, 0x01CC, 0x01CC, 0x01CC,
  0x01CC, 0x01CC, 0x01CC, 0x01CC, 0x01CC, 0x01CC, 0x01CC, 0x01CC, 0x01CC, 0x01CC, 0x01CC, 0x01CC,
  0x01CC, 0x01CC, 0x01CC, 0x01CC, 0x01CC, 0x01CC, 0x01CC, 0x01CC, 0x01CC, 0x01CC, 0x01CC, 0x01CC,
  0x01CC, 0x01CC, 0x01CC, 0x01CC, 0x01CC, 0x01CC, 0x01CC, 0x01CC, 0x01CC, 0x01CC, 0x01CC, 0x01CC,
  0x01CC, 0x01CC, 0x01CC, 0x01CC, 0x01CC, 0x01CC, 0x01CC, 0x01CC, 0x01CC, 0x01CC, 0x01CC, 0x01CC,
  0x01CC, 0x01CC, 0x01CC, 0x01CC, 0x01CC, 0x01CC, 0x01CC, 0x01CC, 0x01CC, 0x01CC, 0x01CC, 0x01CC,
  0x01CC, 0x01CC, 0x01CC, 0x01CC, 0x01CC, 0x01CC, 0x01CC, 0x01CC, 0x01CC, 0x01CC, 0x01CC, 0x01CC,
  0x01CC, 0x01CC, 0x01CC, 0x01CC, 0x01CC, 0x01CC, 0x01CC, 0x01CC, 0x01CC, 0x01CC, 0x01CC, 0x01CC,
  0x01CC, 0x01CC, 0x01CC, 0x01CC, 0x01CC, 0x01CC, 0x01CC, 0x01CC, 0x01CC, 0x01CC, 0x01CC, 0x01CC,
  0x01CC, 0x01CC, 0x01CC, 0x01CC, 0x01CC, 0x01CC, 0x01CC, 0x01CC, 0x01CC, 0x01CC, 0x01CC, 0x01CC,
  0x01CC, 0x01CC, 0x01CC, 0x01CC, 0x01CC, 0x01CC, 0x01CC, 0x01CC, 0x01CC, 0x01CC, 0x01CC, 0x01CC,
  0x01CC, 0x01CC, 0x01CC, 0x01CC, 0x01CC, 0x01CC, 0x01CC, 0x01CC, 0x01CC, 0x01CC, 0x01CC, 0x01CC,
  0x01CC, 0x01CC, 0x01CC, 0x01CC, 0x01CC, 0x01CC, 0x01CC, 0x01CC, 0x01CC, 0x01CC, 0x01CC, 0x01CC,
  0x01CC, 0x01CC, 0x01CC, 0x01CC, 0x01CC, 0x01CC, 0x01CC, 0x01CC, 0x01CC, 0x01CC, 0x01CC, 0x01CC,
  0x01CC, 0x01CC, 0x01CC, 0x01CC, 0x01CC, 0x01CC, 0x01CC, 0x01CC, 0x01CC, 0x01CC, 0x01CC, 0x01CC,
  0x01CC, 0x01CC, 0x01CC, 0x01CC, 0x01CC, 0x01CC, 0x01CC, 0x01CC, 0x01CC, 0x01CC, 0x01CC, 0x01CC,
  0x01CC, 0x01CC, 0x01CC, 0x01CC, 0x01CC, 0x01CC, 0x01CC, 0x01CC, 0x01CC, 0x01CC, 0x01CC, 0x01CC,
  0x01CC, 0x01CC, 0x01CC, 0x01CC, 0x01CC, 0x01CC, 0x01CC, 0x01CC, 0x01CC, 0x01CC, 0x01CC, 0x01CC,
  0x01CC, 0x01CC, 0x01CC, 0x01CC, 0x01CC, 0x01CC, 0x01CC, 0x01CC, 0x01CC, 0x01CC, 0x01CC, 0x01CC,
  0x01CC, 0x01CC, 0x01CC, 0x01CC, 0x01CC, 0x01CC, 0x01CC, 0x01CC, 0x01CC, 0x01CC, 0x01CC, 0x01CC,
  0x01CC, 0x01CC, 0x01CC, 0x01CC, 0x01CC, 0x01CC, 0x01CC, 0x01CC, 0x01CC, 0x01CC, 0x01CC, 0x01CC,
  0x01CC, 0x01CC, 0x01CC, 0x01CC, 0x01CC, 0x01CC, 0x01CC, 0x01CC, 0x01CC, 0x01CC, 0x01CC, 0x01CC,
  0x01CC, 0x01CC, 0x01CC, 0x01CC, 0x01CC, 0x01CC, 0x01CC, 0x01CC, 0x01CC, 0x01CC, 0x01CC, 0x01CC,
  0x01CC, 0x01CC, 0x01CC, 0x01CC, 0x01CC, 0x01CC, 0x01CC, 0x01CC, 0x01CC, 0x01CC, 0x01CC, 0x01CC,
  0x01CC, 0x01CC, 0x01CC, 0x01CC, 0x01CC, 0x01CC, 0x01CC, 0x01CC, 0x01CC, 0x01CC, 0x01CC, 0x01CC,
  0x01CC, 0x01CC, 0x01CC, 0x01CC, 0x01CC, 0x01CC, 0x01CC, 0x01CC, 0x01CC, 0x01CC, 0x01CC, 0x01CC,
  0x01CC, 0x01CC, 0x01CC, 0x01CC, 0x01CC, 0x01CC, 0x01CC, 0x01CC, 0x01CC, 0x01CC, 0x01CC, 0x01CC,
  0x01CC, 0x01CC, 0x01CC, 0x01CC, 0x01CC, 0x01CC, 0x01CC, 0x01CC, 0x01CC, 0x01CC, 0x01CC, 0x01CC,
  0x01CC, 0x01CC, 0x01CC, 0x01CC, 0x01CC, 0x01CC, 0x01CC, 0x01CC, 0x01CC, 0x01CC, 0x01CC, 0x01CC,
  0x01CC, 0x01CC, 0x01CC, 0x01CC, 0x01CC, 0x01CC, 0x01CC, 0x01CC, 0x01CC, 0x01CC, 0x01CC, 0x01CC,
  0x01CC, 0x01CC, 0x01CC, 0x01CC, 0x01CC, 0x01CC, 0x01CC, 0x01CC, 0x01CC, 0x01CC, 0x01CC, 0x01CC,
  0x01CC, 0x01CC, 0x01CC, 0x01CC, 0x01CC, 0x01CC, 0x01CC, 0x01CC, 0x01CC, 0x01CC, 0x01CC, 0x01CC,
  0x01CC, 0x01CC, 0x01CC, 0x01CC, 0x01CC, 0x01CC, 0x01CC, 0x01CC, 0x01CC, 0x01CC, 0x01CC, 0x0A0D,
  0x228F, 0x3B51, 0x5BF3, 0x7CB5, 0x9D98, 0xBE5A, 0xDF1C, 0xEF9E, 0xFFFF, 0xFFFF, 0xFFFF, 0xFFFF,
  0xFFFF, 0xFFFF, 0xFFFF, 0xFFFF, 0xFFFF, 0xFFFF, 0xFFFF, 0xFFFF, 0xFFFF, 0xFFFF, 0xFFFF, 0xFFFF,
  0xFFFF, 0xFFFF, 0xFFFF, 0xFFFF, 0xFFFF, 0xFFFF, 0xFFFF, 0xFFFF, 0xFFFF, 0xFFFF, 0xFFFF, 0xFFFF,
  0xFFFF, 0xFFFF, 0xFFFF, 0xFFFF, 0xFFFF, 0xFFFF, 0xFFFF, 0xFFFF, 0xFFFF, 0xFFFF, 0xFFFF, 0xFFFF,
  0xFFFF, 0xFFFF, 0xFFFF, 0xFFFF, 0xFFFF, 0xFFFF, 0xFFFF, 0xFFFF, 0xFFFF, 0xFFFF, 0xFFFF, 0xFFFF,
  0xFFFF, 0xFFFF, 0xFFFF, 0xFFFF, 0xFFFF, 0xFFFF, 0xFFFF, 0xFFFF, 0xFFFF, 0xFFFF, 0xF79E, 0xDF3D,
  0xCEBB, 0xB61A, 0x9D98, 0x8D16, 0x7495, 0x5BF3, 0x4371, 0x2AF0, 0x1A6E, 0x0A0D, 0x01EC, 0x01CC,
  0x01CC, 0x01CC, 0x01CC, 0x01CC, 0x01CC, 0x01CC, 0x01CC, 0x01CC, 0x01CC, 0x01CC, 0x01CC, 0x01CC,
  0x01CC, 0x01CC, 0x01CC, 0x01CC, 0x01CC, 0x01CC, 0x01CC, 0x01CC, 0x01CC, 0x01CC, 0x01CC, 0x01CC,
  0x01CC, 0x01CC, 0x01CC, 0x01CC, 0x01CC, 0x01CC, 0x01CC, 0x01CC, 0x01CC, 0x01CC, 0x01CC, 0x01CC,
  0x01CC, 0x01CC, 0x01CC, 0x01CC, 0x01CC, 0x01CC, 0x01CC, 0x01CC, 0x01CC, 0x01CC, 0x01CC, 0x01CC,
  0x01CC, 0x01CC, 0x01CC, 0x01CC, 0x01CC, 0x01CC, 0x01CC, 0x01CC, 0x01CC, 0x01CC, 0x01CC, 0x01CC,
  0x01CC, 0x01CC, 0x01CC, 0x01CC, 0x01CC, 0x01CC, 0x01CC, 0x01CC, 0x01CC, 0x01CC, 0x01CC, 0x01CC,
  0x01CC, 0x01CC, 0x01CC, 0x01CC, 0x01CC, 0x01CC, 0x01CC, 0x01CC, 0x01CC, 0x01CC, 0x01CC, 0x01CC,
  0x01CC, 0x01CC, 0x01CC, 0x01CC, 0x01CC, 0x01CC, 0x01CC, 0x01CC, 0x01CC, 0x01CC, 0x01CC, 0x01CC,
  0x01CC, 0x01CC, 0x01CC, 0x01CC, 0x01CC, 0x01CC, 0x01CC, 0x01CC, 0x01CC, 0x01CC, 0x01CC, 0x01CC,
  0x01CC, 0x01CC, 0x01CC, 0x01CC, 0x01CC, 0x01CC, 0x01CC, 0x01CC, 0x01CC, 0x01CC, 0x01CC, 0x01CC,
  0x01CC, 0x01CC, 0x01CC, 0x01CC, 0x01CC, 0x01CC, 0x01CC, 0x01CC, 0x01CC, 0x01CC, 0x01CC, 0x01CC,
  0x01CC, 0x01CC, 0x01CC, 0x01CC, 0x01CC, 0x01CC, 0x01CC, 0x01CC, 0x01CC, 0x01CC, 0x01CC, 0x01CC,
  0x01CC, 0x01CC, 0x01CC, 0x01CC, 0x01CC, 0x01CC, 0x01CC, 0x01CC, 0x01CC, 0x01CC, 0x01CC, 0x01CC,
  0x01CC, 0x01CC, 0x01CC, 0x01CC, 0x01CC, 0x01CC, 0x01CC, 0x01CC, 0x01CC, 0x01CC, 0x01CC, 0x01CC,
  0x01CC, 0x01CC, 0x01CC, 0x01CC, 0x01CC, 0x01CC, 0x01CC, 0x01CC, 0x01CC, 0x01CC, 0x01CC, 0x01CC,
  0x01CC, 0x01CC, 0x01CC, 0x01CC, 0x01CC, 0x01CC, 0x01CC, 0x01CC, 0x01CC, 0x01CC, 0x01CC, 0x01CC,
  0x01CC, 0x01CC, 0x01CC, 0x01CC, 0x01CC, 0x01CC, 0x01CC, 0x01CC, 0x01CC, 0x01CC, 0x01CC, 0x01CC,
  0x01CC, 0x01CC, 0x01CC, 0x01CC, 0x01CC, 0x01CC, 0x01CC, 0x01CC, 0x01CC, 0x01CC, 0x01CC, 0x01CC,
  0x01CC, 0x01CC, 0x01CC, 0x01CC, 0x01CC, 0x01CC, 0x01CC, 0x01CC, 0x01CC, 0x01CC, 0x01CC, 0x01CC,
  0x01CC, 0x01CC, 0x01CC, 0x01CC, 0x01CC, 0x01CC, 0x01CC, 0x01CC, 0x01CC, 0x01CC, 0x01CC, 0x01CC,
  0x01CC, 0x01CC, 0x01CC, 0x01CC, 0x01CC, 0x01CC, 0x01CC, 0x01CC, 0x01CC, 0x01CC, 0x01CC, 0x01CC,
  0x01CC, 0x01CC, 0x01CC, 0x01CC, 0x01CC, 0x01CC, 0x01CC, 0x01CC, 0x01CC, 0x01CC, 0x01CC, 0x01CC,
  0x01CC, 0x01CC, 0x01CC, 0x01CC, 0x01CC, 0x01CC, 0x01CC, 0x01CC, 0x01CC, 0x01CC, 0x01CC, 0x01CC,
  0x01CC, 0x01CC, 0x01CC, 0x01CC, 0x01CC, 0x01CC, 0x01CC, 0x01CC, 0x01CC, 0x01CC, 0x01CC, 0x01CC,
  0x01CC, 0x01CC, 0x01CC, 0x01CC, 0x01CC, 0x01CC, 0x01CC, 0x01CC, 0x01CC, 0x01CC, 0x01CC, 0x01CC,
  0x01CC, 0x01CC, 0x01CC, 0x01CC, 0x01CC, 0x01CC, 0x01CC, 0x01CC, 0x01CC, 0x01CC, 0x01CC, 0x01CC,
  0x01CC, 0x01CC, 0x01CC, 0x01CC, 0x01CC, 0x01CC, 0x01CC, 0x01CC, 0x01CC, 0x01CC, 0x01CC, 0x01CC,
  0x01CC, 0x01CC, 0x01CC, 0x01CC, 0x01CC, 0x01CC, 0x01CC, 0x01CC, 0x01CC, 0x01CC, 0x01CC, 0x01CC,
  0x01CC, 0x01CC, 0x01CC, 0x01CC, 0x01CC, 0x01CC, 0x01CC, 0x01CC, 0x01CC, 0x01CC, 0x01CC, 0x01CC,
  0x01CC, 0x01CC, 0x01CC, 0x01CC, 0x01CC, 0x01CC, 0x01CC, 0x01CC, 0x01CC, 0x01CC, 0x01CC, 0x01CC,
  0x01CC, 0x01CC, 0x01CC, 0x01CC, 0x01CC, 0x01CC, 0x01CC, 0x01CC, 0x01CC, 0x01CC, 0x01CC, 0x01CC,
  0x01CC, 0x01CC, 0x01CC, 0x01CC, 0x01CC, 0x01CC, 0x01CC, 0x01CC, 0x01CC, 0x01CC, 0x01CC, 0x01CC,
  0x01CC, 0x01CC, 0x01CC, 0x01CC, 0x01CC, 0x01CC, 0x01CC, 0x01CC, 0x01EC, 0x0A0D, 0x1A6E, 0x2AF0,
  0x5C13, 0x9557, 0xC69B, 0xEF9E, 0xFFDF, 0xFFFF, 0xFFFF, 0xFFFF, 0xFFFF, 0xFFFF, 0xFFFF, 0xFFFF,
  0xFFFF, 0xFFFF, 0xFFFF, 0xFFFF, 0xFFFF, 0xFFFF, 0xFFFF, 0xFFFF, 0xFFFF, 0xFFFF, 0xFFFF, 0xFFFF,
  0xFFFF, 0xFFFF, 0xFFFF, 0xFFFF, 0xFFFF, 0xFFFF, 0xFFFF, 0xFFFF, 0xFFFF, 0xFFFF, 0xFFFF, 0xFFFF,
  0xFFFF, 0xFFFF, 0xFFFF, 0xFFFF, 0xFFFF, 0xFFFF, 0xFFFF, 0xFFFF, 0xFFFF, 0xFFFF, 0xFFFF, 0xFFFF,
  0xFFFF, 0xFFFF, 0xFFFF, 0xFFFF, 0xFFFF, 0xFFFF, 0xFFFF, 0xFFFF, 0xFFFF, 0xFFFF, 0xFFFF, 0xFFFF,
  0xFFFF, 0xFFFF, 0xFFFF, 0xFFFF, 0xFFFF, 0xFFFF, 0xFFFF, 0xFFFF, 0xFFFF, 0xFFFF, 0xFFFF, 0xFFFF,
  0xFFFF, 0xFFFF, 0xFFFF, 0xFFDF, 0xE75D, 0xC6BB, 0x9DB8, 0x7CB5, 0x53D3, 0x3310, 0x228F, 0x124E,
  0x0A2D, 0x0A0D, 0x01EC, 0x01CC, 0x01CC, 0x01CC, 0x01CC, 0x01CC, 0x01CC, 0x01CC, 0x01CC, 0x01CC,
  0x01CC, 0x01CC, 0x01CC, 0x01CC, 0x01CC, 0x01CC, 0x01CC, 0x01CC, 0x01CC, 0x01CC, 0x01CC, 0x01CC,
  0x01CC, 0x01CC, 0x01CC, 0x01CC, 0x01CC, 0x01CC, 0x01CC, 0x01CC, 0x01CC, 0x01CC, 0x01CC, 0x01CC,
  0x01CC, 0x01CC, 0x01CC, 0x01CC, 0x01CC, 0x01CC, 0x01CC, 0x01CC, 0x01CC, 0x01CC, 0x01CC, 0x01CC,
  0x01CC, 0x01CC, 0x01CC, 0x01CC, 0x01CC, 0x01CC, 0x01CC, 0x01CC, 0x01CC, 0x01CC, 0x01CC, 0x01CC,
  0x01CC, 0x01CC, 0x01CC, 0x01CC, 0x01CC, 0x01CC, 0x01CC, 0x01CC, 0x01CC, 0x01CC, 0x01CC, 0x01CC,
  0x01CC, 0x01CC, 0x01CC, 0x01CC, 0x01CC, 0x01CC, 0x01CC, 0x01CC, 0x01CC, 0x01CC, 0x01CC, 0x01CC,
  0x01CC, 0x01CC, 0x01CC, 0x01CC, 0x01CC, 0x01CC, 0x01CC, 0x01CC, 0x01CC, 0x01CC, 0x01CC, 0x01CC,
  0x01CC, 0x01CC, 0x01CC, 0x01CC, 0x01CC, 0x01CC, 0x01CC, 0x01CC, 0x01CC, 0x01CC, 0x01CC, 0x01CC,
  0x01CC, 0x01CC, 0x01CC, 0x01CC, 0x01CC, 0x01CC, 0x01CC, 0x01CC, 0x01CC, 0x01CC, 0x01CC, 0x01CC,
  0x01CC, 0x01CC, 0x01CC, 0x01CC, 0x01CC, 0x01CC, 0x01CC, 0x01CC, 0x01CC, 0x01CC, 0x01CC, 0x01CC,
  0x01CC, 0x01CC, 0x01CC, 0x01CC, 0x01CC, 0x01CC, 0x01CC, 0x01CC, 0x01CC, 0x01CC, 0x01CC, 0x01CC,
  0x01CC, 0x01CC, 0x01CC, 0x01CC, 0x01CC, 0x01CC, 0x01CC, 0x01CC, 0x01CC, 0x01CC, 0x01CC, 0x01CC,
  0x01CC, 0x01CC, 0x01CC, 0x01CC, 0x01CC, 0x01CC, 0x01CC, 0x01CC, 0x01CC, 0x01CC, 0x01CC, 0x01CC,
  0x01CC, 0x01CC, 0x01CC, 0x01CC, 0x01CC, 0x01CC, 0x01CC, 0x01CC, 0x01CC, 0x01CC, 0x01CC, 0x01CC,
  0x01CC, 0x01CC, 0x01CC, 0x01CC, 0x01CC, 0x01CC, 0x01CC, 0x01CC, 0x01CC, 0x01CC, 0x01CC, 0x01CC,
  0x01CC, 0x01CC, 0x01CC, 0x01CC, 0x01CC, 0x01CC, 0x01CC, 0x01CC, 0x01CC, 0x01CC, 0x01CC, 0x01CC,
  0x01CC, 0x01CC, 0x01CC, 0x01CC, 0x01CC, 0x01CC, 0x01CC, 0x01CC, 0x01CC, 0x01CC, 0x01CC, 0x01CC,
  0x01CC, 0x01CC, 0x01CC, 0x01CC, 0x01CC, 0x01CC, 0x01CC, 0x01CC, 0x01CC, 0x01CC, 0x01CC, 0x01CC,
  0x01CC, 0x01CC, 0x01CC, 0x01CC, 0x01CC, 0x01CC, 0x01CC, 0x01CC, 0x01CC, 0x01CC, 0x01CC, 0x01CC,
  0x01CC, 0x01CC, 0x01CC, 0x01CC, 0x01CC, 0x01CC, 0x01CC, 0x01CC, 0x01CC, 0x01CC, 0x01CC, 0x01CC,
  0x01CC, 0x01CC, 0x01CC, 0x01CC, 0x01CC, 0x01CC, 0x01CC, 0x01CC, 0x01CC, 0x01CC, 0x01CC, 0x01CC,
  0x01CC, 0x01CC, 0x01CC, 0x01CC, 0x01CC, 0x01CC, 0x01CC, 0x01CC, 0x01CC, 0x01CC, 0x01CC, 0x01CC,
  0x01CC, 0x01CC, 0x01CC, 0x01CC, 0x01CC, 0x01CC, 0x01CC, 0x01CC, 0x01CC, 0x01CC, 0x01CC, 0x01CC,
  0x01CC, 0x01CC, 0x01CC, 0x01CC, 0x01CC, 0x01CC, 0x01CC, 0x01CC, 0x01CC, 0x01CC, 0x01CC, 0x01CC,
  0x01CC, 0x01CC, 0x01CC, 0x01CC, 0x01CC, 0x01CC, 0x01CC, 0x01CC, 0x01CC, 0x01CC, 0x01CC, 0x01CC,
  0x01CC, 0x01CC, 0x01CC, 0x01CC, 0x01CC, 0x01CC, 0x01CC, 0x01CC, 0x01CC, 0x01CC, 0x01CC, 0x01CC,
  0x01CC, 0x01CC, 0x01CC, 0x01CC, 0x01CC, 0x01CC, 0x01CC, 0x01CC, 0x01CC, 0x01CC, 0x01CC, 0x01CC,
  0x01CC, 0x01CC, 0x01CC, 0x01CC, 0x01CC, 0x01CC, 0x01CC, 0x01CC, 0x01CC, 0x01CC, 0x01CC, 0x01CC,
  0x01CC, 0x01CC, 0x01CC, 0x01CC, 0x01CC, 0x01CC, 0x01CC, 0x01CC, 0x01CC, 0x01CC, 0x01CC, 0x01CC,
  0x01CC, 0x01CC, 0x01CC, 0x01CC, 0x01CC, 0x01CC, 0x01CC, 0x01CC, 0x01CC, 0x01CC, 0x01CC, 0x01CC,
  0x01CC, 0x01CC, 0x01CC, 0x01CC, 0x01CC, 0x01CC, 0x01CC, 0x01CC, 0x01CC, 0x01CC, 0x01CC, 0x01CC,
  0x01CC, 0x01CC, 0x01CC, 0x01CC, 0x01CC, 0x01CC, 0x01CC, 0x0A0D, 0x22AF, 0x53D2, 0x8D16, 0xBE5A,
  0xD6DC, 0xE75D, 0xF7BE, 0xFFDF, 0xFFFF, 0xFFFF, 0xFFFF, 0xFFFF, 0xFFFF, 0xFFFF, 0xFFFF, 0xFFFF,
  0xFFFF, 0xFFFF, 0xFFFF, 0xFFFF, 0xFFFF, 0xFFFF, 0xFFFF, 0xFFFF, 0xFFFF, 0xFFFF, 0xFFFF, 0xFFFF,
  0xFFFF, 0xFFFF, 0xFFFF, 0xFFFF, 0xFFFF, 0xFFFF, 0xFFFF, 0xFFFF, 0xFFFF, 0xFFFF, 0xFFFF, 0xFFFF,
  0xFFFF, 0xFFFF, 0xFFFF, 0xFFFF, 0xFFFF, 0xFFFF, 0xFFFF, 0xFFFF, 0xFFFF, 0xFFFF, 0xFFFF, 0xFFFF,
  0xFFFF, 0xFFFF, 0xFFFF, 0xFFFF, 0xFFFF, 0xFFFF, 0xFFFF, 0xFFFF, 0xFFFF, 0xFFFF, 0xFFFF, 0xFFFF,
  0xFFFF, 0xFFFF, 0xFFFF, 0xFFFF, 0xFFFF, 0xFFFF, 0xFFFF, 0xFFFF, 0xFFFF, 0xFFFF, 0xFFFF, 0xFFFF,
  0xFFFF, 0xFFFF, 0xFFFF, 0xFFFF, 0xFFDF, 0xF7BE, 0xE77E, 0xDF3D, 0xD6DC, 0xC67B, 0xADF9, 0x8D37,
  0x6454, 0x4371, 0x228F, 0x0A0D, 0x01CC, 0x01CC, 0x01CC, 0x01CC, 0x01CC, 0x01CC, 0x01CC, 0x01CC,
  0x01CC, 0x01CC, 0x01CC, 0x01CC, 0x01CC, 0x01CC, 0x01CC, 0x01CC, 0x01CC, 0x01CC, 0x01CC, 0x01CC,
  0x01CC, 0x01CC, 0x01CC, 0x01CC, 0x01CC, 0x01CC, 0x01CC, 0x01CC, 0x01CC, 0x01CC, 0x01CC, 0x01CC,
  0x01CC, 0x01CC, 0x01CC, 0x01CC, 0x01CC, 0x01CC, 0x01CC, 0x01CC, 0x01CC, 0x01CC, 0x01CC, 0x01CC,
  0x01CC, 0x01CC, 0x01CC, 0x01CC, 0x01CC, 0x01CC, 0x01CC, 0x01CC, 0x01CC, 0x01CC, 0x01CC, 0x01CC,
  0x01CC, 0x01CC, 0x01CC, 0x01CC, 0x01CC, 0x01CC, 0x01CC, 0x01CC, 0x01CC, 0x01CC, 0x01CC, 0x01CC,
  0x01CC, 0x01CC, 0x01CC, 0x01CC, 0x01CC, 0x01CC, 0x01CC, 0x01CC, 0x01CC, 0x01CC, 0x01CC, 0x01CC,
  0x01CC, 0x01CC, 0x01CC, 0x01CC, 0x01CC, 0x01CC, 0x01CC, 0x01CC, 0x01CC, 0x01CC, 0x01CC, 0x01CC,
  0x01CC, 0x01CC, 0x01CC, 0x01CC, 0x01CC, 0x01CC, 0x01CC, 0x01CC, 0x01CC, 0x01CC, 0x01CC, 0x01CC,
  0x01CC, 0x01CC, 0x01CC, 0x01CC, 0x01CC, 0x01CC, 0x01CC, 0x01CC, 0x01CC, 0x01CC, 0x01CC, 0x01CC,
  0x01CC, 0x01CC, 0x01CC, 0x01CC, 0x01CC, 0x01CC, 0x01CC, 0x01CC, 0x01CC, 0x01CC, 0x01CC, 0x01CC,
  0x01CC, 0x01CC, 0x01CC, 0x01CC, 0x01CC, 0x01CC, 0x01CC, 0x01CC, 0x01CC, 0x01CC, 0x01CC, 0x01CC,
  0x01CC, 0x01CC, 0x01CC, 0x01CC, 0x01CC, 0x01CC, 0x01CC, 0x01CC, 0x01CC, 0x01CC, 0x01CC, 0x01CC,
  0x01CC, 0x01CC, 0x01CC, 0x01CC, 0x01CC, 0x01CC, 0x01CC, 0x01CC, 0x01CC, 0x01CC, 0x01CC, 0x01CC,
  0x01CC, 0x01CC, 0x01CC, 0x01CC, 0x01CC, 0x01CC, 0x01CC, 0x01CC, 0x01CC, 0x01CC, 0x01CC, 0x01CC,
  0x01CC, 0x01CC, 0x01CC, 0x01CC, 0x01CC, 0x01CC, 0x01CC, 0x01CC, 0x01CC, 0x01CC, 0x01CC, 0x01CC,
  0x01CC, 0x01CC, 0x01CC, 0x01CC, 0x01CC, 0x01CC, 0x01CC, 0x01CC, 0x01CC, 0x01CC, 0x01CC, 0x01CC,
  0x01CC, 0x01CC, 0x01CC, 0x01CC, 0x01CC, 0x01CC, 0x01CC, 0x01CC, 0x01CC, 0x01CC, 0x01CC, 0x01CC,
  0x01CC, 0x01CC, 0x01CC, 0x01CC, 0x01CC, 0x01CC, 0x01CC, 0x01CC, 0x01CC, 0x01CC, 0x01CC, 0x01CC,
  0x01CC, 0x01CC, 0x01CC, 0x01CC, 0x01CC, 0x01CC, 0x01CC, 0x01CC, 0x01CC, 0x01CC, 0x01CC, 0x01CC,
  0x01CC, 0x01CC, 0x01CC, 0x01CC, 0x01CC, 0x01CC, 0x01CC, 0x01CC, 0x01CC, 0x01CC, 0x01CC, 0x01CC,
  0x01CC, 0x01CC, 0x01CC, 0x01CC, 0x01CC, 0x01CC, 0x01CC, 0x01CC, 0x01CC, 0x01CC, 0x01CC, 0x01CC,
  0x01CC, 0x01CC, 0x01CC, 0x01CC, 0x01CC, 0x01CC, 0x01CC, 0x01CC, 0x01CC, 0x01CC, 0x01CC, 0x01CC,
  0x01CC, 0x01CC, 0x01CC, 0x01CC, 0x01CC, 0x01CC, 0x01CC, 0x01CC, 0x01CC, 0x01CC, 0x01CC, 0x01CC,
  0x01CC, 0x01CC, 0x01CC, 0x01CC, 0x01CC, 0x01CC, 0x01CC, 0x01CC, 0x01CC, 0x01CC, 0x01CC, 0x01CC,
  0x01CC, 0x01CC, 0x01CC, 0x01CC, 0x01CC, 0x01CC, 0x01CC, 0x01CC, 0x01CC, 0x01CC, 0x01CC, 0x01CC,
  0x01CC, 0x01CC, 0x01CC, 0x01CC, 0x01CC, 0x01CC, 0x01CC, 0x01CC, 0x01CC, 0x01CC, 0x01CC, 0x01CC,
  0x01CC, 0x01CC, 0x01CC, 0x01CC, 0x01CC, 0x01CC, 0x01CC, 0x01CC, 0x01CC, 0x01CC, 0x01CC, 0x01CC,
  0x01CC, 0x01CC, 0x01CC, 0x01CC, 0x01CC, 0x01CC, 0x01CC, 0x01CC, 0x01CC, 0x01CC, 0x01CC, 0x01CC,
  0x01CC, 0x01CC, 0x01CC, 0x01CC, 0x01CC, 0x01CC, 0x01CC, 0x01CC, 0x01CC, 0x01CC, 0x01CC, 0x01CC,
  0x01CC, 0x01CC, 0x01CC, 0x01CC, 0x01CC, 0x01CC, 0x01CC, 0x01CC, 0x01CC, 0x01CC, 0x01CC, 0x01CC,
  0x01CC, 0x01CC, 0x01CC, 0x01CC, 0x01CC, 0x01CC, 0x01CC, 0x01CC, 0x01CC, 0x01CC, 0x01CC, 0x01CC,
  0x01CC, 0x01CC, 0x01CC, 0x01CC, 0x01ED, 0x124E, 0x3B30, 0x5C13, 0x84F6, 0xADF9, 0xD6DC, 0xF7BE,
  0xFFFF, 0xFFFF, 0xFFFF, 0xFFFF, 0xFFFF, 0xFFFF, 0xFFFF, 0xFFFF, 0xFFFF, 0xFFFF, 0xFFFF, 0xFFFF,
  0xFFFF, 0xFFFF, 0xFFFF, 0xFFFF, 0xFFFF, 0xFFFF, 0xFFFF, 0xFFFF, 0xFFFF, 0xFFFF, 0xFFFF, 0xFFFF,
  0xFFFF, 0xFFFF, 0xFFFF, 0xFFFF, 0xFFFF, 0xFFFF, 0xFFFF, 0xFFFF, 0xFFFF, 0xFFFF, 0xFFFF, 0xFFFF,
  0xFFFF, 0xFFFF, 0xFFFF, 0xFFFF, 0xFFFF, 0xFFFF, 0xFFFF, 0xFFFF, 0xFFFF, 0xFFFF, 0xFFFF, 0xFFFF,
  0xFFFF, 0xFFFF, 0xFFFF, 0xFFFF, 0xFFFF, 0xFFFF, 0xFFFF, 0xFFFF, 0xFFFF, 0xFFFF, 0xFFFF, 0xFFFF,
  0xFFFF, 0xFFFF, 0xFFFF, 0xFFFF, 0xFFFF, 0xFFFF, 0xFFFF, 0xFFFF, 0xFFFF, 0xFFFF, 0xFFFF, 0xFFFF,
  0xFFFF, 0xFFFF, 0xFFFF, 0xFFFF, 0xFFFF, 0xFFFF, 0xFFFF, 0xFFFF, 0xFFFF, 0xF7DF, 0xEF7E, 0xD6FC,
  0xBE5A, 0x9DB8, 0x84F6, 0x6434, 0x53B2, 0x3B51, 0x22AF, 0x124E, 0x01EC, 0x01CC, 0x01CC, 0x01CC,
  0x01CC, 0x01CC, 0x01CC, 0x01CC, 0x01CC, 0x01CC, 0x01CC, 0x01CC, 0x01CC, 0x01CC, 0x01CC, 0x01CC,
  0x01CC, 0x01CC, 0x01CC, 0x01CC, 0x01CC, 0x01CC, 0x01CC, 0x01CC, 0x01CC, 0x01CC, 0x01CC, 0x01CC,
  0x01CC, 0x01CC, 0x01CC, 0x01CC, 0x01CC, 0x01CC, 0x01CC, 0x01CC, 0x01CC, 0x01CC, 0x01CC, 0x01CC,
  0x01CC, 0x01CC, 0x01CC, 0x01CC, 0x01CC, 0x01CC, 0x01CC, 0x01CC, 0x01CC, 0x01CC, 0x01CC, 0x01CC,
  0x01CC, 0x01CC, 0x01CC, 0x01CC, 0x01CC, 0x01CC, 0x01CC, 0x01CC, 0x01CC, 0x01CC, 0x01CC, 0x01CC,
  0x01CC, 0x01CC, 0x01CC, 0x01CC, 0x01CC, 0x01CC, 0x01CC, 0x01CC, 0x01CC, 0x01CC, 0x01CC, 0x01CC,
  0x01CC, 0x01CC, 0x01CC, 0x01CC, 0x01CC, 0x01CC, 0x01CC, 0x01CC, 0x01CC, 0x01CC, 0x01CC, 0x01CC,
  0x01CC, 0x01CC, 0x01CC, 0x01CC, 0x01CC, 0x01CC, 0x01CC, 0x01CC, 0x01CC, 0x01CC, 0x01CC, 0x01CC,
  0x01CC, 0x01CC, 0x01CC, 0x01CC, 0x01CC, 0x01CC, 0x01CC, 0x01CC, 0x01CC, 0x01CC, 0x01CC, 0x01CC,
  0x01CC, 0x01CC, 0x01CC, 0x01CC, 0x01CC, 0x01CC, 0x01CC, 0x01CC, 0x01CC, 0x01CC, 0x01CC, 0x01CC,
  0x01CC, 0x01CC, 0x01CC, 0x01CC, 0x01CC, 0x01CC, 0x01CC, 0x01CC, 0x01CC, 0x01CC, 0x01CC, 0x01CC,
  0x01CC, 0x01CC, 0x01CC, 0x01CC, 0x01CC, 0x01CC, 0x01CC, 0x01CC, 0x01CC, 0x01CC, 0x01CC, 0x01CC,
  0x01CC, 0x01CC, 0x01CC, 0x01CC, 0x01CC, 0x01CC, 0x01CC, 0x01CC, 0x01CC, 0x01CC, 0x01CC, 0x01CC,
  0x01CC, 0x01CC, 0x01CC, 0x01CC, 0x01CC, 0x01CC, 0x01CC, 0x01CC, 0x01CC, 0x01CC, 0x01CC, 0x01CC,
  0x01CC, 0x01CC, 0x01CC, 0x01CC, 0x01CC, 0x01CC, 0x01CC, 0x01CC, 0x01CC, 0x01CC, 0x01CC, 0x01CC,
  0x01CC, 0x01CC, 0x01CC, 0x01CC, 0x01CC, 0x01CC, 0x01CC, 0x01CC, 0x01CC, 0x01CC, 0x01CC, 0x01CC,
  0x01CC, 0x01CC, 0x01CC, 0x01CC, 0x01CC, 0x01CC, 0x01CC, 0x01CC, 0x01CC, 0x01CC, 0x01CC, 0x01CC,
  0x01CC, 0x01CC, 0x01CC, 0x01CC, 0x01CC, 0x01CC, 0x01CC, 0x01CC, 0x01CC, 0x01CC, 0x01CC, 0x01CC,
  0x01CC, 0x01CC, 0x01CC, 0x01CC, 0x01CC, 0x01CC, 0x01CC, 0x01CC, 0x01CC, 0x01CC, 0x01CC, 0x01CC,
  0x01CC, 0x01CC, 0x01CC, 0x01CC, 0x01CC, 0x01CC, 0x01CC, 0x01CC, 0x01CC, 0x01CC, 0x01CC, 0x01CC,
  0x01CC, 0x01CC, 0x01CC, 0x01CC, 0x01CC, 0x01CC, 0x01CC, 0x01CC, 0x01CC, 0x01CC, 0x01CC, 0x01CC,
  0x01CC, 0x01CC, 0x01CC, 0x01CC, 0x01CC, 0x01CC, 0x01CC, 0x01CC, 0x01CC, 0x01CC, 0x01CC, 0x01CC,
  0x01CC, 0x01CC, 0x01CC, 0x01CC, 0x01CC, 0x01CC, 0x01CC, 0x01CC, 0x01CC, 0x01CC, 0x01CC, 0x01CC,
  0x01CC, 0x01CC, 0x01CC, 0x01CC, 0x01CC, 0x01CC, 0x01CC, 0x01CC, 0x01CC, 0x01CC, 0x01CC, 0x01CC,
  0x01CC, 0x01CC, 0x01CC, 0x01CC, 0x01CC, 0x01CC, 0x01CC, 0x01CC, 0x01CC, 0x01CC, 0x01CC, 0x01CC,
  0x01CC, 0x01CC, 0x01CC, 0x01CC, 0x01CC, 0x01CC, 0x01CC, 0x01CC, 0x01CC, 0x01CC, 0x01CC, 0x01CC,
  0x01CC, 0x01CC, 0x01CC, 0x01CC, 0x01CC, 0x01CC, 0x01CC, 0x01CC, 0x01CC, 0x01CC, 0x01CC, 0x01CC,
  0x01CC, 0x01CC, 0x01CC, 0x01CC, 0x01CC, 0x01CC, 0x01CC, 0x01CC, 0x01CC, 0x01CC, 0x01CC, 0x01CC,
  0x01CC, 0x01CC, 0x01CC, 0x01CC, 0x01CC, 0x01CC, 0x01CC, 0x01CC, 0x01CC, 0x01CC, 0x01CC, 0x01CC,
  0x01CC, 0x01CC, 0x01CC, 0x01CC, 0x01CC, 0x01CC, 0x01CC, 0x01CC, 0x01CC, 0x01CC, 0x01CC, 0x01CC,
  0x01CC, 0x01CC, 0x01CC, 0x01CC, 0x01CC, 0x01CC, 0x01CC, 0x01CC, 0x01CC, 0x01CC, 0x01CC, 0x01CC,
  0x01CC, 0x01CC, 0x01EC, 0x0A0D, 0x22AF, 0x4391, 0x8D37, 0xC69B, 0xEF9E, 0xFFFF, 0xFFFF, 0xFFFF,
  0xFFFF, 0xFFFF, 0xFFFF, 0xFFFF, 0xFFFF, 0xFFFF, 0xFFFF, 0xFFFF, 0xFFFF, 0xFFFF, 0xFFFF, 0xFFFF,
  0xFFFF, 0xFFFF, 0xFFFF, 0xFFFF, 0xFFFF, 0xFFFF, 0xFFFF, 0xFFFF, 0xFFFF, 0xFFFF, 0xFFFF, 0xFFFF,
  0xFFFF, 0xFFFF, 0xFFFF, 0xFFFF, 0xFFFF, 0xFFFF, 0xFFFF, 0xFFFF, 0xFFFF, 0xFFFF, 0xFFFF, 0xFFFF,
  0xFFFF, 0xFFFF, 0xFFFF, 0xFFFF, 0xFFFF, 0xFFFF, 0xFFFF, 0xFFFF, 0xFFFF, 0xFFFF, 0xFFFF, 0xFFFF,
  0xFFFF, 0xFFFF, 0xFFFF, 0xFFFF, 0xFFFF, 0xFFFF, 0xFFFF, 0xFFFF, 0xFFFF, 0xFFFF, 0xFFFF, 0xFFFF,
  0xFFFF, 0xFFFF, 0xFFFF, 0xFFFF, 0xFFFF, 0xFFFF, 0xFFFF, 0xFFFF, 0xFFFF, 0xFFFF, 0xFFFF, 0xFFFF,
  0xFFFF, 0xFFFF, 0xFFFF, 0xFFFF, 0xFFFF, 0xFFFF, 0xFFFF, 0xFFFF, 0xFFFF, 0xFFFF, 0xFFFF, 0xFFFF,
  0xFFFF, 0xFFFF, 0xF7BF, 0xDF1D, 0xBE5A, 0x9578, 0x6C54, 0x4371, 0x22AF, 0x124E, 0x0A2D, 0x0A0D,
  0x01EC, 0x01CC, 0x01CC, 0x01CC, 0x01CC, 0x01CC, 0x01CC, 0x01CC, 0x01CC, 0x01CC, 0x01CC, 0x01CC,
  0x01CC, 0x01CC, 0x01CC, 0x01CC, 0x01CC, 0x01CC, 0x01CC, 0x01CC, 0x01CC, 0x01CC, 0x01CC, 0x01CC,
  0x01CC, 0x01CC, 0x01CC, 0x01CC, 0x01CC, 0x01CC, 0x01CC, 0x01CC, 0x01CC, 0x01CC, 0x01CC, 0x01CC,
  0x01CC, 0x01CC, 0x01CC, 0x01CC, 0x01CC, 0x01CC, 0x01CC, 0x01CC, 0x01CC, 0x01CC, 0x01CC, 0x01CC,
  0x01CC, 0x01CC, 0x01CC, 0x01CC, 0x01CC, 0x01CC, 0x01CC, 0x01CC, 0x01CC, 0x01CC, 0x01CC, 0x01CC,
  0x01CC, 0x01CC, 0x01CC, 0x01CC, 0x01CC, 0x01CC, 0x01CC, 0x01CC, 0x01CC, 0x01CC, 0x01CC, 0x01CC,
  0x01CC, 0x01CC, 0x01CC, 0x01CC, 0x01CC, 0x01CC, 0x01CC, 0x01CC, 0x01CC, 0x01CC, 0x01CC, 0x01CC,
  0x01CC, 0x01CC, 0x01CC, 0x01CC, 0x01CC, 0x01CC, 0x01CC, 0x01CC, 0x01CC, 0x01CC, 0x01CC, 0x01CC,
  0x01CC, 0x01CC, 0x01CC, 0x01CC, 0x01CC, 0x01CC, 0x01CC, 0x01CC, 0x01CC, 0x01CC, 0x01CC, 0x01CC,
  0x01CC, 0x01CC, 0x01CC, 0x01CC, 0x01CC, 0x01CC, 0x01CC, 0x01CC, 0x01CC, 0x01CC, 0x01CC, 0x01CC,
  0x01CC, 0x01CC, 0x01CC, 0x01CC, 0x01CC, 0x01CC, 0x01CC, 0x01CC, 0x01CC, 0x01CC, 0x01CC, 0x01CC,
  0x01CC, 0x01CC, 0x01CC, 0x01CC, 0x01CC, 0x01CC, 0x01CC, 0x01CC, 0x01CC, 0x01CC, 0x01CC, 0x01CC,
  0x01CC, 0x01CC, 0x01CC, 0x01CC, 0x01CC, 0x01CC, 0x01CC, 0x01CC, 0x01CC, 0x01CC, 0x01CC, 0x01CC,
  0x01CC, 0x01CC, 0x01CC, 0x01CC, 0x01CC, 0x01CC, 0x01CC, 0x01CC, 0x01CC, 0x01CC, 0x01CC, 0x01CC,
  0x01CC, 0x01CC, 0x01CC, 0x01CC, 0x01CC, 0x01CC, 0x01CC, 0x01CC, 0x01CC, 0x01CC, 0x01CC, 0x01CC,
  0x01CC, 0x01CC, 0x01CC, 0x01CC, 0x01CC, 0x01CC, 0x01CC, 0x01CC, 0x01CC, 0x01CC, 0x01CC, 0x01CC,
  0x01CC, 0x01CC, 0x01CC, 0x01CC, 0x01CC, 0x01CC, 0x01CC, 0x01CC, 0x01CC, 0x01CC, 0x01CC, 0x01CC,
  0x01CC, 0x01CC, 0x01CC, 0x01CC, 0x01CC, 0x01CC, 0x01CC, 0x01CC, 0x01CC, 0x01CC, 0x01CC, 0x01CC,
  0x01CC, 0x01CC, 0x01CC, 0x01CC, 0x01CC, 0x01CC, 0x01CC, 0x01CC, 0x01CC, 0x01CC, 0x01CC, 0x01CC,
  0x01CC, 0x01CC, 0x01CC, 0x01CC, 0x01CC, 0x01CC, 0x01CC, 0x01CC, 0x01CC, 0x01CC, 0x01CC, 0x01CC,
  0x01CC, 0x01CC, 0x01CC, 0x01CC, 0x01CC, 0x01CC, 0x01CC, 0x01CC, 0x01CC, 0x01CC, 0x01CC, 0x01CC,
  0x01CC, 0x01CC, 0x01CC, 0x01CC, 0x01CC, 0x01CC, 0x01CC, 0x01CC, 0x01CC, 0x01CC, 0x01CC, 0x01CC,
  0x01CC, 0x01CC, 0x01CC, 0x01CC, 0x01CC, 0x01CC, 0x01CC, 0x01CC, 0x01CC, 0x01CC, 0x01CC, 0x01CC,
  0x01CC, 0x01CC, 0x01CC, 0x01CC, 0x01CC, 0x01CC, 0x01CC, 0x01CC, 0x01CC, 0x01CC, 0x01CC, 0x01CC,
  0x01CC, 0x01CC, 0x01CC, 0x01CC, 0x01CC, 0x01CC, 0x01CC, 0x01CC, 0x01CC, 0x01CC, 0x01CC, 0x01CC,
  0x01CC, 0x01CC, 0x01CC, 0x01CC, 0x01CC, 0x01CC, 0x01CC, 0x01CC, 0x01CC, 0x01CC, 0x01CC, 0x01CC,
  0x01CC, 0x01CC, 0x01CC, 0x01CC, 0x01CC, 0x01CC, 0x01CC, 0x01CC, 0x01CC, 0x01CC, 0x01CC, 0x01CC,
  0x01CC, 0x01CC, 0x01CC, 0x01CC, 0x01CC, 0x01CC, 0x01CC, 0x01CC, 0x01CC, 0x01CC, 0x01CC, 0x01CC,
  0x01CC, 0x01CC, 0x01CC, 0x01CC, 0x01CC, 0x01CC, 0x01CC, 0x01CC, 0x01CC, 0x01CC, 0x01CC, 0x01CC,
  0x01CC, 0x01CC, 0x01CC, 0x01CC, 0x01CC, 0x01CC, 0x01CC, 0x01CC, 0x01CC, 0x01CC, 0x01CC, 0x01CC,
  0x01CC, 0x01CC, 0x01CC, 0x01CC, 0x01CC, 0x01CC, 0x01CC, 0x01CC, 0x01CC, 0x01CC, 0x01CC, 0x01CC,
  0x01CC, 0x0A0D, 0x22AF, 0x5C13, 0x9578, 0xCEBB, 0xDF3D, 0xEF9E, 0xFFFF, 0xFFFF, 0xFFFF, 0xFFFF,
  0xFFFF, 0xFFFF, 0xFFFF, 0xFFFF, 0xFFFF, 0xFFFF, 0xFFFF, 0xFFFF, 0xFFFF, 0xFFFF, 0xFFFF, 0xFFFF,
  0xFFFF, 0xFFFF, 0xFFFF, 0xFFFF, 0xFFFF, 0xFFFF, 0xFFFF, 0xFFFF, 0xFFFF, 0xFFFF, 0xFFFF, 0xFFFF,
  0xFFFF, 0xFFFF, 0xFFFF, 0xFFFF, 0xFFFF, 0xFFFF, 0xFFFF, 0xFFFF, 0xFFFF, 0xFFFF, 0xFFFF, 0xFFFF,
  0xFFFF, 0xFFFF, 0xFFFF, 0xFFFF, 0xFFFF, 0xFFFF, 0xFFFF, 0xFFFF, 0xFFFF, 0xFFFF, 0xFFFF, 0xFFFF,
  0xFFFF, 0xFFFF, 0xFFFF, 0xFFFF, 0xFFFF, 0xFFFF, 0xFFFF, 0xFFFF, 0xFFFF, 0xFFFF, 0xFFFF, 0xFFFF,
  0xFFFF, 0xFFFF, 0xFFFF, 0xFFFF, 0xFFFF, 0xFFFF, 0xFFFF, 0xFFFF, 0xFFFF, 0xFFFF, 0xFFFF, 0xFFFF,
  0xFFFF, 0xFFFF, 0xFFFF, 0xFFFF, 0xFFFF, 0xFFFF, 0xFFFF, 0xFFFF, 0xFFFF, 0xFFFF, 0xFFFF, 0xFFFF,
  0xFFFF, 0xFFFF, 0xFFFF, 0xF7DF, 0xEF9E, 0xE75D, 0xDF1D, 0xCEBB, 0xB63A, 0x9557, 0x6C54, 0x4371,
  0x1A8F, 0x0A0D, 0x01CC, 0x01CC, 0x01CC, 0x01CC, 0x01CC, 0x01CC, 0x01CC, 0x01CC, 0x01CC, 0x01CC,
  0x01CC, 0x01CC, 0x01CC, 0x01CC, 0x01CC, 0x01CC, 0x01CC, 0x01CC, 0x01CC, 0x01CC, 0x01CC, 0x01CC,
  0x01CC, 0x01CC, 0x01CC, 0x01CC, 0x01CC, 0x01CC, 0x01CC, 0x01CC, 0x01CC, 0x01CC, 0x01CC, 0x01CC,
  0x01CC, 0x01CC, 0x01CC, 0x01CC, 0x01CC, 0x01CC, 0x01CC, 0x01CC, 0x01CC, 0x01CC, 0x01CC, 0x01CC,
  0x01CC, 0x01CC, 0x01CC, 0x01CC, 0x01CC, 0x01CC, 0x01CC, 0x01CC, 0x01CC, 0x01CC, 0x01CC, 0x01CC,
  0x01CC, 0x01CC, 0x01CC, 0x01CC, 0x01CC, 0x01CC, 0x01CC, 0x01CC, 0x01CC, 0x01CC, 0x01CC, 0x01CC,
  0x01CC, 0x01CC, 0x01CC, 0x01CC, 0x01CC, 0x01CC, 0x01CC, 0x01CC, 0x01CC, 0x01CC, 0x01CC, 0x01CC,
  0x01CC, 0x01CC, 0x01CC, 0x01CC, 0x01CC, 0x01CC, 0x01CC, 0x01CC, 0x01CC, 0x01CC, 0x01CC, 0x01CC,
  0x01CC, 0x01CC, 0x01CC, 0x01CC, 0x01CC, 0x01CC, 0x01CC, 0x01CC, 0x01CC, 0x01CC, 0x01CC, 0x01CC,
  0x01CC, 0x01CC, 0x01CC, 0x01CC, 0x01CC, 0x01CC, 0x01CC, 0x01CC, 0x01CC, 0x01CC, 0x01CC, 0x01CC,
  0x01CC, 0x01CC, 0x01CC, 0x01CC, 0x01CC, 0x01CC, 0x01CC, 0x01CC, 0x01CC, 0x01CC, 0x01CC, 0x01CC,
  0x01CC, 0x01CC, 0x01CC, 0x01CC, 0x01CC, 0x01CC, 0x01CC, 0x01CC, 0x01CC, 0x01CC, 0x01CC, 0x01CC,
  0x01CC, 0x01CC, 0x01CC, 0x01CC, 0x01CC, 0x01CC, 0x01CC, 0x01CC, 0x01CC, 0x01CC, 0x01CC, 0x01CC,
  0x01CC, 0x01CC, 0x01CC, 0x01CC, 0x01CC, 0x01CC, 0x01CC, 0x01CC, 0x01CC, 0x01CC, 0x01CC, 0x01CC,
  0x01CC, 0x01CC, 0x01CC, 0x01CC, 0x01CC, 0x01CC, 0x01CC, 0x01CC, 0x01CC, 0x01CC, 0x01CC, 0x01CC,
  0x01CC, 0x01CC, 0x01CC, 0x01CC, 0x01CC, 0x01CC, 0x01CC, 0x01CC, 0x01CC, 0x01CC, 0x01CC, 0x01CC,
  0x01CC, 0x01CC, 0x01CC, 0x01CC, 0x01CC, 0x01CC, 0x01CC, 0x01CC, 0x01CC, 0x01CC, 0x01CC, 0x01CC,
  0x01CC, 0x01CC, 0x01CC, 0x01CC, 0x01CC, 0x01CC, 0x01CC, 0x01CC, 0x01CC, 0x01CC, 0x01CC, 0x01CC,
  0x01CC, 0x01CC, 0x01CC, 0x01CC, 0x01CC, 0x01CC, 0x01CC, 0x01CC, 0x01CC, 0x01CC, 0x01CC, 0x01CC,
  0x01CC, 0x01CC, 0x01CC, 0x01CC, 0x01CC, 0x01CC, 0x01CC, 0x01CC, 0x01CC, 0x01CC, 0x01CC, 0x01CC,
  0x01CC, 0x01CC, 0x01CC, 0x01CC, 0x01CC, 0x01CC, 0x01CC, 0x01CC, 0x01CC, 0x01CC, 0x01CC, 0x01CC,
  0x01CC, 0x01CC, 0x01CC, 0x01CC, 0x01CC, 0x01CC, 0x01CC, 0x01CC, 0x01CC, 0x01CC, 0x01CC, 0x01CC,
  0x01CC, 0x01CC, 0x01CC, 0x01CC, 0x01CC, 0x01CC, 0x01CC, 0x01CC, 0x01CC, 0x01CC, 0x01CC, 0x01CC,
  0x01CC, 0x01CC, 0x01CC, 0x01CC, 0x01CC, 0x01CC, 0x01CC, 0x01CC, 0x01CC, 0x01CC, 0x01CC, 0x01CC,
  0x01CC, 0x01CC, 0x01CC, 0x01CC, 0x01CC, 0x01CC, 0x01CC, 0x01CC, 0x01CC, 0x01CC, 0x01CC, 0x01CC,
  0x01CC, 0x01CC, 0x01CC, 0x01CC, 0x01CC, 0x01CC, 0x01CC, 0x01CC, 0x01CC, 0x01CC, 0x01CC, 0x01CC,
  0x01CC, 0x01CC, 0x01CC, 0x01CC, 0x01CC, 0x01CC, 0x01CC, 0x01CC, 0x01CC, 0x01CC, 0x01CC, 0x01CC,
  0x01CC, 0x01CC, 0x01CC, 0x01CC, 0x01CC, 0x01CC, 0x01CC, 0x01CC, 0x01CC, 0x01CC, 0x01CC, 0x01CC,
  0x01CC, 0x01CC, 0x01CC, 0x01CC, 0x01CC, 0x01CC, 0x01CC, 0x01CC, 0x01CC, 0x01CC, 0x01CC, 0x01CC,
  0x01CC, 0x01CC, 0x01CC, 0x01CC, 0x01CC, 0x01CC, 0x01CC, 0x01CC, 0x01CC, 0x01CC, 0x01CC, 0x01CC,
  0x01CC, 0x01CC, 0x01CC, 0x01CC, 0x01CC, 0x01CC, 0x01CC, 0x01CC, 0x01CC, 0x01CC, 0x01EC, 0x122D,
  0x3310, 0x5C13, 0x8516, 0xB619, 0xDF1D, 0xFFFF, 0xFFFF, 0xFFFF, 0xFFFF, 0xFFFF, 0xFFFF, 0xFFFF,
  0xFFFF, 0xFFFF, 0xFFFF, 0xFFFF, 0xFFFF, 0xFFFF, 0xFFFF, 0xFFFF, 0xFFFF, 0xFFFF, 0xFFFF, 0xFFFF,
  0xFFFF, 0xFFFF, 0xFFFF, 0xFFFF, 0xFFFF, 0xFFFF, 0xFFFF, 0xFFFF, 0xFFFF, 0xFFFF, 0xFFFF, 0xFFFF,
  0xFFFF, 0xFFFF, 0xFFFF, 0xFFFF, 0xFFFF, 0xFFFF, 0xFFFF, 0xFFFF, 0xFFFF, 0xFFFF, 0xFFFF, 0xFFFF,
  0xFFFF, 0xFFFF, 0xFFFF, 0xFFFF, 0xFFFF, 0xFFFF, 0xFFFF, 0xFFFF, 0xFFFF, 0xFFFF, 0xFFFF, 0xFFFF,
  0xFFFF, 0xFFFF, 0xFFFF, 0xFFFF, 0xFFFF, 0xFFFF, 0xFFFF, 0xFFFF, 0xFFFF, 0xFFFF, 0xFFFF, 0xFFFF,
  0xFFFF, 0xFFFF, 0xFFFF, 0xFFFF, 0xFFFF, 0xFFFF, 0xFFFF, 0xFFFF, 0xFFFF, 0xFFFF, 0xFFFF, 0xFFFF,
  0xFFFF, 0xFFFF, 0xFFFF, 0xFFFF, 0xFFFF, 0xFFFF, 0xFFFF, 0xFFFF, 0xFFFF, 0xFFFF, 0xFFFF, 0xFFFF,
  0xFFFF, 0xFFFF, 0xFFFF, 0xFFFF, 0xFFFF, 0xFFFF, 0xFFFF, 0xFFFF, 0xF7BE, 0xDF1C, 0xBE5A, 0x9DB8,
  0x84F6, 0x6C74, 0x53D3, 0x4371, 0x2ACF, 0x124E, 0x0A0D, 0x01CC, 0x01CC, 0x01CC, 0x01CC, 0x01CC,
  0x01CC, 0x01CC, 0x01CC, 0x01CC, 0x01CC, 0x01CC, 0x01CC, 0x01CC, 0x01CC, 0x01CC, 0x01CC, 0x01CC,
  0x01CC, 0x01CC, 0x01CC, 0x01CC, 0x01CC, 0x01CC, 0x01CC, 0x01CC, 0x01CC, 0x01CC, 0x01CC, 0x01CC,
  0x01CC, 0x01CC, 0x01CC, 0x01CC, 0x01CC, 0x01CC, 0x01CC, 0x01CC, 0x01CC, 0x01CC, 0x01CC, 0x01CC,
  0x01CC, 0x01CC, 0x01CC, 0x01CC, 0x01CC, 0x01CC, 0x01CC, 0x01CC, 0x01CC, 0x01CC, 0x01CC, 0x01CC,
  0x01CC, 0x01CC, 0x01CC, 0x01CC, 0x01CC, 0x01CC, 0x01CC, 0x01CC, 0x01CC, 0x01CC, 0x01CC, 0x01CC,
  0x01CC, 0x01CC, 0x01CC, 0x01CC, 0x01CC, 0x01CC, 0x01CC, 0x01CC, 0x01CC, 0x01CC, 0x01CC, 0x01CC,
  0x01CC, 0x01CC, 0x01CC, 0x01CC, 0x01CC, 0x01CC, 0x01CC, 0x01CC, 0x01CC, 0x01CC, 0x01CC, 0x01CC,
  0x01CC, 0x01CC, 0x01CC, 0x01CC, 0x01CC, 0x01CC, 0x01CC, 0x01CC, 0x01CC, 0x01CC, 0x01CC, 0x01CC,
  0x01CC, 0x01CC, 0x01CC, 0x01CC, 0x01CC, 0x01CC, 0x01CC, 0x01CC, 0x01CC, 0x01CC, 0x01CC, 0x01CC,
  0x01CC, 0x01CC, 0x01CC, 0x01CC, 0x01CC, 0x01CC, 0x01CC, 0x01CC, 0x01CC, 0x01CC, 0x01CC, 0x01CC,
  0x01CC, 0x01CC, 0x01CC, 0x01CC, 0x01CC, 0x01CC, 0x01CC, 0x01CC, 0x01CC, 0x01CC, 0x01CC, 0x01CC,
  0x01CC, 0x01CC, 0x01CC, 0x01CC, 0x01CC, 0x01CC, 0x01CC, 0x01CC, 0x01CC, 0x01CC, 0x01CC, 0x01CC,
  0x01CC, 0x01CC, 0x01CC, 0x01CC, 0x01CC, 0x01CC, 0x01CC, 0x01CC, 0x01CC, 0x01CC, 0x01CC, 0x01CC,
  0x01CC, 0x01CC, 0x01CC, 0x01CC, 0x01CC, 0x01CC, 0x01CC, 0x01CC, 0x01CC, 0x01CC, 0x01CC, 0x01CC,
  0x01CC, 0x01CC, 0x01CC, 0x01CC, 0x01CC, 0x01CC, 0x01CC, 0x01CC, 0x01CC, 0x01CC, 0x01CC, 0x01CC,
  0x01CC, 0x01CC, 0x01CC, 0x01CC, 0x01CC, 0x01CC, 0x01CC, 0x01CC, 0x01CC, 0x01CC, 0x01CC, 0x01CC,
  0x01CC, 0x01CC, 0x01CC, 0x01CC, 0x01CC, 0x01CC, 0x01CC, 0x01CC, 0x01CC, 0x01CC, 0x01CC, 0x01CC,
  0x01CC, 0x01CC, 0x01CC, 0x01CC, 0x01CC, 0x01CC, 0x01CC, 0x01CC, 0x01CC, 0x01CC, 0x01CC, 0x01CC,
  0x01CC, 0x01CC, 0x01CC, 0x01CC, 0x01CC, 0x01CC, 0x01CC, 0x01CC, 0x01CC, 0x01CC, 0x01CC, 0x01CC,
  0x01CC, 0x01CC, 0x01CC, 0x01CC, 0x01CC, 0x01CC, 0x01CC, 0x01CC, 0x01CC, 0x01CC, 0x01CC, 0x01CC,
  0x01CC, 0x01CC, 0x01CC, 0x01CC, 0x01CC, 0x01CC, 0x01CC, 0x01CC, 0x01CC, 0x01CC, 0x01CC, 0x01CC,
  0x01CC, 0x01CC, 0x01CC, 0x01CC, 0x01CC, 0x01CC, 0x01CC, 0x01CC, 0x01CC, 0x01CC, 0x01CC, 0x01CC,
  0x01CC, 0x01CC, 0x01CC, 0x01CC, 0x01CC, 0x01CC, 0x01CC, 0x01CC, 0x01CC, 0x01CC, 0x01CC, 0x01CC,
  0x01CC, 0x01CC, 0x01CC, 0x01CC, 0x01CC, 0x01CC, 0x01CC, 0x01CC, 0x01CC, 0x01CC, 0x01CC, 0x01CC,
  0x01CC, 0x01CC, 0x01CC, 0x01CC, 0x01CC, 0x01CC, 0x01CC, 0x01CC, 0x01CC, 0x01CC, 0x01CC, 0x01CC,
  0x01CC, 0x01CC, 0x01CC, 0x01CC, 0x01CC, 0x01CC, 0x01CC, 0x01CC, 0x01CC, 0x01CC, 0x01CC, 0x01CC,
  0x01CC, 0x01CC, 0x01CC, 0x01CC, 0x01CC, 0x01CC, 0x01CC, 0x01CC, 0x01CC, 0x01CC, 0x01CC, 0x01CC,
  0x01CC, 0x01CC, 0x01CC, 0x01CC, 0x01CC, 0x01CC, 0x01CC, 0x01CC, 0x01CC, 0x01CC, 0x01CC, 0x01CC,
  0x01CC, 0x01CC, 0x01CC, 0x01CC, 0x01CC, 0x01CC, 0x01CC, 0x01CC, 0x01CC, 0x01CC, 0x01CC, 0x01CC,
  0x01CC, 0x01CC, 0x01CC, 0x01CC, 0x01CC, 0x01CC, 0x01CC, 0x01CC, 0x01CC, 0x0A0D, 0x1A6E, 0x3B51,
  0x84F6, 0xC69B, 0xF7DF, 0xFFFF, 0xFFFF, 0xFFFF, 0xFFFF, 0xFFFF, 0xFFFF, 0xFFFF, 0xFFFF, 0xFFFF,
  0xFFFF, 0xFFFF, 0xFFFF, 0xFFFF, 0xFFFF, 0xFFFF, 0xFFFF, 0xFFFF, 0xFFFF, 0xFFFF, 0xFFFF, 0xFFFF,
  0xFFFF, 0xFFFF, 0xFFFF, 0xFFFF, 0xFFFF, 0xFFFF, 0xFFFF, 0xFFFF, 0xFFFF, 0xFFFF, 0xFFFF, 0xFFFF,
  0xFFFF, 0xFFFF, 0xFFFF, 0xFFFF, 0xFFFF, 0xFFFF, 0xFFFF, 0xFFFF, 0xFFFF, 0xFFFF, 0xFFFF, 0xFFFF,
  0xFFFF, 0xFFFF, 0xFFFF, 0xFFFF, 0xFFFF, 0xFFFF, 0xFFFF, 0xFFFF, 0xFFFF, 0xFFFF, 0xFFFF, 0xFFFF,
  0xFFFF, 0xFFFF, 0xFFFF, 0xFFFF, 0xFFFF, 0xFFFF, 0xFFFF, 0xFFFF, 0xFFFF, 0xFFFF, 0xFFFF, 0xFFFF,
  0xFFFF, 0xFFFF, 0xFFFF, 0xFFFF, 0xFFFF, 0xFFFF, 0xFFFF, 0xFFFF, 0xFFFF, 0xFFFF, 0xFFFF, 0xFFFF,
  0xFFFF, 0xFFFF, 0xFFFF, 0xFFFF, 0xFFFF, 0xFFFF, 0xFFFF, 0xFFFF, 0xFFFF, 0xFFFF, 0xFFFF, 0xFFFF,
  0xFFFF, 0xFFFF, 0xFFFF, 0xFFFF, 0xFFFF, 0xFFFF, 0xFFFF, 0xFFFF, 0xFFFF, 0xFFFF, 0xFFFF, 0xFFFF,
  0xFFDF, 0xE75D, 0xCEBB, 0xA5B8, 0x7495, 0x4B92, 0x2ACF, 0x1A6E, 0x0A2D, 0x0A0D, 0x01ED, 0x01CC,
  0x01CC, 0x01CC, 0x01CC, 0x01CC, 0x01CC, 0x01CC, 0x01CC, 0x01CC, 0x01CC, 0x01CC, 0x01CC, 0x01CC,
  0x01CC, 0x01CC, 0x01CC, 0x01CC, 0x01CC, 0x01CC, 0x01CC, 0x01CC, 0x01CC, 0x01CC, 0x01CC, 0x01CC,
  0x01CC, 0x01CC, 0x01CC, 0x01CC, 0x01CC, 0x01CC, 0x01CC, 0x01CC, 0x01CC, 0x01CC, 0x01CC, 0x01CC,
  0x01CC, 0x01CC, 0x01CC, 0x01CC, 0x01CC, 0x01CC, 0x01CC, 0x01CC, 0x01CC, 0x01CC, 0x01CC, 0x01CC,
  0x01CC, 0x01CC, 0x01CC, 0x01CC, 0x01CC, 0x01CC, 0x01CC, 0x01CC, 0x01CC, 0x01CC, 0x01CC, 0x01CC,
  0x01CC, 0x01CC, 0x01CC, 0x01CC, 0x01CC, 0x01CC, 0x01CC, 0x01CC, 0x01CC, 0x01CC, 0x01CC, 0x01CC,
  0x01CC, 0x01CC, 0x01CC, 0x01CC, 0x01CC, 0x01CC, 0x01CC, 0x01CC, 0x01CC, 0x01CC, 0x01CC, 0x01CC,
  0x01CC, 0x01CC, 0x01CC, 0x01CC, 0x01CC, 0x01CC, 0x01CC, 0x01CC, 0x01CC, 0x01CC, 0x01CC, 0x01CC,
  0x01CC, 0x01CC, 0x01CC, 0x01CC, 0x01CC, 0x01CC, 0x01CC, 0x01CC, 0x01CC, 0x01CC, 0x01CC, 0x01CC,
  0x01CC, 0x01CC, 0x01CC, 0x01CC, 0x01CC, 0x01CC, 0x01CC, 0x01CC, 0x01CC, 0x01CC, 0x01CC, 0x01CC,
  0x01CC, 0x01CC, 0x01CC, 0x01CC, 0x01CC, 0x01CC, 0x01CC, 0x01CC, 0x01CC, 0x01CC, 0x01CC, 0x01CC,
  0x01CC, 0x01CC, 0x01CC, 0x01CC, 0x01CC, 0x01CC, 0x01CC, 0x01CC, 0x01CC, 0x01CC, 0x01CC, 0x01CC,
  0x01CC, 0x01CC, 0x01CC, 0x01CC, 0x01CC, 0x01CC, 0x01CC, 0x01CC, 0x01CC, 0x01CC, 0x01CC, 0x01CC,
  0x01CC, 0x01CC, 0x01CC, 0x01CC, 0x01CC, 0x01CC, 0x01CC, 0x01CC, 0x01CC, 0x01CC, 0x01CC, 0x01CC,
  0x01CC, 0x01CC, 0x01CC, 0x01CC, 0x01CC, 0x01CC, 0x01CC, 0x01CC, 0x01CC, 0x01CC, 0x01CC, 0x01CC,
  0x01CC, 0x01CC, 0x01CC, 0x01CC, 0x01CC, 0x01CC, 0x01CC, 0x01CC, 0x01CC, 0x01CC, 0x01CC, 0x01CC,
  0x01CC, 0x01CC, 0x01CC, 0x01CC, 0x01CC, 0x01CC, 0x01CC, 0x01CC, 0x01CC, 0x01CC, 0x01CC, 0x01CC,
  0x01CC, 0x01CC, 0x01CC, 0x01CC, 0x01CC, 0x01CC, 0x01CC, 0x01CC, 0x01CC, 0x01CC, 0x01CC, 0x01CC,
  0x01CC, 0x01CC, 0x01CC, 0x01CC, 0x01CC, 0x01CC, 0x01CC, 0x01CC, 0x01CC, 0x01CC, 0x01CC, 0x01CC,
  0x01CC, 0x01CC, 0x01CC, 0x01CC, 0x01CC, 0x01CC, 0x01CC, 0x01CC, 0x01CC, 0x01CC, 0x01CC, 0x01CC,
  0x01CC, 0x01CC, 0x01CC, 0x01CC, 0x01CC, 0x01CC, 0x01CC, 0x01CC, 0x01CC, 0x01CC, 0x01CC, 0x01CC,
  0x01CC, 0x01CC, 0x01CC, 0x01CC, 0x01CC, 0x01CC, 0x01CC, 0x01CC, 0x01CC, 0x01CC, 0x01CC, 0x01CC,
  0x01CC, 0x01CC, 0x01CC, 0x01CC, 0x01CC, 0x01CC, 0x01CC, 0x01CC, 0x01CC, 0x01CC, 0x01CC, 0x01CC,
  0x01CC, 0x01CC, 0x01CC, 0x01CC, 0x01CC, 0x01CC, 0x01CC, 0x01CC, 0x01CC, 0x01CC, 0x01CC, 0x01CC,
  0x01CC, 0x01CC, 0x01CC, 0x01CC, 0x01CC, 0x01CC, 0x01CC, 0x01CC, 0x01CC, 0x01CC, 0x01CC, 0x01CC,
  0x01CC, 0x01CC, 0x01CC, 0x01CC, 0x01CC, 0x01CC, 0x01CC, 0x01CC, 0x01CC, 0x01CC, 0x01CC, 0x01CC,
  0x01CC, 0x01CC, 0x01CC, 0x01CC, 0x01CC, 0x01CC, 0x01CC, 0x01CC, 0x01CC, 0x01CC, 0x01CC, 0x01CC,
  0x01CC, 0x01CC, 0x01CC, 0x01CC, 0x01CC, 0x01CC, 0x01CC, 0x01CC, 0x01CC, 0x01CC, 0x01CC, 0x01CC,
  0x01CC, 0x01CC, 0x01CC, 0x01CC, 0x01CC, 0x01CC, 0x01CC, 0x01CC, 0x01CC, 0x01CC, 0x01CC, 0x01CC,
  0x01CC, 0x01CC, 0x01CC, 0x01CC, 0x01CC, 0x01CC, 0x01CC, 0x01CC, 0x122D, 0x4371, 0x84F6, 0xBE3A,
  0xDF1D, 0xEF9E, 0xFFFF, 0xFFFF, 0xFFFF, 0xFFFF, 0xFFFF, 0xFFFF, 0xFFFF, 0xFFFF, 0xFFFF, 0xFFFF,
  0xFFFF, 0xFFFF, 0xFFFF, 0xFFFF, 0xFFFF, 0xFFFF, 0xFFFF, 0xFFFF, 0xFFFF, 0xFFFF, 0xFFFF, 0xFFFF,
  0xFFFF, 0xFFFF, 0xFFFF, 0xFFFF, 0xFFFF, 0xFFFF, 0xFFFF, 0xFFFF, 0xFFFF, 0xFFFF, 0xFFFF, 0xFFFF,
  0xFFFF, 0xFFFF, 0xFFFF, 0xFFFF, 0xFFFF, 0xFFFF, 0xFFFF, 0xFFFF, 0xFFFF, 0xFFFF, 0xFFFF, 0xFFFF,
  0xFFFF, 0xFFFF, 0xFFFF, 0xFFFF, 0xFFFF, 0xFFFF, 0xFFFF, 0xFFFF, 0xFFFF, 0xFFFF, 0xFFFF, 0xFFFF,
  0xFFFF, 0xFFFF, 0xFFFF, 0xFFFF, 0xFFFF, 0xFFFF, 0xFFFF, 0xFFFF, 0xFFFF, 0xFFFF, 0xFFFF, 0xFFFF,
  0xFFFF, 0xFFFF, 0xFFFF, 0xFFFF, 0xFFFF, 0xFFFF, 0xFFFF, 0xFFFF, 0xFFFF, 0xFFFF, 0xFFFF, 0xFFFF,
  0xFFFF, 0xFFFF, 0xFFFF, 0xFFFF, 0xFFFF, 0xFFFF, 0xFFFF, 0xFFFF, 0xFFFF, 0xFFFF, 0xFFFF, 0xFFFF,
  0xFFFF, 0xFFFF, 0xFFFF, 0xFFFF, 0xFFFF, 0xFFFF, 0xFFFF, 0xFFFF, 0xFFFF, 0xFFFF, 0xFFFF, 0xFFFF,
  0xFFFF, 0xFFDF, 0xF7BE, 0xE77E, 0xDF1D, 0xCEBC, 0xB63A, 0x9577, 0x74B5, 0x53D2, 0x3310, 0x124E,
  0x01ED, 0x01CC, 0x01CC, 0x01CC, 0x01CC, 0x01CC, 0x01CC, 0x01CC, 0x01CC, 0x01CC, 0x01CC, 0x01CC,
  0x01CC, 0x01CC, 0x01CC, 0x01CC, 0x01CC, 0x01CC, 0x01CC, 0x01CC, 0x01CC, 0x01CC, 0x01CC, 0x01CC,
  0x01CC, 0x01CC, 0x01CC, 0x01CC, 0x01CC, 0x01CC, 0x01CC, 0x01CC, 0x01CC, 0x01CC, 0x01CC, 0x01CC,
  0x01CC, 0x01CC, 0x01CC, 0x01CC, 0x01CC, 0x01CC, 0x01CC, 0x01CC, 0x01CC, 0x01CC, 0x01CC, 0x01CC,
  0x01CC, 0x01CC, 0x01CC, 0x01CC, 0x01CC, 0x01CC, 0x01CC, 0x01CC, 0x01CC, 0x01CC, 0x01CC, 0x01CC,
  0x01CC, 0x01CC, 0x01CC, 0x01CC, 0x01CC, 0x01CC, 0x01CC, 0x01CC, 0x01CC, 0x01CC, 0x01CC, 0x01CC,
  0x01CC, 0x01CC, 0x01CC, 0x01CC, 0x01CC, 0x01CC, 0x01CC, 0x01CC, 0x01CC, 0x01CC, 0x01CC, 0x01CC,
  0x01CC, 0x01CC, 0x01CC, 0x01CC, 0x01CC, 0x01CC, 0x01CC, 0x01CC, 0x01CC, 0x01CC, 0x01CC, 0x01CC,
  0x01CC, 0x01CC, 0x01CC, 0x01CC, 0x01CC, 0x01CC, 0x01CC, 0x01CC, 0x01CC, 0x01CC, 0x01CC, 0x01CC,
  0x01CC, 0x01CC, 0x01CC, 0x01CC, 0x01CC, 0x01CC, 0x01CC, 0x01CC, 0x01CC, 0x01CC, 0x01CC, 0x01CC,
  0x01CC, 0x01CC, 0x01CC, 0x01CC, 0x01CC, 0x01CC, 0x01CC, 0x01CC, 0x01CC, 0x01CC, 0x01CC, 0x01CC,
  0x01CC, 0x01CC, 0x01CC, 0x01CC, 0x01CC, 0x01CC, 0x01CC, 0x01CC, 0x01CC, 0x01CC, 0x01CC, 0x01CC,
  0x01CC, 0x01CC, 0x01CC, 0x01CC, 0x01CC, 0x01CC, 0x01CC, 0x01CC, 0x01CC, 0x01CC, 0x01CC, 0x01CC,
  0x01CC, 0x01CC, 0x01CC, 0x01CC, 0x01CC, 0x01CC, 0x01CC, 0x01CC, 0x01CC, 0x01CC, 0x01CC, 0x01CC,
  0x01CC, 0x01CC, 0x01CC, 0x01CC, 0x01CC, 0x01CC, 0x01CC, 0x01CC, 0x01CC, 0x01CC, 0x01CC, 0x01CC,
  0x01CC, 0x01CC, 0x01CC, 0x01CC, 0x01CC, 0x01CC, 0x01CC, 0x01CC, 0x01CC, 0x01CC, 0x01CC, 0x01CC,
  0x01CC, 0x01CC, 0x01CC, 0x01CC, 0x01CC, 0x01CC, 0x01CC, 0x01CC, 0x01CC, 0x01CC, 0x01CC, 0x01CC,
  0x01CC, 0x01CC, 0x01CC, 0x01CC, 0x01CC, 0x01CC, 0x01CC, 0x01CC, 0x01CC, 0x01CC, 0x01CC, 0x01CC,
  0x01CC, 0x01CC, 0x01CC, 0x01CC, 0x01CC, 0x01CC, 0x01CC, 0x01CC, 0x01CC, 0x01CC, 0x01CC, 0x01CC,
  0x01CC, 0x01CC, 0x01CC, 0x01CC, 0x01CC, 0x01CC, 0x01CC, 0x01CC, 0x01CC, 0x01CC, 0x01CC, 0x01CC,
  0x01CC, 0x01CC, 0x01CC, 0x01CC, 0x01CC, 0x01CC, 0x01CC, 0x01CC, 0x01CC, 0x01CC, 0x01CC, 0x01CC,
  0x01CC, 0x01CC, 0x01CC, 0x01CC, 0x01CC, 0x01CC, 0x01CC, 0x01CC, 0x01CC, 0x01CC, 0x01CC, 0x01CC,
  0x01CC, 0x01CC, 0x01CC, 0x01CC, 0x01CC, 0x01CC, 0x01CC, 0x01CC, 0x01CC, 0x01CC, 0x01CC, 0x01CC,
  0x01CC, 0x01CC, 0x01CC, 0x01CC, 0x01CC, 0x01CC, 0x01CC, 0x01CC, 0x01CC, 0x01CC, 0x01CC, 0x01CC,
  0x01CC, 0x01CC, 0x01CC, 0x01CC, 0x01CC, 0x01CC, 0x01CC, 0x01CC, 0x01CC, 0x01CC, 0x01CC, 0x01CC,
  0x01CC, 0x01CC, 0x01CC, 0x01CC, 0x01CC, 0x01CC, 0x01CC, 0x01CC, 0x01CC, 0x01CC, 0x01CC, 0x01CC,
  0x01CC, 0x01CC, 0x01CC, 0x01CC, 0x01CC, 0x01CC, 0x01CC, 0x01CC, 0x01CC, 0x01CC, 0x01CC, 0x01CC,
  0x01CC, 0x01CC, 0x01CC, 0x01CC, 0x01CC, 0x01CC, 0x01CC, 0x01CC, 0x01CC, 0x01CC, 0x01CC, 0x01CC,
  0x01CC, 0x01CC, 0x01CC, 0x01CC, 0x01CC, 0x01CC, 0x01CC, 0x01CC, 0x01CC, 0x01CC, 0x01CC, 0x01CC,
  0x01CC, 0x01CC, 0x01CC, 0x01CC, 0x01CC, 0x01EC, 0x124E, 0x3B30, 0x6454, 0x9D98, 0xCEBB, 0xEF9E,
  0xFFFF, 0xFFFF, 0xFFFF, 0xFFFF, 0xFFFF, 0xFFFF, 0xFFFF, 0xFFFF, 0xFFFF, 0xFFFF, 0xFFFF, 0xFFFF,
  0xFFFF, 0xFFFF, 0xFFFF, 0xFFFF, 0xFFFF, 0xFFFF, 0xFFFF, 0xFFFF, 0xFFFF, 0xFFFF, 0xFFFF, 0xFFFF,
  0xFFFF, 0xFFFF, 0xFFFF, 0xFFFF, 0xFFFF, 0xFFFF, 0xFFFF, 0xFFFF, 0xFFFF, 0xFFFF, 0xFFFF, 0xFFFF,
  0xFFFF, 0xFFFF, 0xFFFF, 0xFFFF, 0xFFFF, 0xFFFF, 0xFFFF, 0xFFFF, 0xFFFF, 0xFFFF, 0xFFFF, 0xFFFF,
  0xFFFF, 0xFFFF, 0xFFFF, 0xFFFF, 0xFFFF, 0xFFFF, 0xFFFF, 0xFFFF, 0xFFFF, 0xFFFF, 0xFFFF, 0xFFFF,
  0xFFFF, 0xFFFF, 0xFFFF, 0xFFFF, 0xFFFF, 0xFFFF, 0xFFFF, 0xFFFF, 0xFFFF, 0xFFFF, 0xFFFF, 0xFFFF,
  0xFFFF, 0xFFFF, 0xFFFF, 0xFFFF, 0xFFFF, 0xFFFF, 0xFFFF, 0xFFFF, 0xFFFF, 0xFFFF, 0xFFFF, 0xFFFF,
  0xFFFF, 0xFFFF, 0xFFFF, 0xFFFF, 0xFFFF, 0xFFFF, 0xFFFF, 0xFFFF, 0xFFFF, 0xFFFF, 0xFFFF, 0xFFFF,
  0xFFFF, 0xFFFF, 0xFFFF, 0xFFFF, 0xFFFF, 0xFFFF, 0xFFFF, 0xFFFF, 0xFFFF, 0xFFFF, 0xFFFF, 0xFFFF,
  0xFFFF, 0xFFFF, 0xFFFF, 0xFFFF, 0xFFFF, 0xFFFF, 0xF7BE, 0xDF3D, 0xC69B, 0xADF9, 0x9557, 0x7CD5,
  0x6454, 0x53D3, 0x4371, 0x32F0, 0x228E, 0x122D, 0x01EC, 0x01CC, 0x01CC, 0x01CC, 0x01CC, 0x01CC,
  0x01CC, 0x01CC, 0x01CC, 0x01CC, 0x01CC, 0x01CC, 0x01CC, 0x01CC, 0x01CC, 0x01CC, 0x01CC, 0x01CC,
  0x01CC, 0x01CC, 0x01CC, 0x01CC, 0x01CC, 0x01CC, 0x01CC, 0x01CC, 0x01CC, 0x01CC, 0x01CC, 0x01CC,
  0x01CC, 0x01CC, 0x01CC, 0x01CC, 0x01CC, 0x01CC, 0x01CC, 0x01CC, 0x01CC, 0x01CC, 0x01CC, 0x01CC,
  0x01CC, 0x01CC, 0x01CC, 0x01CC, 0x01CC, 0x01CC, 0x01CC, 0x01CC, 0x01CC, 0x01CC, 0x01CC, 0x01CC,
  0x01CC, 0x01CC, 0x01CC, 0x01CC, 0x01CC, 0x01CC, 0x01CC, 0x01CC, 0x01CC, 0x01CC, 0x01CC, 0x01CC,
  0x01CC, 0x01CC, 0x01CC, 0x01CC, 0x01CC, 0x01CC, 0x01CC, 0x01CC, 0x01CC, 0x01CC, 0x01CC, 0x01CC,
  0x01CC, 0x01CC, 0x01CC, 0x01CC, 0x01CC, 0x01CC, 0x01CC, 0x01CC, 0x01CC, 0x01CC, 0x01CC, 0x01CC,
  0x01CC, 0x01CC, 0x01CC, 0x01CC, 0x01CC, 0x01CC, 0x01CC, 0x01CC, 0x01CC, 0x01CC, 0x01CC, 0x01CC,
  0x01CC, 0x01CC, 0x01CC, 0x01CC, 0x01CC, 0x01CC, 0x01CC, 0x01CC, 0x01CC, 0x01CC, 0x01CC, 0x01CC,
  0x01CC, 0x01CC, 0x01CC, 0x01CC, 0x01CC, 0x01CC, 0x01CC, 0x01CC, 0x01CC, 0x01CC, 0x01CC, 0x01CC,
  0x01CC, 0x01CC, 0x01CC, 0x01CC, 0x01CC, 0x01CC, 0x01CC, 0x01CC, 0x01CC, 0x01CC, 0x01CC, 0x01CC,
  0x01CC, 0x01CC, 0x01CC, 0x01CC, 0x01CC, 0x01CC, 0x01CC, 0x01CC, 0x01CC, 0x01CC, 0x01CC, 0x01CC,
  0x01CC, 0x01CC, 0x01CC, 0x01CC, 0x01CC, 0x01CC, 0x01CC, 0x01CC, 0x01CC, 0x01CC, 0x01CC, 0x01CC,
  0x01CC, 0x01CC, 0x01CC, 0x01CC, 0x01CC, 0x01CC, 0x01CC, 0x01CC, 0x01CC, 0x01CC, 0x01CC, 0x01CC,
  0x01CC, 0x01CC, 0x01CC, 0x01CC, 0x01CC, 0x01CC, 0x01CC, 0x01CC, 0x01CC, 0x01CC, 0x01CC, 0x01CC,
  0x01CC, 0x01CC, 0x01CC, 0x01CC, 0x01CC, 0x01CC, 0x01CC, 0x01CC, 0x01CC, 0x01CC, 0x01CC, 0x01CC,
  0x01CC, 0x01CC, 0x01CC, 0x01CC, 0x01CC, 0x01CC, 0x01CC, 0x01CC, 0x01CC, 0x01CC, 0x01CC, 0x01CC,
  0x01CC, 0x01CC, 0x01CC, 0x01CC, 0x01CC, 0x01CC, 0x01CC, 0x01CC, 0x01CC, 0x01CC, 0x01CC, 0x01CC,
  0x01CC, 0x01CC, 0x01CC, 0x01CC, 0x01CC, 0x01CC, 0x01CC, 0x01CC, 0x01CC, 0x01CC, 0x01CC, 0x01CC,
  0x01CC, 0x01CC, 0x01CC, 0x01CC, 0x01CC, 0x01CC, 0x01CC, 0x01CC, 0x01CC, 0x01CC, 0x01CC, 0x01CC,
  0x01CC, 0x01CC, 0x01CC, 0x01CC, 0x01CC, 0x01CC, 0x01CC, 0x01CC, 0x01CC, 0x01CC, 0x01CC, 0x01CC,
  0x01CC, 0x01CC, 0x01CC, 0x01CC, 0x01CC, 0x01CC, 0x01CC, 0x01CC, 0x01CC, 0x01CC, 0x01CC, 0x01CC,
  0x01CC, 0x01CC, 0x01CC, 0x01CC, 0x01CC, 0x01CC, 0x01CC, 0x01CC, 0x01CC, 0x01CC, 0x01CC, 0x01CC,
  0x01CC, 0x01CC, 0x01CC, 0x01CC, 0x01CC, 0x01CC, 0x01CC, 0x01CC, 0x01CC, 0x01CC, 0x01CC, 0x01CC,
  0x01CC, 0x01CC, 0x01CC, 0x01CC, 0x01CC, 0x01CC, 0x01CC, 0x01CC, 0x01CC, 0x01CC, 0x01CC, 0x01CC,
  0x01CC, 0x01CC, 0x01CC, 0x01CC, 0x01CC, 0x01CC, 0x01CC, 0x01CC, 0x01CC, 0x01CC, 0x01CC, 0x01CC,
  0x01CC, 0x01CC, 0x01CC, 0x01CC, 0x01CC, 0x01CC, 0x01CC, 0x01CC, 0x01CC, 0x01CC, 0x01CC, 0x01CC,
  0x01CC, 0x01CC, 0x01CC, 0x01CC, 0x01CC, 0x01CC, 0x01CC, 0x01CC, 0x01CC, 0x01CC, 0x01CC, 0x01CC,
  0x01CC, 0x01CC, 0x01CC, 0x01CC, 0x0A0D, 0x1A6E, 0x4371, 0x8D37, 0xD6FC, 0xF7BF, 0xFFFF, 0xFFFF,
  0xFFFF, 0xFFFF, 0xFFFF, 0xFFFF, 0xFFFF, 0xFFFF, 0xFFFF, 0xFFFF, 0xFFFF, 0xFFFF, 0xFFFF, 0xFFFF,
  0xFFFF, 0xFFFF, 0xFFFF, 0xFFFF, 0xFFFF, 0xFFFF, 0xFFFF, 0xFFFF, 0xFFFF, 0xFFFF, 0xFFFF, 0xFFFF,
  0xFFFF, 0xFFFF, 0xFFFF, 0xFFFF, 0xFFFF, 0xFFFF, 0xFFFF, 0xFFFF, 0xFFFF, 0xFFFF, 0xFFFF, 0xFFFF,
  0xFFFF, 0xFFFF, 0xFFFF, 0xFFFF, 0xFFFF, 0xFFDF, 0xFFDF, 0xFFFF, 0xFFFF, 0xFFFF, 0xFFFF, 0xFFFF,
  0xFFFF, 0xFFFF, 0xFFFF, 0xFFFF, 0xFFFF, 0xFFFF, 0xFFFF, 0xFFFF, 0xFFFF, 0xFFFF, 0xFFFF, 0xFFFF,
  0xFFFF, 0xFFFF, 0xFFFF, 0xFFFF, 0xFFFF, 0xFFFF, 0xFFFF, 0xFFFF, 0xFFFF, 0xFFFF, 0xFFFF, 0xFFFF,
  0xFFFF, 0xFFFF, 0xFFFF, 0xFFFF, 0xFFFF, 0xFFFF, 0xFFFF, 0xFFFF, 0xFFFF, 0xFFFF, 0xFFFF, 0xFFFF,
  0xFFFF, 0xFFFF, 0xFFFF, 0xFFFF, 0xFFFF, 0xFFFF, 0xFFFF, 0xFFFF, 0xFFFF, 0xFFFF, 0xFFFF, 0xFFFF,
  0xFFFF, 0xFFFF, 0xFFFF, 0xFFFF, 0xFFFF, 0xFFFF, 0xFFFF, 0xFFFF, 0xFFFF, 0xFFFF, 0xFFFF, 0xFFFF,
  0xFFFF, 0xFFFF, 0xFFFF, 0xFFFF, 0xFFFF, 0xFFFF, 0xFFFF, 0xFFFF, 0xFFFF, 0xFFFF, 0xFFFF, 0xFFDF,
  0xE75E, 0xC6BB, 0xA5D9, 0x84F6, 0x5BF3, 0x3B30, 0x22AF, 0x1A4E, 0x122D, 0x0A2D, 0x0A0D, 0x0A0D,
  0x09ED, 0x01EC, 0x01EC, 0x01CC, 0x01CC, 0x01CC, 0x01CC, 0x01CC, 0x01CC, 0x01CC, 0x01CC, 0x01CC,
  0x01CC, 0x01CC, 0x01CC, 0x01CC, 0x01CC, 0x01CC, 0x01CC, 0x01CC, 0x01CC, 0x01CC, 0x01CC, 0x01CC,
  0x01CC, 0x01CC, 0x01CC, 0x01CC, 0x01CC, 0x01CC, 0x01CC, 0x01CC, 0x01CC, 0x01CC, 0x01CC, 0x01CC,
  0x01CC, 0x01CC, 0x01CC, 0x01CC, 0x01CC, 0x01CC, 0x01CC, 0x01CC, 0x01CC, 0x01CC, 0x01CC, 0x01CC,
  0x01CC, 0x01CC, 0x01CC, 0x01CC, 0x01CC, 0x01CC, 0x01CC, 0x01CC, 0x01CC, 0x01CC, 0x01CC, 0x01CC,
  0x01CC, 0x01CC, 0x01CC, 0x01CC, 0x01CC, 0x01CC, 0x01CC, 0x01CC, 0x01CC, 0x01CC, 0x01CC, 0x01CC,
  0x01CC, 0x01CC, 0x01CC, 0x01CC, 0x01CC, 0x01CC, 0x01CC, 0x01CC, 0x01CC, 0x01CC, 0x01CC, 0x01CC,
  0x01CC, 0x01CC, 0x01CC, 0x01CC, 0x01CC, 0x01CC, 0x01CC, 0x01CC, 0x01CC, 0x01CC, 0x01CC, 0x01CC,
  0x01CC, 0x01CC, 0x01CC, 0x01CC, 0x01CC, 0x01CC, 0x01CC, 0x01CC, 0x01CC, 0x01CC, 0x01CC, 0x01CC,
  0x01CC, 0x01CC, 0x01CC, 0x01CC, 0x01CC, 0x01CC, 0x01CC, 0x01CC, 0x01CC, 0x01CC, 0x01CC, 0x01CC,
  0x01CC, 0x01CC, 0x01CC, 0x01CC, 0x01CC, 0x01CC, 0x01CC, 0x01CC, 0x01CC, 0x01CC, 0x01CC, 0x01CC,
  0x01CC, 0x01CC, 0x01CC, 0x01CC, 0x01CC, 0x01CC, 0x01CC, 0x01CC, 0x01CC, 0x01CC, 0x01CC, 0x01CC,
  0x01CC, 0x01CC, 0x01CC, 0x01CC, 0x01CC, 0x01CC, 0x01CC, 0x01CC, 0x01CC, 0x01CC, 0x01CC, 0x01CC,
  0x01CC, 0x01CC, 0x01CC, 0x01CC, 0x01CC, 0x01CC, 0x01CC, 0x01CC, 0x01CC, 0x01CC, 0x01CC, 0x01CC,
  0x01CC, 0x01CC, 0x01CC, 0x01CC, 0x01CC, 0x01CC, 0x01CC, 0x01CC, 0x01CC, 0x01CC, 0x01CC, 0x01CC,
  0x01CC, 0x01CC, 0x01CC, 0x01CC, 0x01CC, 0x01CC, 0x01CC, 0x01CC, 0x01CC, 0x01CC, 0x01CC, 0x01CC,
  0x01CC, 0x01CC, 0x01CC, 0x01CC, 0x01CC, 0x01CC, 0x01CC, 0x01CC, 0x01CC, 0x01CC, 0x01CC, 0x01CC,
  0x01CC, 0x01CC, 0x01CC, 0x01CC, 0x01CC, 0x01CC, 0x01CC, 0x01CC, 0x01CC, 0x01CC, 0x01CC, 0x01CC,
  0x01CC, 0x01CC, 0x01CC, 0x01CC, 0x01CC, 0x01CC, 0x01CC, 0x01CC, 0x01CC, 0x01CC, 0x01CC, 0x01CC,
  0x01CC, 0x01CC, 0x01CC, 0x01CC, 0x01CC, 0x01CC, 0x01CC, 0x01CC, 0x01CC, 0x01CC, 0x01CC, 0x01CC,
  0x01CC, 0x01CC, 0x01CC, 0x01CC, 0x01CC, 0x01CC, 0x01CC, 0x01CC, 0x01CC, 0x01CC, 0x01CC, 0x01CC,
  0x01CC, 0x01CC, 0x01CC, 0x01CC, 0x01CC, 0x01CC, 0x01CC, 0x01CC, 0x01CC, 0x01CC, 0x01CC, 0x01CC,
  0x01CC, 0x01CC, 0x01CC, 0x01CC, 0x01CC, 0x01CC, 0x01CC, 0x01CC, 0x01CC, 0x01CC, 0x01CC, 0x01CC,
  0x01CC, 0x01CC, 0x01CC, 0x01CC, 0x01CC, 0x01CC, 0x01CC, 0x01CC, 0x01CC, 0x01CC, 0x01CC, 0x01CC,
  0x01CC, 0x01CC, 0x01CC, 0x01CC, 0x01CC, 0x01CC, 0x01CC, 0x01CC, 0x01CC, 0x01CC, 0x01CC, 0x01CC,
  0x01CC, 0x01CC, 0x01CC, 0x01CC, 0x01CC, 0x01CC, 0x01CC, 0x01CC, 0x01CC, 0x01CC, 0x01CC, 0x01CC,
  0x01CC, 0x01CC, 0x01CC, 0x01CC, 0x01CC, 0x01CC, 0x01CC, 0x01CC, 0x01CC, 0x01CC, 0x01CC, 0x01CC,
  0x01CC, 0x01CC, 0x01CC, 0x01CC, 0x01CC, 0x01CC, 0x01CC, 0x01CC, 0x01CC, 0x01CC, 0x01CC, 0x01CC,
  0x01CC, 0x01CC, 0x01CC, 0x0A0D, 0x3B51, 0x7CF6, 0xBE5A, 0xDF3D, 0xF7BF, 0xFFFF, 0xFFFF, 0xFFFF,
  0xFFFF, 0xFFFF, 0xFFFF, 0xFFFF, 0xFFFF, 0xFFFF, 0xFFFF, 0xFFFF, 0xFFFF, 0xFFFF, 0xFFFF, 0xFFFF,
  0xFFFF, 0xFFFF, 0xFFFF, 0xFFFF, 0xFFFF, 0xFFFF, 0xFFFF, 0xFFFF, 0xFFFF, 0xFFFF, 0xFFFF, 0xFFFF,
  0xFFFF, 0xFFFF, 0xFFFF, 0xFFFF, 0xFFFF, 0xFFFF, 0xFFFF, 0xFFFF, 0xFFFF, 0xFFFF, 0xFFFF, 0xFFDF,
  0xFFDF, 0xF7BE, 0xEF9E, 0xEF7E, 0xE75D, 0xE75D, 0xE75D, 0xE77E, 0xEF7E, 0xEF9E, 0xF7BF, 0xFFDF,
  0xFFFF, 0xFFFF, 0xFFFF, 0xFFFF, 0xFFFF, 0xFFFF, 0xFFFF, 0xFFFF, 0xFFFF, 0xFFFF, 0xFFFF, 0xFFFF,
  0xFFFF, 0xFFFF, 0xFFFF, 0xFFFF, 0xFFFF, 0xFFFF, 0xFFFF, 0xFFFF, 0xFFFF, 0xFFFF, 0xFFFF, 0xFFFF,
  0xFFFF, 0xFFFF, 0xFFFF, 0xFFFF, 0xFFFF, 0xFFFF, 0xFFFF, 0xFFFF, 0xFFFF, 0xFFFF, 0xFFFF, 0xFFFF,
  0xFFFF, 0xFFFF, 0xFFFF, 0xFFFF, 0xFFFF, 0xFFFF, 0xFFFF, 0xFFFF, 0xFFFF, 0xFFFF, 0xFFFF, 0xFFFF,
  0xFFFF, 0xFFFF, 0xFFFF, 0xFFFF, 0xFFFF, 0xFFFF, 0xFFFF, 0xFFFF, 0xFFFF, 0xFFFF, 0xFFFF, 0xFFFF,
  0xFFFF, 0xFFFF, 0xFFFF, 0xFFFF, 0xFFFF, 0xFFFF, 0xFFFF, 0xFFFF, 0xFFFF, 0xFFFF, 0xFFFF, 0xFFFF,
  0xFFDF, 0xF79E, 0xE77E, 0xDF3D, 0xD6FC, 0xC6BB, 0xBE5A, 0xA5D9, 0x8D37, 0x74B5, 0x6433, 0x4BB2,
  0x3B51, 0x2ACF, 0x1A8E, 0x124E, 0x122D, 0x0A2D, 0x0A0D, 0x0A0D, 0x0A0D, 0x0A0D, 0x0A0D, 0x0A0D,
  0x0A0D, 0x0A0D, 0x0A2D, 0x122D, 0x0A2D, 0x0A0D, 0x01EC, 0x01CC, 0x01CC, 0x01CC, 0x01CC, 0x01CC,
  0x01CC, 0x01CC, 0x01CC, 0x01CC, 0x01CC, 0x01CC, 0x01CC, 0x01CC, 0x01CC, 0x01CC, 0x01CC, 0x01CC,
  0x01CC, 0x01CC, 0x01CC, 0x01CC, 0x01CC, 0x01CC, 0x01CC, 0x01CC, 0x01CC, 0x01CC, 0x01CC, 0x01CC,
  0x01CC, 0x01CC, 0x01CC, 0x01CC, 0x01CC, 0x01CC, 0x01CC, 0x01CC, 0x01CC, 0x01CC, 0x01CC, 0x01CC,
  0x01CC, 0x01CC, 0x01CC, 0x01CC, 0x01CC, 0x01CC, 0x01CC, 0x01CC, 0x01CC, 0x01CC, 0x01CC, 0x01CC,
  0x01CC, 0x01CC, 0x01CC, 0x01CC, 0x01CC, 0x01CC, 0x01CC, 0x01CC, 0x01CC, 0x01CC, 0x01CC, 0x01CC,
  0x01CC, 0x01CC, 0x01CC, 0x01CC, 0x01CC, 0x01CC, 0x01CC, 0x01CC, 0x01CC, 0x01CC, 0x01CC, 0x01CC,
  0x01CC, 0x01CC, 0x01CC, 0x01CC, 0x01CC, 0x01CC, 0x01CC, 0x01CC, 0x01CC, 0x01CC, 0x01CC, 0x01CC,
  0x01CC, 0x01CC, 0x01CC, 0x01CC, 0x01CC, 0x01CC, 0x01CC, 0x01CC, 0x01CC, 0x01CC, 0x01CC, 0x01CC,
  0x01CC, 0x01CC, 0x01CC, 0x01CC, 0x01CC, 0x01CC, 0x01CC, 0x01CC, 0x01CC, 0x01CC, 0x01CC, 0x01CC,
  0x01CC, 0x01CC, 0x01CC, 0x01CC, 0x01CC, 0x01CC, 0x01CC, 0x01CC, 0x01CC, 0x01CC, 0x01CC, 0x01CC,
  0x01CC, 0x01CC, 0x01CC, 0x01CC, 0x01CC, 0x01CC, 0x01CC, 0x01CC, 0x01CC, 0x01CC, 0x01CC, 0x01CC,
  0x01CC, 0x01CC, 0x01CC, 0x01CC, 0x01CC, 0x01CC, 0x01CC, 0x01CC, 0x01CC, 0x01CC, 0x01CC, 0x01CC,
  0x01CC, 0x01CC, 0x01CC, 0x01CC, 0x01CC, 0x01CC, 0x01CC, 0x01CC, 0x01CC, 0x01CC, 0x01CC, 0x01CC,
  0x01CC, 0x01CC, 0x01CC, 0x01CC, 0x01CC, 0x01CC, 0x01CC, 0x01CC, 0x01CC, 0x01CC, 0x01CC, 0x01CC,
  0x01CC, 0x01CC, 0x01CC, 0x01CC, 0x01CC, 0x01CC, 0x01CC, 0x01CC, 0x01CC, 0x01CC, 0x01CC, 0x01CC,
  0x01CC, 0x01CC, 0x01CC, 0x01CC, 0x01CC, 0x01CC, 0x01CC, 0x01CC, 0x01CC, 0x01CC, 0x01CC, 0x01CC,
  0x01CC, 0x01CC, 0x01CC, 0x01CC, 0x01CC, 0x01CC, 0x01CC, 0x01CC, 0x01CC, 0x01CC, 0x01CC, 0x01CC,
  0x01CC, 0x01CC, 0x01CC, 0x01CC, 0x01CC, 0x01CC, 0x01CC, 0x01CC, 0x01CC, 0x01CC, 0x01CC, 0x01CC,
  0x01CC, 0x01CC, 0x01CC, 0x01CC, 0x01CC, 0x01CC, 0x01CC, 0x01CC, 0x01CC, 0x01CC, 0x01CC, 0x01CC,
  0x01CC, 0x01CC, 0x01CC, 0x01CC, 0x01CC, 0x01CC, 0x01CC, 0x01CC, 0x01CC, 0x01CC, 0x01CC, 0x01CC,
  0x01CC, 0x01CC, 0x01CC, 0x01CC, 0x01CC, 0x01CC, 0x01CC, 0x01CC, 0x01CC, 0x01CC, 0x01CC, 0x01CC,
  0x01CC, 0x01CC, 0x01CC, 0x01CC, 0x01CC, 0x01CC, 0x01CC, 0x01CC, 0x01CC, 0x01CC, 0x01CC, 0x01CC,
  0x01CC, 0x01CC, 0x01CC, 0x01CC, 0x01CC, 0x01CC, 0x01CC, 0x01CC, 0x01CC, 0x01CC, 0x01CC, 0x01CC,
  0x01CC, 0x01CC, 0x01CC, 0x01CC, 0x01CC, 0x01CC, 0x01CC, 0x01CC, 0x01CC, 0x01CC, 0x01CC, 0x01CC,
  0x01CC, 0x01CC, 0x01CC, 0x01CC, 0x01CC, 0x01CC, 0x01CC, 0x01CC, 0x01CC, 0x01CC, 0x01CC, 0x01CC,
  0x01CC, 0x01CC, 0x01CC, 0x01CC, 0x01CC, 0x01CC, 0x01CC, 0x01CC, 0x01CC, 0x01CC, 0x01CC, 0x01CC,
  0x01CC, 0x01ED, 0x1A6E, 0x53D2, 0x9557, 0xCEBB, 0xF7BE, 0xFFFF, 0xFFFF, 0xFFFF, 0xFFFF, 0xFFFF,
  0xFFFF, 0xFFFF, 0xFFFF, 0xFFFF, 0xFFFF, 0xFFFF, 0xFFFF, 0xFFFF, 0xFFFF, 0xFFFF, 0xFFFF, 0xFFFF,
  0xFFFF, 0xFFFF, 0xFFFF, 0xFFFF, 0xFFFF, 0xFFFF, 0xFFFF, 0xFFFF, 0xFFFF, 0xFFFF, 0xFFFF, 0xFFFF,
  0xFFFF, 0xFFFF, 0xFFFF, 0xFFFF, 0xFFDF, 0xF7BE, 0xE75D, 0xD71C, 0xCEBB, 0xBE5A, 0xADF9, 0xA5B8,
  0x9D98, 0x9557, 0x8D37, 0x8D16, 0x8516, 0x84F6, 0x84F6, 0x8516, 0x8D16, 0x8D57, 0x9577, 0x9DB8,
  0xADF9, 0xB63A, 0xC69B, 0xD6DC, 0xE73D, 0xEF9E, 0xFFDF, 0xFFFF, 0xFFFF, 0xFFFF, 0xFFFF, 0xFFFF,
  0xFFFF, 0xFFFF, 0xFFFF, 0xFFFF, 0xFFFF, 0xFFFF, 0xFFFF, 0xFFFF, 0xFFFF, 0xFFFF, 0xFFFF, 0xFFFF,
  0xFFFF, 0xFFFF, 0xFFFF, 0xFFFF, 0xFFFF, 0xFFFF, 0xFFFF, 0xFFFF, 0xFFFF, 0xFFFF, 0xFFFF, 0xFFFF,
  0xFFFF, 0xFFFF, 0xFFFF, 0xFFFF, 0xFFFF, 0xFFFF, 0xFFFF, 0xFFFF, 0xFFFF, 0xFFFF, 0xFFFF, 0xFFFF,
  0xFFFF, 0xFFFF, 0xFFFF, 0xFFFF, 0xFFFF, 0xFFFF, 0xFFFF, 0xFFFF, 0xFFFF, 0xFFFF, 0xFFFF, 0xFFFF,
  0xFFFF, 0xFFFF, 0xFFFF, 0xFFFF, 0xFFFF, 0xFFFF, 0xFFFF, 0xFFFF, 0xFFFF, 0xFFFF, 0xFFFF, 0xFFFF,
  0xFFFF, 0xFFFF, 0xFFFF, 0xFFFF, 0xFFFF, 0xFFFF, 0xF7DF, 0xE77E, 0xD6FC, 0xC69B, 0xB63A, 0xADD9,
  0x9D98, 0x8D37, 0x84F6, 0x7CB5, 0x7495, 0x6C74, 0x6454, 0x6434, 0x6433, 0x6433, 0x6434, 0x6434,
  0x6454, 0x6C54, 0x6C74, 0x6C75, 0x6C74, 0x6454, 0x4B92, 0x22AF, 0x01CC, 0x01CC, 0x01CC, 0x01CC,
  0x01CC, 0x01CC, 0x01CC, 0x01CC, 0x01CC, 0x01CC, 0x01CC, 0x01CC, 0x01CC, 0x01CC, 0x01CC, 0x01CC,
  0x01CC, 0x01CC, 0x01CC, 0x01CC, 0x01CC, 0x01CC, 0x01CC, 0x01CC, 0x01CC, 0x01CC, 0x01CC, 0x01CC,
  0x01CC, 0x01CC, 0x01CC, 0x01CC, 0x01CC, 0x01CC, 0x01CC, 0x01CC, 0x01CC, 0x01CC, 0x01CC, 0x01CC,
  0x01CC, 0x01CC, 0x01CC, 0x01CC, 0x01CC, 0x01CC, 0x01CC, 0x01CC, 0x01CC, 0x01CC, 0x01CC, 0x01CC,
  0x01CC, 0x01CC, 0x01CC, 0x01CC, 0x01CC, 0x01CC, 0x01CC, 0x01CC, 0x01CC, 0x01CC, 0x01CC, 0x01CC,
  0x01CC, 0x01CC, 0x01CC, 0x01CC, 0x01CC, 0x01CC, 0x01CC, 0x01CC, 0x01CC, 0x01CC, 0x01CC, 0x01CC,
  0x01CC, 0x01CC, 0x01CC, 0x01CC, 0x01CC, 0x01CC, 0x01CC, 0x01CC, 0x01CC, 0x01CC, 0x01CC, 0x01CC,
  0x01CC, 0x01CC, 0x01CC, 0x01CC, 0x01CC, 0x01CC, 0x01CC, 0x01CC, 0x01CC, 0x01CC, 0x01CC, 0x01CC,
  0x01CC, 0x01CC, 0x01CC, 0x01CC, 0x01CC, 0x01CC, 0x01CC, 0x01CC, 0x01CC, 0x01CC, 0x01CC, 0x01CC,
  0x01CC, 0x01CC, 0x01CC, 0x01CC, 0x01CC, 0x01CC, 0x01CC, 0x01CC, 0x01CC, 0x01CC, 0x01CC, 0x01CC,
  0x01CC, 0x01CC, 0x01CC, 0x01CC, 0x01CC, 0x01CC, 0x01CC, 0x01CC, 0x01CC, 0x01CC, 0x01CC, 0x01CC,
  0x01CC, 0x01CC, 0x01CC, 0x01CC, 0x01CC, 0x01CC, 0x01CC, 0x01CC, 0x01CC, 0x01CC, 0x01CC, 0x01CC,
  0x01CC, 0x01CC, 0x01CC, 0x01CC, 0x01CC, 0x01CC, 0x01CC, 0x01CC, 0x01CC, 0x01CC, 0x01CC, 0x01CC,
  0x01CC, 0x01CC, 0x01CC, 0x01CC, 0x01CC, 0x01CC, 0x01CC, 0x01CC, 0x01CC, 0x01CC, 0x01CC, 0x01CC,
  0x01CC, 0x01CC, 0x01CC, 0x01CC, 0x01CC, 0x01CC, 0x01CC, 0x01CC, 0x01CC, 0x01CC, 0x01CC, 0x01CC,
  0x01CC, 0x01CC, 0x01CC, 0x01CC, 0x01CC, 0x01CC, 0x01CC, 0x01CC, 0x01CC, 0x01CC, 0x01CC, 0x01CC,
  0x01CC, 0x01CC, 0x01CC, 0x01CC, 0x01CC, 0x01CC, 0x01CC, 0x01CC, 0x01CC, 0x01CC, 0x01CC, 0x01CC,
  0x01CC, 0x01CC, 0x01CC, 0x01CC, 0x01CC, 0x01CC, 0x01CC, 0x01CC, 0x01CC, 0x01CC, 0x01CC, 0x01CC,
  0x01CC, 0x01CC, 0x01CC, 0x01CC, 0x01CC, 0x01CC, 0x01CC, 0x01CC, 0x01CC, 0x01CC, 0x01CC, 0x01CC,
  0x01CC, 0x01CC, 0x01CC, 0x01CC, 0x01CC, 0x01CC, 0x01CC, 0x01CC, 0x01CC, 0x01CC, 0x01CC, 0x01CC,
  0x01CC, 0x01CC, 0x01CC, 0x01CC, 0x01CC, 0x01CC, 0x01CC, 0x01CC, 0x01CC, 0x01CC, 0x01CC, 0x01CC,
  0x01CC, 0x01CC, 0x01CC, 0x01CC, 0x01CC, 0x01CC, 0x01CC, 0x01CC, 0x01CC, 0x01CC, 0x01CC, 0x01CC,
  0x01CC, 0x01CC, 0x01CC, 0x01CC, 0x01CC, 0x01CC, 0x01CC, 0x01CC, 0x01CC, 0x01CC, 0x01CC, 0x01CC,
  0x01CC, 0x01CC, 0x01CC, 0x01CC, 0x01CC, 0x01CC, 0x01CC, 0x01CC, 0x01CC, 0x01CC, 0x01CC, 0x01CC,
  0x01CC, 0x01CC, 0x01CC, 0x01CC, 0x01CC, 0x01CC, 0x01CC, 0x01CC, 0x01CC, 0x01CC, 0x01CC, 0x01CC,
  0x01CC, 0x01CC, 0x01CC, 0x01CC, 0x01CC, 0x01CC, 0x01CC, 0x01CC, 0x01CC, 0x01CC, 0x01CC, 0x01CC,
  0x01CC, 0x124E, 0x4B92, 0xB63A, 0xEF7E, 0xFFFF, 0xFFFF, 0xFFFF, 0xFFFF, 0xFFFF, 0xFFFF, 0xFFFF,
  0xFFFF, 0xFFFF, 0xFFFF, 0xFFFF, 0xFFFF, 0xFFFF, 0xFFFF, 0xFFFF, 0xFFFF, 0xFFFF, 0xFFFF, 0xFFFF,
  0xFFFF, 0xFFFF, 0xFFFF, 0xFFFF, 0xFFFF, 0xFFFF, 0xFFFF, 0xFFFF, 0xFFFF, 0xFFFF, 0xFFFF, 0xFFFF,
  0xFFDF, 0xF7BF, 0xF79E, 0xEF7E, 0xDF3D, 0xCEBB, 0xAE19, 0x9577, 0x7CB5, 0x53F3, 0x3B31, 0x22AF,
  0x1A6E, 0x124E, 0x122D, 0x0A2D, 0x0A0D, 0x0A0D, 0x0A0D, 0x0A0D, 0x0A2D, 0x122D, 0x1A6E, 0x22AF,
  0x3310, 0x53B2, 0x6C74, 0x8D36, 0xADF9, 0xCE9B, 0xDF3D, 0xEF7E, 0xF7BE, 0xF7DF, 0xFFDF, 0xFFFF,
  0xFFFF, 0xFFFF, 0xFFFF, 0xFFFF, 0xFFFF, 0xFFFF, 0xFFFF, 0xFFFF, 0xFFFF, 0xFFFF, 0xFFFF, 0xFFFF,
  0xFFFF, 0xFFFF, 0xFFFF, 0xFFFF, 0xFFFF, 0xFFFF, 0xFFFF, 0xFFFF, 0xFFFF, 0xFFFF, 0xFFFF, 0xFFFF,
  0xFFFF, 0xFFFF, 0xFFFF, 0xFFFF, 0xFFFF, 0xFFFF, 0xFFFF, 0xFFFF, 0xFFFF, 0xFFFF, 0xFFFF, 0xFFFF,
  0xFFFF, 0xFFFF, 0xFFFF, 0xFFFF, 0xFFFF, 0xFFFF, 0xFFFF, 0xFFFF, 0xFFFF, 0xFFFF, 0xFFFF, 0xFFFF,
  0xFFFF, 0xFFFF, 0xFFFF, 0xFFFF, 0xFFFF, 0xFFFF, 0xFFFF, 0xFFFF, 0xFFFF, 0xFFFF, 0xFFFF, 0xFFFF,
  0xFFFF, 0xFFFF, 0xFFFF, 0xFFFF, 0xFFFF, 0xFFFF, 0xFFFF, 0xFFFF, 0xFFFF, 0xFFFF, 0xFFFF, 0xFFFF,
  0xFFFF, 0xFFFF, 0xFFDF, 0xF7BF, 0xEF9E, 0xE75D, 0xDF3D, 0xDF1D, 0xDF1C, 0xDF1C, 0xDF1D, 0xDF3D,
  0xE73D, 0xE75D, 0xE77E, 0xEF7E, 0xEF7E, 0xDF3D, 0xB619, 0x53F3, 0x09ED, 0x01CC, 0x01CC, 0x01CC,
  0x01CC, 0x01CC, 0x01CC, 0x01CC, 0x01CC, 0x01CC, 0x01CC, 0x01CC, 0x01CC, 0x01CC, 0x01CC, 0x01CC,
  0x01CC, 0x01CC, 0x01CC, 0x01CC, 0x01CC, 0x01CC, 0x01CC, 0x01CC, 0x01CC, 0x01CC, 0x01CC, 0x01CC,
  0x01CC, 0x01CC, 0x01CC, 0x01CC, 0x01CC, 0x01CC, 0x01CC, 0x01CC, 0x01CC, 0x01CC, 0x01CC, 0x01CC,
  0x01CC, 0x01CC, 0x01CC, 0x01CC, 0x01CC, 0x01CC, 0x01CC, 0x01CC, 0x01CC, 0x01CC, 0x01CC, 0x01CC,
  0x01CC, 0x01CC, 0x01CC, 0x01CC, 0x01CC, 0x01CC, 0x01CC, 0x01CC, 0x01CC, 0x01CC, 0x01CC, 0x01CC,
  0x01CC, 0x01CC, 0x01CC, 0x01CC, 0x01CC, 0x01CC, 0x01CC, 0x01CC, 0x01CC, 0x01CC, 0x01CC, 0x01CC,
  0x01CC, 0x01CC, 0x01CC, 0x01CC, 0x01CC, 0x01CC, 0x01CC, 0x01CC, 0x01CC, 0x01CC, 0x01CC, 0x01CC,
  0x01CC, 0x01CC, 0x01CC, 0x01CC, 0x01CC, 0x01CC, 0x01CC, 0x01CC, 0x01CC, 0x01CC, 0x01CC, 0x01CC,
  0x01CC, 0x01CC, 0x01CC, 0x01CC, 0x01CC, 0x01CC, 0x01CC, 0x01CC, 0x01CC, 0x01CC, 0x01CC, 0x01CC,
  0x01CC, 0x01CC, 0x01CC, 0x01CC, 0x01CC, 0x01CC, 0x01CC, 0x01CC, 0x01CC, 0x01CC, 0x01CC, 0x01CC,
  0x01CC, 0x01CC, 0x01CC, 0x01CC, 0x01CC, 0x01CC, 0x01CC, 0x01CC, 0x01CC, 0x01CC, 0x01CC, 0x01CC,
  0x01CC, 0x01CC, 0x01CC, 0x01CC, 0x01CC, 0x01CC, 0x01CC, 0x01CC, 0x01CC, 0x01CC, 0x01CC, 0x01CC,
  0x01CC, 0x01CC, 0x01CC, 0x01CC, 0x01CC, 0x01CC, 0x01CC, 0x01CC, 0x01CC, 0x01CC, 0x01CC, 0x01CC,
  0x01CC, 0x01CC, 0x01CC, 0x01CC, 0x01CC, 0x01CC, 0x01CC, 0x01CC, 0x01CC, 0x01CC, 0x01CC, 0x01CC,
  0x01CC, 0x01CC, 0x01CC, 0x01CC, 0x01CC, 0x01CC, 0x01CC, 0x01CC, 0x01CC, 0x01CC, 0x01CC, 0x01CC,
  0x01CC, 0x01CC, 0x01CC, 0x01CC, 0x01CC, 0x01CC, 0x01CC, 0x01CC, 0x01CC, 0x01CC, 0x01CC, 0x01CC,
  0x01CC, 0x01CC, 0x01CC, 0x01CC, 0x01CC, 0x01CC, 0x01CC, 0x01CC, 0x01CC, 0x01CC, 0x01CC, 0x01CC,
  0x01CC, 0x01CC, 0x01CC, 0x01CC, 0x01CC, 0x01CC, 0x01CC, 0x01CC, 0x01CC, 0x01CC, 0x01CC, 0x01CC,
  0x01CC, 0x01CC, 0x01CC, 0x01CC, 0x01CC, 0x01CC, 0x01CC, 0x01CC, 0x01CC, 0x01CC, 0x01CC, 0x01CC,
  0x01CC, 0x01CC, 0x01CC, 0x01CC, 0x01CC, 0x01CC, 0x01CC, 0x01CC, 0x01CC, 0x01CC, 0x01CC, 0x01CC,
  0x01CC, 0x01CC, 0x01CC, 0x01CC, 0x01CC, 0x01CC, 0x01CC, 0x01CC, 0x01CC, 0x01CC, 0x01CC, 0x01CC,
  0x01CC, 0x01CC, 0x01CC, 0x01CC, 0x01CC, 0x01CC, 0x01CC, 0x01CC, 0x01CC, 0x01CC, 0x01CC, 0x01CC,
  0x01CC, 0x01CC, 0x01CC, 0x01CC, 0x01CC, 0x01CC, 0x01CC, 0x01CC, 0x01CC, 0x01CC, 0x01CC, 0x01CC,
  0x01CC, 0x01CC, 0x01CC, 0x01CC, 0x01CC, 0x01CC, 0x01CC, 0x01CC, 0x01CC, 0x01CC, 0x01CC, 0x01CC,
  0x01CC, 0x01CC, 0x01CC, 0x01CC, 0x01CC, 0x01CC, 0x01CC, 0x01CC, 0x01CC, 0x01CC, 0x01CC, 0x01CC,
  0x01CC, 0x01CC, 0x01CC, 0x01CC, 0x01CC, 0x01CC, 0x01CC, 0x01CC, 0x01CC, 0x01CC, 0x01CC, 0x01CC,
  0x01CC, 0x3B51, 0x8516, 0xD6DC, 0xEF9E, 0xF7BF, 0xF7DF, 0xFFDF, 0xFFDF, 0xFFDF, 0xFFFF, 0xFFFF,
  0xFFFF, 0xFFFF, 0xFFFF, 0xFFFF, 0xFFFF, 0xFFFF, 0xFFFF, 0xFFFF, 0xFFFF, 0xFFFF, 0xFFFF, 0xFFFF,
  0xFFFF, 0xFFFF, 0xFFFF, 0xFFFF, 0xFFFF, 0xFFFF, 0xFFFF, 0xFFFF, 0xFFFF, 0xFFFF, 0xFFDF, 0xEF9E,
  0xCEDC, 0xAE19, 0x8D37, 0x6C74, 0x53D2, 0x3B51, 0x32F0, 0x22AF, 0x1A8E, 0x124E, 0x122D, 0x0A0D,
  0x09ED, 0x01EC, 0x01EC, 0x01EC, 0x01EC, 0x01EC, 0x01EC, 0x01EC, 0x01EC, 0x01EC, 0x01ED, 0x0A0D,
  0x0A2D, 0x124E, 0x1A6E, 0x22AF, 0x2AF0, 0x3B51, 0x53D2, 0x7495, 0x9578, 0xBE7B, 0xE75D, 0xFFDF,
  0xFFFF, 0xFFFF, 0xFFFF, 0xFFFF, 0xFFFF, 0xFFFF, 0xFFFF, 0xFFFF, 0xFFFF, 0xFFFF, 0xFFFF, 0xFFFF,
  0xFFFF, 0xFFFF, 0xFFFF, 0xFFFF, 0xFFFF, 0xFFFF, 0xFFFF, 0xFFFF, 0xFFFF, 0xFFFF, 0xFFFF, 0xFFFF,
  0xFFFF, 0xFFFF, 0xFFFF, 0xFFFF, 0xFFFF, 0xFFFF, 0xFFFF, 0xFFFF, 0xFFFF, 0xFFFF, 0xFFFF, 0xFFFF,
  0xFFFF, 0xFFFF, 0xFFFF, 0xFFFF, 0xFFFF, 0xFFFF, 0xFFFF, 0xFFFF, 0xFFFF, 0xFFFF, 0xFFFF, 0xFFFF,
  0xFFFF, 0xFFFF, 0xFFFF, 0xFFFF, 0xFFFF, 0xFFFF, 0xFFFF, 0xFFFF, 0xFFFF, 0xFFFF, 0xFFFF, 0xFFFF,
  0xFFFF, 0xFFFF, 0xFFFF, 0xFFFF, 0xFFFF, 0xFFFF, 0xFFFF, 0xFFFF, 0xFFFF, 0xFFFF, 0xFFFF, 0xFFFF,
  0xFFFF, 0xFFFF, 0xFFFF, 0xFFFF, 0xFFDF, 0xFFDF, 0xF7DF, 0xF7BF, 0xF7BF, 0xF7BF, 0xF7BF, 0xF7BF,
  0xF7DF, 0xFFDF, 0xFFDF, 0xFFDF, 0xFFDF, 0xF7BF, 0xE75D, 0x84F6, 0x1A6E, 0x01EC, 0x01CC, 0x01CC,
  0x01CC, 0x01CC, 0x01CC, 0x01CC, 0x01CC, 0x01CC, 0x01CC, 0x01CC, 0x01CC, 0x01CC, 0x01CC, 0x01CC,
  0x01CC, 0x01CC, 0x01CC, 0x01CC, 0x01CC, 0x01CC, 0x01CC, 0x01CC, 0x01CC, 0x01CC, 0x01CC, 0x01CC,
  0x01CC, 0x01CC, 0x01CC, 0x01CC, 0x01CC, 0x01CC, 0x01CC, 0x01CC, 0x01CC, 0x01CC, 0x01CC, 0x01CC,
  0x01CC, 0x01CC, 0x01CC, 0x01CC, 0x01CC, 0x01CC, 0x01CC, 0x01CC, 0x01CC, 0x01CC, 0x01CC, 0x01CC,
  0x01CC, 0x01CC, 0x01CC, 0x01CC, 0x01CC, 0x01CC, 0x01CC, 0x01CC, 0x01CC, 0x01CC, 0x01CC, 0x01CC,
  0x01CC, 0x01CC, 0x01CC, 0x01CC, 0x01CC, 0x01CC, 0x01CC, 0x01CC, 0x01CC, 0x01CC, 0x01CC, 0x01CC,
  0x01CC, 0x01CC, 0x01CC, 0x01CC, 0x01CC, 0x01CC, 0x01CC, 0x01CC, 0x01CC, 0x01CC, 0x01CC, 0x01CC,
  0x01CC, 0x01CC, 0x01CC, 0x01CC, 0x01CC, 0x01CC, 0x01CC, 0x01CC, 0x01CC, 0x01CC, 0x01CC, 0x01CC,
  0x01CC, 0x01CC, 0x01CC, 0x01CC, 0x01CC, 0x01CC, 0x01CC, 0x01CC, 0x01CC, 0x01CC, 0x01CC, 0x01CC,
  0x01CC, 0x01CC, 0x01CC, 0x01CC, 0x01CC, 0x01CC, 0x01CC, 0x01CC, 0x01CC, 0x01CC, 0x01CC, 0x01CC,
  0x01CC, 0x01CC, 0x01CC, 0x01CC, 0x01CC, 0x01CC, 0x01CC, 0x01CC, 0x01CC, 0x01CC, 0x01CC, 0x01CC,
  0x01CC, 0x01CC, 0x01CC, 0x01CC, 0x01CC, 0x01CC, 0x01CC, 0x01CC, 0x01CC, 0x01CC, 0x01CC, 0x01CC,
  0x01CC, 0x01CC, 0x01CC, 0x01CC, 0x01CC, 0x01CC, 0x01CC, 0x01CC, 0x01CC, 0x01CC, 0x01CC, 0x01CC,
  0x01CC, 0x01CC, 0x01CC, 0x01CC, 0x01CC, 0x01CC, 0x01CC, 0x01CC, 0x01CC, 0x01CC, 0x01CC, 0x01CC,
  0x01CC, 0x01CC, 0x01CC, 0x01CC, 0x01CC, 0x01CC, 0x01CC, 0x01CC, 0x01CC, 0x01CC, 0x01CC, 0x01CC,
  0x01CC, 0x01CC, 0x01CC, 0x01CC, 0x01CC, 0x01CC, 0x01CC, 0x01CC, 0x01CC, 0x01CC, 0x01CC, 0x01CC,
  0x01CC, 0x01CC, 0x01CC, 0x01CC, 0x01CC, 0x01CC, 0x01CC, 0x01CC, 0x01CC, 0x01CC, 0x01CC, 0x01CC,
  0x01CC, 0x01CC, 0x01CC, 0x01CC, 0x01CC, 0x01CC, 0x01CC, 0x01CC, 0x01CC, 0x01CC, 0x01CC, 0x01CC,
  0x01CC, 0x01CC, 0x01CC, 0x01CC, 0x01CC, 0x01CC, 0x01CC, 0x01CC, 0x01CC, 0x01CC, 0x01CC, 0x01CC,
  0x01CC, 0x01CC, 0x01CC, 0x01CC, 0x01CC, 0x01CC, 0x01CC, 0x01CC, 0x01CC, 0x01CC, 0x01CC, 0x01CC,
  0x01CC, 0x01CC, 0x01CC, 0x01CC, 0x01CC, 0x01CC, 0x01CC, 0x01CC, 0x01CC, 0x01CC, 0x01CC, 0x01CC,
  0x01CC, 0x01CC, 0x01CC, 0x01CC, 0x01CC, 0x01CC, 0x01CC, 0x01CC, 0x01CC, 0x01CC, 0x01CC, 0x01CC,
  0x01CC, 0x01CC, 0x01CC, 0x01CC, 0x01CC, 0x01CC, 0x01CC, 0x01CC, 0x01CC, 0x01CC, 0x01CC, 0x01CC,
  0x01CC, 0x01CC, 0x01CC, 0x01CC, 0x01CC, 0x01CC, 0x01CC, 0x01CC, 0x01CC, 0x01CC, 0x01CC, 0x01CC,
  0x01CC, 0x01CC, 0x01CC, 0x01CC, 0x01CC, 0x01CC, 0x01CC, 0x01CC, 0x01CC, 0x01CC, 0x01CC, 0x01CC,
  0x01CC, 0x01CC, 0x01CC, 0x01CC, 0x01CC, 0x01CC, 0x01CC, 0x01CC, 0x01CC, 0x01CC, 0x01CC, 0x01CC,
  0x01CC, 0x2ACF, 0x5C13, 0x84F6, 0x8D57, 0x9577, 0x9577, 0x9D98, 0x9D98, 0x9D98, 0xA5B8, 0xA5D9,
  0xADF9, 0xB63A, 0xC67B, 0xCEBB, 0xCEDC, 0xD6FC, 0xE75D, 0xEF9E, 0xFFDF, 0xFFFF, 0xFFFF, 0xFFFF,
  0xFFFF, 0xFFFF, 0xFFFF, 0xFFFF, 0xFFFF, 0xFFFF, 0xFFFF, 0xEF9E, 0xDF1D, 0xC69B, 0xADF9, 0x8D37,
  0x6C74, 0x53F3, 0x3B51, 0x22AF, 0x122D, 0x01ED, 0x01CC, 0x01CC, 0x01CC, 0x01CC, 0x01CC, 0x01CC,
  0x01CC, 0x01CC, 0x01CC, 0x01CC, 0x01CC, 0x01CC, 0x01CC, 0x01CC, 0x01CC, 0x01CC, 0x01CC, 0x01CC,
  0x01CC, 0x01CC, 0x01CC, 0x01CC, 0x01CC, 0x01ED, 0x124E, 0x2ACF, 0x4371, 0x6434, 0x84F6, 0xA5B8,
  0xC67B, 0xDF3D, 0xF7BF, 0xFFFF, 0xFFFF, 0xFFFF, 0xFFFF, 0xFFFF, 0xFFFF, 0xFFFF, 0xFFFF, 0xFFFF,
  0xFFFF, 0xFFFF, 0xFFFF, 0xFFFF, 0xFFFF, 0xFFFF, 0xFFFF, 0xFFFF, 0xFFFF, 0xFFFF, 0xFFFF, 0xFFFF,
  0xFFFF, 0xFFFF, 0xFFFF, 0xFFFF, 0xFFFF, 0xFFFF, 0xFFFF, 0xFFFF, 0xFFFF, 0xFFFF, 0xFFFF, 0xFFFF,
  0xFFFF, 0xFFFF, 0xFFFF, 0xFFFF, 0xFFFF, 0xFFFF, 0xFFFF, 0xFFFF, 0xFFFF, 0xFFFF, 0xFFFF, 0xFFFF,
  0xFFFF, 0xFFFF, 0xFFFF, 0xFFFF, 0xFFFF, 0xFFFF, 0xFFFF, 0xFFFF, 0xFFFF, 0xFFFF, 0xFFFF, 0xFFFF,
  0xFFFF, 0xFFFF, 0xFFFF, 0xFFFF, 0xFFFF, 0xFFFF, 0xFFFF, 0xFFFF, 0xFFFF, 0xFFFF, 0xFFFF, 0xFFFF,
  0xFFFF, 0xFFFF, 0xFFFF, 0xFFFF, 0xFFFF, 0xFFFF, 0xFFFF, 0xFFFF, 0xFFFF, 0xFFFF, 0xFFFF, 0xFFFF,
  0xFFFF, 0xFFFF, 0xFFFF, 0xFFFF, 0xFFFF, 0xFFFF, 0xF7DF, 0x8D57, 0x228F, 0x01ED, 0x01CC, 0x01CC,
  0x01CC, 0x01CC, 0x01CC, 0x01CC, 0x01CC, 0x01CC, 0x01CC, 0x01CC, 0x01CC, 0x01CC, 0x01CC, 0x01CC,
  0x01CC, 0x01CC, 0x01CC, 0x01CC, 0x01CC, 0x01CC, 0x01CC, 0x01CC, 0x01CC, 0x01CC, 0x01CC, 0x01CC,
  0x01CC, 0x01CC, 0x01CC, 0x01CC, 0x01CC, 0x01CC, 0x01CC, 0x01CC, 0x01CC, 0x01CC, 0x01CC, 0x01CC,
  0x01CC, 0x01CC, 0x01CC, 0x01CC, 0x01CC, 0x01CC, 0x01CC, 0x01CC, 0x01CC, 0x01CC, 0x01CC, 0x01CC,
  0x01CC, 0x01CC, 0x01CC, 0x01CC, 0x01CC, 0x01CC, 0x01CC, 0x01CC, 0x01CC, 0x01CC, 0x01CC, 0x01CC,
  0x01CC, 0x01CC, 0x01CC, 0x01CC, 0x01CC, 0x01CC, 0x01CC, 0x01CC, 0x01CC, 0x01CC, 0x01CC, 0x01CC,
  0x01CC, 0x01CC, 0x01CC, 0x01CC, 0x01CC, 0x01CC, 0x01CC, 0x01CC, 0x01CC, 0x01CC, 0x01CC, 0x01CC,
  0x01CC, 0x01CC, 0x01CC, 0x01CC, 0x01CC, 0x01CC, 0x01CC, 0x01CC, 0x01CC, 0x01CC, 0x01CC, 0x01CC,
  0x01CC, 0x01CC, 0x01CC, 0x01CC, 0x01CC, 0x01CC, 0x01CC, 0x01CC, 0x01CC, 0x01CC, 0x01CC, 0x01CC,
  0x01CC, 0x01CC, 0x01CC, 0x01CC, 0x01CC, 0x01CC, 0x01CC, 0x01CC, 0x01CC, 0x01CC, 0x01CC, 0x01CC,
  0x01CC, 0x01CC, 0x01CC, 0x01CC, 0x01CC, 0x01CC, 0x01CC, 0x01CC, 0x01CC, 0x01CC, 0x01CC, 0x01CC,
  0x01CC, 0x01CC, 0x01CC, 0x01CC, 0x01CC, 0x01CC, 0x01CC, 0x01CC, 0x01CC, 0x01CC, 0x01CC, 0x01CC,
  0x01CC, 0x01CC, 0x01CC, 0x01CC, 0x01CC, 0x01CC, 0x01CC, 0x01CC, 0x01CC, 0x01CC, 0x01CC, 0x01CC,
  0x01CC, 0x01CC, 0x01CC, 0x01CC, 0x01CC, 0x01CC, 0x01CC, 0x01CC, 0x01CC, 0x01CC, 0x01CC, 0x01CC,
  0x01CC, 0x01CC, 0x01CC, 0x01CC, 0x01CC, 0x01CC, 0x01CC, 0x01CC, 0x01CC, 0x01CC, 0x01CC, 0x01CC,
  0x01CC, 0x01CC, 0x01CC, 0x01CC, 0x01CC, 0x01CC, 0x01CC, 0x01CC, 0x01CC, 0x01CC, 0x01CC, 0x01CC,
  0x01CC, 0x01CC, 0x01CC, 0x01CC, 0x01CC, 0x01CC, 0x01CC, 0x01CC, 0x01CC, 0x01CC, 0x01CC, 0x01CC,
  0x01CC, 0x01CC, 0x01CC, 0x01CC, 0x01CC, 0x01CC, 0x01CC, 0x01CC, 0x01CC, 0x01CC, 0x01CC, 0x01CC,
  0x01CC, 0x01CC, 0x01CC, 0x01CC, 0x01CC, 0x01CC, 0x01CC, 0x01CC, 0x01CC, 0x01CC, 0x01CC, 0x01CC,
  0x01CC, 0x01CC, 0x01CC, 0x01CC, 0x01CC, 0x01CC, 0x01CC, 0x01CC, 0x01CC, 0x01CC, 0x01CC, 0x01CC,
  0x01CC, 0x01CC, 0x01CC, 0x01CC, 0x01CC, 0x01CC, 0x01CC, 0x01CC, 0x01CC, 0x01CC, 0x01CC, 0x01CC,
  0x01CC, 0x01CC, 0x01CC, 0x01CC, 0x01CC, 0x01CC, 0x01CC, 0x01CC, 0x01CC, 0x01CC, 0x01CC, 0x01CC,
  0x01CC, 0x01CC, 0x01CC, 0x01CC, 0x01CC, 0x01CC, 0x01CC, 0x01CC, 0x01CC, 0x01CC, 0x01CC, 0x01CC,
  0x01CC, 0x01CC, 0x01CC, 0x01CC, 0x01CC, 0x01CC, 0x01CC, 0x01CC, 0x01CC, 0x01CC, 0x01CC, 0x01CC,
  0x01CC, 0x01CC, 0x01CC, 0x01CC, 0x01CC, 0x01CC, 0x01CC, 0x01CC, 0x01CC, 0x01CC, 0x01CC, 0x01CC,
  0x01EC, 0x01ED, 0x01ED, 0x0A0D, 0x0A0D, 0x0A0D, 0x0A2D, 0x122D, 0x122E, 0x124E, 0x124E, 0x124E,
  0x124E, 0x124E, 0x1A4E, 0x1A6E, 0x1A8E, 0x22AF, 0x22CF, 0x2ACF, 0x2ACF, 0x2ACF, 0x32F0, 0x3B30,
  0x4371, 0x53F3, 0x6C74, 0x7CD5, 0x8D16, 0x9577, 0xAE19, 0xCEBB, 0xDF3D, 0xE75D, 0xEF7E, 0xEF9E,
  0xF7BE, 0xF7BE, 0xF7BE, 0xF7BE, 0xF79E, 0xEF9E, 0xE75D, 0xC69B, 0x9D98, 0x6C74, 0x3B30, 0x0A0D,
  0x01CC, 0x01CC, 0x01CC, 0x01CC, 0x01CC, 0x01CC, 0x01CC, 0x01CC, 0x01CC, 0x01CC, 0x01CC, 0x01CC,
  0x01CC, 0x01CC, 0x01CC, 0x01CC, 0x01CC, 0x01CC, 0x01CC, 0x01CC, 0x01CC, 0x01CC, 0x01CC, 0x01CC,
  0x01CC, 0x01CC, 0x01CC, 0x01CC, 0x01CC, 0x01CC, 0x01CC, 0x01CC, 0x01CC, 0x01CC, 0x0A0D, 0x2ACF,
  0x6454, 0xADF9, 0xE75D, 0xF7DF, 0xFFFF, 0xFFFF, 0xFFFF, 0xFFFF, 0xFFFF, 0xFFFF, 0xFFFF, 0xFFFF,
  0xFFFF, 0xFFFF, 0xFFFF, 0xFFFF, 0xFFFF, 0xFFFF, 0xFFFF, 0xFFFF, 0xFFFF, 0xFFFF, 0xFFFF, 0xFFFF,
  0xFFFF, 0xFFFF, 0xFFFF, 0xFFFF, 0xFFFF, 0xFFFF, 0xFFFF, 0xFFFF, 0xFFFF, 0xFFFF, 0xFFFF, 0xFFFF,
  0xFFFF, 0xFFFF, 0xFFFF, 0xFFFF, 0xFFFF, 0xFFFF, 0xFFFF, 0xFFFF, 0xFFFF, 0xFFFF, 0xFFFF, 0xFFFF,
  0xFFFF, 0xFFFF, 0xFFFF, 0xFFFF, 0xFFFF, 0xFFFF, 0xFFFF, 0xFFFF, 0xFFFF, 0xFFFF, 0xFFFF, 0xFFFF,
  0xFFFF, 0xFFFF, 0xFFFF, 0xFFFF, 0xFFFF, 0xFFFF, 0xFFFF, 0xFFFF, 0xFFFF, 0xFFFF, 0xFFFF, 0xFFFF,
  0xFFFF, 0xFFFF, 0xFFFF, 0xFFFF, 0xFFFF, 0xFFFF, 0xFFFF, 0xFFFF, 0xFFFF, 0xFFFF, 0xFFFF, 0xFFFF,
  0xFFFF, 0xFFFF, 0xFFFF, 0xFFFF, 0xFFFF, 0xFFFF, 0xF7DF, 0x8D37, 0x1A8E, 0x01ED, 0x01CC, 0x01CC,
  0x01CC, 0x01CC, 0x01CC, 0x01CC, 0x01CC, 0x01CC, 0x01CC, 0x01CC, 0x01CC, 0x01CC, 0x01CC, 0x01CC,
  0x01CC, 0x01CC, 0x01CC, 0x01CC, 0x01CC, 0x01CC, 0x01CC, 0x01CC, 0x01CC, 0x01CC, 0x01CC, 0x01CC,
  0x01CC, 0x01CC, 0x01CC, 0x01CC, 0x01CC, 0x01CC, 0x01CC, 0x01CC, 0x01CC, 0x01CC, 0x01CC, 0x01CC,
  0x01CC, 0x01CC, 0x01CC, 0x01CC, 0x01CC, 0x01CC, 0x01CC, 0x01CC, 0x01CC, 0x01CC, 0x01CC, 0x01CC,
  0x01CC, 0x01CC, 0x01CC, 0x01CC, 0x01CC, 0x01CC, 0x01CC, 0x01CC, 0x01CC, 0x01CC, 0x01CC, 0x01CC,
  0x01CC, 0x01CC, 0x01CC, 0x01CC, 0x01CC, 0x01CC, 0x01CC, 0x01CC, 0x01CC, 0x01CC, 0x01CC, 0x01CC,
  0x01CC, 0x01CC, 0x01CC, 0x01CC, 0x01CC, 0x01CC, 0x01CC, 0x01CC, 0x01CC, 0x01CC, 0x01CC, 0x01CC,
  0x01CC, 0x01CC, 0x01CC, 0x01CC, 0x01CC, 0x01CC, 0x01CC, 0x01CC, 0x01CC, 0x01CC, 0x01CC, 0x01CC,
  0x01CC, 0x01CC, 0x01CC, 0x01CC, 0x01CC, 0x01CC, 0x01CC, 0x01CC, 0x01CC, 0x01CC, 0x01CC, 0x01CC,
  0x01CC, 0x01CC, 0x01CC, 0x01CC, 0x01CC, 0x01CC, 0x01CC, 0x01CC, 0x01CC, 0x01CC, 0x01CC, 0x01CC,
  0x01CC, 0x01CC, 0x01CC, 0x01CC, 0x01CC, 0x01CC, 0x01CC, 0x01CC, 0x01CC, 0x01CC, 0x01CC, 0x01CC,
  0x01CC, 0x01CC, 0x01CC, 0x01CC, 0x01CC, 0x01CC, 0x01CC, 0x01CC, 0x01CC, 0x01CC, 0x01CC, 0x01CC,
  0x01CC, 0x01CC, 0x01CC, 0x01CC, 0x01CC, 0x01CC, 0x01CC, 0x01CC, 0x01CC, 0x01CC, 0x01CC, 0x01CC,
  0x01CC, 0x01CC, 0x01CC, 0x01CC, 0x01CC, 0x01CC, 0x01CC, 0x01CC, 0x01CC, 0x01CC, 0x01CC, 0x01CC,
  0x01CC, 0x01CC, 0x01CC, 0x01CC, 0x01CC, 0x01CC, 0x01CC, 0x01CC, 0x01CC, 0x01CC, 0x01CC, 0x01CC,
  0x01CC, 0x01CC, 0x01CC, 0x01CC, 0x01CC, 0x01CC, 0x01CC, 0x01CC, 0x01CC, 0x01CC, 0x01CC, 0x01CC,
  0x01CC, 0x01CC, 0x01CC, 0x01CC, 0x01CC, 0x01CC, 0x01CC, 0x01CC, 0x01CC, 0x01CC, 0x01CC, 0x01CC,
  0x01CC, 0x01CC, 0x01CC, 0x01CC, 0x01CC, 0x01CC, 0x01CC, 0x01CC, 0x01CC, 0x01CC, 0x01CC, 0x01CC,
  0x01CC, 0x01CC, 0x01CC, 0x01CC, 0x01CC, 0x01CC, 0x01CC, 0x01CC, 0x01CC, 0x01CC, 0x01CC, 0x01CC,
  0x01CC, 0x01CC, 0x01CC, 0x01CC, 0x01CC, 0x01CC, 0x01CC, 0x01CC, 0x01CC, 0x01CC, 0x01CC, 0x01CC,
  0x01CC, 0x01CC, 0x01CC, 0x01CC, 0x01CC, 0x01CC, 0x01CC, 0x01CC, 0x01CC, 0x01CC, 0x01CC, 0x01CC,
  0x01CC, 0x01CC, 0x01CC, 0x01CC, 0x01CC, 0x01CC, 0x01CC, 0x01CC, 0x01CC, 0x01CC, 0x01CC, 0x01CC,
  0x01CC, 0x01CC, 0x01CC, 0x01CC, 0x01CC, 0x01CC, 0x01CC, 0x01CC, 0x01CC, 0x01CC, 0x01CC, 0x01CC,
  0x01CC, 0x01CC, 0x01CC, 0x01CC, 0x01CC, 0x01CC, 0x01CC, 0x01CC, 0x01CC, 0x01CC, 0x01CC, 0x01CC,
  0x01CC, 0x01CC, 0x01CC, 0x01CC, 0x01CC, 0x01CC, 0x01CC, 0x01CC, 0x01CC, 0x01CC, 0x09ED, 0x122D,
  0x228F, 0x2AF0, 0x3B51, 0x4B92, 0x53F3, 0x6454, 0x74B5, 0x84F6, 0x8D16, 0x8D37, 0x9557, 0x9577,
  0x9D78, 0x9D98, 0x9D98, 0x9D98, 0x9DB8, 0x9DB8, 0x9D98, 0x9D78, 0x9557, 0x8D37, 0x84F6, 0x7CB5,
  0x6C74, 0x6434, 0x5BF3, 0x4BB2, 0x4351, 0x3310, 0x3310, 0x3B31, 0x4391, 0x53F3, 0x6C54, 0x7CD5,
  0x8D57, 0x9D98, 0xA5D8, 0x9D98, 0x8D37, 0x7495, 0x53D2, 0x3B51, 0x2ACF, 0x1A8E, 0x0A2D, 0x01CC,
  0x01CC, 0x01CC, 0x01CC, 0x01CC, 0x01CC, 0x01CC, 0x01CC, 0x01CC, 0x01CC, 0x01CC, 0x01CC, 0x01CC,
  0x01CC, 0x01CC, 0x01CC, 0x01CC, 0x01CC, 0x01CC, 0x01CC, 0x01CC, 0x01CC, 0x01CC, 0x01CC, 0x01CC,
  0x01CC, 0x01CC, 0x01CC, 0x01CC, 0x01CC, 0x01CC, 0x01CC, 0x01CC, 0x01CC, 0x01CC, 0x01EC, 0x122D,
  0x3B30, 0x7CB5, 0xBE5A, 0xEF9E, 0xFFFF, 0xFFFF, 0xFFFF, 0xFFFF, 0xFFFF, 0xFFFF, 0xFFFF, 0xFFFF,
  0xFFFF, 0xFFFF, 0xFFFF, 0xFFFF, 0xFFFF, 0xFFFF, 0xFFFF, 0xFFFF, 0xFFFF, 0xFFFF, 0xFFFF, 0xFFFF,
  0xFFFF, 0xFFFF, 0xFFFF, 0xFFFF, 0xFFFF, 0xFFFF, 0xFFFF, 0xFFFF, 0xFFFF, 0xFFFF, 0xFFFF, 0xFFFF,
  0xFFFF, 0xFFFF, 0xFFFF, 0xFFFF, 0xFFFF, 0xFFFF, 0xFFFF, 0xFFFF, 0xFFFF, 0xFFFF, 0xFFFF, 0xFFFF,
  0xFFFF, 0xFFFF, 0xFFFF, 0xFFFF, 0xFFFF, 0xFFFF, 0xFFFF, 0xFFFF, 0xFFFF, 0xFFFF, 0xFFFF, 0xFFFF,
  0xFFFF, 0xFFFF, 0xFFFF, 0xFFFF, 0xFFFF, 0xFFFF, 0xFFFF, 0xFFFF, 0xFFFF, 0xFFFF, 0xFFFF, 0xFFFF,
  0xFFFF, 0xFFFF, 0xFFFF, 0xFFFF, 0xFFFF, 0xFFFF, 0xFFFF, 0xFFFF, 0xFFFF, 0xFFFF, 0xFFFF, 0xFFFF,
  0xFFFF, 0xFFFF, 0xFFFF, 0xFFFF, 0xFFFF, 0xFFFF, 0xF7BE, 0x84F6, 0x124E, 0x01EC, 0x01CC, 0x01CC,
  0x01CC, 0x01CC, 0x01CC, 0x01CC, 0x01CC, 0x01CC, 0x01CC, 0x01CC, 0x01CC, 0x01CC, 0x01CC, 0x01CC,
  0x01CC, 0x01CC, 0x01CC, 0x01CC, 0x01CC, 0x01CC, 0x01CC, 0x01CC, 0x01CC, 0x01CC, 0x01CC, 0x01CC,
  0x01CC, 0x01CC, 0x01CC, 0x01CC, 0x01CC, 0x01CC, 0x01CC, 0x01CC, 0x01CC, 0x01CC, 0x01CC, 0x01CC,
  0x01CC, 0x01CC, 0x01CC, 0x01CC, 0x01CC, 0x01CC, 0x01CC, 0x01CC, 0x01CC, 0x01CC, 0x01CC, 0x01CC,
  0x01CC, 0x01CC, 0x01CC, 0x01CC, 0x01CC, 0x01CC, 0x01CC, 0x01CC, 0x01CC, 0x01CC, 0x01CC, 0x01CC,
  0x01CC, 0x01CC, 0x01CC, 0x01CC, 0x01CC, 0x01CC, 0x01CC, 0x01CC, 0x01CC, 0x01CC, 0x01CC, 0x01CC,
  0x01CC, 0x01CC, 0x01CC, 0x01CC, 0x01CC, 0x01CC, 0x01CC, 0x01CC, 0x01CC, 0x01CC, 0x01CC, 0x01CC,
  0x01CC, 0x01CC, 0x01CC, 0x01CC, 0x01CC, 0x01CC, 0x01CC, 0x01CC, 0x01CC, 0x01CC, 0x01CC, 0x01CC,
  0x01CC, 0x01CC, 0x01CC, 0x01CC, 0x01CC, 0x01CC, 0x01CC, 0x01CC, 0x01CC, 0x01CC, 0x01CC, 0x01CC,
  0x01CC, 0x01CC, 0x01CC, 0x01CC, 0x01CC, 0x01CC, 0x01CC, 0x01CC, 0x01CC, 0x01CC, 0x01CC, 0x01CC,
  0x01CC, 0x01CC, 0x01CC, 0x01CC, 0x01CC, 0x01CC, 0x01CC, 0x01CC, 0x01CC, 0x01CC, 0x01CC, 0x01CC,
  0x01CC, 0x01CC, 0x01CC, 0x01CC, 0x01CC, 0x01CC, 0x01CC, 0x01CC, 0x01CC, 0x01CC, 0x01CC, 0x01CC,
  0x01CC, 0x01CC, 0x01CC, 0x01CC, 0x01CC, 0x01CC, 0x01CC, 0x01CC, 0x01CC, 0x01CC, 0x01CC, 0x01CC,
  0x01CC, 0x01CC, 0x01CC, 0x01CC, 0x01CC, 0x01CC, 0x01CC, 0x01CC, 0x01CC, 0x01CC, 0x01CC, 0x01CC,
  0x01CC, 0x01CC, 0x01CC, 0x01CC, 0x01CC, 0x01CC, 0x01CC, 0x01CC, 0x01CC, 0x01CC, 0x01CC, 0x01CC,
  0x01CC, 0x01CC, 0x01CC, 0x01CC, 0x01CC, 0x01CC, 0x01CC, 0x01CC, 0x01CC, 0x01CC, 0x01CC, 0x01CC,
  0x01CC, 0x01CC, 0x01CC, 0x01CC, 0x01CC, 0x01CC, 0x01CC, 0x01CC, 0x01CC, 0x01CC, 0x01CC, 0x01CC,
  0x01CC, 0x01CC, 0x01CC, 0x01CC, 0x01CC, 0x01CC, 0x01CC, 0x01CC, 0x01CC, 0x01CC, 0x01CC, 0x01CC,
  0x01CC, 0x01CC, 0x01CC, 0x01CC, 0x01CC, 0x01CC, 0x01CC, 0x01CC, 0x01CC, 0x01CC, 0x01CC, 0x01CC,
  0x01CC, 0x01CC, 0x01CC, 0x01CC, 0x01CC, 0x01CC, 0x01CC, 0x01CC, 0x01CC, 0x01CC, 0x01CC, 0x01CC,
  0x01CC, 0x01CC, 0x01CC, 0x01CC, 0x01CC, 0x01CC, 0x01CC, 0x01CC, 0x01CC, 0x01CC, 0x01CC, 0x01CC,
  0x01CC, 0x01CC, 0x01CC, 0x01CC, 0x01CC, 0x01CC, 0x01CC, 0x01CC, 0x01CC, 0x01CC, 0x01CC, 0x01CC,
  0x01CC, 0x01CC, 0x01CC, 0x01CC, 0x01CC, 0x01CC, 0x01CC, 0x01CC, 0x01CC, 0x01CC, 0x01CC, 0x01CC,
  0x01CC, 0x01CC, 0x01CC, 0x01CC, 0x01CC, 0x01CC, 0x01CC, 0x01CC, 0x01CC, 0x01CC, 0x01CC, 0x01CC,
  0x01CC, 0x01CC, 0x01CC, 0x01CC, 0x0A0D, 0x1A6E, 0x2ACF, 0x3B30, 0x4391, 0x53D2, 0x6433, 0x7495,
  0x84F6, 0x8D37, 0x9D98, 0xA5B8, 0xAE19, 0xBE5A, 0xC69B, 0xCEDC, 0xD6FC, 0xD6FC, 0xDF1D, 0xDF3D,
  0xDF3D, 0xE73D, 0xE75D, 0xE75D, 0xE75D, 0xE73D, 0xDF3D, 0xDF1D, 0xD6FC, 0xCEDC, 0xCEBB, 0xBE7B,
  0xB61A, 0xA5D9, 0x9D98, 0x8D37, 0x84F6, 0x7495, 0x6434, 0x5BF3, 0x53D2, 0x53B2, 0x4BB2, 0x53B2,
  0x53D2, 0x53D2, 0x4BB2, 0x4B92, 0x3B31, 0x2ACF, 0x124D, 0x01ED, 0x01CC, 0x01CC, 0x01CC, 0x01CC,
  0x01CC, 0x01CC, 0x01CC, 0x01CC, 0x01CC, 0x01CC, 0x01CC, 0x01CC, 0x01CC, 0x01CC, 0x01CC, 0x01CC,
  0x01CC, 0x01CC, 0x01CC, 0x01CC, 0x01CC, 0x01CC, 0x01CC, 0x01CC, 0x01CC, 0x01CC, 0x01CC, 0x01CC,
  0x01CC, 0x01CC, 0x01CC, 0x01CC, 0x01CC, 0x01CC, 0x01CC, 0x01CC, 0x0A0D, 0x22AF, 0x3B31, 0x53F3,
  0x7CD6, 0xA5D9, 0xD6DC, 0xF7BE, 0xFFFF, 0xFFFF, 0xFFFF, 0xFFFF, 0xFFFF, 0xFFFF, 0xFFFF, 0xFFFF,
  0xFFFF, 0xFFFF, 0xFFFF, 0xFFFF, 0xFFFF, 0xFFFF, 0xFFFF, 0xFFFF, 0xFFFF, 0xFFFF, 0xFFFF, 0xFFFF,
  0xFFFF, 0xFFFF, 0xFFFF, 0xFFFF, 0xFFFF, 0xFFFF, 0xFFFF, 0xFFFF, 0xFFFF, 0xFFFF, 0xFFFF, 0xFFFF,
  0xFFFF, 0xFFFF, 0xFFFF, 0xFFFF, 0xFFFF, 0xFFFF, 0xFFFF, 0xFFFF, 0xFFFF, 0xFFFF, 0xFFFF, 0xFFFF,
  0xFFFF, 0xFFFF, 0xFFFF, 0xFFFF, 0xFFFF, 0xFFFF, 0xFFFF, 0xFFFF, 0xFFFF, 0xFFFF, 0xFFFF, 0xFFFF,
  0xFFFF, 0xFFFF, 0xFFFF, 0xFFFF, 0xFFFF, 0xFFFF, 0xFFFF, 0xFFFF, 0xFFFF, 0xFFFF, 0xFFFF, 0xFFFF,
  0xFFFF, 0xFFFF, 0xFFFF, 0xFFFF, 0xFFFF, 0xFFFF, 0xFFFF, 0xFFFF, 0xFFFF, 0xFFFF, 0xFFFF, 0xFFFF,
  0xFFFF, 0xFFFF, 0xFFFF, 0xFFFF, 0xFFFF, 0xF7DF, 0xDF1D, 0x7495, 0x0A0D, 0x01CC, 0x01CC, 0x01CC,
  0x01CC, 0x01CC, 0x01CC, 0x01CC, 0x01CC, 0x01CC, 0x01CC, 0x01CC, 0x01CC, 0x01CC, 0x01CC, 0x01CC,
  0x01CC, 0x01CC, 0x01CC, 0x01CC, 0x01CC, 0x01CC, 0x01CC, 0x01CC, 0x01CC, 0x01CC, 0x01CC, 0x01CC,
  0x01CC, 0x01CC, 0x01CC, 0x01CC, 0x01CC, 0x01CC, 0x01CC, 0x01CC, 0x01CC, 0x01CC, 0x01CC, 0x01CC,
  0x01CC, 0x01CC, 0x01CC, 0x01CC, 0x01CC, 0x01CC, 0x01CC, 0x01CC, 0x01CC, 0x01CC, 0x01CC, 0x01CC,
  0x01CC, 0x01CC, 0x01CC, 0x01CC, 0x01CC, 0x01CC, 0x01CC, 0x01CC, 0x01CC, 0x01CC, 0x01CC, 0x01CC,
  0x01CC, 0x01CC, 0x01CC, 0x01CC, 0x01CC, 0x01CC, 0x01CC, 0x01CC, 0x01CC, 0x01CC, 0x01CC, 0x01CC,
  0x01CC, 0x01CC, 0x01CC, 0x01CC, 0x01CC, 0x01CC, 0x01CC, 0x01CC, 0x01CC, 0x01CC, 0x01CC, 0x01CC,
  0x01CC, 0x01CC, 0x01CC, 0x01CC, 0x01CC, 0x01CC, 0x01CC, 0x01CC, 0x01CC, 0x01CC, 0x01CC, 0x01CC,
  0x01CC, 0x01CC, 0x01CC, 0x01CC, 0x01CC, 0x01CC, 0x01CC, 0x01CC, 0x01CC, 0x01CC, 0x01CC, 0x01CC,
  0x01CC, 0x01CC, 0x01CC, 0x01CC, 0x01CC, 0x01CC, 0x01CC, 0x01CC, 0x01CC, 0x01CC, 0x01CC, 0x01CC,
  0x01CC, 0x01CC, 0x01CC, 0x01CC, 0x01CC, 0x01CC, 0x01CC, 0x01CC, 0x01CC, 0x01CC, 0x01CC, 0x01CC,
  0x01CC, 0x01CC, 0x01CC, 0x01CC, 0x01CC, 0x01CC, 0x01CC, 0x01CC, 0x01CC, 0x01CC, 0x01CC, 0x01CC,
  0x01CC, 0x01CC, 0x01CC, 0x01CC, 0x01CC, 0x01CC, 0x01CC, 0x01CC, 0x01CC, 0x01CC, 0x01CC, 0x01CC,
  0x01CC, 0x01CC, 0x01CC, 0x01CC, 0x01CC, 0x01CC, 0x01CC, 0x01CC, 0x01CC, 0x01CC, 0x01CC, 0x01CC,
  0x01CC, 0x01CC, 0x01CC, 0x01CC, 0x01CC, 0x01CC, 0x01CC, 0x01CC, 0x01CC, 0x01CC, 0x01CC, 0x01CC,
  0x01CC, 0x01CC, 0x01CC, 0x01CC, 0x01CC, 0x01CC, 0x01CC, 0x01CC, 0x01CC, 0x01CC, 0x01CC, 0x01CC,
  0x01CC, 0x01CC, 0x01CC, 0x01CC, 0x01CC, 0x01CC, 0x01CC, 0x01CC, 0x01CC, 0x01CC, 0x01CC, 0x01CC,
  0x01CC, 0x01CC, 0x01CC, 0x01CC, 0x01CC, 0x01CC, 0x01CC, 0x01CC, 0x01CC, 0x01CC, 0x01CC, 0x01CC,
  0x01CC, 0x01CC, 0x01CC, 0x01CC, 0x01CC, 0x01CC, 0x01CC, 0x01CC, 0x01CC, 0x01CC, 0x01CC, 0x01CC,
  0x01CC, 0x01CC, 0x01CC, 0x01CC, 0x01CC, 0x01CC, 0x01CC, 0x01CC, 0x01CC, 0x01CC, 0x01CC, 0x01CC,
  0x01CC, 0x01CC, 0x01CC, 0x01CC, 0x01CC, 0x01CC, 0x01CC, 0x01CC, 0x01CC, 0x01CC, 0x01CC, 0x01CC,
  0x01CC, 0x01CC, 0x01CC, 0x01CC, 0x01CC, 0x01CC, 0x01CC, 0x01CC, 0x01CC, 0x01CC, 0x01CC, 0x01CC,
  0x01CC, 0x01CC, 0x01CC, 0x01CC, 0x01CC, 0x01CC, 0x01CC, 0x01CC, 0x01CC, 0x01CC, 0x01CC, 0x01CC,
  0x01CC, 0x01CC, 0x01CC, 0x01CC, 0x01CC, 0x01CC, 0x01CC, 0x01CC, 0x01CC, 0x01CC, 0x01CC, 0x01EC,
  0x01ED, 0x0A0D, 0x122D, 0x124E, 0x32F0, 0x53D2, 0x7495, 0x9557, 0xAE19, 0xC69B, 0xDF3D, 0xF7BE,
  0xFFDF, 0xFFFF, 0xFFFF, 0xFFFF, 0xFFFF, 0xFFFF, 0xFFFF, 0xFFFF, 0xFFFF, 0xFFFF, 0xFFFF, 0xFFFF,
  0xFFFF, 0xFFFF, 0xFFFF, 0xFFFF, 0xFFFF, 0xFFFF, 0xFFFF, 0xFFFF, 0xFFFF, 0xFFFF, 0xFFFF, 0xFFFF,
  0xFFFF, 0xFFFF, 0xFFFF, 0xFFFF, 0xFFDF, 0xF7BF, 0xE75D, 0xCEDC, 0xB63A, 0x9578, 0x7CD5, 0x5C13,
  0x3B51, 0x22AF, 0x124E, 0x0A2D, 0x0A0D, 0x01ED, 0x01EC, 0x01CC, 0x01CC, 0x01CC, 0x01CC, 0x01CC,
  0x01CC, 0x01CC, 0x01CC, 0x01CC, 0x01CC, 0x01CC, 0x01CC, 0x01CC, 0x01CC, 0x01CC, 0x01CC, 0x01CC,
  0x01CC, 0x01CC, 0x01CC, 0x01CC, 0x01CC, 0x01CC, 0x01CC, 0x01CC, 0x01CC, 0x01CC, 0x01CC, 0x01CC,
  0x01CC, 0x01CC, 0x01CC, 0x01CC, 0x01CC, 0x01EC, 0x0A0D, 0x124E, 0x2ACF, 0x6434, 0x9577, 0xC69B,
  0xF7BE, 0xFFFF, 0xFFFF, 0xFFFF, 0xFFFF, 0xFFFF, 0xFFFF, 0xFFFF, 0xFFFF, 0xFFFF, 0xFFFF, 0xFFFF,
  0xFFFF, 0xFFFF, 0xFFFF, 0xFFFF, 0xFFFF, 0xFFFF, 0xFFFF, 0xFFFF, 0xFFFF, 0xFFFF, 0xFFFF, 0xFFFF,
  0xFFFF, 0xFFFF, 0xFFFF, 0xFFFF, 0xFFFF, 0xFFFF, 0xFFFF, 0xFFFF, 0xFFFF, 0xFFFF, 0xFFFF, 0xFFFF,
  0xFFFF, 0xFFFF, 0xFFFF, 0xFFFF, 0xFFFF, 0xFFFF, 0xFFFF, 0xFFFF, 0xFFFF, 0xFFFF, 0xFFFF, 0xFFFF,
  0xFFFF, 0xFFFF, 0xFFFF, 0xFFFF, 0xFFFF, 0xFFFF, 0xFFFF, 0xFFFF, 0xFFFF, 0xFFFF, 0xFFFF, 0xFFFF,
  0xFFFF, 0xFFFF, 0xFFFF, 0xFFFF, 0xFFFF, 0xFFFF, 0xFFFF, 0xFFFF, 0xFFFF, 0xFFFF, 0xFFFF, 0xFFFF,
  0xFFFF, 0xFFFF, 0xFFFF, 0xFFFF, 0xFFFF, 0xFFFF, 0xFFFF, 0xFFFF, 0xFFFF, 0xFFFF, 0xFFFF, 0xFFFF,
  0xFFFF, 0xFFFF, 0xFFFF, 0xFFFF, 0xFFFF, 0xEF9E, 0xB63A, 0x53D2, 0x01CC, 0x01CC, 0x01CC, 0x01CC,
  0x01CC, 0x01CC, 0x01CC, 0x01CC, 0x01CC, 0x01CC, 0x01CC, 0x01CC, 0x01CC, 0x01CC, 0x01CC, 0x01CC,
  0x01CC, 0x01CC, 0x01CC, 0x01CC, 0x01CC, 0x01CC, 0x01CC, 0x01CC, 0x01CC, 0x01CC, 0x01CC, 0x01CC,
  0x01CC, 0x01CC, 0x01CC, 0x01CC, 0x01CC, 0x01CC, 0x01CC, 0x01CC, 0x01CC, 0x01CC, 0x01CC, 0x01CC,
  0x01CC, 0x01CC, 0x01CC, 0x01CC, 0x01CC, 0x01CC, 0x01CC, 0x01CC, 0x01CC, 0x01CC, 0x01CC, 0x01CC,
  0x01CC, 0x01CC, 0x01CC, 0x01CC, 0x01CC, 0x01CC, 0x01CC, 0x01CC, 0x01CC, 0x01CC, 0x01CC, 0x01CC,
  0x01CC, 0x01CC, 0x01CC, 0x01CC, 0x01CC, 0x01CC, 0x01CC, 0x01CC, 0x01CC, 0x01CC, 0x01CC, 0x01CC,
  0x01CC, 0x01CC, 0x01CC, 0x01CC, 0x01CC, 0x01CC, 0x01CC, 0x01CC, 0x01CC, 0x01CC, 0x01CC, 0x01CC,
  0x01CC, 0x01CC, 0x01CC, 0x01CC, 0x01CC, 0x01CC, 0x01CC, 0x01CC, 0x01CC, 0x01CC, 0x01CC, 0x01CC,
  0x01CC, 0x01CC, 0x01CC, 0x01CC, 0x01CC, 0x01CC, 0x01CC, 0x01CC, 0x01CC, 0x01CC, 0x01CC, 0x01CC,
  0x01CC, 0x01CC, 0x01CC, 0x01CC, 0x01CC, 0x01CC, 0x01CC, 0x01CC, 0x01CC, 0x01CC, 0x01CC, 0x01CC,
  0x01CC, 0x01CC, 0x01CC, 0x01CC, 0x01CC, 0x01CC, 0x01CC, 0x01CC, 0x01CC, 0x01CC, 0x01CC, 0x01CC,
  0x01CC, 0x01CC, 0x01CC, 0x01CC, 0x01CC, 0x01CC, 0x01CC, 0x01CC, 0x01CC, 0x01CC, 0x01CC, 0x01CC,
  0x01CC, 0x01CC, 0x01CC, 0x01CC, 0x01CC, 0x01CC, 0x01CC, 0x01CC, 0x01CC, 0x01CC, 0x01CC, 0x01CC,
  0x01CC, 0x01CC, 0x01CC, 0x01CC, 0x01CC, 0x01CC, 0x01CC, 0x01CC, 0x01CC, 0x01CC, 0x01CC, 0x01CC,
  0x01CC, 0x01CC, 0x01CC, 0x01CC, 0x01CC, 0x01CC, 0x01CC, 0x01CC, 0x01CC, 0x01CC, 0x01CC, 0x01CC,
  0x01CC, 0x01CC, 0x01CC, 0x01CC, 0x01CC, 0x01CC, 0x01CC, 0x01CC, 0x01CC, 0x01CC, 0x01CC, 0x01CC,
  0x01CC, 0x01CC, 0x01CC, 0x01CC, 0x01CC, 0x01CC, 0x01CC, 0x01CC, 0x01CC, 0x01CC, 0x01CC, 0x01CC,
  0x01CC, 0x01CC, 0x01CC, 0x01CC, 0x01CC, 0x01CC, 0x01CC, 0x01CC, 0x01CC, 0x01CC, 0x01CC, 0x01CC,
  0x01CC, 0x01CC, 0x01CC, 0x01CC, 0x01CC, 0x01CC, 0x01CC, 0x01CC, 0x01CC, 0x01CC, 0x01CC, 0x01CC,
  0x01CC, 0x01CC, 0x01CC, 0x01CC, 0x01CC, 0x01CC, 0x01CC, 0x01CC, 0x01CC, 0x01CC, 0x01CC, 0x01CC,
  0x01CC, 0x01CC, 0x01CC, 0x01CC, 0x01CC, 0x01CC, 0x01CC, 0x01CC, 0x01CC, 0x01CC, 0x01CC, 0x01CC,
  0x01CC, 0x01CC, 0x01CC, 0x01CC, 0x01CC, 0x01CC, 0x01CC, 0x01CC, 0x01CC, 0x01CC, 0x01CC, 0x01CC,
  0x01CC, 0x01CC, 0x01CC, 0x01CC, 0x01CC, 0x01CC, 0x01CC, 0x01CC, 0x01CC, 0x01CC, 0x01CC, 0x01CC,
  0x01CC, 0x01CC, 0x01CC, 0x01CC, 0x01CC, 0x01CC, 0x01CC, 0x01CC, 0x01CC, 0x01CC, 0x0A0D, 0x1A6E,
  0x3B51, 0x6434, 0x8D37, 0xADF9, 0xBE7B, 0xCEDC, 0xDF1C, 0xE73D, 0xEF7E, 0xEF9E, 0xF7BF, 0xFFFF,
  0xFFFF, 0xFFFF, 0xFFFF, 0xFFFF, 0xFFFF, 0xFFFF, 0xFFFF, 0xFFFF, 0xFFFF, 0xFFFF, 0xFFFF, 0xFFFF,
  0xFFFF, 0xFFFF, 0xFFFF, 0xFFFF, 0xFFFF, 0xFFFF, 0xFFFF, 0xFFFF, 0xFFFF, 0xFFFF, 0xFFFF, 0xFFFF,
  0xFFFF, 0xFFFF, 0xFFFF, 0xFFFF, 0xFFFF, 0xFFFF, 0xF7DF, 0xF7BE, 0xEF9E, 0xE75D, 0xDF1D, 0xD6FC,
  0xCEBB, 0xBE5A, 0xA5D8, 0x84F6, 0x5BF3, 0x3310, 0x1A6E, 0x0A0D, 0x01CC, 0x01CC, 0x01CC, 0x01CC,
  0x01CC, 0x01CC, 0x01CC, 0x01CC, 0x01CC, 0x01CC, 0x01CC, 0x01CC, 0x01CC, 0x01CC, 0x01CC, 0x01CC,
  0x01CC, 0x01CC, 0x01CC, 0x01CC, 0x01CC, 0x01CC, 0x01CC, 0x01CC, 0x01CC, 0x01CC, 0x01CC, 0x01CC,
  0x01CC, 0x01CC, 0x01CC, 0x01CC, 0x0A2D, 0x2ACF, 0x5C13, 0x8D37, 0xBE5A, 0xD6FC, 0xE75D, 0xEF9E,
  0xFFDF, 0xFFFF, 0xFFFF, 0xFFFF, 0xFFFF, 0xFFFF, 0xFFFF, 0xFFFF, 0xFFFF, 0xFFFF, 0xFFFF, 0xFFFF,
  0xFFFF, 0xFFFF, 0xFFFF, 0xFFFF, 0xFFFF, 0xFFFF, 0xFFFF, 0xFFFF, 0xFFFF, 0xFFFF, 0xFFFF, 0xFFFF,
  0xFFFF, 0xFFFF, 0xFFFF, 0xFFFF, 0xFFFF, 0xFFFF, 0xFFFF, 0xFFFF, 0xFFFF, 0xFFFF, 0xFFFF, 0xFFFF,
  0xFFFF, 0xFFFF, 0xFFFF, 0xFFFF, 0xFFFF, 0xFFFF, 0xFFFF, 0xFFFF, 0xFFFF, 0xFFFF, 0xFFFF, 0xFFFF,
  0xFFFF, 0xFFFF, 0xFFFF, 0xFFFF, 0xFFFF, 0xFFFF, 0xFFFF, 0xFFFF, 0xFFFF, 0xFFFF, 0xFFFF, 0xFFFF,
  0xFFFF, 0xFFFF, 0xFFFF, 0xFFFF, 0xFFFF, 0xFFFF, 0xFFFF, 0xFFFF, 0xFFFF, 0xFFFF, 0xFFFF, 0xFFFF,
  0xFFFF, 0xFFFF, 0xFFFF, 0xFFFF, 0xFFFF, 0xFFFF, 0xFFFF, 0xFFFF, 0xFFFF, 0xFFFF, 0xFFFF, 0xFFFF,
  0xFFFF, 0xFFFF, 0xFFFF, 0xFFFF, 0xFFDF, 0xD71C, 0x6C54, 0x2ACF, 0x01CC, 0x01CC, 0x01CC, 0x01CC,
  0x01CC, 0x01CC, 0x01CC, 0x01CC, 0x01CC, 0x01CC, 0x01CC, 0x01CC, 0x01CC, 0x01CC, 0x01CC, 0x01CC,
  0x01CC, 0x01CC, 0x01CC, 0x01CC, 0x01CC, 0x01CC, 0x01CC, 0x01CC, 0x01CC, 0x01CC, 0x01CC, 0x01CC,
  0x01CC, 0x01CC, 0x01CC, 0x01CC, 0x01CC, 0x01CC, 0x01CC, 0x01CC, 0x01CC, 0x01CC, 0x01CC, 0x01CC,
  0x01CC, 0x01CC, 0x01CC, 0x01CC, 0x01CC, 0x01CC, 0x01CC, 0x01CC, 0x01CC, 0x01CC, 0x01CC, 0x01CC,
  0x01CC, 0x01CC, 0x01CC, 0x01CC, 0x01CC, 0x01CC, 0x01CC, 0x01CC, 0x01CC, 0x01CC, 0x01CC, 0x01CC,
  0x01CC, 0x01CC, 0x01CC, 0x01CC, 0x01CC, 0x01CC, 0x01CC, 0x01CC, 0x01CC, 0x01CC, 0x01CC, 0x01CC,
  0x01CC, 0x01CC, 0x01CC, 0x01CC, 0x01CC, 0x01CC, 0x01CC, 0x01CC, 0x01CC, 0x01CC, 0x01CC, 0x01CC,
  0x01CC, 0x01CC, 0x01CC, 0x01CC, 0x01CC, 0x01CC, 0x01CC, 0x01CC, 0x01CC, 0x01CC, 0x01CC, 0x01CC,
  0x01CC, 0x01CC, 0x01CC, 0x01CC, 0x01CC, 0x01CC, 0x01CC, 0x01CC, 0x01CC, 0x01CC, 0x01CC, 0x01CC,
  0x01CC, 0x01CC, 0x01CC, 0x01CC, 0x01CC, 0x01CC, 0x01CC, 0x01CC, 0x01CC, 0x01CC, 0x01CC, 0x01CC,
  0x01CC, 0x01CC, 0x01CC, 0x01CC, 0x01CC, 0x01CC, 0x01CC, 0x01CC, 0x01CC, 0x01CC, 0x01CC, 0x01CC,
  0x01CC, 0x01CC, 0x01CC, 0x01CC, 0x01CC, 0x01CC, 0x01CC, 0x01CC, 0x01CC, 0x01CC, 0x01CC, 0x01CC,
  0x01CC, 0x01CC, 0x01CC, 0x01CC, 0x01CC, 0x01CC, 0x01CC, 0x01CC, 0x01CC, 0x01CC, 0x01CC, 0x01CC,
  0x01CC, 0x01CC, 0x01CC, 0x01CC, 0x01CC, 0x01CC, 0x01CC, 0x01CC, 0x01CC, 0x01CC, 0x01CC, 0x01CC,
  0x01CC, 0x01CC, 0x01CC, 0x01CC, 0x01CC, 0x01CC, 0x01CC, 0x01CC, 0x01CC, 0x01CC, 0x01CC, 0x01CC,
  0x01CC, 0x01CC, 0x01CC, 0x01CC, 0x01CC, 0x01CC, 0x01CC, 0x01CC, 0x01CC, 0x01CC, 0x01CC, 0x01CC,
  0x01CC, 0x01CC, 0x01CC, 0x01CC, 0x01CC, 0x01CC, 0x01CC, 0x01CC, 0x01CC, 0x01CC, 0x01CC, 0x01CC,
  0x01CC, 0x01CC, 0x01CC, 0x01CC, 0x01CC, 0x01CC, 0x01CC, 0x01CC, 0x01CC, 0x01CC, 0x01CC, 0x01CC,
  0x01CC, 0x01CC, 0x01CC, 0x01CC, 0x01CC, 0x01CC, 0x01CC, 0x01CC, 0x01CC, 0x01CC, 0x01CC, 0x01CC,
  0x01CC, 0x01CC, 0x01CC, 0x01CC, 0x01CC, 0x01CC, 0x01CC, 0x01CC, 0x01CC, 0x01CC, 0x01CC, 0x01CC,
  0x01CC, 0x01CC, 0x01CC, 0x01CC, 0x01CC, 0x01CC, 0x01CC, 0x01CC, 0x01CC, 0x01CC, 0x01CC, 0x01CC,
  0x01CC, 0x01CC, 0x01CC, 0x01CC, 0x01CC, 0x01CC, 0x01CC, 0x01CC, 0x01CC, 0x01CC, 0x01CC, 0x01CC,
  0x01CC, 0x01CC, 0x01CC, 0x01CC, 0x01CC, 0x01CC, 0x01CC, 0x01CC, 0x01CC, 0x01CC, 0x01CC, 0x01CC,
  0x01CC, 0x01CC, 0x01CC, 0x01CC, 0x01CC, 0x01CC, 0x01ED, 0x1A6E, 0x32F0, 0x4B92, 0x6433, 0x7CD5,
  0x9D98, 0xBE5A, 0xD6FC, 0xEF9E, 0xFFDF, 0xFFFF, 0xFFFF, 0xFFFF, 0xFFFF, 0xFFFF, 0xFFFF, 0xFFFF,
  0xFFFF, 0xFFFF, 0xFFFF, 0xFFFF, 0xFFFF, 0xFFFF, 0xFFFF, 0xFFFF, 0xFFFF, 0xFFFF, 0xFFFF, 0xFFFF,
  0xFFFF, 0xFFFF, 0xFFFF, 0xFFFF, 0xFFFF, 0xFFFF, 0xFFFF, 0xFFFF, 0xFFFF, 0xFFFF, 0xFFFF, 0xFFFF,
  0xFFFF, 0xFFFF, 0xFFFF, 0xFFFF, 0xFFFF, 0xFFFF, 0xFFFF, 0xFFFF, 0xFFFF, 0xFFFF, 0xFFFF, 0xFFFF,
  0xFFFF, 0xF7DF, 0xEF7E, 0xD6DC, 0xB619, 0x9557, 0x7CF6, 0x6454, 0x4BB2, 0x3310, 0x228F, 0x122D,
  0x01EC, 0x01CC, 0x01CC, 0x01CC, 0x01CC, 0x01CC, 0x01CC, 0x01CC, 0x01CC, 0x01CC, 0x01CC, 0x01CC,
  0x01CC, 0x01CC, 0x01CC, 0x01CC, 0x01CC, 0x01CC, 0x01CC, 0x01CC, 0x01CC, 0x01CC, 0x01CC, 0x01CC,
  0x01CC, 0x0A2D, 0x22AF, 0x4371, 0x6434, 0x8516, 0xAE19, 0xD6FC, 0xF7BF, 0xFFFF, 0xFFFF, 0xFFFF,
  0xFFFF, 0xFFFF, 0xFFFF, 0xFFFF, 0xFFFF, 0xFFFF, 0xFFFF, 0xFFFF, 0xFFFF, 0xFFFF, 0xFFFF, 0xFFFF,
  0xFFFF, 0xFFFF, 0xFFFF, 0xFFFF, 0xFFFF, 0xFFFF, 0xFFFF, 0xFFFF, 0xFFFF, 0xFFFF, 0xFFFF, 0xFFFF,
  0xFFFF, 0xFFFF, 0xFFFF, 0xFFFF, 0xFFFF, 0xFFFF, 0xFFFF, 0xFFFF, 0xFFFF, 0xFFFF, 0xFFFF, 0xFFFF,
  0xFFFF, 0xFFFF, 0xFFFF, 0xFFFF, 0xFFFF, 0xFFFF, 0xFFFF, 0xFFFF, 0xFFFF, 0xFFFF, 0xFFFF, 0xFFFF,
  0xFFFF, 0xFFFF, 0xFFFF, 0xFFFF, 0xFFFF, 0xFFFF, 0xFFFF, 0xFFFF, 0xFFFF, 0xFFFF, 0xFFFF, 0xFFFF,
  0xFFFF, 0xFFFF, 0xFFFF, 0xFFFF, 0xFFFF, 0xFFFF, 0xFFFF, 0xFFFF, 0xFFFF, 0xFFFF, 0xFFFF, 0xFFFF,
  0xFFFF, 0xFFFF, 0xFFFF, 0xFFFF, 0xFFFF, 0xFFFF, 0xFFFF, 0xFFFF, 0xFFFF, 0xFFFF, 0xFFFF, 0xFFFF,
  0xFFFF, 0xFFFF, 0xFFFF, 0xFFDF, 0xD6FC, 0x9578, 0x3310, 0x0A2D, 0x01CC, 0x01CC, 0x01CC, 0x01CC,
  0x01CC, 0x01CC, 0x01CC, 0x01CC, 0x01CC, 0x01CC, 0x01CC, 0x01CC, 0x01CC, 0x01CC, 0x01CC, 0x01CC,
  0x01CC, 0x01CC, 0x01CC, 0x01CC, 0x01CC, 0x01CC, 0x01CC, 0x01CC, 0x01CC, 0x01CC, 0x01CC, 0x01CC,
  0x01CC, 0x01CC, 0x01CC, 0x01CC, 0x01CC, 0x01CC, 0x01CC, 0x01CC, 0x01CC, 0x01CC, 0x01CC, 0x01CC,
  0x01CC, 0x01CC, 0x01CC, 0x01CC, 0x01CC, 0x01CC, 0x01CC, 0x01CC, 0x01CC, 0x01CC, 0x01CC, 0x01CC,
  0x01CC, 0x01CC, 0x01CC, 0x01CC, 0x01CC, 0x01CC, 0x01CC, 0x01CC, 0x01CC, 0x01CC, 0x01CC, 0x01CC,
  0x01CC, 0x01CC, 0x01CC, 0x01CC, 0x01CC, 0x01CC, 0x01CC, 0x01CC, 0x01CC, 0x01CC, 0x01CC, 0x01CC,
  0x01CC, 0x01CC, 0x01CC, 0x01CC, 0x01CC, 0x01CC, 0x01CC, 0x01CC, 0x01CC, 0x01CC, 0x01CC, 0x01CC,
  0x01CC, 0x01CC, 0x01CC, 0x01CC, 0x01CC, 0x01CC, 0x01CC, 0x01CC, 0x01CC, 0x01CC, 0x01CC, 0x01CC,
  0x01CC, 0x01CC, 0x01CC, 0x01CC, 0x01CC, 0x01CC, 0x01CC, 0x01CC, 0x01CC, 0x01CC, 0x01CC, 0x01CC,
  0x01CC, 0x01CC, 0x01CC, 0x01CC, 0x01CC, 0x01CC, 0x01CC, 0x01CC, 0x01CC, 0x01CC, 0x01CC, 0x01CC,
  0x01CC, 0x01CC, 0x01CC, 0x01CC, 0x01CC, 0x01CC, 0x01CC, 0x01CC, 0x01CC, 0x01CC, 0x01CC, 0x01CC,
  0x01CC, 0x01CC, 0x01CC, 0x01CC, 0x01CC, 0x01CC, 0x01CC, 0x01CC, 0x01CC, 0x01CC, 0x01CC, 0x01CC,
  0x01CC, 0x01CC, 0x01CC, 0x01CC, 0x01CC, 0x01CC, 0x01CC, 0x01CC, 0x01CC, 0x01CC, 0x01CC, 0x01CC,
  0x01CC, 0x01CC, 0x01CC, 0x01CC, 0x01CC, 0x01CC, 0x01CC, 0x01CC, 0x01CC, 0x01CC, 0x01CC, 0x01CC,
  0x01CC, 0x01CC, 0x01CC, 0x01CC, 0x01CC, 0x01CC, 0x01CC, 0x01CC, 0x01CC, 0x01CC, 0x01CC, 0x01CC,
  0x01CC, 0x01CC, 0x01CC, 0x01CC, 0x01CC, 0x01CC, 0x01CC, 0x01CC, 0x01CC, 0x01CC, 0x01CC, 0x01CC,
  0x01CC, 0x01CC, 0x01CC, 0x01CC, 0x01CC, 0x01CC, 0x01CC, 0x01CC, 0x01CC, 0x01CC, 0x01CC, 0x01CC,
  0x01CC, 0x01CC, 0x01CC, 0x01CC, 0x01CC, 0x01CC, 0x01CC, 0x01CC, 0x01CC, 0x01CC, 0x01CC, 0x01CC,
  0x01CC, 0x01CC, 0x01CC, 0x01CC, 0x01CC, 0x01CC, 0x01CC, 0x01CC, 0x01CC, 0x01CC, 0x01CC, 0x01CC,
  0x01CC, 0x01CC, 0x01CC, 0x01CC, 0x01CC, 0x01CC, 0x01CC, 0x01CC, 0x01CC, 0x01CC, 0x01CC, 0x01CC,
  0x01CC, 0x01CC, 0x01CC, 0x01CC, 0x01CC, 0x01CC, 0x01CC, 0x01CC, 0x01CC, 0x01CC, 0x01CC, 0x01CC,
  0x01CC, 0x01CC, 0x01CC, 0x01CC, 0x01CC, 0x01CC, 0x01CC, 0x01CC, 0x01CC, 0x01CC, 0x01CC, 0x01CC,
  0x01CC, 0x01CC, 0x01CC, 0x01CC, 0x01CC, 0x01CC, 0x01CC, 0x01CC, 0x01CC, 0x01CC, 0x01CC, 0x01CC,
  0x01CC, 0x01CC, 0x01CC, 0x01CC, 0x0A0D, 0x122D, 0x22AF, 0x4BB2, 0x7CF6, 0xB63A, 0xDF1D, 0xF7DF,
  0xFFFF, 0xFFFF, 0xFFFF, 0xFFFF, 0xFFFF, 0xFFFF, 0xFFFF, 0xFFFF, 0xFFFF, 0xFFFF, 0xFFFF, 0xFFFF,
  0xFFFF, 0xFFFF, 0xFFFF, 0xFFFF, 0xFFFF, 0xFFFF, 0xFFFF, 0xFFFF, 0xFFFF, 0xFFFF, 0xFFFF, 0xFFFF,
  0xFFFF, 0xFFFF, 0xFFFF, 0xFFFF, 0xFFFF, 0xFFFF, 0xFFFF, 0xFFFF, 0xFFFF, 0xFFFF, 0xFFFF, 0xFFFF,
  0xFFFF, 0xFFFF, 0xFFFF, 0xFFFF, 0xFFFF, 0xFFFF, 0xFFFF, 0xFFFF, 0xFFFF, 0xFFFF, 0xFFFF, 0xFFFF,
  0xFFFF, 0xFFFF, 0xFFFF, 0xFFFF, 0xFFFF, 0xFFFF, 0xFFFF, 0xE75D, 0xBE5A, 0x8D37, 0x5C13, 0x3330,
  0x1A6E, 0x0A0D, 0x01ED, 0x01CC, 0x01CC, 0x01CC, 0x01CC, 0x01CC, 0x01CC, 0x01CC, 0x01CC, 0x01CC,
  0x01CC, 0x01CC, 0x01CC, 0x01CC, 0x01CC, 0x01CC, 0x01CC, 0x01CC, 0x01CC, 0x01CC, 0x01EC, 0x0A0D,
  0x122D, 0x3310, 0x6433, 0xA5D9, 0xD6FC, 0xF7DF, 0xFFFF, 0xFFFF, 0xFFFF, 0xFFFF, 0xFFFF, 0xFFFF,
  0xFFFF, 0xFFFF, 0xFFFF, 0xFFFF, 0xFFFF, 0xFFFF, 0xFFFF, 0xFFFF, 0xFFFF, 0xFFFF, 0xFFFF, 0xFFFF,
  0xFFFF, 0xFFFF, 0xFFFF, 0xFFFF, 0xFFFF, 0xFFFF, 0xFFFF, 0xFFFF, 0xFFFF, 0xFFFF, 0xFFFF, 0xFFFF,
  0xFFFF, 0xFFFF, 0xFFFF, 0xFFFF, 0xFFFF, 0xFFFF, 0xFFFF, 0xFFFF, 0xFFFF, 0xFFFF, 0xFFFF, 0xFFFF,
  0xFFFF, 0xFFFF, 0xFFFF, 0xFFFF, 0xFFFF, 0xFFFF, 0xFFFF, 0xFFFF, 0xFFFF, 0xFFFF, 0xFFFF, 0xFFFF,
  0xFFFF, 0xFFFF, 0xFFFF, 0xFFFF, 0xFFFF, 0xFFFF, 0xFFFF, 0xFFFF, 0xFFFF, 0xFFFF, 0xFFFF, 0xFFFF,
  0xFFFF, 0xFFFF, 0xFFFF, 0xFFFF, 0xFFFF, 0xFFFF, 0xFFFF, 0xFFFF, 0xFFFF, 0xFFFF, 0xFFFF, 0xFFFF,
  0xFFFF, 0xFFFF, 0xFFFF, 0xFFFF, 0xFFFF, 0xFFFF, 0xFFFF, 0xFFFF, 0xFFFF, 0xFFFF, 0xFFFF, 0xFFFF,
  0xFFFF, 0xFFFF, 0xF7DF, 0xEF7E, 0x9D98, 0x4371, 0x0A2D, 0x01CC, 0x01CC, 0x01CC, 0x01CC, 0x01CC,
  0x01CC, 0x01CC, 0x01CC, 0x01CC, 0x01CC, 0x01CC, 0x01CC, 0x01CC, 0x01CC, 0x01CC, 0x01CC, 0x01CC,
  0x01CC, 0x01CC, 0x01CC, 0x01CC, 0x01CC, 0x01CC, 0x01CC, 0x01CC, 0x01CC, 0x01CC, 0x01CC, 0x01CC,
  0x01CC, 0x01CC, 0x01CC, 0x01CC, 0x01CC, 0x01CC, 0x01CC, 0x01CC, 0x01CC, 0x01CC, 0x01CC, 0x01CC,
  0x01CC, 0x01CC, 0x01CC, 0x01CC, 0x01CC, 0x01CC, 0x01CC, 0x01CC, 0x01CC, 0x01CC, 0x01CC, 0x01CC,
  0x01CC, 0x01CC, 0x01CC, 0x01CC, 0x01CC, 0x01CC, 0x01CC, 0x01CC, 0x01CC, 0x01CC, 0x01CC, 0x01CC,
  0x01CC, 0x01CC, 0x01CC, 0x01CC, 0x01CC, 0x01CC, 0x01CC, 0x01CC, 0x01CC, 0x01CC, 0x01CC, 0x01CC,
  0x01CC, 0x01CC, 0x01CC, 0x01CC, 0x01CC, 0x01CC, 0x01CC, 0x01CC, 0x01CC, 0x01CC, 0x01CC, 0x01CC,
  0x01CC, 0x01CC, 0x01CC, 0x01CC, 0x01CC, 0x01CC, 0x01CC, 0x01CC, 0x01CC, 0x01CC, 0x01CC, 0x01CC,
  0x01CC, 0x01CC, 0x01CC, 0x01CC, 0x01CC, 0x01CC, 0x01CC, 0x01CC, 0x01CC, 0x01CC, 0x01CC, 0x01CC,
  0x01CC, 0x01CC, 0x01CC, 0x01CC, 0x01CC, 0x01CC, 0x01CC, 0x01CC, 0x01CC, 0x01CC, 0x01CC, 0x01CC,
  0x01CC, 0x01CC, 0x01CC, 0x01CC, 0x01CC, 0x01CC, 0x01CC, 0x01CC, 0x01CC, 0x01CC, 0x01CC, 0x01CC,
  0x01CC, 0x01CC, 0x01CC, 0x01CC, 0x01CC, 0x01CC, 0x01CC, 0x01CC, 0x01CC, 0x01CC, 0x01CC, 0x01CC,
  0x01CC, 0x01CC, 0x01CC, 0x01CC, 0x01CC, 0x01CC, 0x01CC, 0x01CC, 0x01CC, 0x01CC, 0x01CC, 0x01CC,
  0x01CC, 0x01CC, 0x01CC, 0x01CC, 0x01CC, 0x01CC, 0x01CC, 0x01CC, 0x01CC, 0x01CC, 0x01CC, 0x01CC,
  0x01CC, 0x01CC, 0x01CC, 0x01CC, 0x01CC, 0x01CC, 0x01CC, 0x01CC, 0x01CC, 0x01CC, 0x01CC, 0x01CC,
  0x01CC, 0x01CC, 0x01CC, 0x01CC, 0x01CC, 0x01CC, 0x01CC, 0x01CC, 0x01CC, 0x01CC, 0x01CC, 0x01CC,
  0x01CC, 0x01CC, 0x01CC, 0x01CC, 0x01CC, 0x01CC, 0x01CC, 0x01CC, 0x01CC, 0x01CC, 0x01CC, 0x01CC,
  0x01CC, 0x01CC, 0x01CC, 0x01CC, 0x01CC, 0x01CC, 0x01CC, 0x01CC, 0x01CC, 0x01CC, 0x01CC, 0x01CC,
  0x01CC, 0x01CC, 0x01CC, 0x01CC, 0x01CC, 0x01CC, 0x01CC, 0x01CC, 0x01CC, 0x01CC, 0x01CC, 0x01CC,
  0x01CC, 0x01CC, 0x01CC, 0x01CC, 0x01CC, 0x01CC, 0x01CC, 0x01CC, 0x01CC, 0x01CC, 0x01CC, 0x01CC,
  0x01CC, 0x01CC, 0x01CC, 0x01CC, 0x01CC, 0x01CC, 0x01CC, 0x01CC, 0x01CC, 0x01CC, 0x01CC, 0x01CC,
  0x01CC, 0x01CC, 0x01CC, 0x01CC, 0x01CC, 0x01CC, 0x01CC, 0x01CC, 0x01CC, 0x01CC, 0x01CC, 0x01CC,
  0x01CC, 0x01CC, 0x01CC, 0x01CC, 0x01CC, 0x01CC, 0x01CC, 0x01CC, 0x01CC, 0x01CC, 0x01CC, 0x01CC,
  0x01CC, 0x01CC, 0x01ED, 0x1A6E, 0x4B92, 0x7CD5, 0xA5D9, 0xC69B, 0xDF1D, 0xEF7E, 0xF7BF, 0xFFFF,
  0xFFFF, 0xFFFF, 0xFFFF, 0xFFFF, 0xFFFF, 0xFFFF, 0xFFFF, 0xFFFF, 0xFFFF, 0xFFFF, 0xFFFF, 0xFFFF,
  0xFFFF, 0xFFFF, 0xFFFF, 0xFFFF, 0xFFFF, 0xFFFF, 0xFFFF, 0xFFFF, 0xFFFF, 0xFFFF, 0xFFFF, 0xFFFF,
  0xFFFF, 0xFFFF, 0xFFFF, 0xFFFF, 0xFFFF, 0xFFFF, 0xFFFF, 0xFFFF, 0xFFFF, 0xFFFF, 0xFFFF, 0xFFFF,
  0xFFFF, 0xFFFF, 0xFFFF, 0xFFFF, 0xFFFF, 0xFFFF, 0xFFFF, 0xFFFF, 0xFFFF, 0xFFFF, 0xFFFF, 0xFFFF,
  0xFFFF, 0xFFFF, 0xFFFF, 0xFFFF, 0xFFFF, 0xFFFF, 0xFFFF, 0xF7DF, 0xEF9E, 0xDF3D, 0xD6DC, 0xBE5A,
  0x9578, 0x6C54, 0x3B51, 0x1A6E, 0x0A0D, 0x01CC, 0x01CC, 0x01CC, 0x01CC, 0x01CC, 0x01CC, 0x01CC,
  0x01CC, 0x01CC, 0x01CC, 0x01CC, 0x01CC, 0x01CC, 0x01CC, 0x01CC, 0x01CC, 0x01CC, 0x1A6E, 0x3B51,
  0x7CD5, 0xADF9, 0xD6DC, 0xE75D, 0xF7BE, 0xFFFF, 0xFFFF, 0xFFFF, 0xFFFF, 0xFFFF, 0xFFFF, 0xFFFF,
  0xFFFF, 0xFFFF, 0xFFFF, 0xFFFF, 0xFFFF, 0xFFFF, 0xFFFF, 0xFFFF, 0xFFFF, 0xFFFF, 0xFFFF, 0xFFFF,
  0xFFFF, 0xFFFF, 0xFFFF, 0xFFFF, 0xFFFF, 0xFFFF, 0xFFFF, 0xFFFF, 0xFFFF, 0xFFFF, 0xFFFF, 0xFFFF,
  0xFFFF, 0xFFFF, 0xFFFF, 0xFFFF, 0xFFFF, 0xFFFF, 0xFFFF, 0xFFFF, 0xFFFF, 0xFFFF, 0xFFFF, 0xFFFF,
  0xFFFF, 0xFFFF, 0xFFFF, 0xFFFF, 0xFFFF, 0xFFFF, 0xFFFF, 0xFFFF, 0xFFFF, 0xFFFF, 0xFFFF, 0xFFFF,
  0xFFFF, 0xFFFF, 0xFFFF, 0xFFFF, 0xFFFF, 0xFFFF, 0xFFFF, 0xFFFF, 0xFFFF, 0xFFFF, 0xFFFF, 0xFFFF,
  0xFFFF, 0xFFFF, 0xFFFF, 0xFFFF, 0xFFFF, 0xFFFF, 0xFFFF, 0xFFFF, 0xFFFF, 0xFFFF, 0xFFFF, 0xFFFF,
  0xFFFF, 0xFFFF, 0xFFFF, 0xFFFF, 0xFFFF, 0xFFFF, 0xFFFF, 0xFFFF, 0xFFFF, 0xFFFF, 0xFFFF, 0xFFFF,
  0xFFFF, 0xF7DF, 0xDF1D, 0x9557, 0x4B92, 0x124D, 0x01EC, 0x01CC, 0x01CC, 0x01CC, 0x01CC, 0x01CC,
  0x01CC, 0x01CC, 0x01CC, 0x01CC, 0x01CC, 0x01CC, 0x01CC, 0x01CC, 0x01CC, 0x01CC, 0x01CC, 0x01CC,
  0x01CC, 0x01CC, 0x01CC, 0x01CC, 0x01CC, 0x01CC, 0x01CC, 0x01CC, 0x01CC, 0x01CC, 0x01CC, 0x01CC,
  0x01CC, 0x01CC, 0x01CC, 0x01CC, 0x01CC, 0x01CC, 0x01CC, 0x01CC, 0x01CC, 0x01CC, 0x01CC, 0x01CC,
  0x01CC, 0x01CC, 0x01CC, 0x01CC, 0x01CC, 0x01CC, 0x01CC, 0x01CC, 0x01CC, 0x01CC, 0x01CC, 0x01CC,
  0x01CC, 0x01CC, 0x01CC, 0x01CC, 0x01CC, 0x01CC, 0x01CC, 0x01CC, 0x01CC, 0x01CC, 0x01CC, 0x01CC,
  0x01CC, 0x01CC, 0x01CC, 0x01CC, 0x01CC, 0x01CC, 0x01CC, 0x01CC, 0x01CC, 0x01CC, 0x01CC, 0x01CC,
  0x01CC, 0x01CC, 0x01CC, 0x01CC, 0x01CC, 0x01CC, 0x01CC, 0x01CC, 0x01CC, 0x01CC, 0x01CC, 0x01CC,
  0x01CC, 0x01CC, 0x01CC, 0x01CC, 0x01CC, 0x01CC, 0x01CC, 0x01CC, 0x01CC, 0x01CC, 0x01CC, 0x01CC,
  0x01CC, 0x01CC, 0x01CC, 0x01CC, 0x01CC, 0x01CC, 0x01CC, 0x01CC, 0x01CC, 0x01CC, 0x01CC, 0x01CC,
  0x01CC, 0x01CC, 0x01CC, 0x01CC, 0x01CC, 0x01CC, 0x01CC, 0x01CC, 0x01CC, 0x01CC, 0x01CC, 0x01CC,
  0x01CC, 0x01CC, 0x01CC, 0x01CC, 0x01CC, 0x01CC, 0x01CC, 0x01CC, 0x01CC, 0x01CC, 0x01CC, 0x01CC,
  0x01CC, 0x01CC, 0x01CC, 0x01CC, 0x01CC, 0x01CC, 0x01CC, 0x01CC, 0x01CC, 0x01CC, 0x01CC, 0x01CC,
  0x01CC, 0x01CC, 0x01CC, 0x01CC, 0x01CC, 0x01CC, 0x01CC, 0x01CC, 0x01CC, 0x01CC, 0x01CC, 0x01CC,
  0x01CC, 0x01CC, 0x01CC, 0x01CC, 0x01CC, 0x01CC, 0x01CC, 0x01CC, 0x01CC, 0x01CC, 0x01CC, 0x01CC,
  0x01CC, 0x01CC, 0x01CC, 0x01CC, 0x01CC, 0x01CC, 0x01CC, 0x01CC, 0x01CC, 0x01CC, 0x01CC, 0x01CC,
  0x01CC, 0x01CC, 0x01CC, 0x01CC, 0x01CC, 0x01CC, 0x01CC, 0x01CC, 0x01CC, 0x01CC, 0x01CC, 0x01CC,
  0x01CC, 0x01CC, 0x01CC, 0x01CC, 0x01CC, 0x01CC, 0x01CC, 0x01CC, 0x01CC, 0x01CC, 0x01CC, 0x01CC,
  0x01CC, 0x01CC, 0x01CC, 0x01CC, 0x01CC, 0x01CC, 0x01CC, 0x01CC, 0x01CC, 0x01CC, 0x01CC, 0x01CC,
  0x01CC, 0x01CC, 0x01CC, 0x01CC, 0x01CC, 0x01CC, 0x01CC, 0x01CC, 0x01CC, 0x01CC, 0x01CC, 0x01CC,
  0x01CC, 0x01CC, 0x01CC, 0x01CC, 0x01CC, 0x01CC, 0x01CC, 0x01CC, 0x01CC, 0x01CC, 0x01CC, 0x01CC,
  0x01CC, 0x01CC, 0x01CC, 0x01CC, 0x01CC, 0x01CC, 0x01CC, 0x01CC, 0x01CC, 0x01CC, 0x01CC, 0x01CC,
  0x01CC, 0x01CC, 0x01CC, 0x01CC, 0x01CC, 0x01CC, 0x01CC, 0x01CC, 0x01CC, 0x01CC, 0x01CC, 0x01CC,
  0x01CC, 0x01CC, 0x01CC, 0x01CC, 0x01CC, 0x01CC, 0x01CC, 0x01CC, 0x01CC, 0x01CC, 0x01CC, 0x01EC,
  0x124E, 0x32F0, 0x53D2, 0x7CB5, 0xA5B8, 0xCEBB, 0xEF7E, 0xF7DF, 0xFFFF, 0xFFFF, 0xFFFF, 0xFFFF,
  0xFFFF, 0xFFFF, 0xFFFF, 0xFFFF, 0xFFFF, 0xFFFF, 0xFFFF, 0xFFFF, 0xFFFF, 0xFFFF, 0xFFFF, 0xFFFF,
  0xFFFF, 0xFFFF, 0xFFFF, 0xFFFF, 0xFFFF, 0xFFFF, 0xFFFF, 0xFFFF, 0xFFFF, 0xFFFF, 0xFFFF, 0xFFFF,
  0xFFFF, 0xFFFF, 0xFFFF, 0xFFFF, 0xFFFF, 0xFFFF, 0xFFFF, 0xFFFF, 0xFFFF, 0xFFFF, 0xFFFF, 0xFFFF,
  0xFFFF, 0xFFFF, 0xFFFF, 0xFFFF, 0xFFFF, 0xFFFF, 0xFFFF, 0xFFFF, 0xFFFF, 0xFFFF, 0xFFFF, 0xFFFF,
  0xFFFF, 0xFFFF, 0xFFFF, 0xFFFF, 0xFFFF, 0xFFFF, 0xFFFF, 0xFFFF, 0xFFFF, 0xFFFF, 0xFFFF, 0xF7DF,
  0xDF3D, 0xBE5A, 0x9D78, 0x74B5, 0x5BF3, 0x3B51, 0x228F, 0x0A2D, 0x01CC, 0x01CC, 0x01CC, 0x01CC,
  0x01CC, 0x01CC, 0x01CC, 0x01CC, 0x01CC, 0x01CC, 0x01CC, 0x0A0D, 0x228F, 0x4371, 0x6C74, 0x9D78,
  0xCEBB, 0xEF7E, 0xFFFF, 0xFFFF, 0xFFFF, 0xFFFF, 0xFFFF, 0xFFFF, 0xFFFF, 0xFFFF, 0xFFFF, 0xFFFF,
  0xFFFF, 0xFFFF, 0xFFFF, 0xFFFF, 0xFFFF, 0xFFFF, 0xFFFF, 0xFFFF, 0xFFFF, 0xFFFF, 0xFFFF, 0xFFFF,
  0xFFFF, 0xFFFF, 0xFFFF, 0xFFFF, 0xFFFF, 0xFFFF, 0xFFFF, 0xFFFF, 0xFFFF, 0xFFFF, 0xFFFF, 0xFFFF,
  0xFFFF, 0xFFFF, 0xFFFF, 0xFFFF, 0xFFFF, 0xFFFF, 0xFFFF, 0xFFFF, 0xFFFF, 0xFFFF, 0xFFFF, 0xFFFF,
  0xFFFF, 0xFFFF, 0xFFFF, 0xFFFF, 0xFFFF, 0xFFFF, 0xFFFF, 0xFFFF, 0xFFFF, 0xFFFF, 0xFFFF, 0xFFFF,
  0xFFFF, 0xFFFF, 0xFFFF, 0xFFFF, 0xFFFF, 0xFFFF, 0xFFFF, 0xFFFF, 0xFFFF, 0xFFFF, 0xFFFF, 0xFFFF,
  0xFFFF, 0xFFFF, 0xFFFF, 0xFFFF, 0xFFFF, 0xFFFF, 0xFFFF, 0xFFFF, 0xFFFF, 0xFFFF, 0xFFFF, 0xFFFF,
  0xFFFF, 0xFFFF, 0xFFFF, 0xFFFF, 0xFFFF, 0xFFFF, 0xFFFF, 0xFFFF, 0xFFFF, 0xFFFF, 0xFFFF, 0xF7BF,
  0xDF1D, 0xB63A, 0x84F6, 0x4371, 0x22AF, 0x124E, 0x1A8E, 0x122D, 0x01CC, 0x01CC, 0x01CC, 0x01CC,
  0x01CC, 0x01CC, 0x01CC, 0x01CC, 0x01CC, 0x01CC, 0x01CC, 0x01CC, 0x01CC, 0x01CC, 0x01CC, 0x01CC,
  0x01CC, 0x01CC, 0x01CC, 0x01CC, 0x01CC, 0x01CC, 0x01CC, 0x01CC, 0x01CC, 0x01CC, 0x01CC, 0x01CC,
  0x01CC, 0x01CC, 0x01CC, 0x01CC, 0x01CC, 0x01CC, 0x01CC, 0x01CC, 0x01CC, 0x01CC, 0x01CC, 0x01CC,
  0x01CC, 0x01CC, 0x01CC, 0x01CC, 0x01CC, 0x01CC, 0x01CC, 0x01CC, 0x01CC, 0x01CC, 0x01CC, 0x01CC,
  0x01CC, 0x01CC, 0x01CC, 0x01CC, 0x01CC, 0x01CC, 0x01CC, 0x01CC, 0x01CC, 0x01CC, 0x01CC, 0x01CC,
  0x01CC, 0x01CC, 0x01CC, 0x01CC, 0x01CC, 0x01CC, 0x01CC, 0x01CC, 0x01CC, 0x01CC, 0x01CC, 0x01CC,
  0x01CC, 0x01CC, 0x01CC, 0x01CC, 0x01CC, 0x01CC, 0x01CC, 0x01CC, 0x01CC, 0x01CC, 0x01CC, 0x01CC,
  0x01CC, 0x01CC, 0x01CC, 0x01CC, 0x01CC, 0x01CC, 0x01CC, 0x01CC, 0x01CC, 0x01CC, 0x01CC, 0x01CC,
  0x01CC, 0x01CC, 0x01CC, 0x01CC, 0x01CC, 0x01CC, 0x01CC, 0x01CC, 0x01CC, 0x01CC, 0x01CC, 0x01CC,
  0x01CC, 0x01CC, 0x01CC, 0x01CC, 0x01CC, 0x01CC, 0x01CC, 0x01CC, 0x01CC, 0x01CC, 0x01CC, 0x01CC,
  0x01CC, 0x01CC, 0x01CC, 0x01CC, 0x01CC, 0x01CC, 0x01CC, 0x01CC, 0x01CC, 0x01CC, 0x01CC, 0x01CC,
  0x01CC, 0x01CC, 0x01CC, 0x01CC, 0x01CC, 0x01CC, 0x01CC, 0x01CC, 0x01CC, 0x01CC, 0x01CC, 0x01CC,
  0x01CC, 0x01CC, 0x01CC, 0x01CC, 0x01CC, 0x01CC, 0x01CC, 0x01CC, 0x01CC, 0x01CC, 0x01CC, 0x01CC,
  0x01CC, 0x01CC, 0x01CC, 0x01CC, 0x01CC, 0x01CC, 0x01CC, 0x01CC, 0x01CC, 0x01CC, 0x01CC, 0x01CC,
  0x01CC, 0x01CC, 0x01CC, 0x01CC, 0x01CC, 0x01CC, 0x01CC, 0x01CC, 0x01CC, 0x01CC, 0x01CC, 0x01CC,
  0x01CC, 0x01CC, 0x01CC, 0x01CC, 0x01CC, 0x01CC, 0x01CC, 0x01CC, 0x01CC, 0x01CC, 0x01CC, 0x01CC,
  0x01CC, 0x01CC, 0x01CC, 0x01CC, 0x01CC, 0x01CC, 0x01CC, 0x01CC, 0x01CC, 0x01CC, 0x01CC, 0x01CC,
  0x01CC, 0x01CC, 0x01CC, 0x01CC, 0x01CC, 0x01CC, 0x01CC, 0x01CC, 0x01CC, 0x01CC, 0x01CC, 0x01CC,
  0x01CC, 0x01CC, 0x01CC, 0x01CC, 0x01CC, 0x01CC, 0x01CC, 0x01CC, 0x01CC, 0x01CC, 0x01CC, 0x01CC,
  0x01CC, 0x01CC, 0x01CC, 0x01CC, 0x01CC, 0x01CC, 0x01CC, 0x01CC, 0x01CC, 0x01CC, 0x01CC, 0x01CC,
  0x01CC, 0x01CC, 0x01CC, 0x01CC, 0x01CC, 0x01CC, 0x01CC, 0x01CC, 0x01CC, 0x01CC, 0x01CC, 0x01CC,
  0x01CC, 0x01CC, 0x01CC, 0x01CC, 0x01CC, 0x01CC, 0x01CC, 0x01CC, 0x01CC, 0x01CC, 0x01CC, 0x01CC,
  0x01CC, 0x01CC, 0x01CC, 0x01CC, 0x01CC, 0x01CC, 0x01CC, 0x01CC, 0x01CC, 0x01CC, 0x0A0D, 0x1A6E,
  0x4351, 0x84F6, 0xC67B, 0xEF9E, 0xFFFF, 0xFFFF, 0xFFFF, 0xFFFF, 0xFFFF, 0xFFFF, 0xFFFF, 0xFFFF,
  0xFFFF, 0xFFFF, 0xFFFF, 0xFFFF, 0xFFFF, 0xFFFF, 0xFFFF, 0xFFFF, 0xFFFF, 0xFFFF, 0xFFFF, 0xFFFF,
  0xFFFF, 0xFFFF, 0xFFFF, 0xFFFF, 0xFFFF, 0xFFFF, 0xFFFF, 0xFFFF, 0xFFFF, 0xFFFF, 0xFFFF, 0xFFFF,
  0xFFFF, 0xFFFF, 0xFFFF, 0xFFFF, 0xFFFF, 0xFFFF, 0xFFFF, 0xFFFF, 0xFFFF, 0xFFFF, 0xFFFF, 0xFFFF,
  0xFFFF, 0xFFFF, 0xFFFF, 0xFFFF, 0xFFFF, 0xFFFF, 0xFFFF, 0xFFFF, 0xFFFF, 0xFFFF, 0xFFFF, 0xFFFF,
  0xFFFF, 0xFFFF, 0xFFFF, 0xFFFF, 0xFFFF, 0xFFFF, 0xFFFF, 0xFFFF, 0xFFFF, 0xFFFF, 0xFFFF, 0xFFFF,
  0xFFFF, 0xFFFF, 0xFFFF, 0xEF9E, 0xCEBC, 0x9D98, 0x5C13, 0x2AF0, 0x0A2D, 0x0A0D, 0x01EC, 0x01CC,
  0x01CC, 0x01CC, 0x01CC, 0x01CC, 0x01CC, 0x01EC, 0x0A0D, 0x2AEF, 0x5C13, 0xADF9, 0xDF3D, 0xFFDF,
  0xFFFF, 0xFFFF, 0xFFFF, 0xFFFF, 0xFFFF, 0xFFFF, 0xFFFF, 0xFFFF, 0xFFFF, 0xFFFF, 0xFFFF, 0xFFFF,
  0xFFFF, 0xFFFF, 0xFFFF, 0xFFFF, 0xFFFF, 0xFFFF, 0xFFFF, 0xFFFF, 0xFFFF, 0xFFFF, 0xFFFF, 0xFFFF,
  0xFFFF, 0xFFFF, 0xFFFF, 0xFFFF, 0xFFFF, 0xFFFF, 0xFFFF, 0xFFFF, 0xFFFF, 0xFFFF, 0xFFFF, 0xFFFF,
  0xFFFF, 0xFFFF, 0xFFFF, 0xFFFF, 0xFFFF, 0xFFFF, 0xFFFF, 0xFFFF, 0xFFFF, 0xFFFF, 0xFFFF, 0xFFFF,
  0xFFFF, 0xFFFF, 0xFFFF, 0xFFFF, 0xFFFF, 0xFFFF, 0xFFFF, 0xFFFF, 0xFFFF, 0xFFFF, 0xFFFF, 0xFFFF,
  0xFFFF, 0xFFFF, 0xFFFF, 0xFFFF, 0xFFFF, 0xFFFF, 0xFFFF, 0xFFFF, 0xFFFF, 0xFFFF, 0xFFFF, 0xFFFF,
  0xFFFF, 0xFFFF, 0xFFFF, 0xFFFF, 0xFFFF, 0xFFFF, 0xFFFF, 0xFFFF, 0xFFFF, 0xFFFF, 0xFFFF, 0xFFFF,
  0xFFFF, 0xFFFF, 0xFFFF, 0xFFFF, 0xFFFF, 0xFFFF, 0xFFFF, 0xFFFF, 0xFFFF, 0xF7DF, 0xEF9E, 0xD6FC,
  0x9D98, 0x53D2, 0x124E, 0x0A0D, 0x228E, 0x3B31, 0x4BB2, 0x2ACF, 0x01CC, 0x01CC, 0x01CC, 0x01CC,
  0x01CC, 0x01CC, 0x01CC, 0x01CC, 0x01CC, 0x01CC, 0x01CC, 0x01CC, 0x01CC, 0x01CC, 0x01CC, 0x01CC,
  0x01CC, 0x01CC, 0x01CC, 0x01CC, 0x01CC, 0x01CC, 0x01CC, 0x01CC, 0x01CC, 0x01CC, 0x01CC, 0x01CC,
  0x01CC, 0x01CC, 0x01CC, 0x01CC, 0x01CC, 0x01CC, 0x01CC, 0x01CC, 0x01CC, 0x01CC, 0x01CC, 0x01CC,
  0x01CC, 0x01CC, 0x01CC, 0x01CC, 0x01CC, 0x01CC, 0x01CC, 0x01CC, 0x01CC, 0x01CC, 0x01CC, 0x01CC,
  0x01CC, 0x01CC, 0x01CC, 0x01CC, 0x01CC, 0x01CC, 0x01CC, 0x01CC, 0x01CC, 0x01CC, 0x01CC, 0x01CC,
  0x01CC, 0x01CC, 0x01CC, 0x01CC, 0x01CC, 0x01CC, 0x01CC, 0x01CC, 0x01CC, 0x01CC, 0x01CC, 0x01CC,
  0x01CC, 0x01CC, 0x01CC, 0x01CC, 0x01CC, 0x01CC, 0x01CC, 0x01CC, 0x01CC, 0x01CC, 0x01CC, 0x01CC,
  0x01CC, 0x01CC, 0x01CC, 0x01CC, 0x01CC, 0x01CC, 0x01CC, 0x01CC, 0x01CC, 0x01CC, 0x01CC, 0x01CC,
  0x01CC, 0x01CC, 0x01CC, 0x01CC, 0x01CC, 0x01CC, 0x01CC, 0x01CC, 0x01CC, 0x01CC, 0x01CC, 0x01CC,
  0x01CC, 0x01CC, 0x01CC, 0x01CC, 0x01CC, 0x01CC, 0x01CC, 0x01CC, 0x01CC, 0x01CC, 0x01CC, 0x01CC,
  0x01CC, 0x01CC, 0x01CC, 0x01CC, 0x01CC, 0x01CC, 0x01CC, 0x01CC, 0x01CC, 0x01CC, 0x01CC, 0x01CC,
  0x01CC, 0x01CC, 0x01CC, 0x01CC, 0x01CC, 0x01CC, 0x01CC, 0x01CC, 0x01CC, 0x01CC, 0x01CC, 0x01CC,
  0x01CC, 0x01CC, 0x01CC, 0x01CC, 0x01CC, 0x01CC, 0x01CC, 0x01CC, 0x01CC, 0x01CC, 0x01CC, 0x01CC,
  0x01CC, 0x01CC, 0x01CC, 0x01CC, 0x01CC, 0x01CC, 0x01CC, 0x01CC, 0x01CC, 0x01CC, 0x01CC, 0x01CC,
  0x01CC, 0x01CC, 0x01CC, 0x01CC, 0x01CC, 0x01CC, 0x01CC, 0x01CC, 0x01CC, 0x01CC, 0x01CC, 0x01CC,
  0x01CC, 0x01CC, 0x01CC, 0x01CC, 0x01CC, 0x01CC, 0x01CC, 0x01CC, 0x01CC, 0x01CC, 0x01CC, 0x01CC,
  0x01CC, 0x01CC, 0x01CC, 0x01CC, 0x01CC, 0x01CC, 0x01CC, 0x01CC, 0x01CC, 0x01CC, 0x01CC, 0x01CC,
  0x01CC, 0x01CC, 0x01CC, 0x01CC, 0x01CC, 0x01CC, 0x01CC, 0x01CC, 0x01CC, 0x01CC, 0x01CC, 0x01CC,
  0x01CC, 0x01CC, 0x01CC, 0x01CC, 0x01CC, 0x01CC, 0x01CC, 0x01CC, 0x01CC, 0x01CC, 0x01CC, 0x01CC,
  0x01CC, 0x01CC, 0x01CC, 0x01CC, 0x01CC, 0x01CC, 0x01CC, 0x01CC, 0x01CC, 0x01CC, 0x01CC, 0x01CC,
  0x01CC, 0x01CC, 0x01CC, 0x01CC, 0x01CC, 0x01CC, 0x01CC, 0x01CC, 0x01CC, 0x01CC, 0x01CC, 0x01CC,
  0x01CC, 0x01CC, 0x01CC, 0x01CC, 0x01CC, 0x01CC, 0x01CC, 0x01CC, 0x01CC, 0x01CC, 0x01CC, 0x01CC,
  0x01CC, 0x01CC, 0x01CC, 0x01CC, 0x01CC, 0x01CC, 0x01CC, 0x01CC, 0x01ED, 0x1A6E, 0x4BB2, 0x8D16,
  0xBE5A, 0xD71C, 0xEF9E, 0xFFDF, 0xFFFF, 0xFFFF, 0xFFFF, 0xFFFF, 0xFFFF, 0xFFFF, 0xFFFF, 0xFFFF,
  0xFFFF, 0xFFFF, 0xFFFF, 0xFFFF, 0xFFFF, 0xFFFF, 0xFFFF, 0xFFFF, 0xFFFF, 0xFFFF, 0xFFFF, 0xFFFF,
  0xFFFF, 0xFFFF, 0xFFFF, 0xFFFF, 0xFFFF, 0xFFFF, 0xFFFF, 0xFFFF, 0xFFFF, 0xFFFF, 0xFFFF, 0xFFFF,
  0xFFFF, 0xFFFF, 0xFFFF, 0xFFFF, 0xFFFF, 0xFFFF, 0xFFFF, 0xFFFF, 0xFFFF, 0xFFFF, 0xFFFF, 0xFFFF,
  0xFFFF, 0xFFFF, 0xFFFF, 0xFFFF, 0xFFFF, 0xFFFF, 0xFFFF, 0xFFFF, 0xFFFF, 0xFFFF, 0xFFFF, 0xFFFF,
  0xFFFF, 0xFFFF, 0xFFFF, 0xFFFF, 0xFFFF, 0xFFFF, 0xFFFF, 0xFFFF, 0xFFFF, 0xFFFF, 0xFFFF, 0xFFFF,
  0xFFFF, 0xFFFF, 0xFFFF, 0xFFFF, 0xF7BE, 0xE75D, 0xD6DC, 0xAE19, 0x8516, 0x53D2, 0x22AF, 0x01EC,
  0x01CC, 0x01CC, 0x01CC, 0x01CC, 0x122D, 0x2AF0, 0x6C74, 0xA5B8, 0xCEDC, 0xE77E, 0xF7BF, 0xFFFF,
  0xFFFF, 0xFFFF, 0xFFFF, 0xFFFF, 0xFFFF, 0xFFFF, 0xFFFF, 0xFFFF, 0xFFFF, 0xFFFF, 0xFFFF, 0xFFFF,
  0xFFFF, 0xFFFF, 0xFFFF, 0xFFFF, 0xFFFF, 0xFFFF, 0xFFFF, 0xFFFF, 0xFFFF, 0xFFFF, 0xFFFF, 0xFFFF,
  0xFFFF, 0xFFFF, 0xFFFF, 0xFFFF, 0xFFFF, 0xFFFF, 0xFFFF, 0xFFFF, 0xFFFF, 0xFFFF, 0xFFFF, 0xFFFF,
  0xFFFF, 0xFFFF, 0xFFFF, 0xFFFF, 0xFFFF, 0xFFFF, 0xFFFF, 0xFFFF, 0xFFFF, 0xFFFF, 0xFFFF, 0xFFFF,
  0xFFFF, 0xFFFF, 0xFFFF, 0xFFFF, 0xFFFF, 0xFFFF, 0xFFFF, 0xFFFF, 0xFFFF, 0xFFFF, 0xFFFF, 0xFFFF,
  0xFFFF, 0xFFFF, 0xFFFF, 0xFFFF, 0xFFFF, 0xFFFF, 0xFFFF, 0xFFFF, 0xFFFF, 0xFFFF, 0xFFFF, 0xFFFF,
  0xFFFF, 0xFFFF, 0xFFFF, 0xFFFF, 0xFFFF, 0xFFFF, 0xFFFF, 0xFFFF, 0xFFFF, 0xFFFF, 0xFFFF, 0xFFFF,
  0xFFFF, 0xFFFF, 0xFFFF, 0xFFFF, 0xFFFF, 0xFFFF, 0xFFFF, 0xF7DF, 0xE77E, 0xC67B, 0x8D57, 0x5BF3,
  0x3310, 0x1A8E, 0x1A8E, 0x4B92, 0x8D16, 0xB63A, 0xA5D9, 0x53B2, 0x01CC, 0x01CC, 0x01CC, 0x01CC,
  0x01CC, 0x01CC, 0x01CC, 0x01CC, 0x01CC, 0x01CC, 0x01CC, 0x01CC, 0x01CC, 0x01CC, 0x01CC, 0x01CC,
  0x01CC, 0x01CC, 0x01CC, 0x01CC, 0x01CC, 0x01CC, 0x01CC, 0x01CC, 0x01CC, 0x01CC, 0x01CC, 0x01CC,
  0x01CC, 0x01CC, 0x01CC, 0x01CC, 0x01CC, 0x01CC, 0x01CC, 0x01CC, 0x01CC, 0x01CC, 0x01CC, 0x01CC,
  0x01CC, 0x01CC, 0x01CC, 0x01CC, 0x01CC, 0x01CC, 0x01CC, 0x01CC, 0x01CC, 0x01CC, 0x01CC, 0x01CC,
  0x01CC, 0x01CC, 0x01CC, 0x01CC, 0x01CC, 0x01CC, 0x01CC, 0x01CC, 0x01CC, 0x01CC, 0x01CC, 0x01CC,
  0x01CC, 0x01CC, 0x01CC, 0x01CC, 0x01CC, 0x01CC, 0x01CC, 0x01CC, 0x01CC, 0x01CC, 0x01CC, 0x01CC,
  0x01CC, 0x01CC, 0x01CC, 0x01CC, 0x01CC, 0x01CC, 0x01CC, 0x01CC, 0x01CC, 0x01CC, 0x01CC, 0x01CC,
  0x01CC, 0x01CC, 0x01CC, 0x01CC, 0x01CC, 0x01CC, 0x01CC, 0x01CC, 0x01CC, 0x01CC, 0x01CC, 0x01CC,
  0x01CC, 0x01CC, 0x01CC, 0x01CC, 0x01CC, 0x01CC, 0x01CC, 0x01CC, 0x01CC, 0x01CC, 0x01CC, 0x01CC,
  0x01CC, 0x01CC, 0x01CC, 0x01CC, 0x01CC, 0x01CC, 0x01CC, 0x01CC, 0x01CC, 0x01CC, 0x01CC, 0x01CC,
  0x01CC, 0x01CC, 0x01CC, 0x01CC, 0x01CC, 0x01CC, 0x01CC, 0x01CC, 0x01CC, 0x01CC, 0x01CC, 0x01CC,
  0x01CC, 0x01CC, 0x01CC, 0x01CC, 0x01CC, 0x01CC, 0x01CC, 0x01CC, 0x01CC, 0x01CC, 0x01CC, 0x01CC,
  0x01CC, 0x01CC, 0x01CC, 0x01CC, 0x01CC, 0x01CC, 0x01CC, 0x01CC, 0x01CC, 0x01CC, 0x01CC, 0x01CC,
  0x01CC, 0x01CC, 0x01CC, 0x01CC, 0x01CC, 0x01CC, 0x01CC, 0x01CC, 0x01CC, 0x01CC, 0x01CC, 0x01CC,
  0x01CC, 0x01CC, 0x01CC, 0x01CC, 0x01CC, 0x01CC, 0x01CC, 0x01CC, 0x01CC, 0x01CC, 0x01CC, 0x01CC,
  0x01CC, 0x01CC, 0x01CC, 0x01CC, 0x01CC, 0x01CC, 0x01CC, 0x01CC, 0x01CC, 0x01CC, 0x01CC, 0x01CC,
  0x01CC, 0x01CC, 0x01CC, 0x01CC, 0x01CC, 0x01CC, 0x01CC, 0x01CC, 0x01CC, 0x01CC, 0x01CC, 0x01CC,
  0x01CC, 0x01CC, 0x01CC, 0x01CC, 0x01CC, 0x01CC, 0x01CC, 0x01CC, 0x01CC, 0x01CC, 0x01CC, 0x01CC,
  0x01CC, 0x01CC, 0x01CC, 0x01CC, 0x01CC, 0x01CC, 0x01CC, 0x01CC, 0x01CC, 0x01CC, 0x01CC, 0x01CC,
  0x01CC, 0x01CC, 0x01CC, 0x01CC, 0x01CC, 0x01CC, 0x01CC, 0x01CC, 0x01CC, 0x01CC, 0x01CC, 0x01CC,
  0x01CC, 0x01CC, 0x01CC, 0x01CC, 0x01CC, 0x01CC, 0x01CC, 0x01CC, 0x01CC, 0x01CC, 0x01CC, 0x01CC,
  0x01CC, 0x01CC, 0x01CC, 0x01CC, 0x01CC, 0x01CC, 0x01CC, 0x01CC, 0x01CC, 0x01CC, 0x01CC, 0x01CC,
  0x01CC, 0x01CC, 0x01CC, 0x01CC, 0x01CC, 0x01CC, 0x01EC, 0x1A8E, 0x4351, 0x7495, 0xA5D8, 0xD6FC,
  0xF7BE, 0xFFFF, 0xFFFF, 0xFFFF, 0xFFFF, 0xFFFF, 0xFFFF, 0xFFFF, 0xFFFF, 0xFFFF, 0xFFFF, 0xFFFF,
  0xFFFF, 0xFFFF, 0xFFFF, 0xFFFF, 0xFFFF, 0xFFFF, 0xFFFF, 0xFFFF, 0xFFFF, 0xFFFF, 0xFFFF, 0xFFFF,
  0xFFFF, 0xFFFF, 0xFFFF, 0xFFFF, 0xFFFF, 0xFFFF, 0xFFFF, 0xFFFF, 0xFFFF, 0xFFFF, 0xFFFF, 0xFFFF,
  0xFFFF, 0xFFFF, 0xFFFF, 0xFFFF, 0xFFFF, 0xFFFF, 0xFFFF, 0xFFFF, 0xFFFF, 0xFFFF, 0xFFFF, 0xFFFF,
  0xFFFF, 0xFFFF, 0xFFFF, 0xFFFF, 0xFFFF, 0xFFFF, 0xFFFF, 0xFFFF, 0xFFFF, 0xFFFF, 0xFFFF, 0xFFFF,
  0xFFFF, 0xFFFF, 0xFFFF, 0xFFFF, 0xFFFF, 0xFFFF, 0xFFFF, 0xFFFF, 0xFFFF, 0xFFFF, 0xFFFF, 0xFFFF,
  0xFFFF, 0xFFFF, 0xFFFF, 0xFFFF, 0xFFFF, 0xFFFF, 0xFFFF, 0xEF9E, 0xD6FC, 0xADF9, 0x84F6, 0x5BF3,
  0x3B51, 0x22AF, 0x1A6E, 0x3310, 0x5C13, 0x8D37, 0xBE5A, 0xE75D, 0xFFDF, 0xFFFF, 0xFFFF, 0xFFFF,
  0xFFFF, 0xFFFF, 0xFFFF, 0xFFFF, 0xFFFF, 0xFFFF, 0xFFFF, 0xFFFF, 0xFFFF, 0xFFFF, 0xFFFF, 0xFFFF,
  0xFFFF, 0xFFFF, 0xFFFF, 0xFFFF, 0xFFFF, 0xFFFF, 0xFFFF, 0xFFFF, 0xFFFF, 0xFFFF, 0xFFFF, 0xFFFF,
  0xFFFF, 0xFFFF, 0xFFFF, 0xFFFF, 0xFFFF, 0xFFFF, 0xFFFF, 0xFFFF, 0xFFFF, 0xFFFF, 0xFFFF, 0xFFFF,
  0xFFFF, 0xFFFF, 0xFFFF, 0xFFFF, 0xFFFF, 0xFFFF, 0xFFFF, 0xFFFF, 0xFFFF, 0xFFFF, 0xFFFF, 0xFFFF,
  0xFFFF, 0xFFFF, 0xFFFF, 0xFFFF, 0xFFFF, 0xFFFF, 0xFFFF, 0xFFFF, 0xFFFF, 0xFFFF, 0xFFFF, 0xFFFF,
  0xFFFF, 0xFFFF, 0xFFFF, 0xFFFF, 0xFFFF, 0xFFFF, 0xFFFF, 0xFFFF, 0xFFFF, 0xFFFF, 0xFFFF, 0xFFFF,
  0xFFFF, 0xFFFF, 0xFFFF, 0xFFFF, 0xFFFF, 0xFFFF, 0xFFFF, 0xFFFF, 0xFFFF, 0xFFFF, 0xFFFF, 0xFFFF,
  0xFFFF, 0xFFFF, 0xFFFF, 0xF7BF, 0xE75D, 0xCEDC, 0xBE5A, 0xA5B8, 0x8516, 0x6454, 0x4371, 0x22AF,
  0x2ACF, 0x4B92, 0x7495, 0xA5B8, 0xD6DC, 0xEF7E, 0xBE7A, 0x5BF3, 0x01CC, 0x01CC, 0x01CC, 0x01CC,
  0x01CC, 0x01CC, 0x01CC, 0x01CC, 0x01CC, 0x01CC, 0x01CC, 0x01CC, 0x01CC, 0x01CC, 0x01CC, 0x01CC,
  0x01CC, 0x01CC, 0x01CC, 0x01CC, 0x01CC, 0x01CC, 0x01CC, 0x01CC, 0x01CC, 0x01CC, 0x01CC, 0x01CC,
  0x01CC, 0x01CC, 0x01CC, 0x01CC, 0x01CC, 0x01CC, 0x01CC, 0x01CC, 0x01CC, 0x01CC, 0x01CC, 0x01CC,
  0x01CC, 0x01CC, 0x01CC, 0x01CC, 0x01CC, 0x01CC, 0x01CC, 0x01CC, 0x01CC, 0x01CC, 0x01CC, 0x01CC,
  0x01CC, 0x01CC, 0x01CC, 0x01CC, 0x01CC, 0x01CC, 0x01CC, 0x01CC, 0x01CC, 0x01CC, 0x01CC, 0x01CC,
  0x01CC, 0x01CC, 0x01CC, 0x01CC, 0x01CC, 0x01CC, 0x01CC, 0x01CC, 0x01CC, 0x01CC, 0x01CC, 0x01CC,
  0x01CC, 0x01CC, 0x01CC, 0x01CC, 0x01CC, 0x01CC, 0x01CC, 0x01CC, 0x01CC, 0x01CC, 0x01CC, 0x01CC,
  0x01CC, 0x01CC, 0x01CC, 0x01CC, 0x01CC, 0x01CC, 0x01CC, 0x01CC, 0x01CC, 0x01CC, 0x01CC, 0x01CC,
  0x01CC, 0x01CC, 0x01CC, 0x01CC, 0x01CC, 0x01CC, 0x01CC, 0x01CC, 0x01CC, 0x01CC, 0x01CC, 0x01CC,
  0x01CC, 0x01CC, 0x01CC, 0x01CC, 0x01CC, 0x01CC, 0x01CC, 0x01CC, 0x01CC, 0x01CC, 0x01CC, 0x01CC,
  0x01CC, 0x01CC, 0x01CC, 0x01CC, 0x01CC, 0x01CC, 0x01CC, 0x01CC, 0x01CC, 0x01CC, 0x01CC, 0x01CC,
  0x01CC, 0x01CC, 0x01CC, 0x01CC, 0x01CC, 0x01CC, 0x01CC, 0x01CC, 0x01CC, 0x01CC, 0x01CC, 0x01CC,
  0x01CC, 0x01CC, 0x01CC, 0x01CC, 0x01CC, 0x01CC, 0x01CC, 0x01CC, 0x01CC, 0x01CC, 0x01CC, 0x01CC,
  0x01CC, 0x01CC, 0x01CC, 0x01CC, 0x01CC, 0x01CC, 0x01CC, 0x01CC, 0x01CC, 0x01CC, 0x01CC, 0x01CC,
  0x01CC, 0x01CC, 0x01CC, 0x01CC, 0x01CC, 0x01CC, 0x01CC, 0x01CC, 0x01CC, 0x01CC, 0x01CC, 0x01CC,
  0x01CC, 0x01CC, 0x01CC, 0x01CC, 0x01CC, 0x01CC, 0x01CC, 0x01CC, 0x01CC, 0x01CC, 0x01CC, 0x01CC,
  0x01CC, 0x01CC, 0x01CC, 0x01CC, 0x01CC, 0x01CC, 0x01CC, 0x01CC, 0x01CC, 0x01CC, 0x01CC, 0x01CC,
  0x01CC, 0x01CC, 0x01CC, 0x01CC, 0x01CC, 0x01CC, 0x01CC, 0x01CC, 0x01CC, 0x01CC, 0x01CC, 0x01CC,
  0x01CC, 0x01CC, 0x01CC, 0x01CC, 0x01CC, 0x01CC, 0x01CC, 0x01CC, 0x01CC, 0x01CC, 0x01CC, 0x01CC,
  0x01CC, 0x01CC, 0x01CC, 0x01CC, 0x01CC, 0x01CC, 0x01CC, 0x01CC, 0x01CC, 0x01CC, 0x01CC, 0x01CC,
  0x01CC, 0x01CC, 0x01CC, 0x01CC, 0x01CC, 0x01CC, 0x01CC, 0x01CC, 0x01CC, 0x01CC, 0x01CC, 0x01CC,
  0x01CC, 0x01CC, 0x01CC, 0x01CC, 0x01CC, 0x01CC, 0x01CC, 0x01CC, 0x01CC, 0x01CC, 0x01CC, 0x01CC,
  0x01CC, 0x01CC, 0x01CC, 0x01CC, 0x01CC, 0x09ED, 0x1A6E, 0x53D2, 0x9D98, 0xE75D, 0xFFFF, 0xFFFF,
  0xFFFF, 0xFFFF, 0xFFFF, 0xFFFF, 0xFFFF, 0xFFFF, 0xFFFF, 0xFFFF, 0xFFFF, 0xFFFF, 0xFFFF, 0xFFFF,
  0xFFFF, 0xFFFF, 0xFFFF, 0xFFFF, 0xFFFF, 0xFFFF, 0xFFFF, 0xFFFF, 0xFFFF, 0xFFFF, 0xFFFF, 0xFFFF,
  0xFFFF, 0xFFFF, 0xFFFF, 0xFFFF, 0xFFFF, 0xFFFF, 0xFFFF, 0xFFFF, 0xFFFF, 0xFFFF, 0xFFFF, 0xFFFF,
  0xFFFF, 0xFFFF, 0xFFFF, 0xFFFF, 0xFFFF, 0xFFFF, 0xFFFF, 0xFFFF, 0xFFFF, 0xFFFF, 0xFFFF, 0xFFFF,
  0xFFFF, 0xFFFF, 0xFFFF, 0xFFFF, 0xFFFF, 0xFFFF, 0xFFFF, 0xFFFF, 0xFFFF, 0xFFFF, 0xFFFF, 0xFFFF,
  0xFFFF, 0xFFFF, 0xFFFF, 0xFFFF, 0xFFFF, 0xFFFF, 0xFFFF, 0xFFFF, 0xFFFF, 0xFFFF, 0xFFFF, 0xFFFF,
  0xFFFF, 0xFFFF, 0xFFFF, 0xFFFF, 0xFFFF, 0xFFFF, 0xFFFF, 0xFFFF, 0xFFFF, 0xFFFF, 0xF7BE, 0xD6FC,
  0xA5B8, 0x6C74, 0x53D2, 0x8516, 0xC69B, 0xFFDF, 0xFFFF, 0xFFFF, 0xFFFF, 0xFFFF, 0xFFFF, 0xFFFF,
  0xFFFF, 0xFFFF, 0xFFFF, 0xFFFF, 0xFFFF, 0xFFFF, 0xFFFF, 0xFFFF, 0xFFFF, 0xFFFF, 0xFFFF, 0xFFFF,
  0xFFFF, 0xFFFF, 0xFFFF, 0xFFFF, 0xFFFF, 0xFFFF, 0xFFFF, 0xFFFF, 0xFFFF, 0xFFFF, 0xFFFF, 0xFFFF,
  0xFFFF, 0xFFFF, 0xFFFF, 0xFFFF, 0xFFFF, 0xFFFF, 0xFFFF, 0xFFFF, 0xFFFF, 0xFFFF, 0xFFFF, 0xFFFF,
  0xFFFF, 0xFFFF, 0xFFFF, 0xFFFF, 0xFFFF, 0xFFFF, 0xFFFF, 0xFFFF, 0xFFFF, 0xFFFF, 0xFFFF, 0xFFFF,
  0xFFFF, 0xFFFF, 0xFFFF, 0xFFFF, 0xFFFF, 0xFFFF, 0xFFFF, 0xFFFF, 0xFFFF, 0xFFFF, 0xFFFF, 0xFFFF,
  0xFFFF, 0xFFFF, 0xFFFF, 0xFFFF, 0xFFFF, 0xFFFF, 0xFFFF, 0xFFFF, 0xFFFF, 0xFFFF, 0xFFFF, 0xFFFF,
  0xFFFF, 0xFFFF, 0xFFFF, 0xFFFF, 0xFFFF, 0xFFFF, 0xFFFF, 0xFFFF, 0xFFDF, 0xF7DF, 0xF7BF, 0xF7BF,
  0xF7BE, 0xEF9E, 0xEF7E, 0xD6FC, 0xADF9, 0x7CF6, 0x53D2, 0x2ACF, 0x0A0D, 0x0A0D, 0x124E, 0x2ACF,
  0x6434, 0xADF9, 0xEF7E, 0xFFDF, 0xFFFF, 0xEF9E, 0xB619, 0x53D2, 0x01CC, 0x01CC, 0x01CC, 0x01CC,
  0x01CC, 0x01CC, 0x01CC, 0x01CC, 0x01CC, 0x01CC, 0x01CC, 0x01CC, 0x01CC, 0x01CC, 0x01CC, 0x01CC,
  0x01CC, 0x01CC, 0x01CC, 0x01CC, 0x01CC, 0x01CC, 0x01CC, 0x01CC, 0x01CC, 0x01CC, 0x01CC, 0x01CC,
  0x01CC, 0x01CC, 0x01CC, 0x01CC, 0x01CC, 0x01CC, 0x01CC, 0x01CC, 0x01CC, 0x01CC, 0x01CC, 0x01CC,
  0x01CC, 0x01CC, 0x01CC, 0x01CC, 0x01CC, 0x01CC, 0x01CC, 0x01CC, 0x01CC, 0x01CC, 0x01CC, 0x01CC,
  0x01CC, 0x01CC, 0x01CC, 0x01CC, 0x01CC, 0x01CC, 0x01CC, 0x01CC, 0x01CC, 0x01CC, 0x01CC, 0x01CC,
  0x01CC, 0x01CC, 0x01CC, 0x01CC, 0x01CC, 0x01CC, 0x01CC, 0x01CC, 0x01CC, 0x01CC, 0x01CC, 0x01CC,
  0x01CC, 0x01CC, 0x01CC, 0x01CC, 0x01CC, 0x01CC, 0x01CC, 0x01CC, 0x01CC, 0x01CC, 0x01CC, 0x01CC,
  0x01CC, 0x01CC, 0x01CC, 0x01CC, 0x01CC, 0x01CC, 0x01CC, 0x01CC, 0x01CC, 0x01CC, 0x01CC, 0x01CC,
  0x01CC, 0x01CC, 0x01CC, 0x01CC, 0x01CC, 0x01CC, 0x01CC, 0x01CC, 0x01CC, 0x01CC, 0x01CC, 0x01CC,
  0x01CC, 0x01CC, 0x01CC, 0x01CC, 0x01CC, 0x01CC, 0x01CC, 0x01CC, 0x01CC, 0x01CC, 0x01CC, 0x01CC,
  0x01CC, 0x01CC, 0x01CC, 0x01CC, 0x01CC, 0x01CC, 0x01CC, 0x01CC, 0x01CC, 0x01CC, 0x01CC, 0x01CC,
  0x01CC, 0x01CC, 0x01CC, 0x01CC, 0x01CC, 0x01CC, 0x01CC, 0x01CC, 0x01CC, 0x01CC, 0x01CC, 0x01CC,
  0x01CC, 0x01CC, 0x01CC, 0x01CC, 0x01CC, 0x01CC, 0x01CC, 0x01CC, 0x01CC, 0x01CC, 0x01CC, 0x01CC,
  0x01CC, 0x01CC, 0x01CC, 0x01CC, 0x01CC, 0x01CC, 0x01CC, 0x01CC, 0x01CC, 0x01CC, 0x01CC, 0x01CC,
  0x01CC, 0x01CC, 0x01CC, 0x01CC, 0x01CC, 0x01CC, 0x01CC, 0x01CC, 0x01CC, 0x01CC, 0x01CC, 0x01CC,
  0x01CC, 0x01CC, 0x01CC, 0x01CC, 0x01CC, 0x01CC, 0x01CC, 0x01CC, 0x01CC, 0x01CC, 0x01CC, 0x01CC,
  0x01CC, 0x01CC, 0x01CC, 0x01CC, 0x01CC, 0x01CC, 0x01CC, 0x01CC, 0x01CC, 0x01CC, 0x01CC, 0x01CC,
  0x01CC, 0x01CC, 0x01CC, 0x01CC, 0x01CC, 0x01CC, 0x01CC, 0x01CC, 0x01CC, 0x01CC, 0x01CC, 0x01CC,
  0x01CC, 0x01CC, 0x01CC, 0x01CC, 0x01CC, 0x01CC, 0x01CC, 0x01CC, 0x01CC, 0x01CC, 0x01CC, 0x01CC,
  0x01CC, 0x01CC, 0x01CC, 0x01CC, 0x01CC, 0x01CC, 0x01CC, 0x01CC, 0x01CC, 0x01CC, 0x01CC, 0x01CC,
  0x01CC, 0x01CC, 0x01CC, 0x01CC, 0x01CC, 0x01CC, 0x01CC, 0x01CC, 0x01CC, 0x01CC, 0x01CC, 0x01CC,
  0x01CC, 0x01CC, 0x01CC, 0x01CC, 0x01CC, 0x01CC, 0x01CC, 0x01CC, 0x01CC, 0x01CC, 0x01CC, 0x01CC,
  0x01CC, 0x01CC, 0x01CC, 0x01CC, 0x124E, 0x3B51, 0x8D57, 0xC67B, 0xE75D, 0xFFDF, 0xFFFF, 0xFFFF,
  0xFFFF, 0xFFFF, 0xFFFF, 0xFFFF, 0xFFFF, 0xFFFF, 0xFFFF, 0xFFFF, 0xFFFF, 0xFFFF, 0xFFFF, 0xFFFF,
  0xFFFF, 0xFFFF, 0xFFFF, 0xFFFF, 0xFFFF, 0xFFFF, 0xFFFF, 0xFFFF, 0xFFFF, 0xFFFF, 0xFFFF, 0xFFFF,
  0xFFFF, 0xFFFF, 0xFFFF, 0xFFFF, 0xFFFF, 0xFFFF, 0xFFFF, 0xFFFF, 0xFFFF, 0xFFFF, 0xFFFF, 0xFFFF,
  0xFFFF, 0xFFFF, 0xFFFF, 0xFFFF, 0xFFFF, 0xFFFF, 0xFFFF, 0xFFFF, 0xFFFF, 0xFFFF, 0xFFFF, 0xFFFF,
  0xFFFF, 0xFFFF, 0xFFFF, 0xFFFF, 0xFFFF, 0xFFFF, 0xFFFF, 0xFFFF, 0xFFFF, 0xFFFF, 0xFFFF, 0xFFFF,
  0xFFFF, 0xFFFF, 0xFFFF, 0xFFFF, 0xFFFF, 0xFFFF, 0xFFFF, 0xFFFF, 0xFFFF, 0xFFFF, 0xFFFF, 0xFFFF,
  0xFFFF, 0xFFFF, 0xFFFF, 0xFFFF, 0xFFFF, 0xFFFF, 0xFFFF, 0xFFFF, 0xFFFF, 0xFFFF, 0xFFFF, 0xF7BF,
  0xE75D, 0xD6FC, 0xCEDC, 0xDF3D, 0xEF9E, 0xFFFF, 0xFFFF, 0xFFFF, 0xFFFF, 0xFFFF, 0xFFFF, 0xFFFF,
  0xFFFF, 0xFFFF, 0xFFFF, 0xFFFF, 0xFFFF, 0xFFFF, 0xFFFF, 0xFFFF, 0xFFFF, 0xFFFF, 0xFFFF, 0xFFFF,
  0xFFFF, 0xFFFF, 0xFFFF, 0xFFFF, 0xFFFF, 0xFFFF, 0xFFFF, 0xFFFF, 0xFFFF, 0xFFFF, 0xFFFF, 0xFFFF,
  0xFFFF, 0xFFFF, 0xFFFF, 0xFFFF, 0xFFFF, 0xFFFF, 0xFFFF, 0xFFFF, 0xFFFF, 0xFFFF, 0xFFFF, 0xFFFF,
  0xFFFF, 0xFFFF, 0xFFFF, 0xFFFF, 0xFFFF, 0xFFFF, 0xFFFF, 0xFFFF, 0xFFFF, 0xFFFF, 0xFFFF, 0xFFFF,
  0xFFFF, 0xFFFF, 0xFFFF, 0xFFFF, 0xFFFF, 0xFFFF, 0xFFFF, 0xFFFF, 0xFFFF, 0xFFFF, 0xFFFF, 0xFFFF,
  0xFFFF, 0xFFFF, 0xFFFF, 0xFFFF, 0xFFFF, 0xFFFF, 0xFFFF, 0xFFFF, 0xFFFF, 0xFFFF, 0xFFFF, 0xFFFF,
  0xFFFF, 0xFFFF, 0xFFFF, 0xFFFF, 0xFFFF, 0xFFFF, 0xFFDF, 0xEF9E, 0xDF1D, 0xC69B, 0xB63A, 0xA5B8,
  0x8516, 0x6C54, 0x53D2, 0x4371, 0x3310, 0x22AF, 0x1A8E, 0x2ACF, 0x4371, 0x6C74, 0x9577, 0xBE5A,
  0xD6DC, 0xE77E, 0xFFDF, 0xFFFF, 0xFFFF, 0xEF9E, 0xA5D8, 0x4B92, 0x01CC, 0x01CC, 0x01CC, 0x01CC,
  0x01CC, 0x01CC, 0x01CC, 0x01CC, 0x01CC, 0x01CC, 0x01CC, 0x01CC, 0x01CC, 0x01CC, 0x01CC, 0x01CC,
  0x01CC, 0x01CC, 0x01CC, 0x01CC, 0x01CC, 0x01CC, 0x01CC, 0x01CC, 0x01CC, 0x01CC, 0x01CC, 0x01CC,
  0x01CC, 0x01CC, 0x01CC, 0x01CC, 0x01CC, 0x01CC, 0x01CC, 0x01CC, 0x01CC, 0x01CC, 0x01CC, 0x01CC,
  0x01CC, 0x01CC, 0x01CC, 0x01CC, 0x01CC, 0x01CC, 0x01CC, 0x01CC, 0x01CC, 0x01CC, 0x01CC, 0x01CC,
  0x01CC, 0x01CC, 0x01CC, 0x01CC, 0x01CC, 0x01CC, 0x01CC, 0x01CC, 0x01CC, 0x01CC, 0x01CC, 0x01CC,
  0x01CC, 0x01CC, 0x01CC, 0x01CC, 0x01CC, 0x01CC, 0x01CC, 0x01CC, 0x01CC, 0x01CC, 0x01CC, 0x01CC,
  0x01CC, 0x01CC, 0x01CC, 0x01CC, 0x01CC, 0x01CC, 0x01CC, 0x01CC, 0x01CC, 0x01CC, 0x01CC, 0x01CC,
  0x01CC, 0x01CC, 0x01CC, 0x01CC, 0x01CC, 0x01CC, 0x01CC, 0x01CC, 0x01CC, 0x01CC, 0x01CC, 0x01CC,
  0x01CC, 0x01CC, 0x01CC, 0x01CC, 0x01CC, 0x01CC, 0x01CC, 0x01CC, 0x01CC, 0x01CC, 0x01CC, 0x01CC,
  0x01CC, 0x01CC, 0x01CC, 0x01CC, 0x01CC, 0x01CC, 0x01CC, 0x01CC, 0x01CC, 0x01CC, 0x01CC, 0x01CC,
  0x01CC, 0x01CC, 0x01CC, 0x01CC, 0x01CC, 0x01CC, 0x01CC, 0x01CC, 0x01CC, 0x01CC, 0x01CC, 0x01CC,
  0x01CC, 0x01CC, 0x01CC, 0x01CC, 0x01CC, 0x01CC, 0x01CC, 0x01CC, 0x01CC, 0x01CC, 0x01CC, 0x01CC,
  0x01CC, 0x01CC, 0x01CC, 0x01CC, 0x01CC, 0x01CC, 0x01CC, 0x01CC, 0x01CC, 0x01CC, 0x01CC, 0x01CC,
  0x01CC, 0x01CC, 0x01CC, 0x01CC, 0x01CC, 0x01CC, 0x01CC, 0x01CC, 0x01CC, 0x01CC, 0x01CC, 0x01CC,
  0x01CC, 0x01CC, 0x01CC, 0x01CC, 0x01CC, 0x01CC, 0x01CC, 0x01CC, 0x01CC, 0x01CC, 0x01CC, 0x01CC,
  0x01CC, 0x01CC, 0x01CC, 0x01CC, 0x01CC, 0x01CC, 0x01CC, 0x01CC, 0x01CC, 0x01CC, 0x01CC, 0x01CC,
  0x01CC, 0x01CC, 0x01CC, 0x01CC, 0x01CC, 0x01CC, 0x01CC, 0x01CC, 0x01CC, 0x01CC, 0x01CC, 0x01CC,
  0x01CC, 0x01CC, 0x01CC, 0x01CC, 0x01CC, 0x01CC, 0x01CC, 0x01CC, 0x01CC, 0x01CC, 0x01CC, 0x01CC,
  0x01CC, 0x01CC, 0x01CC, 0x01CC, 0x01CC, 0x01CC, 0x01CC, 0x01CC, 0x01CC, 0x01CC, 0x01CC, 0x01CC,
  0x01CC, 0x01CC, 0x01CC, 0x01CC, 0x01CC, 0x01CC, 0x01CC, 0x01CC, 0x01CC, 0x01CC, 0x01CC, 0x01CC,
  0x01CC, 0x01CC, 0x01CC, 0x01CC, 0x01CC, 0x01CC, 0x01CC, 0x01CC, 0x01CC, 0x01CC, 0x01CC, 0x01CC,
  0x01CC, 0x01CC, 0x01CC, 0x01CC, 0x01CC, 0x01CC, 0x01CC, 0x01CC, 0x01CC, 0x01CC, 0x01CC, 0x01CC,
  0x01CC, 0x01CC, 0x0A0D, 0x2ACF, 0x5C13, 0x9577, 0xD71C, 0xF7BF, 0xFFFF, 0xFFFF, 0xFFFF, 0xFFFF,
  0xFFFF, 0xFFFF, 0xFFFF, 0xFFFF, 0xFFFF, 0xFFFF, 0xFFFF, 0xFFFF, 0xFFFF, 0xFFFF, 0xFFFF, 0xFFFF,
  0xFFFF, 0xFFFF, 0xFFFF, 0xFFFF, 0xFFFF, 0xFFFF, 0xFFFF, 0xFFFF, 0xFFFF, 0xFFFF, 0xFFFF, 0xFFFF,
  0xFFFF, 0xFFFF, 0xFFFF, 0xFFFF, 0xFFFF, 0xFFFF, 0xFFFF, 0xFFFF, 0xFFFF, 0xFFFF, 0xFFFF, 0xFFFF,
  0xFFFF, 0xFFFF, 0xFFFF, 0xFFFF, 0xFFFF, 0xFFFF, 0xFFFF, 0xFFFF, 0xFFFF, 0xFFFF, 0xFFFF, 0xFFFF,
  0xFFFF, 0xFFFF, 0xFFFF, 0xFFFF, 0xFFFF, 0xFFFF, 0xFFFF, 0xFFFF, 0xFFFF, 0xFFFF, 0xFFFF, 0xFFFF,
  0xFFFF, 0xFFFF, 0xFFFF, 0xFFFF, 0xFFFF, 0xFFFF, 0xFFFF, 0xFFFF, 0xFFFF, 0xFFFF, 0xFFFF, 0xFFFF,
  0xFFFF, 0xFFFF, 0xFFFF, 0xFFFF, 0xFFFF, 0xFFFF, 0xFFFF, 0xFFFF, 0xFFFF, 0xFFFF, 0xFFFF, 0xFFFF,
  0xFFFF, 0xFFFF, 0xFFFF, 0xFFFF, 0xFFFF, 0xFFFF, 0xFFFF, 0xFFFF, 0xFFFF, 0xFFFF, 0xFFFF, 0xFFFF,
  0xFFFF, 0xFFFF, 0xFFFF, 0xFFFF, 0xFFFF, 0xFFFF, 0xFFFF, 0xFFFF, 0xFFFF, 0xFFFF, 0xFFFF, 0xFFFF,
  0xFFFF, 0xFFFF, 0xFFFF, 0xFFFF, 0xFFFF, 0xFFFF, 0xFFFF, 0xFFFF, 0xFFFF, 0xFFFF, 0xFFFF, 0xFFFF,
  0xFFFF, 0xFFFF, 0xFFFF, 0xFFFF, 0xFFFF, 0xFFFF, 0xFFFF, 0xFFFF, 0xFFFF, 0xFFFF, 0xFFFF, 0xFFFF,
  0xFFFF, 0xFFFF, 0xFFFF, 0xFFFF, 0xFFFF, 0xFFFF, 0xFFFF, 0xFFFF, 0xFFFF, 0xFFFF, 0xFFFF, 0xFFFF,
  0xFFFF, 0xFFFF, 0xFFFF, 0xFFFF, 0xFFFF, 0xFFFF, 0xFFFF, 0xFFFF, 0xFFFF, 0xFFFF, 0xFFFF, 0xFFFF,
  0xFFFF, 0xFFFF, 0xFFFF, 0xFFFF, 0xFFFF, 0xFFFF, 0xFFFF, 0xFFFF, 0xF7DF, 0xF79E, 0xE77E, 0xDF3D,
  0xDF1D, 0xD6DC, 0xCEBB, 0xBE5A, 0xAE19, 0xA5B8, 0x9D98, 0x8D37, 0x7CD5, 0x6C54, 0x5C13, 0x4BB2,
  0x3B30, 0x2AEF, 0x22AF, 0x2ACF, 0x3B30, 0x4BB2, 0x6433, 0x7CD6, 0x9D98, 0xBE7A, 0xDF3D, 0xF7DF,
  0xFFFF, 0xFFFF, 0xFFFF, 0xFFFF, 0xFFFF, 0xEF7E, 0x8D37, 0x3B31, 0x01CC, 0x01CC, 0x01CC, 0x01CC,
  0x01CC, 0x01CC, 0x01CC, 0x01CC, 0x01CC, 0x01CC, 0x01CC, 0x01CC, 0x01CC, 0x01CC, 0x01CC, 0x01CC,
  0x01CC, 0x01CC, 0x01CC, 0x01CC, 0x01CC, 0x01CC, 0x01CC, 0x01CC, 0x01CC, 0x01CC, 0x01CC, 0x01CC,
  0x01CC, 0x01CC, 0x01CC, 0x01CC, 0x01CC, 0x01CC, 0x01CC, 0x01CC, 0x01CC, 0x01CC, 0x01CC, 0x01CC,
  0x01CC, 0x01CC, 0x01CC, 0x01CC, 0x01CC, 0x01CC, 0x01CC, 0x01CC, 0x01CC, 0x01CC, 0x01CC, 0x01CC,
  0x01CC, 0x01CC, 0x01CC, 0x01CC, 0x01CC, 0x01CC, 0x01CC, 0x01CC, 0x01CC, 0x01CC, 0x01CC, 0x01CC,
  0x01CC, 0x01CC, 0x01CC, 0x01CC, 0x01CC, 0x01CC, 0x01CC, 0x01CC, 0x01CC, 0x01CC, 0x01CC, 0x01CC,
  0x01CC, 0x01CC, 0x01CC, 0x01CC, 0x01CC, 0x01CC, 0x01CC, 0x01CC, 0x01CC, 0x01CC, 0x01CC, 0x01CC,
  0x01CC, 0x01CC, 0x01CC, 0x01CC, 0x01CC, 0x01CC, 0x01CC, 0x01CC, 0x01CC, 0x01CC, 0x01CC, 0x01CC,
  0x01CC, 0x01CC, 0x01CC, 0x01CC, 0x01CC, 0x01CC, 0x01CC, 0x01CC, 0x01CC, 0x01CC, 0x01CC, 0x01CC,
  0x01CC, 0x01CC, 0x01CC, 0x01CC, 0x01CC, 0x01CC, 0x01CC, 0x01CC, 0x01CC, 0x01CC, 0x01CC, 0x01CC,
  0x01CC, 0x01CC, 0x01CC, 0x01CC, 0x01CC, 0x01CC, 0x01CC, 0x01CC, 0x01CC, 0x01CC, 0x01CC, 0x01CC,
  0x01CC, 0x01CC, 0x01CC, 0x01CC, 0x01CC, 0x01CC, 0x01CC, 0x01CC, 0x01CC, 0x01CC, 0x01CC, 0x01CC,
  0x01CC, 0x01CC, 0x01CC, 0x01CC, 0x01CC, 0x01CC, 0x01CC, 0x01CC, 0x01CC, 0x01CC, 0x01CC, 0x01CC,
  0x01CC, 0x01CC, 0x01CC, 0x01CC, 0x01CC, 0x01CC, 0x01CC, 0x01CC, 0x01CC, 0x01CC, 0x01CC, 0x01CC,
  0x01CC, 0x01CC, 0x01CC, 0x01CC, 0x01CC, 0x01CC, 0x01CC, 0x01CC, 0x01CC, 0x01CC, 0x01CC, 0x01CC,
  0x01CC, 0x01CC, 0x01CC, 0x01CC, 0x01CC, 0x01CC, 0x01CC, 0x01CC, 0x01CC, 0x01CC, 0x01CC, 0x01CC,
  0x01CC, 0x01CC, 0x01CC, 0x01CC, 0x01CC, 0x01CC, 0x01CC, 0x01CC, 0x01CC, 0x01CC, 0x01CC, 0x01CC,
  0x01CC, 0x01CC, 0x01CC, 0x01CC, 0x01CC, 0x01CC, 0x01CC, 0x01CC, 0x01CC, 0x01CC, 0x01CC, 0x01CC,
  0x01CC, 0x01CC, 0x01CC, 0x01CC, 0x01CC, 0x01CC, 0x01CC, 0x01CC, 0x01CC, 0x01CC, 0x01CC, 0x01CC,
  0x01CC, 0x01CC, 0x01CC, 0x01CC, 0x01CC, 0x01CC, 0x01CC, 0x01CC, 0x01CC, 0x01CC, 0x01CC, 0x01CC,
  0x01CC, 0x01CC, 0x01CC, 0x01CC, 0x01CC, 0x01CC, 0x01CC, 0x01CC, 0x01CC, 0x01CC, 0x01CC, 0x01CC,
  0x01CC, 0x01CC, 0x01CC, 0x01CC, 0x01CC, 0x01CC, 0x01CC, 0x01CC, 0x01CC, 0x01CC, 0x01CC, 0x01CC,
  0x01CC, 0x09ED, 0x228F, 0x7495, 0xBE7A, 0xFFDF, 0xFFFF, 0xFFFF, 0xFFFF, 0xFFFF, 0xFFFF, 0xFFFF,
  0xFFFF, 0xFFFF, 0xFFFF, 0xFFFF, 0xFFFF, 0xFFFF, 0xFFFF, 0xFFFF, 0xFFFF, 0xFFFF, 0xFFFF, 0xFFFF,
  0xFFFF, 0xFFFF, 0xFFFF, 0xFFFF, 0xFFFF, 0xFFFF, 0xFFFF, 0xFFFF, 0xFFFF, 0xFFFF, 0xFFFF, 0xFFFF,
  0xFFFF, 0xFFFF, 0xFFFF, 0xFFFF, 0xFFFF, 0xFFFF, 0xFFFF, 0xFFFF, 0xFFFF, 0xFFFF, 0xFFFF, 0xFFFF,
  0xFFFF, 0xFFFF, 0xFFFF, 0xFFFF, 0xFFFF, 0xFFFF, 0xFFFF, 0xFFFF, 0xFFFF, 0xFFFF, 0xFFFF, 0xFFFF,
  0xFFFF, 0xFFFF, 0xFFFF, 0xFFFF, 0xFFFF, 0xFFFF, 0xFFFF, 0xFFFF, 0xFFFF, 0xFFFF, 0xFFFF, 0xFFFF,
  0xFFFF, 0xFFFF, 0xFFFF, 0xFFFF, 0xFFFF, 0xFFFF, 0xFFFF, 0xFFFF, 0xFFFF, 0xFFFF, 0xFFFF, 0xFFFF,
  0xFFFF, 0xFFFF, 0xFFFF, 0xFFFF, 0xFFFF, 0xFFFF, 0xFFFF, 0xFFFF, 0xFFFF, 0xFFFF, 0xFFFF, 0xFFFF,
  0xFFFF, 0xFFFF, 0xFFFF, 0xFFFF, 0xFFFF, 0xFFFF, 0xFFFF, 0xFFFF, 0xFFFF, 0xFFFF, 0xFFFF, 0xFFFF,
  0xFFFF, 0xFFFF, 0xFFFF, 0xFFFF, 0xFFFF, 0xFFFF, 0xFFFF, 0xFFFF, 0xFFFF, 0xFFFF, 0xFFFF, 0xFFFF,
  0xFFFF, 0xFFFF, 0xFFFF, 0xFFFF, 0xFFFF, 0xFFFF, 0xFFFF, 0xFFFF, 0xFFFF, 0xFFFF, 0xFFFF, 0xFFFF,
  0xFFFF, 0xFFFF, 0xFFFF, 0xFFFF, 0xFFFF, 0xFFFF, 0xFFFF, 0xFFFF, 0xFFFF, 0xFFFF, 0xFFFF, 0xFFFF,
  0xFFFF, 0xFFFF, 0xFFFF, 0xFFFF, 0xFFFF, 0xFFFF, 0xFFFF, 0xFFFF, 0xFFFF, 0xFFFF, 0xFFFF, 0xFFFF,
  0xFFFF, 0xFFFF, 0xFFFF, 0xFFFF, 0xFFFF, 0xFFFF, 0xFFFF, 0xFFFF, 0xFFFF, 0xFFFF, 0xFFDF, 0xF7DF,
  0xF7DF, 0xF7BF, 0xF7BF, 0xF7BE, 0xF7BE, 0xEF9E, 0xEF9E, 0xE77E, 0xDF3D, 0xCEDC, 0xBE5A, 0xA5D9,
  0x9578, 0x8516, 0x7495, 0x53F3, 0x3B30, 0x228F, 0x124E, 0x0A2D, 0x0A0D, 0x0A0D, 0x0A2D, 0x122D,
  0x1A6E, 0x2AF0, 0x4392, 0x6C74, 0x9577, 0xBE7B, 0xE75D, 0xF7DF, 0xFFFF, 0xFFFF, 0xFFFF, 0xFFFF,
  0xFFFF, 0xFFFF, 0xFFFF, 0xFFFF, 0xFFFF, 0xE75D, 0x7495, 0x2ACF, 0x01CC, 0x01CC, 0x01CC, 0x01CC,
  0x01CC, 0x01CC, 0x01CC, 0x01CC, 0x01CC, 0x01CC, 0x01CC, 0x01CC, 0x01CC, 0x01CC, 0x01CC, 0x01CC,
  0x01CC, 0x01CC, 0x01CC, 0x01CC, 0x01CC, 0x01CC, 0x01CC, 0x01CC, 0x01CC, 0x01CC, 0x01CC, 0x01CC,
  0x01CC, 0x01CC, 0x01CC, 0x01CC, 0x01CC, 0x01CC, 0x01CC, 0x01CC, 0x01CC, 0x01CC, 0x01CC, 0x01CC,
  0x01CC, 0x01CC, 0x01CC, 0x01CC, 0x01CC, 0x01CC, 0x01CC, 0x01CC, 0x01CC, 0x01CC, 0x01CC, 0x01CC,
  0x01CC, 0x01CC, 0x01CC, 0x01CC, 0x01CC, 0x01CC, 0x01CC, 0x01CC, 0x01CC, 0x01CC, 0x01CC, 0x01CC,
  0x01CC, 0x01CC, 0x01CC, 0x01CC, 0x01CC, 0x01CC, 0x01CC, 0x01CC, 0x01CC, 0x01CC, 0x01CC, 0x01CC,
  0x01CC, 0x01CC, 0x01CC, 0x01CC, 0x01CC, 0x01CC, 0x01CC, 0x01CC, 0x01CC, 0x01CC, 0x01CC, 0x01CC,
  0x01CC, 0x01CC, 0x01CC, 0x01CC, 0x01CC, 0x01CC, 0x01CC, 0x01CC, 0x01CC, 0x01CC, 0x01CC, 0x01CC,
  0x01CC, 0x01CC, 0x01CC, 0x01CC, 0x01CC, 0x01CC, 0x01CC, 0x01CC, 0x01CC, 0x01CC, 0x01CC, 0x01CC,
  0x01CC, 0x01CC, 0x01CC, 0x01CC, 0x01CC, 0x01CC, 0x01CC, 0x01CC, 0x01CC, 0x01CC, 0x01CC, 0x01CC,
  0x01CC, 0x01CC, 0x01CC, 0x01CC, 0x01CC, 0x01CC, 0x01CC, 0x01CC, 0x01CC, 0x01CC, 0x01CC, 0x01CC,
  0x01CC, 0x01CC, 0x01CC, 0x01CC, 0x01CC, 0x01CC, 0x01CC, 0x01CC, 0x01CC, 0x01CC, 0x01CC, 0x01CC,
  0x01CC, 0x01CC, 0x01CC, 0x01CC, 0x01CC, 0x01CC, 0x01CC, 0x01CC, 0x01CC, 0x01CC, 0x01CC, 0x01CC,
  0x01CC, 0x01CC, 0x01CC, 0x01CC, 0x01CC, 0x01CC, 0x01CC, 0x01CC, 0x01CC, 0x01CC, 0x01CC, 0x01CC,
  0x01CC, 0x01CC, 0x01CC, 0x01CC, 0x01CC, 0x01CC, 0x01CC, 0x01CC, 0x01CC, 0x01CC, 0x01CC, 0x01CC,
  0x01CC, 0x01CC, 0x01CC, 0x01CC, 0x01CC, 0x01CC, 0x01CC, 0x01CC, 0x01CC, 0x01CC, 0x01CC, 0x01CC,
  0x01CC, 0x01CC, 0x01CC, 0x01CC, 0x01CC, 0x01CC, 0x01CC, 0x01CC, 0x01CC, 0x01CC, 0x01CC, 0x01CC,
  0x01CC, 0x01CC, 0x01CC, 0x01CC, 0x01CC, 0x01CC, 0x01CC, 0x01CC, 0x01CC, 0x01CC, 0x01CC, 0x01CC,
  0x01CC, 0x01CC, 0x01CC, 0x01CC, 0x01CC, 0x01CC, 0x01CC, 0x01CC, 0x01CC, 0x01CC, 0x01CC, 0x01CC,
  0x01CC, 0x01CC, 0x01CC, 0x01CC, 0x01CC, 0x01CC, 0x01CC, 0x01CC, 0x01CC, 0x01CC, 0x01CC, 0x01CC,
  0x01CC, 0x01CC, 0x01CC, 0x01CC, 0x01CC, 0x01CC, 0x01CC, 0x01CC, 0x01CC, 0x01CC, 0x01CC, 0x01CC,
  0x01CC, 0x01CC, 0x01CC, 0x01CC, 0x01CC, 0x01CC, 0x01CC, 0x01CC, 0x01CC, 0x01CC, 0x01CC, 0x01CC,
  0x0A0D, 0x4371, 0x8D16, 0xCEBB, 0xEF9E, 0xFFFF, 0xFFFF, 0xFFFF, 0xFFFF, 0xFFFF, 0xFFFF, 0xFFFF,
  0xFFFF, 0xFFFF, 0xFFFF, 0xFFFF, 0xFFFF, 0xFFFF, 0xFFFF, 0xFFFF, 0xFFFF, 0xFFFF, 0xFFFF, 0xFFFF,
  0xFFFF, 0xFFFF, 0xFFFF, 0xFFFF, 0xFFFF, 0xFFFF, 0xFFFF, 0xFFFF, 0xFFFF, 0xFFFF, 0xFFFF, 0xFFFF,
  0xFFFF, 0xFFFF, 0xFFFF, 0xFFFF, 0xFFFF, 0xFFFF, 0xFFFF, 0xFFFF, 0xFFFF, 0xFFFF, 0xFFFF, 0xFFFF,
  0xFFFF, 0xFFFF, 0xFFFF, 0xFFFF, 0xFFFF, 0xFFFF, 0xFFFF, 0xFFFF, 0xFFFF, 0xFFFF, 0xFFFF, 0xFFFF,
  0xFFFF, 0xFFFF, 0xFFFF, 0xFFFF, 0xFFFF, 0xFFFF, 0xFFFF, 0xFFFF, 0xFFFF, 0xFFFF, 0xFFFF, 0xFFFF,
  0xFFFF, 0xFFFF, 0xFFFF, 0xFFFF, 0xFFFF, 0xFFFF, 0xFFFF, 0xFFFF, 0xFFFF, 0xFFFF, 0xFFFF, 0xFFFF,
  0xFFFF, 0xFFFF, 0xFFFF, 0xFFFF, 0xFFFF, 0xFFFF, 0xFFFF, 0xFFFF, 0xFFFF, 0xFFFF, 0xFFFF, 0xFFFF,
  0xFFFF, 0xFFFF, 0xFFFF, 0xFFFF, 0xFFFF, 0xFFFF, 0xFFFF, 0xFFFF, 0xFFFF, 0xFFFF, 0xFFFF, 0xFFFF,
  0xFFFF, 0xFFFF, 0xFFFF, 0xFFFF, 0xFFFF, 0xFFFF, 0xFFFF, 0xFFFF, 0xFFFF, 0xFFFF, 0xFFFF, 0xFFFF,
  0xFFFF, 0xFFFF, 0xFFFF, 0xFFFF, 0xFFFF, 0xFFFF, 0xFFFF, 0xFFFF, 0xFFFF, 0xFFFF, 0xFFFF, 0xFFFF,
  0xFFFF, 0xFFFF, 0xFFFF, 0xFFFF, 0xFFFF, 0xFFFF, 0xFFFF, 0xFFFF, 0xFFFF, 0xFFFF, 0xFFFF, 0xFFFF,
  0xFFFF, 0xFFFF, 0xFFFF, 0xFFFF, 0xFFFF, 0xFFFF, 0xFFFF, 0xFFFF, 0xFFFF, 0xFFFF, 0xFFFF, 0xFFFF,
  0xFFFF, 0xFFFF, 0xFFFF, 0xFFFF, 0xFFFF, 0xFFFF, 0xFFFF, 0xF7DF, 0xEF9E, 0xE75D, 0xD6FC, 0xC69B,
  0xBE5A, 0xADF9, 0x9577, 0x84F6, 0x7494, 0x6433, 0x5BF3, 0x53D2, 0x4B91, 0x3B51, 0x3310, 0x2AF0,
  0x2ACF, 0x2ACF, 0x2ACF, 0x2AF0, 0x3B30, 0x4351, 0x4BB2, 0x5BF3, 0x6454, 0x7CB5, 0x8D37, 0x9DB8,
  0xAE19, 0xBE7A, 0xCEBB, 0xD6FC, 0xDF3D, 0xEF9E, 0xF7DF, 0xFFFF, 0xFFFF, 0xFFFF, 0xFFFF, 0xFFFF,
  0xFFFF, 0xFFFF, 0xFFFF, 0xFFFF, 0xFFFF, 0xDF1C, 0x53D2, 0x1A4E, 0x01CC, 0x01CC, 0x01CC, 0x01CC,
  0x01CC, 0x01CC, 0x01CC, 0x01CC, 0x01CC, 0x01CC, 0x01CC, 0x01CC, 0x01CC, 0x01CC, 0x01CC, 0x01CC,
  0x01CC, 0x01CC, 0x01CC, 0x01CC, 0x01CC, 0x01CC, 0x01CC, 0x01CC, 0x01CC, 0x01CC, 0x01CC, 0x01CC,
  0x01CC, 0x01CC, 0x01CC, 0x01CC, 0x01CC, 0x01CC, 0x01CC, 0x01CC, 0x01CC, 0x01CC, 0x01CC, 0x01CC,
  0x01CC, 0x01CC, 0x01CC, 0x01CC, 0x01CC, 0x01CC, 0x01CC, 0x01CC, 0x01CC, 0x01CC, 0x01CC, 0x01CC,
  0x01CC, 0x01CC, 0x01CC, 0x01CC, 0x01CC, 0x01CC, 0x01CC, 0x01CC, 0x01CC, 0x01CC, 0x01CC, 0x01CC,
  0x01CC, 0x01CC, 0x01CC, 0x01CC, 0x01CC, 0x01CC, 0x01CC, 0x01CC, 0x01CC, 0x01CC, 0x01CC, 0x01CC,
  0x01CC, 0x01CC, 0x01CC, 0x01CC, 0x01CC, 0x01CC, 0x01CC, 0x01CC, 0x01CC, 0x01CC, 0x01CC, 0x01CC,
  0x01CC, 0x01CC, 0x01CC, 0x01CC, 0x01CC, 0x01CC, 0x01CC, 0x01CC, 0x01CC, 0x01CC, 0x01CC, 0x01CC,
  0x01CC, 0x01CC, 0x01CC, 0x01CC, 0x01CC, 0x01CC, 0x01CC, 0x01CC, 0x01CC, 0x01CC, 0x01CC, 0x01CC,
  0x01CC, 0x01CC, 0x01CC, 0x01CC, 0x01CC, 0x01CC, 0x01CC, 0x01CC, 0x01CC, 0x01CC, 0x01CC, 0x01CC,
  0x01CC, 0x01CC, 0x01CC, 0x01CC, 0x01CC, 0x01CC, 0x01CC, 0x01CC, 0x01CC, 0x01CC, 0x01CC, 0x01CC,
  0x01CC, 0x01CC, 0x01CC, 0x01CC, 0x01CC, 0x01CC, 0x01CC, 0x01CC, 0x01CC, 0x01CC, 0x01CC, 0x01CC,
  0x01CC, 0x01CC, 0x01CC, 0x01CC, 0x01CC, 0x01CC, 0x01CC, 0x01CC, 0x01CC, 0x01CC, 0x01CC, 0x01CC,
  0x01CC, 0x01CC, 0x01CC, 0x01CC, 0x01CC, 0x01CC, 0x01CC, 0x01CC, 0x01CC, 0x01CC, 0x01CC, 0x01CC,
  0x01CC, 0x01CC, 0x01CC, 0x01CC, 0x01CC, 0x01CC, 0x01CC, 0x01CC, 0x01CC, 0x01CC, 0x01CC, 0x01CC,
  0x01CC, 0x01CC, 0x01CC, 0x01CC, 0x01CC, 0x01CC, 0x01CC, 0x01CC, 0x01CC, 0x01CC, 0x01CC, 0x01CC,
  0x01CC, 0x01CC, 0x01CC, 0x01CC, 0x01CC, 0x01CC, 0x01CC, 0x01CC, 0x01CC, 0x01CC, 0x01CC, 0x01CC,
  0x01CC, 0x01CC, 0x01CC, 0x01CC, 0x01CC, 0x01CC, 0x01CC, 0x01CC, 0x01CC, 0x01CC, 0x01CC, 0x01CC,
  0x01CC, 0x01CC, 0x01CC, 0x01CC, 0x01CC, 0x01CC, 0x01CC, 0x01CC, 0x01CC, 0x01CC, 0x01CC, 0x01CC,
  0x01CC, 0x01CC, 0x01CC, 0x01CC, 0x01CC, 0x01CC, 0x01CC, 0x01CC, 0x01CC, 0x01CC, 0x01CC, 0x01CC,
  0x01CC, 0x01CC, 0x01CC, 0x01CC, 0x01CC, 0x01CC, 0x01CC, 0x01CC, 0x01CC, 0x01CC, 0x01CC, 0x01CC,
  0x01CC, 0x01CC, 0x01CC, 0x01CC, 0x01CC, 0x01CC, 0x01CC, 0x01CC, 0x01CC, 0x01CC, 0x01EC, 0x124E,
  0x4371, 0x8D37, 0xD6DC, 0xF7BF, 0xFFFF, 0xFFFF, 0xFFFF, 0xFFFF, 0xFFFF, 0xFFFF, 0xFFFF, 0xFFFF,
  0xFFFF, 0xFFFF, 0xFFFF, 0xFFFF, 0xFFFF, 0xFFFF, 0xFFFF, 0xFFFF, 0xFFFF, 0xFFFF, 0xFFFF, 0xFFFF,
  0xFFFF, 0xFFFF, 0xFFFF, 0xFFFF, 0xFFFF, 0xFFFF, 0xFFFF, 0xFFFF, 0xFFFF, 0xFFFF, 0xFFFF, 0xFFFF,
  0xFFFF, 0xFFFF, 0xFFFF, 0xFFFF, 0xFFFF, 0xFFFF, 0xFFFF, 0xFFFF, 0xFFFF, 0xFFFF, 0xFFFF, 0xFFFF,
  0xFFFF, 0xFFFF, 0xFFFF, 0xFFFF, 0xFFFF, 0xFFFF, 0xFFFF, 0xFFFF, 0xFFFF, 0xFFFF, 0xFFFF, 0xFFFF,
  0xFFFF, 0xFFFF, 0xFFFF, 0xFFFF, 0xFFFF, 0xFFFF, 0xFFFF, 0xFFFF, 0xFFFF, 0xFFFF, 0xFFFF, 0xFFFF,
  0xFFFF, 0xFFFF, 0xFFFF, 0xFFFF, 0xFFFF, 0xFFFF, 0xFFFF, 0xFFFF, 0xFFFF, 0xFFFF, 0xFFFF, 0xFFFF,
  0xFFFF, 0xFFFF, 0xFFFF, 0xFFFF, 0xFFFF, 0xFFFF, 0xFFFF, 0xFFFF, 0xFFFF, 0xFFFF, 0xFFFF, 0xFFFF,
  0xFFFF, 0xFFFF, 0xFFFF, 0xFFFF, 0xFFFF, 0xFFFF, 0xFFFF, 0xFFFF, 0xFFFF, 0xFFFF, 0xFFFF, 0xFFFF,
  0xFFFF, 0xFFFF, 0xFFFF, 0xFFFF, 0xFFFF, 0xFFFF, 0xFFFF, 0xFFFF, 0xFFFF, 0xFFFF, 0xFFFF, 0xFFFF,
  0xFFFF, 0xFFFF, 0xFFFF, 0xFFFF, 0xFFFF, 0xFFFF, 0xFFFF, 0xFFFF, 0xFFFF, 0xFFFF, 0xFFFF, 0xFFFF,
  0xFFFF, 0xFFFF, 0xFFFF, 0xFFFF, 0xFFFF, 0xFFFF, 0xFFFF, 0xFFFF, 0xFFFF, 0xFFFF, 0xFFFF, 0xFFFF,
  0xFFFF, 0xFFFF, 0xFFFF, 0xFFFF, 0xFFFF, 0xFFFF, 0xFFFF, 0xFFFF, 0xFFFF, 0xFFFF, 0xFFFF, 0xFFDF,
  0xF7BE, 0xEF7E, 0xE73D, 0xD6FC, 0xC69B, 0xB63A, 0xAE19, 0xA5D8, 0x9577, 0x8516, 0x74B5, 0x6C54,
  0x5C13, 0x53D2, 0x4371, 0x3310, 0x22AF, 0x1A4E, 0x122D, 0x0A0D, 0x09ED, 0x01CC, 0x01CC, 0x0A0D,
  0x22AF, 0x4371, 0x5C13, 0x74B5, 0x8516, 0x9577, 0xA5B8, 0xADF9, 0xBE5A, 0xCEBB, 0xDF1C, 0xE77E,
  0xF7BE, 0xFFDF, 0xFFFF, 0xFFFF, 0xFFFF, 0xFFFF, 0xFFFF, 0xFFFF, 0xFFFF, 0xFFFF, 0xFFFF, 0xFFFF,
  0xFFFF, 0xFFFF, 0xFFFF, 0xFFFF, 0xF7BF, 0xC69B, 0x3B30, 0x0A0D, 0x01CC, 0x01CC, 0x01CC, 0x01CC,
  0x01CC, 0x01CC, 0x01CC, 0x01CC, 0x01CC, 0x01CC, 0x01CC, 0x01CC, 0x01CC, 0x01CC, 0x01CC, 0x01CC,
  0x01CC, 0x01CC, 0x01CC, 0x01CC, 0x01CC, 0x01CC, 0x01CC, 0x01CC, 0x01CC, 0x01CC, 0x01CC, 0x01CC,
  0x01CC, 0x01CC, 0x01CC, 0x01CC, 0x01CC, 0x01CC, 0x01CC, 0x01CC, 0x01CC, 0x01CC, 0x01CC, 0x01CC,
  0x01CC, 0x01CC, 0x01CC, 0x01CC, 0x01CC, 0x01CC, 0x01CC, 0x01CC, 0x01CC, 0x01CC, 0x01CC, 0x01CC,
  0x01CC, 0x01CC, 0x01CC, 0x01CC, 0x01CC, 0x01CC, 0x01CC, 0x01CC, 0x01CC, 0x01CC, 0x01CC, 0x01CC,
  0x01CC, 0x01CC, 0x01CC, 0x01CC, 0x01CC, 0x01CC, 0x01CC, 0x01CC, 0x01CC, 0x01CC, 0x01CC, 0x01CC,
  0x01CC, 0x01CC, 0x01CC, 0x01CC, 0x01CC, 0x01CC, 0x01CC, 0x01CC, 0x01CC, 0x01CC, 0x01CC, 0x01CC,
  0x01CC, 0x01CC, 0x01CC, 0x01CC, 0x01CC, 0x01CC, 0x01CC, 0x01CC, 0x01CC, 0x01CC, 0x01CC, 0x01CC,
  0x01CC, 0x01CC, 0x01CC, 0x01CC, 0x01CC, 0x01CC, 0x01CC, 0x01CC, 0x01CC, 0x01CC, 0x01CC, 0x01CC,
  0x01CC, 0x01CC, 0x01CC, 0x01CC, 0x01CC, 0x01CC, 0x01CC, 0x01CC, 0x01CC, 0x01CC, 0x01CC, 0x01CC,
  0x01CC, 0x01CC, 0x01CC, 0x01CC, 0x01CC, 0x01CC, 0x01CC, 0x01CC, 0x01CC, 0x01CC, 0x01CC, 0x01CC,
  0x01CC, 0x01CC, 0x01CC, 0x01CC, 0x01CC, 0x01CC, 0x01CC, 0x01CC, 0x01CC, 0x01CC, 0x01CC, 0x01CC,
  0x01CC, 0x01CC, 0x01CC, 0x01CC, 0x01CC, 0x01CC, 0x01CC, 0x01CC, 0x01CC, 0x01CC, 0x01CC, 0x01CC,
  0x01CC, 0x01CC, 0x01CC, 0x01CC, 0x01CC, 0x01CC, 0x01CC, 0x01CC, 0x01CC, 0x01CC, 0x01CC, 0x01CC,
  0x01CC, 0x01CC, 0x01CC, 0x01CC, 0x01CC, 0x01CC, 0x01CC, 0x01CC, 0x01CC, 0x01CC, 0x01CC, 0x01CC,
  0x01CC, 0x01CC, 0x01CC, 0x01CC, 0x01CC, 0x01CC, 0x01CC, 0x01CC, 0x01CC, 0x01CC, 0x01CC, 0x01CC,
  0x01CC, 0x01CC, 0x01CC, 0x01CC, 0x01CC, 0x01CC, 0x01CC, 0x01CC, 0x01CC, 0x01CC, 0x01CC, 0x01CC,
  0x01CC, 0x01CC, 0x01CC, 0x01CC, 0x01CC, 0x01CC, 0x01CC, 0x01CC, 0x01CC, 0x01CC, 0x01CC, 0x01CC,
  0x01CC, 0x01CC, 0x01CC, 0x01CC, 0x01CC, 0x01CC, 0x01CC, 0x01CC, 0x01CC, 0x01CC, 0x01CC, 0x01CC,
  0x01CC, 0x01CC, 0x01CC, 0x01CC, 0x01CC, 0x01CC, 0x01CC, 0x01CC, 0x01CC, 0x01CC, 0x01CC, 0x01CC,
  0x01CC, 0x01CC, 0x01CC, 0x01CC, 0x01CC, 0x01CC, 0x01CC, 0x01CC, 0x01CC, 0x01CC, 0x01CC, 0x01CC,
  0x01CC, 0x01CC, 0x01CC, 0x01CC, 0x01CC, 0x01CC, 0x01CC, 0x01CC, 0x01CC, 0x01CC, 0x122D, 0x3B31,
  0xA5B8, 0xDF1D, 0xFFFF, 0xFFFF, 0xFFFF, 0xFFFF, 0xFFFF, 0xFFFF, 0xFFFF, 0xFFFF, 0xFFFF, 0xFFFF,
  0xFFFF, 0xFFFF, 0xFFFF, 0xFFFF, 0xFFFF, 0xFFFF, 0xFFFF, 0xFFFF, 0xFFFF, 0xFFFF, 0xFFFF, 0xFFFF,
  0xFFFF, 0xFFFF, 0xFFFF, 0xFFFF, 0xFFFF, 0xFFFF, 0xFFFF, 0xFFFF, 0xFFFF, 0xFFFF, 0xFFFF, 0xFFFF,
  0xFFFF, 0xFFFF, 0xFFFF, 0xFFFF, 0xFFFF, 0xFFFF, 0xFFFF, 0xFFFF, 0xFFFF, 0xFFFF, 0xFFFF, 0xFFFF,
  0xFFFF, 0xFFFF, 0xFFFF, 0xFFFF, 0xFFFF, 0xFFFF, 0xFFFF, 0xFFFF, 0xFFFF, 0xFFFF, 0xFFFF, 0xFFFF,
  0xFFFF, 0xFFFF, 0xFFFF, 0xFFFF, 0xFFFF, 0xFFFF, 0xFFFF, 0xFFFF, 0xFFFF, 0xFFFF, 0xFFFF, 0xFFFF,
  0xFFFF, 0xFFFF, 0xFFFF, 0xFFFF, 0xFFFF, 0xFFFF, 0xFFFF, 0xFFFF, 0xFFFF, 0xFFFF, 0xFFFF, 0xFFFF,
  0xFFFF, 0xFFFF, 0xFFFF, 0xFFFF, 0xFFFF, 0xFFFF, 0xFFFF, 0xFFFF, 0xFFFF, 0xFFFF, 0xFFFF, 0xFFFF,
  0xFFFF, 0xFFFF, 0xFFFF, 0xFFFF, 0xFFFF, 0xFFFF, 0xFFFF, 0xFFFF, 0xFFFF, 0xFFFF, 0xFFFF, 0xFFFF,
  0xFFFF, 0xFFFF, 0xFFFF, 0xFFFF, 0xFFFF, 0xFFFF, 0xFFFF, 0xFFFF, 0xFFFF, 0xFFFF, 0xFFFF, 0xFFFF,
  0xFFFF, 0xFFFF, 0xFFFF, 0xFFFF, 0xFFFF, 0xFFFF, 0xFFFF, 0xFFFF, 0xFFFF, 0xFFFF, 0xFFFF, 0xFFFF,
  0xFFFF, 0xFFFF, 0xFFFF, 0xFFFF, 0xFFFF, 0xFFFF, 0xFFFF, 0xFFFF, 0xFFFF, 0xFFFF, 0xFFFF, 0xFFFF,
  0xFFFF, 0xFFFF, 0xFFFF, 0xFFFF, 0xFFFF, 0xFFFF, 0xFFFF, 0xFFDF, 0xF7DF, 0xF7BE, 0xEF9E, 0xE75D,
  0xD6DC, 0xBE7A, 0xADD9, 0x8D16, 0x6C54, 0x4B92, 0x3B30, 0x2ACF, 0x1A4E, 0x01ED, 0x01CC, 0x01CC,
  0x01CC, 0x01CC, 0x01CC, 0x01CC, 0x01CC, 0x01CC, 0x01CC, 0x01CC, 0x01CC, 0x01CC, 0x09ED, 0x228F,
  0x6C54, 0xADD9, 0xDF1D, 0xF7BF, 0xFFFF, 0xFFFF, 0xFFFF, 0xFFFF, 0xFFFF, 0xFFFF, 0xFFFF, 0xFFFF,
  0xFFFF, 0xFFFF, 0xFFFF, 0xFFFF, 0xFFFF, 0xFFFF, 0xFFFF, 0xFFFF, 0xFFFF, 0xFFFF, 0xFFFF, 0xFFFF,
  0xFFFF, 0xFFFF, 0xFFFF, 0xFFFF, 0xE77E, 0xADF9, 0x22AF, 0x01CC, 0x01CC, 0x01CC, 0x01CC, 0x01CC,
  0x01CC, 0x01CC, 0x01CC, 0x01CC, 0x01CC, 0x01CC, 0x01CC, 0x01CC, 0x01CC, 0x01CC, 0x01CC, 0x01CC,
  0x01CC, 0x01CC, 0x01CC, 0x01CC, 0x01CC, 0x01CC, 0x01CC, 0x01CC, 0x01CC, 0x01CC, 0x01CC, 0x01CC,
  0x01CC, 0x01CC, 0x01CC, 0x01CC, 0x01CC, 0x01CC, 0x01CC, 0x01CC, 0x01CC, 0x01CC, 0x01CC, 0x01CC,
  0x01CC, 0x01CC, 0x01CC, 0x01CC, 0x01CC, 0x01CC, 0x01CC, 0x01CC, 0x01CC, 0x01CC, 0x01CC, 0x01CC,
  0x01CC, 0x01CC, 0x01CC, 0x01CC, 0x01CC, 0x01CC, 0x01CC, 0x01CC, 0x01CC, 0x01CC, 0x01CC, 0x01CC,
  0x01CC, 0x01CC, 0x01CC, 0x01CC, 0x01CC, 0x01CC, 0x01CC, 0x01CC, 0x01CC, 0x01CC, 0x01CC, 0x01CC,
  0x01CC, 0x01CC, 0x01CC, 0x01CC, 0x01CC, 0x01CC, 0x01CC, 0x01CC, 0x01CC, 0x01CC, 0x01CC, 0x01CC,
  0x01CC, 0x01CC, 0x01CC, 0x01CC, 0x01CC, 0x01CC, 0x01CC, 0x01CC, 0x01CC, 0x01CC, 0x01CC, 0x01CC,
  0x01CC, 0x01CC, 0x01CC, 0x01CC, 0x01CC, 0x01CC, 0x01CC, 0x01CC, 0x01CC, 0x01CC, 0x01CC, 0x01CC,
  0x01CC, 0x01CC, 0x01CC, 0x01CC, 0x01CC, 0x01CC, 0x01CC, 0x01CC, 0x01CC, 0x01CC, 0x01CC, 0x01CC,
  0x01CC, 0x01CC, 0x01CC, 0x01CC, 0x01CC, 0x01CC, 0x01CC, 0x01CC, 0x01CC, 0x01CC, 0x01CC, 0x01CC,
  0x01CC, 0x01CC, 0x01CC, 0x01CC, 0x01CC, 0x01CC, 0x01CC, 0x01CC, 0x01CC, 0x01CC, 0x01CC, 0x01CC,
  0x01CC, 0x01CC, 0x01CC, 0x01CC, 0x01CC, 0x01CC, 0x01CC, 0x01CC, 0x01CC, 0x01CC, 0x01CC, 0x01CC,
  0x01CC, 0x01CC, 0x01CC, 0x01CC, 0x01CC, 0x01CC, 0x01CC, 0x01CC, 0x01CC, 0x01CC, 0x01CC, 0x01CC,
  0x01CC, 0x01CC, 0x01CC, 0x01CC, 0x01CC, 0x01CC, 0x01CC, 0x01CC, 0x01CC, 0x01CC, 0x01CC, 0x01CC,
  0x01CC, 0x01CC, 0x01CC, 0x01CC, 0x01CC, 0x01CC, 0x01CC, 0x01CC, 0x01CC, 0x01CC, 0x01CC, 0x01CC,
  0x01CC, 0x01CC, 0x01CC, 0x01CC, 0x01CC, 0x01CC, 0x01CC, 0x01CC, 0x01CC, 0x01CC, 0x01CC, 0x01CC,
  0x01CC, 0x01CC, 0x01CC, 0x01CC, 0x01CC, 0x01CC, 0x01CC, 0x01CC, 0x01CC, 0x01CC, 0x01CC, 0x01CC,
  0x01CC, 0x01CC, 0x01CC, 0x01CC, 0x01CC, 0x01CC, 0x01CC, 0x01CC, 0x01CC, 0x01CC, 0x01CC, 0x01CC,
  0x01CC, 0x01CC, 0x01CC, 0x01CC, 0x01CC, 0x01CC, 0x01CC, 0x01CC, 0x01CC, 0x01CC, 0x01CC, 0x01CC,
  0x01CC, 0x01CC, 0x01CC, 0x01CC, 0x01CC, 0x01CC, 0x01CC, 0x01CC, 0x01CC, 0x01CC, 0x01CC, 0x01CC,
  0x01CC, 0x01CC, 0x01CC, 0x01CC, 0x01CC, 0x01CC, 0x01CC, 0x01CC, 0x01CC, 0x0A0D, 0x53D2, 0xA5D8,
  0xDF1D, 0xF7BF, 0xFFFF, 0xFFFF, 0xFFFF, 0xFFFF, 0xFFFF, 0xFFFF, 0xFFFF, 0xFFFF, 0xFFFF, 0xFFFF,
  0xFFFF, 0xFFFF, 0xFFFF, 0xFFFF, 0xFFFF, 0xFFFF, 0xFFFF, 0xFFFF, 0xFFFF, 0xFFFF, 0xFFFF, 0xFFFF,
  0xFFFF, 0xFFFF, 0xFFFF, 0xFFFF, 0xFFFF, 0xFFFF, 0xFFFF, 0xFFFF, 0xFFFF, 0xFFFF, 0xFFFF, 0xFFFF,
  0xFFFF, 0xFFFF, 0xFFFF, 0xFFFF, 0xFFFF, 0xFFFF, 0xFFFF, 0xFFFF, 0xFFFF, 0xFFFF, 0xFFFF, 0xFFFF,
  0xFFFF, 0xFFFF, 0xFFFF, 0xFFFF, 0xFFFF, 0xFFFF, 0xFFFF, 0xFFFF, 0xFFFF, 0xFFFF, 0xFFFF, 0xFFFF,
  0xFFFF, 0xFFFF, 0xFFFF, 0xFFFF, 0xFFFF, 0xFFFF, 0xFFFF, 0xFFFF, 0xFFFF, 0xFFFF, 0xFFFF, 0xFFFF,
  0xFFFF, 0xFFFF, 0xFFFF, 0xFFFF, 0xFFFF, 0xFFFF, 0xFFFF, 0xFFFF, 0xFFFF, 0xFFFF, 0xFFFF, 0xFFFF,
  0xFFFF, 0xFFFF, 0xFFFF, 0xFFFF, 0xFFFF, 0xFFFF, 0xFFFF, 0xFFFF, 0xFFFF, 0xFFFF, 0xFFFF, 0xFFFF,
  0xFFFF, 0xFFFF, 0xFFFF, 0xFFFF, 0xFFFF, 0xFFFF, 0xFFFF, 0xFFFF, 0xFFFF, 0xFFFF, 0xFFFF, 0xFFFF,
  0xFFFF, 0xFFFF, 0xFFFF, 0xFFFF, 0xFFFF, 0xFFFF, 0xFFFF, 0xFFFF, 0xFFFF, 0xFFFF, 0xFFFF, 0xFFFF,
  0xFFFF, 0xFFFF, 0xFFFF, 0xFFFF, 0xFFFF, 0xFFFF, 0xFFFF, 0xFFFF, 0xFFFF, 0xFFFF, 0xFFFF, 0xFFFF,
  0xFFFF, 0xFFFF, 0xFFFF, 0xFFFF, 0xFFFF, 0xFFFF, 0xFFFF, 0xFFFF, 0xFFFF, 0xFFFF, 0xFFFF, 0xFFFF,
  0xFFFF, 0xFFFF, 0xFFFF, 0xFFFF, 0xFFFF, 0xF7BE, 0xE73D, 0xC69B, 0xA5B8, 0x7CD6, 0x6454, 0x53D2,
  0x4371, 0x3B30, 0x32F0, 0x2ACF, 0x1A8E, 0x124E, 0x122D, 0x0A0D, 0x01ED, 0x01CC, 0x01CC, 0x01CC,
  0x01CC, 0x01CC, 0x01CC, 0x01CC, 0x01CC, 0x01CC, 0x01CC, 0x01CC, 0x01CC, 0x01CC, 0x3310, 0x74B5,
  0xC69B, 0xE75D, 0xF7BF, 0xFFFF, 0xFFFF, 0xFFFF, 0xFFFF, 0xFFFF, 0xFFFF, 0xFFFF, 0xFFFF, 0xFFFF,
  0xFFFF, 0xFFFF, 0xFFFF, 0xFFFF, 0xFFFF, 0xFFFF, 0xFFFF, 0xFFFF, 0xFFFF, 0xFFFF, 0xFFFF, 0xFFFF,
  0xFFFF, 0xFFFF, 0xFFFF, 0xFFFF, 0xCEDC, 0x84F6, 0x1A6E, 0x01CC, 0x01CC, 0x01CC, 0x01CC, 0x01CC,
  0x01CC, 0x01CC, 0x01CC, 0x01CC, 0x01CC, 0x01CC, 0x01CC, 0x01CC, 0x01CC, 0x01CC, 0x01CC, 0x01CC,
  0x01CC, 0x01CC, 0x01CC, 0x01CC, 0x01CC, 0x01CC, 0x01CC, 0x01CC, 0x01CC, 0x01CC, 0x01CC, 0x01CC,
  0x01CC, 0x01CC, 0x01CC, 0x01CC, 0x01CC, 0x01CC, 0x01CC, 0x01CC, 0x01CC, 0x01CC, 0x01CC, 0x01CC,
  0x01CC, 0x01CC, 0x01CC, 0x01CC, 0x01CC, 0x01CC, 0x01CC, 0x01CC, 0x01CC, 0x01CC, 0x01CC, 0x01CC,
  0x01CC, 0x01CC, 0x01CC, 0x01CC, 0x01CC, 0x01CC, 0x01CC, 0x01CC, 0x01CC, 0x01CC, 0x01CC, 0x01CC,
  0x01CC, 0x01CC, 0x01CC, 0x01CC, 0x01CC, 0x01CC, 0x01CC, 0x01CC, 0x01CC, 0x01CC, 0x01CC, 0x01CC,
  0x01CC, 0x01CC, 0x01CC, 0x01CC, 0x01CC, 0x01CC, 0x01CC, 0x01CC, 0x01CC, 0x01CC, 0x01CC, 0x01CC,
  0x01CC, 0x01CC, 0x01CC, 0x01CC, 0x01CC, 0x01CC, 0x01CC, 0x01CC, 0x01CC, 0x01CC, 0x01CC, 0x01CC,
  0x01CC, 0x01CC, 0x01CC, 0x01CC, 0x01CC, 0x01CC, 0x01CC, 0x01CC, 0x01CC, 0x01CC, 0x01CC, 0x01CC,
  0x01CC, 0x01CC, 0x01CC, 0x01CC, 0x01CC, 0x01CC, 0x01CC, 0x01CC, 0x01CC, 0x01CC, 0x01CC, 0x01CC,
  0x01CC, 0x01CC, 0x01CC, 0x01CC, 0x01CC, 0x01CC, 0x01CC, 0x01CC, 0x01CC, 0x01CC, 0x01CC, 0x01CC,
  0x01CC, 0x01CC, 0x01CC, 0x01CC, 0x01CC, 0x01CC, 0x01CC, 0x01CC, 0x01CC, 0x01CC, 0x01CC, 0x01CC,
  0x01CC, 0x01CC, 0x01CC, 0x01CC, 0x01CC, 0x01CC, 0x01CC, 0x01CC, 0x01CC, 0x01CC, 0x01CC, 0x01CC,
  0x01CC, 0x01CC, 0x01CC, 0x01CC, 0x01CC, 0x01CC, 0x01CC, 0x01CC, 0x01CC, 0x01CC, 0x01CC, 0x01CC,
  0x01CC, 0x01CC, 0x01CC, 0x01CC, 0x01CC, 0x01CC, 0x01CC, 0x01CC, 0x01CC, 0x01CC, 0x01CC, 0x01CC,
  0x01CC, 0x01CC, 0x01CC, 0x01CC, 0x01CC, 0x01CC, 0x01CC, 0x01CC, 0x01CC, 0x01CC, 0x01CC, 0x01CC,
  0x01CC, 0x01CC, 0x01CC, 0x01CC, 0x01CC, 0x01CC, 0x01CC, 0x01CC, 0x01CC, 0x01CC, 0x01CC, 0x01CC,
  0x01CC, 0x01CC, 0x01CC, 0x01CC, 0x01CC, 0x01CC, 0x01CC, 0x01CC, 0x01CC, 0x01CC, 0x01CC, 0x01CC,
  0x01CC, 0x01CC, 0x01CC, 0x01CC, 0x01CC, 0x01CC, 0x01CC, 0x01CC, 0x01CC, 0x01CC, 0x01CC, 0x01CC,
  0x01CC, 0x01CC, 0x01CC, 0x01CC, 0x01CC, 0x01CC, 0x01CC, 0x01CC, 0x01CC, 0x01CC, 0x01CC, 0x01CC,
  0x01CC, 0x01CC, 0x01CC, 0x01CC, 0x01CC, 0x01CC, 0x01CC, 0x01CC, 0x01CC, 0x01CC, 0x01CC, 0x01CC,
  0x01CC, 0x01CC, 0x01CC, 0x01CC, 0x01CC, 0x01CC, 0x01CC, 0x01EC, 0x124E, 0x4B92, 0x9D98, 0xE75D,
  0xFFDF, 0xFFFF, 0xFFFF, 0xFFFF, 0xFFFF, 0xFFFF, 0xFFFF, 0xFFFF, 0xFFFF, 0xFFFF, 0xFFFF, 0xFFFF,
  0xFFFF, 0xFFFF, 0xFFFF, 0xFFFF, 0xFFFF, 0xFFFF, 0xFFFF, 0xFFFF, 0xFFFF, 0xFFFF, 0xFFFF, 0xFFFF,
  0xFFFF, 0xFFFF, 0xFFFF, 0xFFFF, 0xFFFF, 0xFFFF, 0xFFFF, 0xFFFF, 0xFFFF, 0xFFFF, 0xFFFF, 0xFFFF,
  0xFFFF, 0xFFDF, 0xEF9E, 0xE75D, 0xDF1D, 0xCEDC, 0xC69B, 0xBE5A, 0xB63A, 0xB63A, 0xB61A, 0xB61A,
  0xB61A, 0xBE5A, 0xC67B, 0xCEBB, 0xD6FC, 0xDF3D, 0xE77E, 0xF7BE, 0xFFDF, 0xFFFF, 0xFFFF, 0xFFFF,
  0xFFFF, 0xFFFF, 0xFFFF, 0xFFFF, 0xFFFF, 0xFFFF, 0xFFFF, 0xFFFF, 0xFFFF, 0xFFFF, 0xFFFF, 0xFFFF,
  0xFFFF, 0xFFFF, 0xFFFF, 0xFFFF, 0xFFFF, 0xFFFF, 0xFFFF, 0xFFFF, 0xFFFF, 0xFFFF, 0xFFFF, 0xFFFF,
  0xFFFF, 0xFFFF, 0xFFFF, 0xFFFF, 0xFFFF, 0xFFFF, 0xFFFF, 0xFFFF, 0xFFFF, 0xFFFF, 0xFFFF, 0xFFFF,
  0xFFFF, 0xFFFF, 0xFFFF, 0xFFFF, 0xFFFF, 0xFFFF, 0xFFFF, 0xFFFF, 0xFFFF, 0xFFFF, 0xFFFF, 0xFFFF,
  0xFFFF, 0xFFFF, 0xFFFF, 0xFFFF, 0xFFFF, 0xFFFF, 0xFFFF, 0xFFFF, 0xFFFF, 0xFFFF, 0xFFFF, 0xFFFF,
  0xFFFF, 0xFFFF, 0xFFFF, 0xFFFF, 0xFFFF, 0xFFFF, 0xFFFF, 0xFFFF, 0xFFFF, 0xFFFF, 0xFFFF, 0xFFFF,
  0xFFFF, 0xFFFF, 0xFFFF, 0xFFFF, 0xFFFF, 0xFFFF, 0xFFFF, 0xFFFF, 0xFFFF, 0xFFFF, 0xFFFF, 0xFFFF,
  0xF7BF, 0xE77E, 0xD6FC, 0xC67B, 0xADF9, 0x9D98, 0x84F6, 0x6C54, 0x4BB2, 0x32F0, 0x1A6E, 0x0A2D,
  0x01ED, 0x01CC, 0x01CC, 0x01CC, 0x01CC, 0x01CC, 0x01CC, 0x01CC, 0x01CC, 0x01CC, 0x01CC, 0x01CC,
  0x01CC, 0x01CC, 0x01CC, 0x01CC, 0x01CC, 0x01CC, 0x01CC, 0x01CC, 0x01EC, 0x122D, 0x6433, 0xBE7A,
  0xF7BE, 0xFFFF, 0xFFFF, 0xFFFF, 0xFFFF, 0xFFFF, 0xFFFF, 0xFFFF, 0xFFFF, 0xFFFF, 0xFFFF, 0xFFFF,
  0xFFFF, 0xFFFF, 0xFFFF, 0xFFFF, 0xFFFF, 0xFFFF, 0xFFFF, 0xFFFF, 0xFFFF, 0xFFFF, 0xFFFF, 0xFFFF,
  0xFFFF, 0xFFFF, 0xFFFF, 0xFFFF, 0xB63A, 0x5BF3, 0x122D, 0x01CC, 0x01CC, 0x01CC, 0x01CC, 0x01CC,
  0x01CC, 0x01CC, 0x01CC, 0x01CC, 0x01CC, 0x01CC, 0x01CC, 0x01CC, 0x01CC, 0x01CC, 0x01CC, 0x01CC,
  0x01CC, 0x01CC, 0x01CC, 0x01CC, 0x01CC, 0x01CC, 0x01CC, 0x01CC, 0x01CC, 0x01CC, 0x01CC, 0x01CC,
  0x01CC, 0x01CC, 0x01CC, 0x01CC, 0x01CC, 0x01CC, 0x01CC, 0x01CC, 0x01CC, 0x01CC, 0x01CC, 0x01CC,
  0x01CC, 0x01CC, 0x01CC, 0x01CC, 0x01CC, 0x01CC, 0x01CC, 0x01CC, 0x01CC, 0x01CC, 0x01CC, 0x01CC,
  0x01CC, 0x01CC, 0x01CC, 0x01CC, 0x01CC, 0x01CC, 0x01CC, 0x01CC, 0x01CC, 0x01CC, 0x01CC, 0x01CC,
  0x01CC, 0x01CC, 0x01CC, 0x01CC, 0x01CC, 0x01CC, 0x01CC, 0x01CC, 0x01CC, 0x01CC, 0x01CC, 0x01CC,
  0x01CC, 0x01CC, 0x01CC, 0x01CC, 0x01CC, 0x01CC, 0x01CC, 0x01CC, 0x01CC, 0x01CC, 0x01CC, 0x01CC,
  0x01CC, 0x01CC, 0x01CC, 0x01CC, 0x01CC, 0x01CC, 0x01CC, 0x01CC, 0x01CC, 0x01CC, 0x01CC, 0x01CC,
  0x01CC, 0x01CC, 0x01CC, 0x01CC, 0x01CC, 0x01CC, 0x01CC, 0x01CC, 0x01CC, 0x01CC, 0x01CC, 0x01CC,
  0x01CC, 0x01CC, 0x01CC, 0x01CC, 0x01CC, 0x01CC, 0x01CC, 0x01CC, 0x01CC, 0x01CC, 0x01CC, 0x01CC,
  0x01CC, 0x01CC, 0x01CC, 0x01CC, 0x01CC, 0x01CC, 0x01CC, 0x01CC, 0x01CC, 0x01CC, 0x01CC, 0x01CC,
  0x01CC, 0x01CC, 0x01CC, 0x01CC, 0x01CC, 0x01CC, 0x01CC, 0x01CC, 0x01CC, 0x01CC, 0x01CC, 0x01CC,
  0x01CC, 0x01CC, 0x01CC, 0x01CC, 0x01CC, 0x01CC, 0x01CC, 0x01CC, 0x01CC, 0x01CC, 0x01CC, 0x01CC,
  0x01CC, 0x01CC, 0x01CC, 0x01CC, 0x01CC, 0x01CC, 0x01CC, 0x01CC, 0x01CC, 0x01CC, 0x01CC, 0x01CC,
  0x01CC, 0x01CC, 0x01CC, 0x01CC, 0x01CC, 0x01CC, 0x01CC, 0x01CC, 0x01CC, 0x01CC, 0x01CC, 0x01CC,
  0x01CC, 0x01CC, 0x01CC, 0x01CC, 0x01CC, 0x01CC, 0x01CC, 0x01CC, 0x01CC, 0x01CC, 0x01CC, 0x01CC,
  0x01CC, 0x01CC, 0x01CC, 0x01CC, 0x01CC, 0x01CC, 0x01CC, 0x01CC, 0x01CC, 0x01CC, 0x01CC, 0x01CC,
  0x01CC, 0x01CC, 0x01CC, 0x01CC, 0x01CC, 0x01CC, 0x01CC, 0x01CC, 0x01CC, 0x01CC, 0x01CC, 0x01CC,
  0x01CC, 0x01CC, 0x01CC, 0x01CC, 0x01CC, 0x01CC, 0x01CC, 0x01CC, 0x01CC, 0x01CC, 0x01CC, 0x01CC,
  0x01CC, 0x01CC, 0x01CC, 0x01CC, 0x01CC, 0x01CC, 0x01CC, 0x01CC, 0x01CC, 0x01CC, 0x01CC, 0x01CC,
  0x01CC, 0x01CC, 0x01CC, 0x01CC, 0x01CC, 0x01CC, 0x01CC, 0x01CC, 0x01CC, 0x01CC, 0x01CC, 0x01CC,
  0x01CC, 0x01CC, 0x01CC, 0x01CC, 0x01CC, 0x01CC, 0x01CC, 0x122D, 0x3B31, 0xADF9, 0xE75D, 0xFFFF,
  0xFFFF, 0xFFFF, 0xFFFF, 0xFFFF, 0xFFFF, 0xFFFF, 0xFFFF, 0xFFFF, 0xFFFF, 0xFFFF, 0xFFFF, 0xFFFF,
  0xFFFF, 0xFFFF, 0xFFFF, 0xFFFF, 0xFFFF, 0xFFFF, 0xFFFF, 0xFFFF, 0xFFFF, 0xFFFF, 0xFFFF, 0xFFFF,
  0xFFFF, 0xFFFF, 0xFFFF, 0xFFFF, 0xFFFF, 0xFFFF, 0xFFFF, 0xFFFF, 0xFFFF, 0xFFFF, 0xFFDF, 0xF7DF,
  0xF7BE, 0xE73D, 0xCEBB, 0xB63A, 0x9D98, 0x7CD6, 0x6434, 0x53D2, 0x4371, 0x4351, 0x3B51, 0x3B51,
  0x4351, 0x4BB2, 0x5C13, 0x74B5, 0x8D57, 0xA5D9, 0xBE5A, 0xD6DC, 0xE75D, 0xEF9E, 0xF7BE, 0xF7BF,
  0xFFDF, 0xFFFF, 0xFFFF, 0xFFFF, 0xFFFF, 0xFFFF, 0xFFFF, 0xFFFF, 0xFFFF, 0xFFFF, 0xFFFF, 0xFFFF,
  0xFFFF, 0xFFFF, 0xFFFF, 0xFFFF, 0xFFFF, 0xFFFF, 0xFFFF, 0xFFFF, 0xFFFF, 0xFFFF, 0xFFFF, 0xFFFF,
  0xFFFF, 0xFFFF, 0xFFFF, 0xFFFF, 0xFFFF, 0xFFFF, 0xFFFF, 0xFFFF, 0xFFFF, 0xFFFF, 0xFFFF, 0xFFFF,
  0xFFFF, 0xFFFF, 0xFFFF, 0xFFFF, 0xFFFF, 0xFFFF, 0xFFFF, 0xFFFF, 0xFFFF, 0xFFFF, 0xFFFF, 0xFFFF,
  0xFFFF, 0xFFFF, 0xFFFF, 0xFFFF, 0xFFFF, 0xFFFF, 0xFFFF, 0xFFFF, 0xFFFF, 0xFFFF, 0xFFFF, 0xFFFF,
  0xFFFF, 0xFFFF, 0xFFFF, 0xFFFF, 0xFFFF, 0xFFFF, 0xFFFF, 0xFFFF, 0xFFFF, 0xFFFF, 0xFFFF, 0xFFFF,
  0xFFFF, 0xFFFF, 0xFFFF, 0xFFFF, 0xFFFF, 0xFFFF, 0xFFFF, 0xFFFF, 0xFFFF, 0xFFDF, 0xF7DF, 0xEF9E,
  0xDF1D, 0xBE5A, 0x8D37, 0x5BF3, 0x3310, 0x124E, 0x09ED, 0x01CC, 0x01CC, 0x01CC, 0x01CC, 0x01CC,
  0x01CC, 0x01CC, 0x01CC, 0x01CC, 0x01CC, 0x01CC, 0x01CC, 0x01CC, 0x01CC, 0x01CC, 0x01CC, 0x01CC,
  0x01CC, 0x01CC, 0x01CC, 0x01CC, 0x01CC, 0x01CC, 0x01CC, 0x01CC, 0x0A0D, 0x2ACF, 0x9577, 0xF7DF,
  0xFFFF, 0xFFFF, 0xFFFF, 0xFFFF, 0xFFFF, 0xFFFF, 0xFFFF, 0xFFFF, 0xFFFF, 0xFFFF, 0xFFFF, 0xFFFF,
  0xFFFF, 0xFFFF, 0xFFFF, 0xFFFF, 0xFFFF, 0xFFFF, 0xFFFF, 0xFFFF, 0xFFFF, 0xFFFF, 0xFFFF, 0xFFFF,
  0xFFFF, 0xFFFF, 0xFFFF, 0xFFFF, 0x9D78, 0x2AEF, 0x0A0D, 0x01CC, 0x01CC, 0x01CC, 0x01CC, 0x01CC,
  0x01CC, 0x01CC, 0x01CC, 0x01CC, 0x01CC, 0x01CC, 0x01CC, 0x01CC, 0x01CC, 0x01CC, 0x01CC, 0x01CC,
  0x01CC, 0x01CC, 0x01CC, 0x01CC, 0x01CC, 0x01CC, 0x01CC, 0x01CC, 0x01CC, 0x01CC, 0x01CC, 0x01CC,
  0x01CC, 0x01CC, 0x01CC, 0x01CC, 0x01CC, 0x01CC, 0x01CC, 0x01CC, 0x01CC, 0x01CC, 0x01CC, 0x01CC,
  0x01CC, 0x01CC, 0x01CC, 0x01CC, 0x01CC, 0x01CC, 0x01CC, 0x01CC, 0x01CC, 0x01CC, 0x01CC, 0x01CC,
  0x01CC, 0x01CC, 0x01CC, 0x01CC, 0x01CC, 0x01CC, 0x01CC, 0x01CC, 0x01CC, 0x01CC, 0x01CC, 0x01CC,
  0x01CC, 0x01CC, 0x01CC, 0x01CC, 0x01CC, 0x01CC, 0x01CC, 0x01CC, 0x01CC, 0x01CC, 0x01CC, 0x01CC,
  0x01CC, 0x01CC, 0x01CC, 0x01CC, 0x01CC, 0x01CC, 0x01CC, 0x01CC, 0x01CC, 0x01CC, 0x01CC, 0x01CC,
  0x01CC, 0x01CC, 0x01CC, 0x01CC, 0x01CC, 0x01CC, 0x01CC, 0x01CC, 0x01CC, 0x01CC, 0x01CC, 0x01CC,
  0x01CC, 0x01CC, 0x01CC, 0x01CC, 0x01CC, 0x01CC, 0x01CC, 0x01CC, 0x01CC, 0x01CC, 0x01CC, 0x01CC,
  0x01CC, 0x01CC, 0x01CC, 0x01CC, 0x01CC, 0x01CC, 0x01CC, 0x01CC, 0x01CC, 0x01CC, 0x01CC, 0x01CC,
  0x01CC, 0x01CC, 0x01CC, 0x01CC, 0x01CC, 0x01CC, 0x01CC, 0x01CC, 0x01CC, 0x01CC, 0x01CC, 0x01CC,
  0x01CC, 0x01CC, 0x01CC, 0x01CC, 0x01CC, 0x01CC, 0x01CC, 0x01CC, 0x01CC, 0x01CC, 0x01CC, 0x01CC,
  0x01CC, 0x01CC, 0x01CC, 0x01CC, 0x01CC, 0x01CC, 0x01CC, 0x01CC, 0x01CC, 0x01CC, 0x01CC, 0x01CC,
  0x01CC, 0x01CC, 0x01CC, 0x01CC, 0x01CC, 0x01CC, 0x01CC, 0x01CC, 0x01CC, 0x01CC, 0x01CC, 0x01CC,
  0x01CC, 0x01CC, 0x01CC, 0x01CC, 0x01CC, 0x01CC, 0x01CC, 0x01CC, 0x01CC, 0x01CC, 0x01CC, 0x01CC,
  0x01CC, 0x01CC, 0x01CC, 0x01CC, 0x01CC, 0x01CC, 0x01CC, 0x01CC, 0x01CC, 0x01CC, 0x01CC, 0x01CC,
  0x01CC, 0x01CC, 0x01CC, 0x01CC, 0x01CC, 0x01CC, 0x01CC, 0x01CC, 0x01CC, 0x01CC, 0x01CC, 0x01CC,
  0x01CC, 0x01CC, 0x01CC, 0x01CC, 0x01CC, 0x01CC, 0x01CC, 0x01CC, 0x01CC, 0x01CC, 0x01CC, 0x01CC,
  0x01CC, 0x01CC, 0x01CC, 0x01CC, 0x01CC, 0x01CC, 0x01CC, 0x01CC, 0x01CC, 0x01CC, 0x01CC, 0x01CC,
  0x01CC, 0x01CC, 0x01CC, 0x01CC, 0x01CC, 0x01CC, 0x01CC, 0x01CC, 0x01CC, 0x01CC, 0x01CC, 0x01CC,
  0x01CC, 0x01CC, 0x01CC, 0x01CC, 0x01CC, 0x01CC, 0x01CC, 0x01CC, 0x01CC, 0x01CC, 0x01CC, 0x01CC,
  0x01CC, 0x01CC, 0x01CC, 0x01CC, 0x01CC, 0x01CC, 0x01EC, 0x4391, 0x9D78, 0xDF3D, 0xF7DF, 0xFFFF,
  0xFFFF, 0xFFFF, 0xFFFF, 0xFFFF, 0xFFFF, 0xFFFF, 0xFFFF, 0xFFFF, 0xFFFF, 0xFFFF, 0xFFFF, 0xFFFF,
  0xFFFF, 0xFFFF, 0xFFFF, 0xFFFF, 0xFFFF, 0xFFFF, 0xFFFF, 0xFFFF, 0xFFFF, 0xFFFF, 0xFFFF, 0xFFFF,
  0xFFFF, 0xFFFF, 0xFFFF, 0xFFFF, 0xFFFF, 0xFFFF, 0xFFFF, 0xFFFF, 0xFFDF, 0xEF7E, 0xC69B, 0x9D98,
  0x7495, 0x53D2, 0x3B51, 0x3310, 0x2AEF, 0x22AF, 0x1A8E, 0x1A4E, 0x124E, 0x124E, 0x122D, 0x122D,
  0x124E, 0x124E, 0x1A6E, 0x22AF, 0x2ACF, 0x32F0, 0x3330, 0x4371, 0x53D2, 0x6C74, 0x8516, 0xA5D9,
  0xC69B, 0xE75D, 0xFFDF, 0xFFFF, 0xFFFF, 0xFFFF, 0xFFFF, 0xFFFF, 0xFFFF, 0xFFFF, 0xFFFF, 0xFFFF,
  0xFFFF, 0xFFFF, 0xFFFF, 0xFFFF, 0xFFFF, 0xFFFF, 0xFFFF, 0xFFFF, 0xFFFF, 0xFFFF, 0xFFFF, 0xFFFF,
  0xFFFF, 0xFFFF, 0xFFFF, 0xFFFF, 0xFFFF, 0xFFFF, 0xFFFF, 0xFFFF, 0xFFFF, 0xFFFF, 0xFFFF, 0xFFFF,
  0xFFFF, 0xFFFF, 0xFFFF, 0xFFFF, 0xFFFF, 0xFFFF, 0xFFFF, 0xFFFF, 0xFFFF, 0xFFFF, 0xFFFF, 0xFFFF,
  0xFFFF, 0xFFFF, 0xFFFF, 0xFFFF, 0xFFFF, 0xFFFF, 0xFFFF, 0xFFFF, 0xFFFF, 0xFFFF, 0xFFFF, 0xFFFF,
  0xFFFF, 0xFFFF, 0xFFFF, 0xFFFF, 0xFFFF, 0xFFFF, 0xFFFF, 0xFFFF, 0xFFFF, 0xFFFF, 0xFFFF, 0xFFFF,
  0xFFFF, 0xFFFF, 0xFFFF, 0xFFFF, 0xFFFF, 0xFFFF, 0xFFFF, 0xFFDF, 0xEF9E, 0xCEBC, 0xA5B8, 0x7495,
  0x4B92, 0x3330, 0x2ACF, 0x1A6E, 0x0A2D, 0x01ED, 0x01CC, 0x01CC, 0x01CC, 0x01CC, 0x01CC, 0x01CC,
  0x01CC, 0x01CC, 0x01CC, 0x01CC, 0x01CC, 0x01CC, 0x01CC, 0x01CC, 0x01CC, 0x01CC, 0x01CC, 0x01CC,
  0x01CC, 0x01CC, 0x01CC, 0x01CC, 0x01CC, 0x01CC, 0x01CC, 0x01CC, 0x124E, 0x6454, 0xBE5A, 0xFFFF,
  0xFFFF, 0xFFFF, 0xFFFF, 0xFFFF, 0xFFFF, 0xFFFF, 0xFFFF, 0xFFFF, 0xFFFF, 0xFFFF, 0xFFFF, 0xFFFF,
  0xFFFF, 0xFFFF, 0xFFFF, 0xFFFF, 0xFFFF, 0xFFFF, 0xFFFF, 0xFFFF, 0xFFFF, 0xFFFF, 0xFFFF, 0xFFFF,
  0xFFFF, 0xFFFF, 0xFFDF, 0xEF7E, 0x7CD5, 0x0A2D, 0x01CC, 0x01CC, 0x01CC, 0x01CC, 0x01CC, 0x01CC,
  0x01CC, 0x01CC, 0x01CC, 0x01CC, 0x01CC, 0x01CC, 0x01CC, 0x01CC, 0x01CC, 0x01CC, 0x01CC, 0x01CC,
  0x01CC, 0x01CC, 0x01CC, 0x01CC, 0x01CC, 0x01CC, 0x01CC, 0x01CC, 0x01CC, 0x01CC, 0x01CC, 0x01CC,
  0x01CC, 0x01CC, 0x01CC, 0x01CC, 0x01CC, 0x01CC, 0x01CC, 0x01CC, 0x01CC, 0x01CC, 0x01CC, 0x01CC,
  0x01CC, 0x01CC, 0x01CC, 0x01CC, 0x01CC, 0x01CC, 0x01CC, 0x01CC, 0x01CC, 0x01CC, 0x01CC, 0x01CC,
  0x01CC, 0x01CC, 0x01CC, 0x01CC, 0x01CC, 0x01CC, 0x01CC, 0x01CC, 0x01CC, 0x01CC, 0x01CC, 0x01CC,
  0x01CC, 0x01CC, 0x01CC, 0x01CC, 0x01CC, 0x01CC, 0x01CC, 0x01CC, 0x01CC, 0x01CC, 0x01CC, 0x01CC,
  0x01CC, 0x01CC, 0x01CC, 0x01CC, 0x01CC, 0x01CC, 0x01CC, 0x01CC, 0x01CC, 0x01CC, 0x01CC, 0x01CC,
  0x01CC, 0x01CC, 0x01CC, 0x01CC, 0x01CC, 0x01CC, 0x01CC, 0x01CC, 0x01CC, 0x01CC, 0x01CC, 0x01CC,
  0x01CC, 0x01CC, 0x01CC, 0x01CC, 0x01CC, 0x01CC, 0x01CC, 0x01CC, 0x01CC, 0x01CC, 0x01CC, 0x01CC,
  0x01CC, 0x01CC, 0x01CC, 0x01CC, 0x01CC, 0x01CC, 0x01CC, 0x01CC, 0x01CC, 0x01CC, 0x01CC, 0x01CC,
  0x01CC, 0x01CC, 0x01CC, 0x01CC, 0x01CC, 0x01CC, 0x01CC, 0x01CC, 0x01CC, 0x01CC, 0x01CC, 0x01CC,
  0x01CC, 0x01CC, 0x01CC, 0x01CC, 0x01CC, 0x01CC, 0x01CC, 0x01CC, 0x01CC, 0x01CC, 0x01CC, 0x01CC,
  0x01CC, 0x01CC, 0x01CC, 0x01CC, 0x01CC, 0x01CC, 0x01CC, 0x01CC, 0x01CC, 0x01CC, 0x01CC, 0x01CC,
  0x01CC, 0x01CC, 0x01CC, 0x01CC, 0x01CC, 0x01CC, 0x01CC, 0x01CC, 0x01CC, 0x01CC, 0x01CC, 0x01CC,
  0x01CC, 0x01CC, 0x01CC, 0x01CC, 0x01CC, 0x01CC, 0x01CC, 0x01CC, 0x01CC, 0x01CC, 0x01CC, 0x01CC,
  0x01CC, 0x01CC, 0x01CC, 0x01CC, 0x01CC, 0x01CC, 0x01CC, 0x01CC, 0x01CC, 0x01CC, 0x01CC, 0x01CC,
  0x01CC, 0x01CC, 0x01CC, 0x01CC, 0x01CC, 0x01CC, 0x01CC, 0x01CC, 0x01CC, 0x01CC, 0x01CC, 0x01CC,
  0x01CC, 0x01CC, 0x01CC, 0x01CC, 0x01CC, 0x01CC, 0x01CC, 0x01CC, 0x01CC, 0x01CC, 0x01CC, 0x01CC,
  0x01CC, 0x01CC, 0x01CC, 0x01CC, 0x01CC, 0x01CC, 0x01CC, 0x01CC, 0x01CC, 0x01CC, 0x01CC, 0x01CC,
  0x01CC, 0x01CC, 0x01CC, 0x01CC, 0x01CC, 0x01CC, 0x01CC, 0x01CC, 0x01CC, 0x01CC, 0x01CC, 0x01CC,
  0x01CC, 0x01CC, 0x01CC, 0x01CC, 0x01CC, 0x01CC, 0x01CC, 0x01CC, 0x01CC, 0x01CC, 0x01CC, 0x01CC,
  0x01CC, 0x01CC, 0x01CC, 0x01CC, 0x01CC, 0x0A0D, 0x3B30, 0x8D36, 0xDF1C, 0xF7DF, 0xFFFF, 0xFFFF,
  0xFFFF, 0xFFFF, 0xFFFF, 0xFFFF, 0xFFFF, 0xFFFF, 0xFFFF, 0xFFFF, 0xFFFF, 0xFFFF, 0xFFFF, 0xFFFF,
  0xFFFF, 0xFFFF, 0xFFFF, 0xFFFF, 0xFFFF, 0xFFFF, 0xFFFF, 0xFFFF, 0xFFFF, 0xFFFF, 0xFFFF, 0xFFFF,
  0xFFFF, 0xFFFF, 0xFFFF, 0xFFFF, 0xFFFF, 0xFFFF, 0xEF9E, 0xD6DC, 0xB619, 0x8D37, 0x6C74, 0x4B92,
  0x22AF, 0x0A2D, 0x01CC, 0x01CC, 0x01CC, 0x01CC, 0x01CC, 0x01CC, 0x01CC, 0x01CC, 0x01CC, 0x01CC,
  0x01CC, 0x01CC, 0x01CC, 0x01CC, 0x01CC, 0x01CC, 0x01CC, 0x01EC, 0x0A0D, 0x228E, 0x3310, 0x53B2,
  0x6C74, 0x8516, 0xA5B8, 0xB61A, 0xCEBB, 0xDF3D, 0xF7BE, 0xFFDF, 0xFFFF, 0xFFFF, 0xFFFF, 0xFFFF,
  0xFFFF, 0xFFFF, 0xFFFF, 0xFFFF, 0xFFFF, 0xFFFF, 0xFFFF, 0xFFFF, 0xFFFF, 0xFFFF, 0xFFFF, 0xFFFF,
  0xFFFF, 0xFFFF, 0xFFFF, 0xFFFF, 0xFFFF, 0xFFFF, 0xFFFF, 0xFFFF, 0xFFFF, 0xFFFF, 0xFFFF, 0xFFFF,
  0xFFFF, 0xFFFF, 0xFFFF, 0xFFFF, 0xFFFF, 0xFFFF, 0xFFFF, 0xFFFF, 0xFFFF, 0xFFFF, 0xFFFF, 0xFFFF,
  0xFFFF, 0xFFFF, 0xFFFF, 0xFFFF, 0xFFFF, 0xFFFF, 0xFFFF, 0xFFFF, 0xFFFF, 0xFFFF, 0xFFFF, 0xFFFF,
  0xFFFF, 0xFFFF, 0xFFFF, 0xFFFF, 0xFFFF, 0xFFFF, 0xFFFF, 0xFFFF, 0xFFFF, 0xFFFF, 0xFFFF, 0xFFFF,
  0xFFFF, 0xFFFF, 0xFFFF, 0xFFFF, 0xF7DF, 0xE77E, 0xCEBC, 0xAE19, 0x9557, 0x7495, 0x4B92, 0x22AF,
  0x0A0D, 0x01CC, 0x01CC, 0x01CC, 0x01CC, 0x01CC, 0x01CC, 0x01CC, 0x01CC, 0x01CC, 0x01CC, 0x01CC,
  0x01CC, 0x01CC, 0x01CC, 0x01CC, 0x01CC, 0x01CC, 0x01CC, 0x01CC, 0x01CC, 0x01CC, 0x01CC, 0x01CC,
  0x01CC, 0x01CC, 0x01CC, 0x01CC, 0x01CC, 0x01CC, 0x01CC, 0x0A0D, 0x3310, 0xA5B8, 0xDF3D, 0xFFFF,
  0xFFFF, 0xFFFF, 0xFFFF, 0xFFFF, 0xFFFF, 0xFFFF, 0xFFFF, 0xFFFF, 0xFFFF, 0xFFFF, 0xFFFF, 0xFFFF,
  0xFFFF, 0xFFFF, 0xFFFF, 0xFFFF, 0xFFFF, 0xFFFF, 0xFFFF, 0xFFFF, 0xFFFF, 0xFFFF, 0xFFFF, 0xFFFF,
  0xFFFF, 0xFFFF, 0xF7BE, 0xC67B, 0x5C13, 0x01CC, 0x01CC, 0x01CC, 0x01CC, 0x01CC, 0x01CC, 0x01CC,
  0x01CC, 0x01CC, 0x01CC, 0x01CC, 0x01CC, 0x01CC, 0x01CC, 0x01CC, 0x01CC, 0x01CC, 0x01CC, 0x01CC,
  0x01CC, 0x01CC, 0x01CC, 0x01CC, 0x01CC, 0x01CC, 0x01CC, 0x01CC, 0x01CC, 0x01CC, 0x01CC, 0x01CC,
  0x01CC, 0x01CC, 0x01CC, 0x01CC, 0x01CC, 0x01CC, 0x01CC, 0x01CC, 0x01CC, 0x01CC, 0x01CC, 0x01CC,
  0x01CC, 0x01CC, 0x01CC, 0x01CC, 0x01CC, 0x01CC, 0x01CC, 0x01CC, 0x01CC, 0x01CC, 0x01CC, 0x01CC,
  0x01CC, 0x01CC, 0x01CC, 0x01CC, 0x01CC, 0x01CC, 0x01CC, 0x01CC, 0x01CC, 0x01CC, 0x01CC, 0x01CC,
  0x01CC, 0x01CC, 0x01CC, 0x01CC, 0x01CC, 0x01CC, 0x01CC, 0x01CC, 0x01CC, 0x01CC, 0x01CC, 0x01CC,
  0x01CC, 0x01CC, 0x01CC, 0x01CC, 0x01CC, 0x01CC, 0x01CC, 0x01CC, 0x01CC, 0x01CC, 0x01CC, 0x01CC,
  0x01CC, 0x01CC, 0x01CC, 0x01CC, 0x01CC, 0x01CC, 0x01CC, 0x01CC, 0x01CC, 0x01CC, 0x01CC, 0x01CC,
  0x01CC, 0x01CC, 0x01CC, 0x01CC, 0x01CC, 0x01CC, 0x01CC, 0x01CC, 0x01CC, 0x01CC, 0x01CC, 0x01CC,
  0x01CC, 0x01CC, 0x01CC, 0x01CC, 0x01CC, 0x01CC, 0x01CC, 0x01CC, 0x01CC, 0x01CC, 0x01CC, 0x01CC,
  0x01CC, 0x01CC, 0x01CC, 0x01CC, 0x01CC, 0x01CC, 0x01CC, 0x01CC, 0x01CC, 0x01CC, 0x01CC, 0x01CC,
  0x01CC, 0x01CC, 0x01CC, 0x01CC, 0x01CC, 0x01CC, 0x01CC, 0x01CC, 0x01CC, 0x01CC, 0x01CC, 0x01CC,
  0x01CC, 0x01CC, 0x01CC, 0x01CC, 0x01CC, 0x01CC, 0x01CC, 0x01CC, 0x01CC, 0x01CC, 0x01CC, 0x01CC,
  0x01CC, 0x01CC, 0x01CC, 0x01CC, 0x01CC, 0x01CC, 0x01CC, 0x01CC, 0x01CC, 0x01CC, 0x01CC, 0x01CC,
  0x01CC, 0x01CC, 0x01CC, 0x01CC, 0x01CC, 0x01CC, 0x01CC, 0x01CC, 0x01CC, 0x01CC, 0x01CC, 0x01CC,
  0x01CC, 0x01CC, 0x01CC, 0x01CC, 0x01CC, 0x01CC, 0x01CC, 0x01CC, 0x01CC, 0x01CC, 0x01CC, 0x01CC,
  0x01CC, 0x01CC, 0x01CC, 0x01CC, 0x01CC, 0x01CC, 0x01CC, 0x01CC, 0x01CC, 0x01CC, 0x01CC, 0x01CC,
  0x01CC, 0x01CC, 0x01CC, 0x01CC, 0x01CC, 0x01CC, 0x01CC, 0x01CC, 0x01CC, 0x01CC, 0x01CC, 0x01CC,
  0x01CC, 0x01CC, 0x01CC, 0x01CC, 0x01CC, 0x01CC, 0x01CC, 0x01CC, 0x01CC, 0x01CC, 0x01CC, 0x01CC,
  0x01CC, 0x01CC, 0x01CC, 0x01CC, 0x01CC, 0x01CC, 0x01CC, 0x01CC, 0x01CC, 0x01CC, 0x01CC, 0x01CC,
  0x01CC, 0x01CC, 0x01CC, 0x01CC, 0x01CC, 0x01CC, 0x01CC, 0x01CC, 0x01CC, 0x01CC, 0x01CC, 0x01CC,
  0x01CC, 0x01CC, 0x01CC, 0x01CC, 0x01EC, 0x22AF, 0x8D37, 0xD6FC, 0xFFFF, 0xFFFF, 0xFFFF, 0xFFFF,
  0xFFFF, 0xFFFF, 0xFFFF, 0xFFFF, 0xFFFF, 0xFFFF, 0xFFFF, 0xFFFF, 0xFFFF, 0xFFFF, 0xFFFF, 0xFFFF,
  0xFFFF, 0xFFFF, 0xFFFF, 0xFFFF, 0xFFFF, 0xFFFF, 0xFFFF, 0xFFFF, 0xFFFF, 0xFFFF, 0xFFFF, 0xFFFF,
  0xFFFF, 0xFFFF, 0xFFFF, 0xFFFF, 0xFFDF, 0xEF7E, 0xC69B, 0x84F6, 0x3B51, 0x0A2D, 0x01CC, 0x01CC,
  0x01CC, 0x01CC, 0x01CC, 0x01CC, 0x01CC, 0x01CC, 0x01CC, 0x01CC, 0x01CC, 0x01CC, 0x01CC, 0x01CC,
  0x01CC, 0x01CC, 0x01CC, 0x01CC, 0x01CC, 0x01CC, 0x01CC, 0x01CC, 0x01CC, 0x01CC, 0x01CC, 0x01CC,
  0x01CC, 0x0A0D, 0x1A6E, 0x3B51, 0x7495, 0xA5D9, 0xD6FC, 0xEF7E, 0xF7BF, 0xFFDF, 0xFFFF, 0xFFFF,
  0xFFFF, 0xFFFF, 0xFFFF, 0xFFFF, 0xFFFF, 0xFFFF, 0xFFFF, 0xFFFF, 0xFFFF, 0xFFFF, 0xFFFF, 0xFFFF,
  0xFFFF, 0xFFFF, 0xFFFF, 0xFFFF, 0xFFFF, 0xFFFF, 0xFFFF, 0xFFFF, 0xFFFF, 0xFFFF, 0xFFFF, 0xFFFF,
  0xFFFF, 0xFFFF, 0xFFFF, 0xFFFF, 0xFFFF, 0xFFFF, 0xFFFF, 0xFFFF, 0xFFFF, 0xFFFF, 0xFFFF, 0xFFFF,
  0xFFFF, 0xFFFF, 0xFFFF, 0xFFFF, 0xFFFF, 0xFFFF, 0xFFFF, 0xFFFF, 0xFFFF, 0xFFFF, 0xFFFF, 0xFFFF,
  0xFFFF, 0xFFFF, 0xFFFF, 0xFFFF, 0xFFFF, 0xFFFF, 0xFFFF, 0xFFFF, 0xFFFF, 0xFFFF, 0xFFFF, 0xFFFF,
  0xFFFF, 0xFFFF, 0xFFDF, 0xF7DF, 0xDF3D, 0xBE5A, 0x74B5, 0x3B51, 0x0A2D, 0x01CC, 0x01CC, 0x01CC,
  0x01CC, 0x01CC, 0x01CC, 0x01CC, 0x01CC, 0x01CC, 0x01CC, 0x01CC, 0x01CC, 0x01CC, 0x01CC, 0x01CC,
  0x01CC, 0x01CC, 0x01CC, 0x01CC, 0x01CC, 0x01CC, 0x01CC, 0x01CC, 0x01CC, 0x01CC, 0x01CC, 0x01CC,
  0x01CC, 0x01CC, 0x01CC, 0x01CC, 0x01CC, 0x01CC, 0x01CC, 0x228F, 0x6433, 0xDF1D, 0xFFFF, 0xFFFF,
  0xFFFF, 0xFFFF, 0xFFFF, 0xFFFF, 0xFFFF, 0xFFFF, 0xFFFF, 0xFFFF, 0xFFFF, 0xFFFF, 0xFFFF, 0xFFFF,
  0xFFFF, 0xFFFF, 0xFFFF, 0xFFFF, 0xFFFF, 0xFFFF, 0xFFFF, 0xFFFF, 0xFFFF, 0xFFFF, 0xFFFF, 0xFFFF,
  0xFFFF, 0xFFFF, 0xE75D, 0x8D36, 0x3B30, 0x01CC, 0x01CC, 0x01CC, 0x01CC, 0x01CC, 0x01CC, 0x01CC,
  0x01CC, 0x01CC, 0x01CC, 0x01CC, 0x01CC, 0x01CC, 0x01CC, 0x01CC, 0x01CC, 0x01CC, 0x01CC, 0x01CC,
  0x01CC, 0x01CC, 0x01CC, 0x01CC, 0x01CC, 0x01CC, 0x01CC, 0x01CC, 0x01CC, 0x01CC, 0x01CC, 0x01CC,
  0x01CC, 0x01CC, 0x01CC, 0x01CC, 0x01CC, 0x01CC, 0x01CC, 0x01CC, 0x01CC, 0x01CC, 0x01CC, 0x01CC,
  0x01CC, 0x01CC, 0x01CC, 0x01CC, 0x01CC, 0x01CC, 0x01CC, 0x01CC, 0x01CC, 0x01CC, 0x01CC, 0x01CC,
  0x01CC, 0x01CC, 0x01CC, 0x01CC, 0x01CC, 0x01CC, 0x01CC, 0x01CC, 0x01CC, 0x01CC, 0x01CC, 0x01CC,
  0x01CC, 0x01CC, 0x01CC, 0x01CC, 0x01CC, 0x01CC, 0x01CC, 0x01CC, 0x01CC, 0x01CC, 0x01CC, 0x01CC,
  0x01CC, 0x01CC, 0x01CC, 0x01CC, 0x01CC, 0x01CC, 0x01CC, 0x01CC, 0x01CC, 0x01CC, 0x01CC, 0x01CC,
  0x01CC, 0x01CC, 0x01CC, 0x01CC, 0x01CC, 0x01CC, 0x01CC, 0x01CC, 0x01CC, 0x01CC, 0x01CC, 0x01CC,
  0x01CC, 0x01CC, 0x01CC, 0x01CC, 0x01CC, 0x01CC, 0x01CC, 0x01CC, 0x01CC, 0x01CC, 0x01CC, 0x01CC,
  0x01CC, 0x01CC, 0x01CC, 0x01CC, 0x01CC, 0x01CC, 0x01CC, 0x01CC, 0x01CC, 0x01CC, 0x01CC, 0x01CC,
  0x01CC, 0x01CC, 0x01CC, 0x01CC, 0x01CC, 0x01CC, 0x01CC, 0x01CC, 0x01CC, 0x01CC, 0x01CC, 0x01CC,
  0x01CC, 0x01CC, 0x01CC, 0x01CC, 0x01CC, 0x01CC, 0x01CC, 0x01CC, 0x01CC, 0x01CC, 0x01CC, 0x01CC,
  0x01CC, 0x01CC, 0x01CC, 0x01CC, 0x01CC, 0x01CC, 0x01CC, 0x01CC, 0x01CC, 0x01CC, 0x01CC, 0x01CC,
  0x01CC, 0x01CC, 0x01CC, 0x01CC, 0x01CC, 0x01CC, 0x01CC, 0x01CC, 0x01CC, 0x01CC, 0x01CC, 0x01CC,
  0x01CC, 0x01CC, 0x01CC, 0x01CC, 0x01CC, 0x01CC, 0x01CC, 0x01CC, 0x01CC, 0x01CC, 0x01CC, 0x01CC,
  0x01CC, 0x01CC, 0x01CC, 0x01CC, 0x01CC, 0x01CC, 0x01CC, 0x01CC, 0x01CC, 0x01CC, 0x01CC, 0x01CC,
  0x01CC, 0x01CC, 0x01CC, 0x01CC, 0x01CC, 0x01CC, 0x01CC, 0x01CC, 0x01CC, 0x01CC, 0x01CC, 0x01CC,
  0x01CC, 0x01CC, 0x01CC, 0x01CC, 0x01CC, 0x01CC, 0x01CC, 0x01CC, 0x01CC, 0x01CC, 0x01CC, 0x01CC,
  0x01CC, 0x01CC, 0x01CC, 0x01CC, 0x01CC, 0x01CC, 0x01CC, 0x01CC, 0x01CC, 0x01CC, 0x01CC, 0x01CC,
  0x01CC, 0x01CC, 0x01CC, 0x01CC, 0x01CC, 0x01CC, 0x01CC, 0x01CC, 0x01CC, 0x01CC, 0x01CC, 0x01CC,
  0x01CC, 0x01CC, 0x01CC, 0x01CC, 0x01CC, 0x01CC, 0x01CC, 0x01CC, 0x01CC, 0x01CC, 0x01CC, 0x01CC,
  0x01CC, 0x01CC, 0x01CC, 0x01CC, 0x228F, 0x5C13, 0xCEBB, 0xF7BE, 0xFFFF, 0xFFFF, 0xFFFF, 0xFFFF,
  0xFFFF, 0xFFFF, 0xFFFF, 0xFFFF, 0xFFFF, 0xFFFF, 0xFFFF, 0xFFFF, 0xFFFF, 0xFFFF, 0xFFFF, 0xFFFF,
  0xFFFF, 0xFFFF, 0xFFFF, 0xFFFF, 0xFFFF, 0xFFFF, 0xFFFF, 0xFFFF, 0xFFFF, 0xFFFF, 0xFFFF, 0xFFFF,
  0xFFFF, 0xFFFF, 0xFFFF, 0xF7BE, 0xC67B, 0x84F6, 0x4B92, 0x2ACF, 0x122D, 0x01EC, 0x01CC, 0x01CC,
  0x01CC, 0x01CC, 0x01CC, 0x01CC, 0x01CC, 0x01CC, 0x01CC, 0x01CC, 0x01CC, 0x01CC, 0x01CC, 0x01CC,
  0x01CC, 0x01CC, 0x01CC, 0x01CC, 0x01CC, 0x01CC, 0x01CC, 0x01CC, 0x01CC, 0x01CC, 0x01CC, 0x01CC,
  0x01CC, 0x01CC, 0x09ED, 0x122D, 0x228F, 0x3310, 0x4BB2, 0x6C74, 0x9557, 0xC67B, 0xE75D, 0xFFFF,
  0xFFFF, 0xFFFF, 0xFFFF, 0xFFFF, 0xFFFF, 0xFFFF, 0xFFFF, 0xFFFF, 0xFFFF, 0xFFFF, 0xFFFF, 0xFFFF,
  0xFFFF, 0xFFFF, 0xFFFF, 0xFFFF, 0xFFFF, 0xFFFF, 0xFFFF, 0xFFFF, 0xFFFF, 0xFFFF, 0xFFFF, 0xFFFF,
  0xFFFF, 0xFFFF, 0xFFFF, 0xFFFF, 0xFFFF, 0xFFFF, 0xFFFF, 0xFFFF, 0xFFFF, 0xFFFF, 0xFFFF, 0xFFFF,
  0xFFFF, 0xFFFF, 0xFFFF, 0xFFFF, 0xFFFF, 0xFFFF, 0xFFFF, 0xFFFF, 0xFFFF, 0xFFFF, 0xFFFF, 0xFFFF,
  0xFFFF, 0xFFFF, 0xFFFF, 0xFFFF, 0xFFFF, 0xFFFF, 0xFFFF, 0xFFFF, 0xFFFF, 0xFFFF, 0xFFFF, 0xFFFF,
  0xFFFF, 0xE77E, 0xC69B, 0x9557, 0x6413, 0x3B30, 0x22AF, 0x122D, 0x01EC, 0x01CC, 0x01CC, 0x01CC,
  0x01CC, 0x01CC, 0x01CC, 0x01CC, 0x01CC, 0x01CC, 0x01CC, 0x01CC, 0x01CC, 0x01CC, 0x01CC, 0x01CC,
  0x01CC, 0x01CC, 0x01CC, 0x01CC, 0x01CC, 0x01CC, 0x01CC, 0x01CC, 0x01CC, 0x01CC, 0x01CC, 0x01CC,
  0x01CC, 0x01CC, 0x01CC, 0x01CC, 0x01CC, 0x01CC, 0x01CC, 0x53B2, 0xADF9, 0xEF9E, 0xFFFF, 0xFFFF,
  0xFFFF, 0xFFFF, 0xFFFF, 0xFFFF, 0xFFFF, 0xFFFF, 0xFFFF, 0xFFFF, 0xFFFF, 0xFFFF, 0xFFFF, 0xFFFF,
  0xFFFF, 0xFFFF, 0xFFFF, 0xFFFF, 0xFFFF, 0xFFFF, 0xFFFF, 0xFFFF, 0xFFFF, 0xFFFF, 0xFFFF, 0xFFFF,
  0xFFFF, 0xFFDF, 0xD6FC, 0x53D2, 0x1A6E, 0x01CC, 0x01CC, 0x01CC, 0x01CC, 0x01CC, 0x01CC, 0x01CC,
  0x01CC, 0x01CC, 0x01CC, 0x01CC, 0x01CC, 0x01CC, 0x01CC, 0x01CC, 0x01CC, 0x01CC, 0x01CC, 0x01CC,
  0x01CC, 0x01CC, 0x01CC, 0x01CC, 0x01CC, 0x01CC, 0x01CC, 0x01CC, 0x01CC, 0x01CC, 0x01CC, 0x01CC,
  0x01CC, 0x01CC, 0x01CC, 0x01CC, 0x01CC, 0x01CC, 0x01CC, 0x01CC, 0x01CC, 0x01CC, 0x01CC, 0x01CC,
  0x01CC, 0x01CC, 0x01CC, 0x01CC, 0x01CC, 0x01CC, 0x01CC, 0x01CC, 0x01CC, 0x01CC, 0x01CC, 0x01CC,
  0x01CC, 0x01CC, 0x01CC, 0x01CC, 0x01CC, 0x01CC, 0x01CC, 0x01CC, 0x01CC, 0x01CC, 0x01CC, 0x01CC,
  0x01CC, 0x01CC, 0x01CC, 0x01CC, 0x01CC, 0x01CC, 0x01CC, 0x01CC, 0x01CC, 0x01CC, 0x01CC, 0x01CC,
  0x01CC, 0x01CC, 0x01CC, 0x01CC, 0x01CC, 0x01CC, 0x01CC, 0x01CC, 0x01CC, 0x01CC, 0x01CC, 0x01CC,
  0x01CC, 0x01CC, 0x01CC, 0x01CC, 0x01CC, 0x01CC, 0x01CC, 0x01CC, 0x01CC, 0x01CC, 0x01CC, 0x01CC,
  0x01CC, 0x01CC, 0x01CC, 0x01CC, 0x01CC, 0x01CC, 0x01CC, 0x01CC, 0x01CC, 0x01CC, 0x01CC, 0x01CC,
  0x01CC, 0x01CC, 0x01CC, 0x01CC, 0x01CC, 0x01CC, 0x01CC, 0x01CC, 0x01CC, 0x01CC, 0x01CC, 0x01CC,
  0x01CC, 0x01CC, 0x01CC, 0x01CC, 0x01CC, 0x01CC, 0x01CC, 0x01CC, 0x01CC, 0x01CC, 0x01CC, 0x01CC,
  0x01CC, 0x01CC, 0x01CC, 0x01CC, 0x01CC, 0x01CC, 0x01CC, 0x01CC, 0x01CC, 0x01CC, 0x01CC, 0x01CC,
  0x01CC, 0x01CC, 0x01CC, 0x01CC, 0x01CC, 0x01CC, 0x01CC, 0x01CC, 0x01CC, 0x01CC, 0x01CC, 0x01CC,
  0x01CC, 0x01CC, 0x01CC, 0x01CC, 0x01CC, 0x01CC, 0x01CC, 0x01CC, 0x01CC, 0x01CC, 0x01CC, 0x01CC,
  0x01CC, 0x01CC, 0x01CC, 0x01CC, 0x01CC, 0x01CC, 0x01CC, 0x01CC, 0x01CC, 0x01CC, 0x01CC, 0x01CC,
  0x01CC, 0x01CC, 0x01CC, 0x01CC, 0x01CC, 0x01CC, 0x01CC, 0x01CC, 0x01CC, 0x01CC, 0x01CC, 0x01CC,
  0x01CC, 0x01CC, 0x01CC, 0x01CC, 0x01CC, 0x01CC, 0x01CC, 0x01CC, 0x01CC, 0x01CC, 0x01CC, 0x01CC,
  0x01CC, 0x01CC, 0x01CC, 0x01CC, 0x01CC, 0x01CC, 0x01CC, 0x01CC, 0x01CC, 0x01CC, 0x01CC, 0x01CC,
  0x01CC, 0x01CC, 0x01CC, 0x01CC, 0x01CC, 0x01CC, 0x01CC, 0x01CC, 0x01CC, 0x01CC, 0x01CC, 0x01CC,
  0x01CC, 0x01CC, 0x01CC, 0x01CC, 0x01CC, 0x01CC, 0x01CC, 0x01CC, 0x01CC, 0x01CC, 0x01CC, 0x01CC,
  0x01CC, 0x01CC, 0x01CC, 0x01CC, 0x01CC, 0x01CC, 0x01CC, 0x01CC, 0x01CC, 0x01CC, 0x01CC, 0x01CC,
  0x01CC, 0x01CC, 0x01CC, 0x0A2D, 0x53D2, 0xA5D8, 0xEF9E, 0xFFFF, 0xFFFF, 0xFFFF, 0xFFFF, 0xFFFF,
  0xFFFF, 0xFFFF, 0xFFFF, 0xFFFF, 0xFFFF, 0xFFFF, 0xFFFF, 0xFFFF, 0xFFFF, 0xFFFF, 0xFFFF, 0xFFFF,
  0xFFFF, 0xFFFF, 0xFFFF, 0xFFFF, 0xFFFF, 0xFFFF, 0xFFFF, 0xFFFF, 0xFFFF, 0xFFFF, 0xFFFF, 0xFFFF,
  0xFFFF, 0xEF9E, 0xD6DC, 0xA5B8, 0x6C74, 0x3310, 0x0A0D, 0x01CC, 0x01CC, 0x01CC, 0x01CC, 0x01CC,
  0x01CC, 0x01CC, 0x01CC, 0x01CC, 0x01CC, 0x01CC, 0x01CC, 0x01CC, 0x01CC, 0x01CC, 0x01CC, 0x01CC,
  0x01CC, 0x01CC, 0x01CC, 0x01CC, 0x01CC, 0x01CC, 0x01CC, 0x01CC, 0x01CC, 0x01CC, 0x01CC, 0x01CC,
  0x01CC, 0x01CC, 0x01CC, 0x01CC, 0x01CC, 0x01CC, 0x0A0D, 0x22AF, 0x4351, 0x6C54, 0x8D36, 0xADF9,
  0xCEBC, 0xEF7E, 0xFFFF, 0xFFFF, 0xFFFF, 0xFFFF, 0xFFFF, 0xFFFF, 0xFFFF, 0xFFFF, 0xFFFF, 0xFFFF,
  0xFFFF, 0xFFFF, 0xFFFF, 0xFFFF, 0xFFFF, 0xFFFF, 0xFFFF, 0xFFFF, 0xFFFF, 0xFFFF, 0xFFFF, 0xFFFF,
  0xFFFF, 0xFFFF, 0xFFFF, 0xFFFF, 0xFFFF, 0xFFFF, 0xFFFF, 0xFFFF, 0xFFFF, 0xFFFF, 0xFFFF, 0xFFFF,
  0xFFFF, 0xFFFF, 0xFFFF, 0xFFFF, 0xFFFF, 0xFFFF, 0xFFFF, 0xFFFF, 0xFFFF, 0xFFFF, 0xFFFF, 0xFFFF,
  0xFFFF, 0xFFFF, 0xFFFF, 0xFFFF, 0xFFFF, 0xFFFF, 0xFFFF, 0xFFFF, 0xFFFF, 0xFFFF, 0xEF9E, 0xDF1C,
  0xB63A, 0x9557, 0x6C54, 0x3B51, 0x1A6E, 0x01CC, 0x01CC, 0x01CC, 0x01CC, 0x01CC, 0x01CC, 0x01CC,
  0x01CC, 0x01CC, 0x01CC, 0x01CC, 0x01CC, 0x01CC, 0x01CC, 0x01CC, 0x01CC, 0x01CC, 0x01CC, 0x01CC,
  0x01CC, 0x01CC, 0x01CC, 0x01CC, 0x01CC, 0x01CC, 0x01CC, 0x01CC, 0x01CC, 0x01CC, 0x01CC, 0x01CC,
  0x01CC, 0x01CC, 0x01CC, 0x01CC, 0x01CC, 0x0A0D, 0x2ACF, 0x8516, 0xDF3D, 0xFFDF, 0xFFFF, 0xFFFF,
  0xFFFF, 0xFFFF, 0xFFFF, 0xFFFF, 0xFFFF, 0xFFFF, 0xFFFF, 0xFFFF, 0xFFFF, 0xFFFF, 0xFFFF, 0xFFFF,
  0xFFFF, 0xFFFF, 0xFFFF, 0xFFFF, 0xFFFF, 0xFFFF, 0xFFFF, 0xFFFF, 0xFFFF, 0xFFFF, 0xFFFF, 0xFFFF,
  0xFFFF, 0xE75D, 0xADF9, 0x2AF0, 0x09ED, 0x01CC, 0x01CC, 0x01CC, 0x01CC, 0x01CC, 0x01CC, 0x01CC,
  0x01CC, 0x01CC, 0x01CC, 0x01CC, 0x01CC, 0x01CC, 0x01CC, 0x01CC, 0x01CC, 0x01CC, 0x01CC, 0x01CC,
  0x01CC, 0x01CC, 0x01CC, 0x01CC, 0x01CC, 0x01CC, 0x01CC, 0x01CC, 0x01CC, 0x01CC, 0x01CC, 0x01CC,
  0x01CC, 0x01CC, 0x01CC, 0x01CC, 0x01CC, 0x01CC, 0x01CC, 0x01CC, 0x01CC, 0x01CC, 0x01CC, 0x01CC,
  0x01CC, 0x01CC, 0x01CC, 0x01CC, 0x01CC, 0x01CC, 0x01CC, 0x01CC, 0x01CC, 0x01CC, 0x01CC, 0x01CC,
  0x01CC, 0x01CC, 0x01CC, 0x01CC, 0x01CC, 0x01CC, 0x01CC, 0x01CC, 0x01CC, 0x01CC, 0x01CC, 0x01CC,
  0x01CC, 0x01CC, 0x01CC, 0x01CC, 0x01CC, 0x01CC, 0x01CC, 0x01CC, 0x01CC, 0x01CC, 0x01CC, 0x01CC,
  0x01CC, 0x01CC, 0x01CC, 0x01CC, 0x01CC, 0x01CC, 0x01CC, 0x01CC, 0x01CC, 0x01CC, 0x01CC, 0x01CC,
  0x01CC, 0x01CC, 0x01CC, 0x01CC, 0x01CC, 0x01CC, 0x01CC, 0x01CC, 0x01CC, 0x01CC, 0x01CC, 0x01CC,
  0x01CC, 0x01CC, 0x01CC, 0x01CC, 0x01CC, 0x01CC, 0x01CC, 0x01CC, 0x01CC, 0x01CC, 0x01CC, 0x01CC,
  0x01CC, 0x01CC, 0x01CC, 0x01CC, 0x01CC, 0x01CC, 0x01CC, 0x01CC, 0x01CC, 0x01CC, 0x01CC, 0x01CC,
  0x01CC, 0x01CC, 0x01CC, 0x01CC, 0x01CC, 0x01CC, 0x01CC, 0x01CC, 0x01CC, 0x01CC, 0x01CC, 0x01CC,
  0x01CC, 0x01CC, 0x01CC, 0x01CC, 0x01CC, 0x01CC, 0x01CC, 0x01CC, 0x01CC, 0x01CC, 0x01CC, 0x01CC,
  0x01CC, 0x01CC, 0x01CC, 0x01CC, 0x01CC, 0x01CC, 0x01CC, 0x01CC, 0x01CC, 0x01CC, 0x01CC, 0x01CC,
  0x01CC, 0x01CC, 0x01CC, 0x01CC, 0x01CC, 0x01CC, 0x01CC, 0x01CC, 0x01CC, 0x01CC, 0x01CC, 0x01CC,
  0x01CC, 0x01CC, 0x01CC, 0x01CC, 0x01CC, 0x01CC, 0x01CC, 0x01CC, 0x01CC, 0x01CC, 0x01CC, 0x01CC,
  0x01CC, 0x01CC, 0x01CC, 0x01CC, 0x01CC, 0x01CC, 0x01CC, 0x01CC, 0x01CC, 0x01CC, 0x01CC, 0x01CC,
  0x01CC, 0x01CC, 0x01CC, 0x01CC, 0x01CC, 0x01CC, 0x01CC, 0x01CC, 0x01CC, 0x01CC, 0x01CC, 0x01CC,
  0x01CC, 0x01CC, 0x01CC, 0x01CC, 0x01CC, 0x01CC, 0x01CC, 0x01CC, 0x01CC, 0x01CC, 0x01CC, 0x01CC,
  0x01CC, 0x01CC, 0x01CC, 0x01CC, 0x01CC, 0x01CC, 0x01CC, 0x01CC, 0x01CC, 0x01CC, 0x01CC, 0x01CC,
  0x01CC, 0x01CC, 0x01CC, 0x01CC, 0x01CC, 0x01CC, 0x01CC, 0x01CC, 0x01CC, 0x01CC, 0x01CC, 0x01CC,
  0x01CC, 0x01CC, 0x01CC, 0x01CC, 0x01CC, 0x01CC, 0x01CC, 0x01CC, 0x01CC, 0x01CC, 0x01CC, 0x01CC,
  0x01CC, 0x01CC, 0x0A0D, 0x2ACF, 0x8D37, 0xEF9E, 0xFFFF, 0xFFFF, 0xFFFF, 0xFFFF, 0xFFFF, 0xFFFF,
  0xFFFF, 0xFFFF, 0xFFFF, 0xFFFF, 0xFFFF, 0xFFFF, 0xFFFF, 0xFFFF, 0xFFFF, 0xFFFF, 0xFFFF, 0xFFFF,
  0xFFFF, 0xFFFF, 0xFFFF, 0xFFFF, 0xFFFF, 0xFFFF, 0xFFFF, 0xFFFF, 0xFFFF, 0xFFFF, 0xFFFF, 0xFFFF,
  0xF7DF, 0xCEBB, 0x8516, 0x2ACF, 0x0A0D, 0x01CC, 0x01CC, 0x01CC, 0x01CC, 0x01CC, 0x01CC, 0x01CC,
  0x01CC, 0x01CC, 0x01CC, 0x01CC, 0x01CC, 0x01CC, 0x01CC, 0x01CC, 0x01CC, 0x01CC, 0x01CC, 0x01CC,
  0x01CC, 0x01CC, 0x01CC, 0x01CC, 0x01CC, 0x01CC, 0x01CC, 0x01CC, 0x01CC, 0x01CC, 0x01CC, 0x01CC,
  0x01CC, 0x01CC, 0x01CC, 0x01CC, 0x01CC, 0x01CC, 0x01CC, 0x01CC, 0x01CC, 0x01CC, 0x0A2D, 0x32F0,
  0x84F6, 0xCEBB, 0xFFDF, 0xFFFF, 0xFFFF, 0xFFFF, 0xFFFF, 0xFFFF, 0xFFFF, 0xFFFF, 0xFFFF, 0xFFFF,
  0xFFFF, 0xFFFF, 0xFFFF, 0xFFFF, 0xFFFF, 0xFFFF, 0xFFFF, 0xFFFF, 0xFFFF, 0xFFFF, 0xFFFF, 0xFFFF,
  0xFFFF, 0xFFFF, 0xFFFF, 0xFFFF, 0xFFFF, 0xFFFF, 0xFFFF, 0xFFFF, 0xFFFF, 0xFFFF, 0xFFFF, 0xFFFF,
  0xFFFF, 0xFFFF, 0xFFFF, 0xFFFF, 0xFFFF, 0xFFFF, 0xFFFF, 0xFFFF, 0xFFFF, 0xFFFF, 0xFFFF, 0xFFFF,
  0xFFFF, 0xFFFF, 0xFFFF, 0xFFFF, 0xFFFF, 0xFFFF, 0xFFFF, 0xFFFF, 0xFFFF, 0xF7DF, 0xCEDC, 0x9577,
  0x4371, 0x1A6E, 0x01CC, 0x01CC, 0x01CC, 0x01CC, 0x01CC, 0x01CC, 0x01CC, 0x01CC, 0x01CC, 0x01CC,
  0x01CC, 0x01CC, 0x01CC, 0x01CC, 0x01CC, 0x01CC, 0x01CC, 0x01CC, 0x01CC, 0x01CC, 0x01CC, 0x01CC,
  0x01CC, 0x01CC, 0x01CC, 0x01CC, 0x01CC, 0x01CC, 0x01CC, 0x01CC, 0x01CC, 0x01CC, 0x01CC, 0x01CC,
  0x01CC, 0x01CC, 0x01CC, 0x01CC, 0x01CC, 0x1A6E, 0x6C74, 0xBE7B, 0xFFFF, 0xFFFF, 0xFFFF, 0xFFFF,
  0xFFFF, 0xFFFF, 0xFFFF, 0xFFFF, 0xFFFF, 0xFFFF, 0xFFFF, 0xFFFF, 0xFFFF, 0xFFFF, 0xFFFF, 0xFFFF,
  0xFFFF, 0xFFFF, 0xFFFF, 0xFFFF, 0xFFFF, 0xFFFF, 0xFFFF, 0xFFFF, 0xFFFF, 0xFFFF, 0xFFFF, 0xFFFF,
  0xFFFF, 0xC67B, 0x6C75, 0x124E, 0x01CC, 0x01CC, 0x01CC, 0x01CC, 0x01CC, 0x01CC, 0x01CC, 0x01CC,
  0x01CC, 0x01CC, 0x01CC, 0x01CC, 0x01CC, 0x01CC, 0x01CC, 0x01CC, 0x01CC, 0x01CC, 0x01CC, 0x01CC,
  0x01CC, 0x01CC, 0x01CC, 0x01CC, 0x01CC, 0x01CC, 0x01CC, 0x01CC, 0x01CC, 0x01CC, 0x01CC, 0x01CC,
  0x01CC, 0x01CC, 0x01CC, 0x01CC, 0x01CC, 0x01CC, 0x01CC, 0x01CC, 0x01CC, 0x01CC, 0x01CC, 0x01CC,
  0x01CC, 0x01CC, 0x01CC, 0x01CC, 0x01CC, 0x01CC, 0x01CC, 0x01CC, 0x01CC, 0x01CC, 0x01CC, 0x01CC,
  0x01CC, 0x01CC, 0x01CC, 0x01CC, 0x01CC, 0x01CC, 0x01CC, 0x01CC, 0x01CC, 0x01CC, 0x01CC, 0x01CC,
  0x01CC, 0x01CC, 0x01CC, 0x01CC, 0x01CC, 0x01CC, 0x01CC, 0x01CC, 0x01CC, 0x01CC, 0x01CC, 0x01CC,
  0x01CC, 0x01CC, 0x01CC, 0x01CC, 0x01CC, 0x01CC, 0x01CC, 0x01CC, 0x01CC, 0x01CC, 0x01CC, 0x01CC,
  0x01CC, 0x01CC, 0x01CC, 0x01CC, 0x01CC, 0x01CC, 0x01CC, 0x01CC, 0x01CC, 0x01CC, 0x01CC, 0x01CC,
  0x01CC, 0x01CC, 0x01CC, 0x01CC, 0x01CC, 0x01CC, 0x01CC, 0x01CC, 0x01CC, 0x01CC, 0x01CC, 0x01CC,
  0x01CC, 0x01CC, 0x01CC, 0x01CC, 0x01CC, 0x01CC, 0x01CC, 0x01CC, 0x01CC, 0x01CC, 0x01CC, 0x01CC,
  0x01CC, 0x01CC, 0x01CC, 0x01CC, 0x01CC, 0x01CC, 0x01CC, 0x01CC, 0x01CC, 0x01CC, 0x01CC, 0x01CC,
  0x01CC, 0x01CC, 0x01CC, 0x01CC, 0x01CC, 0x01CC, 0x01CC, 0x01CC, 0x01CC, 0x01CC, 0x01CC, 0x01CC,
  0x01CC, 0x01CC, 0x01CC, 0x01CC, 0x01CC, 0x01CC, 0x01CC, 0x01CC, 0x01CC, 0x01CC, 0x01CC, 0x01CC,
  0x01CC, 0x01CC, 0x01CC, 0x01CC, 0x01CC, 0x01CC, 0x01CC, 0x01CC, 0x01CC, 0x01CC, 0x01CC, 0x01CC,
  0x01CC, 0x01CC, 0x01CC, 0x01CC, 0x01CC, 0x01CC, 0x01CC, 0x01CC, 0x01CC, 0x01CC, 0x01CC, 0x01CC,
  0x01CC, 0x01CC, 0x01CC, 0x01CC, 0x01CC, 0x01CC, 0x01CC, 0x01CC, 0x01CC, 0x01CC, 0x01CC, 0x01CC,
  0x01CC, 0x01CC, 0x01CC, 0x01CC, 0x01CC, 0x01CC, 0x01CC, 0x01CC, 0x01CC, 0x01CC, 0x01CC, 0x01CC,
  0x01CC, 0x01CC, 0x01CC, 0x01CC, 0x01CC, 0x01CC, 0x01CC, 0x01CC, 0x01CC, 0x01CC, 0x01CC, 0x01CC,
  0x01CC, 0x01CC, 0x01CC, 0x01CC, 0x01CC, 0x01CC, 0x01CC, 0x01CC, 0x01CC, 0x01CC, 0x01CC, 0x01CC,
  0x01CC, 0x01CC, 0x01CC, 0x01CC, 0x01CC, 0x01CC, 0x01CC, 0x01CC, 0x01CC, 0x01CC, 0x01CC, 0x01CC,
  0x01CC, 0x01CC, 0x01CC, 0x01CC, 0x01CC, 0x01CC, 0x01CC, 0x01CC, 0x01CC, 0x01CC, 0x01CC, 0x01CC,
  0x01CC, 0x01CC, 0x1A6E, 0x7CB5, 0xC69B, 0xFFDF, 0xFFFF, 0xFFFF, 0xFFFF, 0xFFFF, 0xFFFF, 0xFFFF,
  0xFFFF, 0xFFFF, 0xFFFF, 0xFFFF, 0xFFFF, 0xFFFF, 0xFFFF, 0xFFFF, 0xFFFF, 0xFFFF, 0xFFFF, 0xFFFF,
  0xFFFF, 0xFFFF, 0xFFFF, 0xFFFF, 0xFFFF, 0xFFFF, 0xFFFF, 0xFFFF, 0xFFFF, 0xFFFF, 0xFFFF, 0xEF7E,
  0xADF9, 0x6454, 0x2ACF, 0x0A0D, 0x01CC, 0x01CC, 0x01CC, 0x01CC, 0x01CC, 0x01CC, 0x01CC, 0x01CC,
  0x01CC, 0x01CC, 0x01CC, 0x01CC, 0x01CC, 0x01CC, 0x01CC, 0x01CC, 0x01CC, 0x01CC, 0x01CC, 0x01CC,
  0x01CC, 0x01CC, 0x01CC, 0x01CC, 0x01CC, 0x01CC, 0x01CC, 0x01CC, 0x01CC, 0x01CC, 0x01CC, 0x01CC,
  0x01CC, 0x01CC, 0x01CC, 0x01CC, 0x01CC, 0x01CC, 0x01CC, 0x01CC, 0x01CC, 0x01CC, 0x1A6E, 0x4B92,
  0xA5D9, 0xDF1D, 0xFFFF, 0xFFFF, 0xFFFF, 0xFFFF, 0xFFFF, 0xFFFF, 0xFFFF, 0xFFFF, 0xFFFF, 0xFFFF,
  0xFFFF, 0xFFFF, 0xFFFF, 0xFFFF, 0xFFFF, 0xFFFF, 0xFFFF, 0xFFFF, 0xFFFF, 0xFFFF, 0xFFFF, 0xFFFF,
  0xFFFF, 0xFFFF, 0xFFFF, 0xFFFF, 0xFFFF, 0xFFFF, 0xFFFF, 0xFFFF, 0xFFFF, 0xFFFF, 0xFFFF, 0xFFFF,
  0xFFFF, 0xFFFF, 0xFFFF, 0xFFFF, 0xFFFF, 0xFFFF, 0xFFFF, 0xFFFF, 0xFFFF, 0xFFFF, 0xFFFF, 0xFFFF,
  0xFFFF, 0xFFFF, 0xFFFF, 0xFFFF, 0xFFFF, 0xFFFF, 0xFFFF, 0xFFFF, 0xE75E, 0xA5B8, 0x6433, 0x2AF0,
  0x124E, 0x01ED, 0x01CC, 0x01CC, 0x01CC, 0x01CC, 0x01CC, 0x01CC, 0x01CC, 0x01CC, 0x01CC, 0x01CC,
  0x01CC, 0x01CC, 0x01CC, 0x01CC, 0x01CC, 0x01CC, 0x01CC, 0x01CC, 0x01CC, 0x01CC, 0x01CC, 0x01CC,
  0x01CC, 0x01CC, 0x01CC, 0x01CC, 0x01CC, 0x01CC, 0x01CC, 0x01CC, 0x01CC, 0x01CC, 0x01CC, 0x01CC,
  0x01CC, 0x01CC, 0x01CC, 0x01CC, 0x228F, 0x5C13, 0xBE7A, 0xEF7E, 0xFFFF, 0xFFFF, 0xFFFF, 0xFFFF,
  0xFFFF, 0xFFFF, 0xFFFF, 0xFFFF, 0xFFFF, 0xFFFF, 0xFFFF, 0xFFFF, 0xFFFF, 0xFFFF, 0xFFFF, 0xFFFF,
  0xFFFF, 0xFFFF, 0xFFFF, 0xFFFF, 0xFFFF, 0xFFFF, 0xFFFF, 0xFFFF, 0xFFFF, 0xFFFF, 0xFFFF, 0xFFFF,
  0xFFDF, 0x9D98, 0x3310, 0x0A0D, 0x01CC, 0x01CC, 0x01CC, 0x01CC, 0x01CC, 0x01CC, 0x01CC, 0x01CC,
  0x01CC, 0x01CC, 0x01CC, 0x01CC, 0x01CC, 0x01CC, 0x01CC, 0x01CC, 0x01CC, 0x01CC, 0x01CC, 0x01CC,
  0x01CC, 0x01CC, 0x01CC, 0x01CC, 0x01CC, 0x01CC, 0x01CC, 0x01CC, 0x01CC, 0x01CC, 0x01CC, 0x01CC,
  0x01CC, 0x01CC, 0x01CC, 0x01CC, 0x01CC, 0x01CC, 0x01CC, 0x01CC, 0x01CC, 0x01CC, 0x01CC, 0x01CC,
  0x01CC, 0x01CC, 0x01CC, 0x01CC, 0x01CC, 0x01CC, 0x01CC, 0x01CC, 0x01CC, 0x01CC, 0x01CC, 0x01CC,
  0x01CC, 0x01CC, 0x01CC, 0x01CC, 0x01CC, 0x01CC, 0x01CC, 0x01CC, 0x01CC, 0x01CC, 0x01CC, 0x01CC,
  0x01CC, 0x01CC, 0x01CC, 0x01CC, 0x01CC, 0x01CC, 0x01CC, 0x01CC, 0x01CC, 0x01CC, 0x01CC, 0x01CC,
  0x01CC, 0x01CC, 0x01CC, 0x01CC, 0x01CC, 0x01CC, 0x01CC, 0x01CC, 0x01CC, 0x01CC, 0x01CC, 0x01CC,
  0x01CC, 0x01CC, 0x01CC, 0x01CC, 0x01CC, 0x01CC, 0x01CC, 0x01CC, 0x01CC, 0x01CC, 0x01CC, 0x01CC,
  0x01CC, 0x01CC, 0x01CC, 0x01CC, 0x01CC, 0x01CC, 0x01CC, 0x01CC, 0x01CC, 0x01CC, 0x01CC, 0x01CC,
  0x01CC, 0x01CC, 0x01CC, 0x01CC, 0x01CC, 0x01CC, 0x01CC, 0x01CC, 0x01CC, 0x01CC, 0x01CC, 0x01CC,
  0x01CC, 0x01CC, 0x01CC, 0x01CC, 0x01CC, 0x01CC, 0x01CC, 0x01CC, 0x01CC, 0x01CC, 0x01CC, 0x01CC,
  0x01CC, 0x01CC, 0x01CC, 0x01CC, 0x01CC, 0x01CC, 0x01CC, 0x01CC, 0x01CC, 0x01CC, 0x01CC, 0x01CC,
  0x01CC, 0x01CC, 0x01CC, 0x01CC, 0x01CC, 0x01CC, 0x01CC, 0x01CC, 0x01CC, 0x01CC, 0x01CC, 0x01CC,
  0x01CC, 0x01CC, 0x01CC, 0x01CC, 0x01CC, 0x01CC, 0x01CC, 0x01CC, 0x01CC, 0x01CC, 0x01CC, 0x01CC,
  0x01CC, 0x01CC, 0x01CC, 0x01CC, 0x01CC, 0x01CC, 0x01CC, 0x01CC, 0x01CC, 0x01CC, 0x01CC, 0x01CC,
  0x01CC, 0x01CC, 0x01CC, 0x01CC, 0x01CC, 0x01CC, 0x01CC, 0x01CC, 0x01CC, 0x01CC, 0x01CC, 0x01CC,
  0x01CC, 0x01CC, 0x01CC, 0x01CC, 0x01CC, 0x01CC, 0x01CC, 0x01CC, 0x01CC, 0x01CC, 0x01CC, 0x01CC,
  0x01CC, 0x01CC, 0x01CC, 0x01CC, 0x01CC, 0x01CC, 0x01CC, 0x01CC, 0x01CC, 0x01CC, 0x01CC, 0x01CC,
  0x01CC, 0x01CC, 0x01CC, 0x01CC, 0x01CC, 0x01CC, 0x01CC, 0x01CC, 0x01CC, 0x01CC, 0x01CC, 0x01CC,
  0x01CC, 0x01CC, 0x01CC, 0x01CC, 0x01CC, 0x01CC, 0x01CC, 0x01CC, 0x01CC, 0x01CC, 0x01CC, 0x01CC,
  0x01CC, 0x01CC, 0x01CC, 0x01CC, 0x01CC, 0x01CC, 0x01CC, 0x01CC, 0x01CC, 0x01CC, 0x01CC, 0x01CC,
  0x01CC, 0x124E, 0x4371, 0xB63A, 0xEF7E, 0xFFFF, 0xFFFF, 0xFFFF, 0xFFFF, 0xFFFF, 0xFFFF, 0xFFFF,
  0xFFFF, 0xFFFF, 0xFFFF, 0xFFFF, 0xFFFF, 0xFFFF, 0xFFFF, 0xFFFF, 0xFFFF, 0xFFFF, 0xFFFF, 0xFFFF,
  0xFFFF, 0xFFFF, 0xFFFF, 0xFFFF, 0xFFFF, 0xFFFF, 0xFFFF, 0xFFFF, 0xFFFF, 0xFFFF, 0xDF3D, 0xADF9,
  0x5C13, 0x22AF, 0x01EC, 0x01CC, 0x01CC, 0x01CC, 0x01CC, 0x01CC, 0x01CC, 0x01CC, 0x01CC, 0x01CC,
  0x01CC, 0x01CC, 0x01CC, 0x01CC, 0x01CC, 0x01CC, 0x01CC, 0x01CC, 0x01CC, 0x01CC, 0x01CC, 0x01CC,
  0x01CC, 0x01CC, 0x01CC, 0x01CC, 0x01CC, 0x01CC, 0x01CC, 0x01CC, 0x01CC, 0x01CC, 0x01CC, 0x01CC,
  0x01CC, 0x01CC, 0x01CC, 0x01CC, 0x01CC, 0x01CC, 0x01CC, 0x01ED, 0x124E, 0x3B30, 0x6434, 0x9577,
  0xCEDC, 0xEF9E, 0xFFFF, 0xFFFF, 0xFFFF, 0xFFFF, 0xFFFF, 0xFFFF, 0xFFFF, 0xFFFF, 0xFFFF, 0xFFFF,
  0xFFFF, 0xFFFF, 0xFFFF, 0xFFFF, 0xFFFF, 0xFFFF, 0xFFFF, 0xFFFF, 0xFFFF, 0xFFFF, 0xFFFF, 0xFFFF,
  0xFFFF, 0xFFFF, 0xFFFF, 0xFFFF, 0xFFFF, 0xFFFF, 0xFFFF, 0xFFFF, 0xFFFF, 0xFFFF, 0xFFFF, 0xFFFF,
  0xFFFF, 0xFFFF, 0xFFFF, 0xFFFF, 0xFFFF, 0xFFFF, 0xFFFF, 0xFFFF, 0xFFFF, 0xFFFF, 0xFFFF, 0xFFFF,
  0xFFFF, 0xFFFF, 0xFFFF, 0xFFFF, 0xFFFF, 0xFFFF, 0xFFFF, 0xFFDF, 0xE77E, 0xA5D9, 0x6434, 0x2AF0,
  0x122E, 0x01ED, 0x01CC, 0x01CC, 0x01CC, 0x01CC, 0x01CC, 0x01CC, 0x01CC, 0x01CC, 0x01CC, 0x01CC,
  0x01CC, 0x01CC, 0x01CC, 0x01CC, 0x01CC, 0x01CC, 0x01CC, 0x01CC, 0x01CC, 0x01CC, 0x01CC, 0x01CC,
  0x01CC, 0x01CC, 0x01CC, 0x01CC, 0x01CC, 0x01CC, 0x01CC, 0x01CC, 0x01CC, 0x01CC, 0x01CC, 0x01CC,
  0x01CC, 0x01CC, 0x01ED, 0x1A6E, 0x5C13, 0xA5D9, 0xEF7E, 0xFFFF, 0xFFFF, 0xFFFF, 0xFFFF, 0xFFFF,
  0xFFFF, 0xFFFF, 0xFFFF, 0xFFFF, 0xFFFF, 0xFFFF, 0xFFFF, 0xFFFF, 0xFFFF, 0xFFFF, 0xFFFF, 0xFFFF,
  0xFFFF, 0xFFFF, 0xFFFF, 0xFFFF, 0xFFFF, 0xFFFF, 0xFFFF, 0xFFFF, 0xFFFF, 0xFFFF, 0xFFFF, 0xF7BF,
  0xD6DC, 0x6C74, 0x0A2D, 0x01CC, 0x01CC, 0x01CC, 0x01CC, 0x01CC, 0x01CC, 0x01CC, 0x01CC, 0x01CC,
  0x01CC, 0x01CC, 0x01CC, 0x01CC, 0x01CC, 0x01CC, 0x01CC, 0x01CC, 0x01CC, 0x01CC, 0x01CC, 0x01CC,
  0x01CC, 0x01CC, 0x01CC, 0x01CC, 0x01CC, 0x01CC, 0x01CC, 0x01CC, 0x01CC, 0x01CC, 0x01CC, 0x01CC,
  0x01CC, 0x01CC, 0x01CC, 0x01CC, 0x01CC, 0x01CC, 0x01CC, 0x01CC, 0x01CC, 0x01CC, 0x01CC, 0x01CC,
  0x01CC, 0x01CC, 0x01CC, 0x01CC, 0x01CC, 0x01CC, 0x01CC, 0x01CC, 0x01CC, 0x01CC, 0x01CC, 0x01CC,
  0x01CC, 0x01CC, 0x01CC, 0x01CC, 0x01CC, 0x01CC, 0x01CC, 0x01CC, 0x01CC, 0x01CC, 0x01CC, 0x01CC,
  0x01CC, 0x01CC, 0x01CC, 0x01CC, 0x01CC, 0x01CC, 0x01CC, 0x01CC, 0x01CC, 0x01CC, 0x01CC, 0x01CC,
  0x01CC, 0x01CC, 0x01CC, 0x01CC, 0x01CC, 0x01CC, 0x01CC, 0x01CC, 0x01CC, 0x01CC, 0x01CC, 0x01CC,
  0x01CC, 0x01CC, 0x01CC, 0x01CC, 0x01CC, 0x01CC, 0x01CC, 0x01CC, 0x01CC, 0x01CC, 0x01CC, 0x01CC,
  0x01CC, 0x01CC, 0x01CC, 0x01CC, 0x01CC, 0x01CC, 0x01CC, 0x01CC, 0x01CC, 0x01CC, 0x01CC, 0x01CC,
  0x01CC, 0x01CC, 0x01CC, 0x01CC, 0x01CC, 0x01CC, 0x01CC, 0x01CC, 0x01CC, 0x01CC, 0x01CC, 0x01CC,
  0x01CC, 0x01CC, 0x01CC, 0x01CC, 0x01CC, 0x01CC, 0x01CC, 0x01CC, 0x01CC, 0x01CC, 0x01CC, 0x01CC,
  0x01CC, 0x01CC, 0x01CC, 0x01CC, 0x01CC, 0x01CC, 0x01CC, 0x01CC, 0x01CC, 0x01CC, 0x01CC, 0x01CC,
  0x01CC, 0x01CC, 0x01CC, 0x01CC, 0x01CC, 0x01CC, 0x01CC, 0x01CC, 0x01CC, 0x01CC, 0x01CC, 0x01CC,
  0x01CC, 0x01CC, 0x01CC, 0x01CC, 0x01CC, 0x01CC, 0x01CC, 0x01CC, 0x01CC, 0x01CC, 0x01CC, 0x01CC,
  0x01CC, 0x01CC, 0x01CC, 0x01CC, 0x01CC, 0x01CC, 0x01CC, 0x01CC, 0x01CC, 0x01CC, 0x01CC, 0x01CC,
  0x01CC, 0x01CC, 0x01CC, 0x01CC, 0x01CC, 0x01CC, 0x01CC, 0x01CC, 0x01CC, 0x01CC, 0x01CC, 0x01CC,
  0x01CC, 0x01CC, 0x01CC, 0x01CC, 0x01CC, 0x01CC, 0x01CC, 0x01CC, 0x01CC, 0x01CC, 0x01CC, 0x01CC,
  0x01CC, 0x01CC, 0x01CC, 0x01CC, 0x01CC, 0x01CC, 0x01CC, 0x01CC, 0x01CC, 0x01CC, 0x01CC, 0x01CC,
  0x01CC, 0x01CC, 0x01CC, 0x01CC, 0x01CC, 0x01CC, 0x01CC, 0x01CC, 0x01CC, 0x01CC, 0x01CC, 0x01CC,
  0x01CC, 0x01CC, 0x01CC, 0x01CC, 0x01CC, 0x01CC, 0x01CC, 0x01CC, 0x01CC, 0x01CC, 0x01CC, 0x01CC,
  0x01CC, 0x01CC, 0x01CC, 0x01CC, 0x01CC, 0x01CC, 0x01CC, 0x01CC, 0x01CC, 0x01CC, 0x01CC, 0x01CC,
  0x01CC, 0x3310, 0x7CD6, 0xE75D, 0xFFFF, 0xFFFF, 0xFFFF, 0xFFFF, 0xFFFF, 0xFFFF, 0xFFFF, 0xFFFF,
  0xFFFF, 0xFFFF, 0xFFFF, 0xFFFF, 0xFFFF, 0xFFFF, 0xFFFF, 0xFFFF, 0xFFFF, 0xFFFF, 0xFFFF, 0xFFFF,
  0xFFFF, 0xFFFF, 0xFFFF, 0xFFFF, 0xFFFF, 0xFFFF, 0xFFFF, 0xFFFF, 0xFFFF, 0xF7BF, 0xADF9, 0x53D2,
  0x122D, 0x01CC, 0x01CC, 0x01CC, 0x01CC, 0x01CC, 0x01CC, 0x01CC, 0x01CC, 0x01CC, 0x01CC, 0x01CC,
  0x01CC, 0x01CC, 0x01CC, 0x01CC, 0x01CC, 0x01CC, 0x01CC, 0x01CC, 0x01CC, 0x01CC, 0x01CC, 0x01CC,
  0x01CC, 0x01CC, 0x01CC, 0x01CC, 0x01CC, 0x01CC, 0x01CC, 0x01CC, 0x01CC, 0x01CC, 0x01CC, 0x01CC,
  0x01CC, 0x01CC, 0x01CC, 0x01CC, 0x01CC, 0x01EC, 0x01ED, 0x1A6E, 0x4371, 0x9577, 0xD6DC, 0xFFDF,
  0xFFFF, 0xFFFF, 0xFFFF, 0xFFFF, 0xFFFF, 0xFFFF, 0xFFFF, 0xFFFF, 0xFFFF, 0xFFFF, 0xFFFF, 0xFFFF,
  0xFFFF, 0xFFFF, 0xFFFF, 0xFFFF, 0xFFFF, 0xFFFF, 0xFFFF, 0xFFFF, 0xFFFF, 0xFFFF, 0xFFFF, 0xFFFF,
  0xFFFF, 0xFFFF, 0xFFFF, 0xFFFF, 0xFFFF, 0xFFFF, 0xFFFF, 0xFFFF, 0xFFFF, 0xFFFF, 0xFFFF, 0xFFFF,
  0xFFFF, 0xFFFF, 0xFFFF, 0xFFFF, 0xFFFF, 0xFFFF, 0xFFFF, 0xFFFF, 0xFFFF, 0xFFFF, 0xFFFF, 0xFFFF,
  0xFFFF, 0xFFFF, 0xFFFF, 0xFFFF, 0xFFFF, 0xFFFF, 0xFFFF, 0xFFFF, 0xF7DF, 0xEF7E, 0xBE5A, 0x7CD5,
  0x3B30, 0x1A6E, 0x0A0D, 0x01EC, 0x01CC, 0x01CC, 0x01CC, 0x01CC, 0x01CC, 0x01CC, 0x01CC, 0x01CC,
  0x01CC, 0x01CC, 0x01CC, 0x01CC, 0x01CC, 0x01CC, 0x01CC, 0x01CC, 0x01CC, 0x01CC, 0x01CC, 0x01CC,
  0x01CC, 0x01CC, 0x01CC, 0x01CC, 0x01CC, 0x01CC, 0x01CC, 0x01CC, 0x01CC, 0x01CC, 0x01CC, 0x01CC,
  0x01CC, 0x01EC, 0x124E, 0x4BB2, 0xA5D9, 0xF7BF, 0xFFFF, 0xFFFF, 0xFFFF, 0xFFFF, 0xFFFF, 0xFFFF,
  0xFFFF, 0xFFFF, 0xFFFF, 0xFFFF, 0xFFFF, 0xFFFF, 0xFFFF, 0xFFFF, 0xFFFF, 0xFFFF, 0xFFFF, 0xFFFF,
  0xFFFF, 0xFFFF, 0xFFFF, 0xFFFF, 0xFFFF, 0xFFFF, 0xFFFF, 0xFFFF, 0xFFFF, 0xFFFF, 0xFFFF, 0xE75E,
  0x8D57, 0x3B51, 0x01CC, 0x01CC, 0x01CC, 0x01CC, 0x01CC, 0x01CC, 0x01CC, 0x01CC, 0x01CC, 0x01CC,
  0x01CC, 0x01CC, 0x01CC, 0x01CC, 0x01CC, 0x01CC, 0x01CC, 0x01CC, 0x01CC, 0x01CC, 0x01CC, 0x01CC,
  0x01CC, 0x01CC, 0x01CC, 0x01CC, 0x01CC, 0x01CC, 0x01CC, 0x01CC, 0x01CC, 0x01CC, 0x01CC, 0x01CC,
  0x01CC, 0x01CC, 0x01CC, 0x01CC, 0x01CC, 0x01CC, 0x01CC, 0x01CC, 0x01CC, 0x01CC, 0x01CC, 0x01CC,
  0x01CC, 0x01CC, 0x01CC, 0x01CC, 0x01CC, 0x01CC, 0x01CC, 0x01CC, 0x01CC, 0x01CC, 0x01CC, 0x01CC,
  0x01CC, 0x01CC, 0x01CC, 0x01CC, 0x01CC, 0x01CC, 0x01CC, 0x01CC, 0x01CC, 0x01CC, 0x01CC, 0x01CC,
  0x01CC, 0x01CC, 0x01CC, 0x01CC, 0x01CC, 0x01CC, 0x01CC, 0x01CC, 0x01CC, 0x01CC, 0x01CC, 0x01CC,
  0x01CC, 0x01CC, 0x01CC, 0x01CC, 0x01CC, 0x01CC, 0x01CC, 0x01CC, 0x01CC, 0x01CC, 0x01CC, 0x01CC,
  0x01CC, 0x01CC, 0x01CC, 0x01CC, 0x01CC, 0x01CC, 0x01CC, 0x01CC, 0x01CC, 0x01CC, 0x01CC, 0x01CC,
  0x01CC, 0x01CC, 0x01CC, 0x01CC, 0x01CC, 0x01CC, 0x01CC, 0x01CC, 0x01CC, 0x01CC, 0x01CC, 0x01CC,
  0x01CC, 0x01CC, 0x01CC, 0x01CC, 0x01CC, 0x01CC, 0x01CC, 0x01CC, 0x01CC, 0x01CC, 0x01CC, 0x01CC,
  0x01CC, 0x01CC, 0x01CC, 0x01CC, 0x01CC, 0x01CC, 0x01CC, 0x01CC, 0x01CC, 0x01CC, 0x01CC, 0x01CC,
  0x01CC, 0x01CC, 0x01CC, 0x01CC, 0x01CC, 0x01CC, 0x01CC, 0x01CC, 0x01CC, 0x01CC, 0x01CC, 0x01CC,
  0x01CC, 0x01CC, 0x01CC, 0x01CC, 0x01CC, 0x01CC, 0x01CC, 0x01CC, 0x01CC, 0x01CC, 0x01CC, 0x01CC,
  0x01CC, 0x01CC, 0x01CC, 0x01CC, 0x01CC, 0x01CC, 0x01CC, 0x01CC, 0x01CC, 0x01CC, 0x01CC, 0x01CC,
  0x01CC, 0x01CC, 0x01CC, 0x01CC, 0x01CC, 0x01CC, 0x01CC, 0x01CC, 0x01CC, 0x01CC, 0x01CC, 0x01CC,
  0x01CC, 0x01CC, 0x01CC, 0x01CC, 0x01CC, 0x01CC, 0x01CC, 0x01CC, 0x01CC, 0x01CC, 0x01CC, 0x01CC,
  0x01CC, 0x01CC, 0x01CC, 0x01CC, 0x01CC, 0x01CC, 0x01CC, 0x01CC, 0x01CC, 0x01CC, 0x01CC, 0x01CC,
  0x01CC, 0x01CC, 0x01CC, 0x01CC, 0x01CC, 0x01CC, 0x01CC, 0x01CC, 0x01CC, 0x01CC, 0x01CC, 0x01CC,
  0x01CC, 0x01CC, 0x01CC, 0x01CC, 0x01CC, 0x01CC, 0x01CC, 0x01CC, 0x01CC, 0x01CC, 0x01CC, 0x01CC,
  0x01CC, 0x01CC, 0x01CC, 0x01CC, 0x01CC, 0x01CC, 0x01CC, 0x01CC, 0x01CC, 0x01CC, 0x01CC, 0x01CC,
  0x01CC, 0x01CC, 0x01CC, 0x01CC, 0x01CC, 0x01CC, 0x01CC, 0x01CC, 0x01CC, 0x01CC, 0x01CC, 0x01CC,
  0x122D, 0x6434, 0xC69B, 0xF7BE, 0xFFFF, 0xFFFF, 0xFFFF, 0xFFFF, 0xFFFF, 0xFFFF, 0xFFFF, 0xFFFF,
  0xFFFF, 0xFFFF, 0xFFFF, 0xFFFF, 0xFFFF, 0xFFFF, 0xFFFF, 0xFFFF, 0xFFFF, 0xFFFF, 0xFFFF, 0xFFFF,
  0xFFFF, 0xFFFF, 0xFFFF, 0xFFFF, 0xFFFF, 0xFFFF, 0xFFFF, 0xFFFF, 0xEF7E, 0xADF9, 0x5BF3, 0x1A6E,
  0x01EC, 0x01CC, 0x01CC, 0x01CC, 0x01CC, 0x01CC, 0x01CC, 0x01CC, 0x01CC, 0x01CC, 0x01CC, 0x01CC,
  0x01CC, 0x01CC, 0x01CC, 0x01CC, 0x01CC, 0x01CC, 0x01CC, 0x01CC, 0x01CC, 0x01CC, 0x01CC, 0x01CC,
  0x01CC, 0x01CC, 0x01CC, 0x01CC, 0x01CC, 0x01CC, 0x01CC, 0x01CC, 0x01CC, 0x01CC, 0x01CC, 0x01CC,
  0x01CC, 0x01CC, 0x01CC, 0x01CC, 0x0A0D, 0x228F, 0x53D3, 0x8D37, 0xBE5A, 0xDF3D, 0xF79E, 0xFFFF,
  0xFFFF, 0xFFFF, 0xFFFF, 0xFFFF, 0xFFFF, 0xFFFF, 0xFFFF, 0xFFFF, 0xFFFF, 0xFFFF, 0xFFFF, 0xFFFF,
  0xFFFF, 0xFFFF, 0xFFFF, 0xFFFF, 0xFFFF, 0xFFFF, 0xFFFF, 0xFFFF, 0xFFFF, 0xFFFF, 0xFFFF, 0xFFFF,
  0xFFFF, 0xFFFF, 0xFFFF, 0xFFFF, 0xFFFF, 0xFFFF, 0xFFFF, 0xFFFF, 0xFFFF, 0xFFFF, 0xFFFF, 0xFFFF,
  0xFFFF, 0xFFFF, 0xFFFF, 0xFFFF, 0xFFFF, 0xFFFF, 0xFFFF, 0xFFFF, 0xFFFF, 0xFFFF, 0xFFFF, 0xFFFF,
  0xFFFF, 0xFFFF, 0xFFFF, 0xFFFF, 0xFFFF, 0xFFFF, 0xFFFF, 0xFFFF, 0xFFFF, 0xFFDF, 0xEF7E, 0xD6FC,
  0xBE5A, 0x9557, 0x6454, 0x3B30, 0x124E, 0x01CC, 0x01CC, 0x01CC, 0x01CC, 0x01CC, 0x01CC, 0x01CC,
  0x01CC, 0x01CC, 0x01CC, 0x01CC, 0x01CC, 0x01CC, 0x01CC, 0x01CC, 0x01CC, 0x01CC, 0x01CC, 0x01CC,
  0x01CC, 0x01CC, 0x01CC, 0x01CC, 0x01CC, 0x01CC, 0x01CC, 0x01CC, 0x01CC, 0x01CC, 0x01CC, 0x01CC,
  0x01CC, 0x22AF, 0x5C13, 0xAE19, 0xDF3D, 0xFFFF, 0xFFFF, 0xFFFF, 0xFFFF, 0xFFFF, 0xFFFF, 0xFFFF,
  0xFFFF, 0xFFFF, 0xFFFF, 0xFFFF, 0xFFFF, 0xFFFF, 0xFFFF, 0xFFFF, 0xFFFF, 0xFFFF, 0xFFFF, 0xFFFF,
  0xFFFF, 0xFFFF, 0xFFFF, 0xFFFF, 0xFFFF, 0xFFFF, 0xFFFF, 0xFFFF, 0xFFFF, 0xFFFF, 0xF7BF, 0xCEBC,
  0x53B2, 0x1A6E, 0x01CC, 0x01CC, 0x01CC, 0x01CC, 0x01CC, 0x01CC, 0x01CC, 0x01CC, 0x01CC, 0x01CC,
  0x01CC, 0x01CC, 0x01CC, 0x01CC, 0x01CC, 0x01CC, 0x01CC, 0x01CC, 0x01CC, 0x01CC, 0x01CC, 0x01CC,
  0x01CC, 0x01CC, 0x01CC, 0x01CC, 0x01CC, 0x01CC, 0x01CC, 0x01CC, 0x01CC, 0x01CC, 0x01CC, 0x01CC,
  0x01CC, 0x01CC, 0x01CC, 0x01CC, 0x01CC, 0x01CC, 0x01CC, 0x01CC, 0x01CC, 0x01CC, 0x01CC, 0x01CC,
  0x01CC, 0x01CC, 0x01CC, 0x01CC, 0x01CC, 0x01CC, 0x01CC, 0x01CC, 0x01CC, 0x01CC, 0x01CC, 0x01CC,
  0x01CC, 0x01CC, 0x01CC, 0x01CC, 0x01CC, 0x01CC, 0x01CC, 0x01CC, 0x01CC, 0x01CC, 0x01CC, 0x01CC,
  0x01CC, 0x01CC, 0x01CC, 0x01CC, 0x01CC, 0x01CC, 0x01CC, 0x01CC, 0x01CC, 0x01CC, 0x01CC, 0x01CC,
  0x01CC, 0x01CC, 0x01CC, 0x01CC, 0x01CC, 0x01CC, 0x01CC, 0x01CC, 0x01CC, 0x01CC, 0x01CC, 0x01CC,
  0x01CC, 0x01CC, 0x01CC, 0x01CC, 0x01CC, 0x01CC, 0x01CC, 0x01CC, 0x01CC, 0x01CC, 0x01CC, 0x01CC,
  0x01CC, 0x01CC, 0x01CC, 0x01CC, 0x01CC, 0x01CC, 0x01CC, 0x01CC, 0x01CC, 0x01CC, 0x01CC, 0x01CC,
  0x01CC, 0x01CC, 0x01CC, 0x01CC, 0x01CC, 0x01CC, 0x01CC, 0x01CC, 0x01CC, 0x01CC, 0x01CC, 0x01CC,
  0x01CC, 0x01CC, 0x01CC, 0x01CC, 0x01CC, 0x01CC, 0x01CC, 0x01CC, 0x01CC, 0x01CC, 0x01CC, 0x01CC,
  0x01CC, 0x01CC, 0x01CC, 0x01CC, 0x01CC, 0x01CC, 0x01CC, 0x01CC, 0x01CC, 0x01CC, 0x01CC, 0x01CC,
  0x01CC, 0x01CC, 0x01CC, 0x01CC, 0x01CC, 0x01CC, 0x01CC, 0x01CC, 0x01CC, 0x01CC, 0x01CC, 0x01CC,
  0x01CC, 0x01CC, 0x01CC, 0x01CC, 0x01CC, 0x01CC, 0x01CC, 0x01CC, 0x01CC, 0x01CC, 0x01CC, 0x01CC,
  0x01CC, 0x01CC, 0x01CC, 0x01CC, 0x01CC, 0x01CC, 0x01CC, 0x01CC, 0x01CC, 0x01CC, 0x01CC, 0x01CC,
  0x01CC, 0x01CC, 0x01CC, 0x01CC, 0x01CC, 0x01CC, 0x01CC, 0x01CC, 0x01CC, 0x01CC, 0x01CC, 0x01CC,
  0x01CC, 0x01CC, 0x01CC, 0x01CC, 0x01CC, 0x01CC, 0x01CC, 0x01CC, 0x01CC, 0x01CC, 0x01CC, 0x01CC,
  0x01CC, 0x01CC, 0x01CC, 0x01CC, 0x01CC, 0x01CC, 0x01CC, 0x01CC, 0x01CC, 0x01CC, 0x01CC, 0x01CC,
  0x01CC, 0x01CC, 0x01CC, 0x01CC, 0x01CC, 0x01CC, 0x01CC, 0x01CC, 0x01CC, 0x01CC, 0x01CC, 0x01CC,
  0x01CC, 0x01CC, 0x01CC, 0x01CC, 0x01CC, 0x01CC, 0x01CC, 0x01CC, 0x01CC, 0x01CC, 0x01CC, 0x01CC,
  0x01CC, 0x01CC, 0x01CC, 0x01CC, 0x01CC, 0x01CC, 0x01CC, 0x01CC, 0x01CC, 0x01CC, 0x01CC, 0x0A0D,
  0x3310, 0x9557, 0xEF9E, 0xFFFF, 0xFFFF, 0xFFFF, 0xFFFF, 0xFFFF, 0xFFFF, 0xFFFF, 0xFFFF, 0xFFFF,
  0xFFFF, 0xFFFF, 0xFFFF, 0xFFFF, 0xFFFF, 0xFFFF, 0xFFFF, 0xFFFF, 0xFFFF, 0xFFFF, 0xFFFF, 0xFFFF,
  0xFFFF, 0xFFFF, 0xFFFF, 0xFFFF, 0xFFFF, 0xFFFF, 0xFFFF, 0xEF7E, 0xBE7A, 0x5C13, 0x22AF, 0x01CC,
  0x01CC, 0x01CC, 0x01CC, 0x01CC, 0x01CC, 0x01CC, 0x01CC, 0x01CC, 0x01CC, 0x01CC, 0x01CC, 0x01CC,
  0x01CC, 0x01CC, 0x01CC, 0x01CC, 0x01CC, 0x01CC, 0x01CC, 0x01CC, 0x01CC, 0x01CC, 0x01CC, 0x01CC,
  0x01CC, 0x01CC, 0x01CC, 0x01CC, 0x01CC, 0x01CC, 0x01CC, 0x01CC, 0x01CC, 0x01CC, 0x01CC, 0x01CC,
  0x01CC, 0x01EC, 0x122D, 0x2ACF, 0x53D2, 0x7CD5, 0xADF9, 0xD6FC, 0xF7BF, 0xFFFF, 0xFFFF, 0xFFFF,
  0xFFFF, 0xFFFF, 0xFFFF, 0xFFFF, 0xFFFF, 0xFFFF, 0xFFFF, 0xFFFF, 0xFFFF, 0xFFFF, 0xFFFF, 0xFFFF,
  0xFFFF, 0xFFFF, 0xFFFF, 0xFFFF, 0xFFFF, 0xFFFF, 0xFFFF, 0xFFFF, 0xFFFF, 0xFFFF, 0xFFFF, 0xFFFF,
  0xFFFF, 0xFFFF, 0xFFFF, 0xFFFF, 0xFFFF, 0xFFFF, 0xFFFF, 0xFFFF, 0xFFFF, 0xFFFF, 0xFFFF, 0xFFFF,
  0xFFFF, 0xFFFF, 0xFFFF, 0xFFFF, 0xFFFF, 0xFFFF, 0xFFFF, 0xFFFF, 0xFFFF, 0xFFFF, 0xFFFF, 0xFFFF,
  0xFFFF, 0xFFFF, 0xFFFF, 0xFFFF, 0xFFFF, 0xFFFF, 0xFFFF, 0xFFFF, 0xFFFF, 0xFFFF, 0xFFFF, 0xFFFF,
  0xF7DF, 0xDF3D, 0xBE5A, 0x9557, 0x6C74, 0x4B92, 0x2AF0, 0x1A6E, 0x01ED, 0x01CC, 0x01CC, 0x01CC,
  0x01CC, 0x01CC, 0x01CC, 0x01CC, 0x01CC, 0x01CC, 0x01CC, 0x01CC, 0x01CC, 0x01CC, 0x01CC, 0x01CC,
  0x01CC, 0x01CC, 0x01CC, 0x01CC, 0x01CC, 0x01CC, 0x01CC, 0x01CC, 0x01CC, 0x01CC, 0x01ED, 0x124E,
  0x3B51, 0x7495, 0xAE19, 0xE77E, 0xFFDF, 0xFFFF, 0xFFFF, 0xFFFF, 0xFFFF, 0xFFFF, 0xFFFF, 0xFFFF,
  0xFFFF, 0xFFFF, 0xFFFF, 0xFFFF, 0xFFFF, 0xFFFF, 0xFFFF, 0xFFFF, 0xFFFF, 0xFFFF, 0xFFFF, 0xFFFF,
  0xFFFF, 0xFFFF, 0xFFFF, 0xFFFF, 0xFFFF, 0xFFFF, 0xFFFF, 0xFFFF, 0xFFFF, 0xFFFF, 0xD6FC, 0x9557,
  0x22AF, 0x01EC, 0x01CC, 0x01CC, 0x01CC, 0x01CC, 0x01CC, 0x01CC, 0x01CC, 0x01CC, 0x01CC, 0x01CC,
  0x01CC, 0x01CC, 0x01CC, 0x01CC, 0x01CC, 0x01CC, 0x01CC, 0x01CC, 0x01CC, 0x01CC, 0x01CC, 0x01CC,
  0x01CC, 0x01CC, 0x01CC, 0x01CC, 0x01CC, 0x01CC, 0x01CC, 0x01CC, 0x01CC, 0x01CC, 0x01CC, 0x01CC,
  0x01CC, 0x01CC, 0x01CC, 0x01CC, 0x01CC, 0x01CC, 0x01CC, 0x01CC, 0x01CC, 0x01CC, 0x01CC, 0x01CC,
  0x01CC, 0x01CC, 0x01CC, 0x01CC, 0x01CC, 0x01CC, 0x01CC, 0x01CC, 0x01CC, 0x01CC, 0x01CC, 0x01CC,
  0x01CC, 0x01CC, 0x01CC, 0x01CC, 0x01CC, 0x01CC, 0x01CC, 0x01CC, 0x01CC, 0x01CC, 0x01CC, 0x01CC,
  0x01CC, 0x01CC, 0x01CC, 0x01CC, 0x01CC, 0x01CC, 0x01CC, 0x01CC, 0x01CC, 0x01CC, 0x01CC, 0x01CC,
  0x01CC, 0x01CC, 0x01CC, 0x01CC, 0x01CC, 0x01CC, 0x01CC, 0x01CC, 0x01CC, 0x01CC, 0x01CC, 0x01CC,
  0x01CC, 0x01CC, 0x01CC, 0x01CC, 0x01CC, 0x01CC, 0x01CC, 0x01CC, 0x01CC, 0x01CC, 0x01CC, 0x01CC,
  0x01CC, 0x01CC, 0x01CC, 0x01CC, 0x01CC, 0x01CC, 0x01CC, 0x01CC, 0x01CC, 0x01CC, 0x01CC, 0x01CC,
  0x01CC, 0x01CC, 0x01CC, 0x01CC, 0x01CC, 0x01CC, 0x01CC, 0x01CC, 0x01CC, 0x01CC, 0x01CC, 0x01CC,
  0x01CC, 0x01CC, 0x01CC, 0x01CC, 0x01CC, 0x01CC, 0x01CC, 0x01CC, 0x01CC, 0x01CC, 0x01CC, 0x01CC,
  0x01CC, 0x01CC, 0x01CC, 0x01CC, 0x01CC, 0x01CC, 0x01CC, 0x01CC, 0x01CC, 0x01CC, 0x01CC, 0x01CC,
  0x01CC, 0x01CC, 0x01CC, 0x01CC, 0x01CC, 0x01CC, 0x01CC, 0x01CC, 0x01CC, 0x01CC, 0x01CC, 0x01CC,
  0x01CC, 0x01CC, 0x01CC, 0x01CC, 0x01CC, 0x01CC, 0x01CC, 0x01CC, 0x01CC, 0x01CC, 0x01CC, 0x01CC,
  0x01CC, 0x01CC, 0x01CC, 0x01CC, 0x01CC, 0x01CC, 0x01CC, 0x01CC, 0x01CC, 0x01CC, 0x01CC, 0x01CC,
  0x01CC, 0x01CC, 0x01CC, 0x01CC, 0x01CC, 0x01CC, 0x01CC, 0x01CC, 0x01CC, 0x01CC, 0x01CC, 0x01CC,
  0x01CC, 0x01CC, 0x01CC, 0x01CC, 0x01CC, 0x01CC, 0x01CC, 0x01CC, 0x01CC, 0x01CC, 0x01CC, 0x01CC,
  0x01CC, 0x01CC, 0x01CC, 0x01CC, 0x01CC, 0x01CC, 0x01CC, 0x01CC, 0x01CC, 0x01CC, 0x01CC, 0x01CC,
  0x01CC, 0x01CC, 0x01CC, 0x01CC, 0x01CC, 0x01CC, 0x01CC, 0x01CC, 0x01CC, 0x01CC, 0x01CC, 0x01CC,
  0x01CC, 0x01CC, 0x01CC, 0x01CC, 0x01CC, 0x01CC, 0x01CC, 0x01CC, 0x01CC, 0x01CC, 0x01CC, 0x01CC,
  0x01CC, 0x01CC, 0x01CC, 0x01CC, 0x01CC, 0x01CC, 0x01CC, 0x01CC, 0x01CC, 0x01CC, 0x01CC, 0x124E,
  0x6C74, 0xBE7B, 0xFFFF, 0xFFFF, 0xFFFF, 0xFFFF, 0xFFFF, 0xFFFF, 0xFFFF, 0xFFFF, 0xFFFF, 0xFFFF,
  0xFFFF, 0xFFFF, 0xFFFF, 0xFFFF, 0xFFFF, 0xFFFF, 0xFFFF, 0xFFFF, 0xFFFF, 0xFFFF, 0xFFFF, 0xFFFF,
  0xFFFF, 0xFFFF, 0xFFFF, 0xFFFF, 0xFFFF, 0xFFFF, 0xFFFF, 0xCEBB, 0x7CD5, 0x1A6E, 0x01CC, 0x01CC,
  0x01CC, 0x01CC, 0x01CC, 0x01CC, 0x01CC, 0x01CC, 0x01CC, 0x01CC, 0x01CC, 0x01CC, 0x01CC, 0x01CC,
  0x01CC, 0x01CC, 0x01CC, 0x01CC, 0x01CC, 0x01CC, 0x01CC, 0x01CC, 0x01CC, 0x01CC, 0x01CC, 0x01CC,
  0x01CC, 0x01CC, 0x01CC, 0x01CC, 0x01CC, 0x01CC, 0x01CC, 0x01CC, 0x01CC, 0x01CC, 0x01CC, 0x01CC,
  0x01EC, 0x124E, 0x3310, 0x74B5, 0xBE7A, 0xF7DF, 0xFFFF, 0xFFFF, 0xFFFF, 0xFFFF, 0xFFFF, 0xFFFF,
  0xFFFF, 0xFFFF, 0xFFFF, 0xFFFF, 0xFFFF, 0xFFFF, 0xFFFF, 0xFFFF, 0xFFFF, 0xFFFF, 0xFFFF, 0xFFFF,
  0xFFFF, 0xFFFF, 0xFFFF, 0xFFFF, 0xFFFF, 0xFFFF, 0xFFFF, 0xFFFF, 0xFFFF, 0xFFFF, 0xFFFF, 0xFFFF,
  0xFFFF, 0xFFFF, 0xFFFF, 0xFFFF, 0xFFFF, 0xFFFF, 0xFFFF, 0xFFFF, 0xFFFF, 0xFFFF, 0xFFFF, 0xFFFF,
  0xFFFF, 0xFFFF, 0xFFFF, 0xFFFF, 0xFFFF, 0xFFFF, 0xFFFF, 0xFFFF, 0xFFFF, 0xFFFF, 0xFFFF, 0xFFFF,
  0xFFFF, 0xFFFF, 0xFFFF, 0xFFFF, 0xFFFF, 0xFFFF, 0xFFFF, 0xFFFF, 0xFFFF, 0xFFFF, 0xFFFF, 0xFFFF,
  0xFFFF, 0xFFFF, 0xFFFF, 0xFFFF, 0xE75D, 0xBE7B, 0x84F6, 0x4B92, 0x1A6E, 0x0A0D, 0x01ED, 0x01EC,
  0x01CC, 0x01CC, 0x01CC, 0x01CC, 0x01CC, 0x01CC, 0x01CC, 0x01CC, 0x01CC, 0x01CC, 0x01CC, 0x01CC,
  0x01CC, 0x01CC, 0x01CC, 0x01CC, 0x01CC, 0x01CC, 0x01CC, 0x01CC, 0x01CC, 0x01ED, 0x1A6E, 0x4371,
  0x9DB8, 0xDF1D, 0xFFFF, 0xFFFF, 0xFFFF, 0xFFFF, 0xFFFF, 0xFFFF, 0xFFFF, 0xFFFF, 0xFFFF, 0xFFFF,
  0xFFFF, 0xFFFF, 0xFFFF, 0xFFFF, 0xFFFF, 0xFFFF, 0xFFFF, 0xFFFF, 0xFFFF, 0xFFFF, 0xFFFF, 0xFFFF,
  0xFFFF, 0xFFFF, 0xFFFF, 0xFFFF, 0xFFFF, 0xFFFF, 0xFFFF, 0xFFFF, 0xFFFF, 0xFFDF, 0xA5D9, 0x4B92,
  0x0A2D, 0x01CC, 0x01CC, 0x01CC, 0x01CC, 0x01CC, 0x01CC, 0x01CC, 0x01CC, 0x01CC, 0x01CC, 0x01CC,
  0x01CC, 0x01CC, 0x01CC, 0x01CC, 0x01CC, 0x01CC, 0x01CC, 0x01CC, 0x01CC, 0x01CC, 0x01CC, 0x01CC,
  0x01CC, 0x01CC, 0x01CC, 0x01CC, 0x01CC, 0x01CC, 0x01CC, 0x01CC, 0x01CC, 0x01CC, 0x01CC, 0x01CC,
  0x01CC, 0x01CC, 0x01CC, 0x01CC, 0x01CC, 0x01CC, 0x01CC, 0x01CC, 0x01CC, 0x01CC, 0x01CC, 0x01CC,
  0x01CC, 0x01CC, 0x01CC, 0x01CC, 0x01CC, 0x01CC, 0x01CC, 0x01CC, 0x01CC, 0x01CC, 0x01CC, 0x01CC,
  0x01CC, 0x01CC, 0x01CC, 0x01CC, 0x01CC, 0x01CC, 0x01CC, 0x01CC, 0x01CC, 0x01CC, 0x01CC, 0x01CC,
  0x01CC, 0x01CC, 0x01CC, 0x01CC, 0x01CC, 0x01CC, 0x01CC, 0x01CC, 0x01CC, 0x01CC, 0x01CC, 0x01CC,
  0x01CC, 0x01CC, 0x01CC, 0x01CC, 0x01CC, 0x01CC, 0x01CC, 0x01CC, 0x01CC, 0x01CC, 0x01CC, 0x01CC,
  0x01CC, 0x01CC, 0x01CC, 0x01CC, 0x01CC, 0x01CC, 0x01CC, 0x01CC, 0x01CC, 0x01CC, 0x01CC, 0x01CC,
  0x01CC, 0x01CC, 0x01CC, 0x01CC, 0x01CC, 0x01CC, 0x01CC, 0x01CC, 0x01CC, 0x01CC, 0x01CC, 0x01CC,
  0x01CC, 0x01CC, 0x01CC, 0x01CC, 0x01CC, 0x01CC, 0x01CC, 0x01CC, 0x01CC, 0x01CC, 0x01CC, 0x01CC,
  0x01CC, 0x01CC, 0x01CC, 0x01CC, 0x01CC, 0x01CC, 0x01CC, 0x01CC, 0x01CC, 0x01CC, 0x01CC, 0x01CC,
  0x01CC, 0x01CC, 0x01CC, 0x01CC, 0x01CC, 0x01CC, 0x01CC, 0x01CC, 0x01CC, 0x01CC, 0x01CC, 0x01CC,
  0x01CC, 0x01CC, 0x01CC, 0x01CC, 0x01CC, 0x01CC, 0x01CC, 0x01CC, 0x01CC, 0x01CC, 0x01CC, 0x01CC,
  0x01CC, 0x01CC, 0x01CC, 0x01CC, 0x01CC, 0x01CC, 0x01CC, 0x01CC, 0x01CC, 0x01CC, 0x01CC, 0x01CC,
  0x01CC, 0x01CC, 0x01CC, 0x01CC, 0x01CC, 0x01CC, 0x01CC, 0x01CC, 0x01CC, 0x01CC, 0x01CC, 0x01CC,
  0x01CC, 0x01CC, 0x01CC, 0x01CC, 0x01CC, 0x01CC, 0x01CC, 0x01CC, 0x01CC, 0x01CC, 0x01CC, 0x01CC,
  0x01CC, 0x01CC, 0x01CC, 0x01CC, 0x01CC, 0x01CC, 0x01CC, 0x01CC, 0x01CC, 0x01CC, 0x01CC, 0x01CC,
  0x01CC, 0x01CC, 0x01CC, 0x01CC, 0x01CC, 0x01CC, 0x01CC, 0x01CC, 0x01CC, 0x01CC, 0x01CC, 0x01CC,
  0x01CC, 0x01CC, 0x01CC, 0x01CC, 0x01CC, 0x01CC, 0x01CC, 0x01CC, 0x01CC, 0x01CC, 0x01CC, 0x01CC,
  0x01CC, 0x01CC, 0x01CC, 0x01CC, 0x01CC, 0x01CC, 0x01CC, 0x01CC, 0x01CC, 0x01CC, 0x01CC, 0x01CC,
  0x01CC, 0x01CC, 0x01CC, 0x01CC, 0x01CC, 0x01CC, 0x01CC, 0x01CC, 0x01CC, 0x01CC, 0x01ED, 0x2ACF,
  0xADD9, 0xE75D, 0xFFFF, 0xFFFF, 0xFFFF, 0xFFFF, 0xFFFF, 0xFFFF, 0xFFFF, 0xFFFF, 0xFFFF, 0xFFFF,
  0xFFFF, 0xFFFF, 0xFFFF, 0xFFFF, 0xFFFF, 0xFFFF, 0xFFFF, 0xFFFF, 0xFFFF, 0xFFFF, 0xFFFF, 0xFFFF,
  0xFFFF, 0xFFFF, 0xFFFF, 0xFFFF, 0xFFFF, 0xFFDF, 0xE75D, 0x8D16, 0x2ACF, 0x09ED, 0x01CC, 0x01CC,
  0x01CC, 0x01CC, 0x01CC, 0x01CC, 0x01CC, 0x01CC, 0x01CC, 0x01CC, 0x01CC, 0x01CC, 0x01CC, 0x01CC,
  0x01CC, 0x01CC, 0x01CC, 0x01CC, 0x01CC, 0x01CC, 0x01CC, 0x01CC, 0x01CC, 0x01CC, 0x01CC, 0x01CC,
  0x01CC, 0x01CC, 0x01CC, 0x01CC, 0x01CC, 0x01CC, 0x01CC, 0x01CC, 0x01CC, 0x01CC, 0x0A0D, 0x22AF,
  0x53F3, 0x8D37, 0xBE5A, 0xD6FC, 0xEF7E, 0xFFFF, 0xFFFF, 0xFFFF, 0xFFFF, 0xFFFF, 0xFFFF, 0xFFFF,
  0xFFFF, 0xFFFF, 0xFFFF, 0xFFFF, 0xFFFF, 0xFFFF, 0xFFFF, 0xFFFF, 0xFFFF, 0xFFFF, 0xFFFF, 0xFFFF,
  0xFFFF, 0xFFFF, 0xFFFF, 0xFFFF, 0xFFFF, 0xFFFF, 0xFFFF, 0xFFFF, 0xFFFF, 0xFFFF, 0xFFFF, 0xFFFF,
  0xFFFF, 0xFFFF, 0xFFFF, 0xFFFF, 0xFFFF, 0xFFFF, 0xFFFF, 0xFFFF, 0xFFFF, 0xFFFF, 0xFFFF, 0xFFFF,
  0xFFFF, 0xFFFF, 0xFFFF, 0xFFFF, 0xFFFF, 0xFFFF, 0xFFFF, 0xFFFF, 0xFFFF, 0xFFFF, 0xFFFF, 0xFFFF,
  0xFFFF, 0xFFFF, 0xFFFF, 0xFFFF, 0xFFFF, 0xFFFF, 0xFFFF, 0xFFFF, 0xFFFF, 0xFFFF, 0xFFFF, 0xFFFF,
  0xFFFF, 0xFFFF, 0xFFFF, 0xFFFF, 0xF7DF, 0xEF9E, 0xDF1C, 0xC69B, 0xADF9, 0x9557, 0x6C54, 0x3B51,
  0x1A8E, 0x0A0D, 0x01CC, 0x01CC, 0x01CC, 0x01CC, 0x01CC, 0x01CC, 0x01CC, 0x01CC, 0x01CC, 0x01CC,
  0x01CC, 0x01CC, 0x01CC, 0x01CC, 0x01CC, 0x01CC, 0x01CC, 0x0A0D, 0x22AF, 0x53F3, 0x8D37, 0xBE7B,
  0xDF3D, 0xF7BF, 0xFFFF, 0xFFFF, 0xFFFF, 0xFFFF, 0xFFFF, 0xFFFF, 0xFFFF, 0xFFFF, 0xFFFF, 0xFFFF,
  0xFFFF, 0xFFFF, 0xFFFF, 0xFFFF, 0xFFFF, 0xFFFF, 0xFFFF, 0xFFFF, 0xFFFF, 0xFFFF, 0xFFFF, 0xFFFF,
  0xFFFF, 0xFFFF, 0xFFFF, 0xFFFF, 0xFFFF, 0xFFFF, 0xFFFF, 0xFFFF, 0xF7BF, 0xCEBB, 0x6C74, 0x124E,
  0x01EC, 0x01CC, 0x01CC, 0x01CC, 0x01CC, 0x01CC, 0x01CC, 0x01CC, 0x01CC, 0x01CC, 0x01CC, 0x01CC,
  0x01CC, 0x01CC, 0x01CC, 0x01CC, 0x01CC, 0x01CC, 0x01CC, 0x01CC, 0x01CC, 0x01CC, 0x01CC, 0x01CC,
  0x01CC, 0x01CC, 0x01CC, 0x01CC, 0x01CC, 0x01CC, 0x01CC, 0x01CC, 0x01CC, 0x01CC, 0x01CC, 0x01CC,
  0x01CC, 0x01CC, 0x01CC, 0x01CC, 0x01CC, 0x01CC, 0x01CC, 0x01CC, 0x01CC, 0x01CC, 0x01CC, 0x01CC,
  0x01CC, 0x01CC, 0x01CC, 0x01CC, 0x01CC, 0x01CC, 0x01CC, 0x01CC, 0x01CC, 0x01CC, 0x01CC, 0x01CC,
  0x01CC, 0x01CC, 0x01CC, 0x01CC, 0x01CC, 0x01CC, 0x01CC, 0x01CC, 0x01CC, 0x01CC, 0x01CC, 0x01CC,
  0x01CC, 0x01CC, 0x01CC, 0x01CC, 0x01CC, 0x01CC, 0x01CC, 0x01CC, 0x01CC, 0x01CC, 0x01CC, 0x01CC,
  0x01CC, 0x01CC, 0x01CC, 0x01CC, 0x01CC, 0x01CC, 0x01CC, 0x01CC, 0x01CC, 0x01CC, 0x01CC, 0x01CC,
  0x01CC, 0x01CC, 0x01CC, 0x01CC, 0x01CC, 0x01CC, 0x01CC, 0x01CC, 0x01CC, 0x01CC, 0x01CC, 0x01CC,
  0x01CC, 0x01CC, 0x01CC, 0x01CC, 0x01CC, 0x01CC, 0x01CC, 0x01CC, 0x01CC, 0x01CC, 0x01CC, 0x01CC,
  0x01CC, 0x01CC, 0x01CC, 0x01CC, 0x01CC, 0x01CC, 0x01CC, 0x01CC, 0x01CC, 0x01CC, 0x01CC, 0x01CC,
  0x01CC, 0x01CC, 0x01CC, 0x01CC, 0x01CC, 0x01CC, 0x01CC, 0x01CC, 0x01CC, 0x01CC, 0x01CC, 0x01CC,
  0x01CC, 0x01CC, 0x01CC, 0x01CC, 0x01CC, 0x01CC, 0x01CC, 0x01CC, 0x01CC, 0x01CC, 0x01CC, 0x01CC,
  0x01CC, 0x01CC, 0x01CC, 0x01CC, 0x01CC, 0x01CC, 0x01CC, 0x01CC, 0x01CC, 0x01CC, 0x01CC, 0x01CC,
  0x01CC, 0x01CC, 0x01CC, 0x01CC, 0x01CC, 0x01CC, 0x01CC, 0x01CC, 0x01CC, 0x01CC, 0x01CC, 0x01CC,
  0x01CC, 0x01CC, 0x01CC, 0x01CC, 0x01CC, 0x01CC, 0x01CC, 0x01CC, 0x01CC, 0x01CC, 0x01CC, 0x01CC,
  0x01CC, 0x01CC, 0x01CC, 0x01CC, 0x01CC, 0x01CC, 0x01CC, 0x01CC, 0x01CC, 0x01CC, 0x01CC, 0x01CC,
  0x01CC, 0x01CC, 0x01CC, 0x01CC, 0x01CC, 0x01CC, 0x01CC, 0x01CC, 0x01CC, 0x01CC, 0x01CC, 0x01CC,
  0x01CC, 0x01CC, 0x01CC, 0x01CC, 0x01CC, 0x01CC, 0x01CC, 0x01CC, 0x01CC, 0x01CC, 0x01CC, 0x01CC,
  0x01CC, 0x01CC, 0x01CC, 0x01CC, 0x01CC, 0x01CC, 0x01CC, 0x01CC, 0x01CC, 0x01CC, 0x01CC, 0x01CC,
  0x01CC, 0x01CC, 0x01CC, 0x01CC, 0x01CC, 0x01CC, 0x01CC, 0x01CC, 0x01CC, 0x01CC, 0x01CC, 0x01CC,
  0x01CC, 0x01CC, 0x01CC, 0x01CC, 0x01CC, 0x01CC, 0x01CC, 0x01CC, 0x01CC, 0x01CC, 0x124E, 0x4BB2,
  0xCEDC, 0xF7DF, 0xFFFF, 0xFFFF, 0xFFFF, 0xFFFF, 0xFFFF, 0xFFFF, 0xFFFF, 0xFFFF, 0xFFFF, 0xFFFF,
  0xFFFF, 0xFFFF, 0xFFFF, 0xFFFF, 0xFFFF, 0xFFFF, 0xFFFF, 0xFFFF, 0xFFFF, 0xFFFF, 0xFFFF, 0xFFFF,
  0xFFFF, 0xFFFF, 0xFFFF, 0xFFFF, 0xFFFF, 0xEF9E, 0xA5D9, 0x4BB2, 0x01EC, 0x01CC, 0x01CC, 0x01CC,
  0x01CC, 0x01CC, 0x01CC, 0x01CC, 0x01CC, 0x01CC, 0x01CC, 0x01CC, 0x01CC, 0x01CC, 0x01CC, 0x01CC,
  0x01CC, 0x01CC, 0x01CC, 0x01CC, 0x01CC, 0x01CC, 0x01CC, 0x01CC, 0x01CC, 0x01CC, 0x01CC, 0x01CC,
  0x01CC, 0x01CC, 0x01CC, 0x01CC, 0x01CC, 0x01CC, 0x01CC, 0x0A2D, 0x22AF, 0x3B51, 0x5C13, 0x7CF6,
  0xADF9, 0xDF1C, 0xFFDF, 0xFFFF, 0xFFFF, 0xFFFF, 0xFFFF, 0xFFFF, 0xFFFF, 0xFFFF, 0xFFFF, 0xFFFF,
  0xFFFF, 0xFFFF, 0xFFFF, 0xFFFF, 0xFFFF, 0xFFFF, 0xFFFF, 0xFFFF, 0xFFFF, 0xFFFF, 0xFFFF, 0xFFFF,
  0xFFFF, 0xFFFF, 0xFFFF, 0xFFFF, 0xFFFF, 0xFFFF, 0xFFFF, 0xFFFF, 0xFFFF, 0xFFFF, 0xFFFF, 0xFFFF,
  0xFFFF, 0xFFFF, 0xFFFF, 0xFFFF, 0xFFFF, 0xFFFF, 0xFFFF, 0xFFFF, 0xFFFF, 0xFFFF, 0xFFFF, 0xFFFF,
  0xFFFF, 0xFFFF, 0xFFFF, 0xFFFF, 0xFFFF, 0xFFFF, 0xFFFF, 0xFFFF, 0xFFFF, 0xFFFF, 0xFFFF, 0xFFFF,
  0xFFFF, 0xFFFF, 0xFFFF, 0xFFFF, 0xFFFF, 0xFFFF, 0xFFFF, 0xFFFF, 0xFFFF, 0xFFFF, 0xFFFF, 0xFFFF,
  0xFFFF, 0xFFFF, 0xFFFF, 0xFFFF, 0xFFFF, 0xFFFF, 0xFFFF, 0xFFFF, 0xF7BE, 0xDF3D, 0xBE5A, 0x9577,
  0x7CB5, 0x6433, 0x4BB2, 0x3B51, 0x32F0, 0x22AF, 0x1A6E, 0x124E, 0x0A2D, 0x0A0D, 0x0A0D, 0x0A0D,
  0x0A2D, 0x0A2D, 0x122D, 0x1A6E, 0x22AF, 0x3310, 0x4371, 0x5C13, 0x7CD6, 0xADF9, 0xD71C, 0xFFDF,
  0xFFFF, 0xFFFF, 0xFFFF, 0xFFFF, 0xFFFF, 0xFFFF, 0xFFFF, 0xFFFF, 0xFFFF, 0xFFFF, 0xFFFF, 0xFFFF,
  0xFFFF, 0xFFFF, 0xFFFF, 0xFFFF, 0xFFFF, 0xFFFF, 0xFFFF, 0xFFFF, 0xFFFF, 0xFFFF, 0xFFFF, 0xFFFF,
  0xFFFF, 0xFFFF, 0xFFFF, 0xFFFF, 0xFFFF, 0xFFFF, 0xFFFF, 0xF7DF, 0xDF1D, 0x8516, 0x3B30, 0x01CC,
  0x01CC, 0x01CC, 0x01CC, 0x01CC, 0x01CC, 0x01CC, 0x01CC, 0x01CC, 0x01CC, 0x01CC, 0x01CC, 0x01CC,
  0x01CC, 0x01CC, 0x01CC, 0x01CC, 0x01CC, 0x01CC, 0x01CC, 0x01CC, 0x01CC, 0x01CC, 0x01CC, 0x01CC,
  0x01CC, 0x01CC, 0x01CC, 0x01CC, 0x01CC, 0x01CC, 0x01CC, 0x01CC, 0x01CC, 0x01CC, 0x01CC, 0x01CC,
  0x01CC, 0x01CC, 0x01CC, 0x01CC, 0x01CC, 0x01CC, 0x01CC, 0x01CC, 0x01CC, 0x01CC, 0x01CC, 0x01CC,
  0x01CC, 0x01CC, 0x01CC, 0x01CC, 0x01CC, 0x01CC, 0x01CC, 0x01CC, 0x01CC, 0x01CC, 0x01CC, 0x01CC,
  0x01CC, 0x01CC, 0x01CC, 0x01CC, 0x01CC, 0x01CC, 0x01CC, 0x01CC, 0x01CC, 0x01CC, 0x01CC, 0x01CC,
  0x01CC, 0x01CC, 0x01CC, 0x01CC, 0x01CC, 0x01CC, 0x01CC, 0x01CC, 0x01CC, 0x01CC, 0x01CC, 0x01CC,
  0x01CC, 0x01CC, 0x01CC, 0x01CC, 0x01CC, 0x01CC, 0x01CC, 0x01CC, 0x01CC, 0x01CC, 0x01CC, 0x01CC,
  0x01CC, 0x01CC, 0x01CC, 0x01CC, 0x01CC, 0x01CC, 0x01CC, 0x01CC, 0x01CC, 0x01CC, 0x01CC, 0x01CC,
  0x01CC, 0x01CC, 0x01CC, 0x01CC, 0x01CC, 0x01CC, 0x01CC, 0x01CC, 0x01CC, 0x01CC, 0x01CC, 0x01CC,
  0x01CC, 0x01CC, 0x01CC, 0x01CC, 0x01CC, 0x01CC, 0x01CC, 0x01CC, 0x01CC, 0x01CC, 0x01CC, 0x01CC,
  0x01CC, 0x01CC, 0x01CC, 0x01CC, 0x01CC, 0x01CC, 0x01CC, 0x01CC, 0x01CC, 0x01CC, 0x01CC, 0x01CC,
  0x01CC, 0x01CC, 0x01CC, 0x01CC, 0x01CC, 0x01CC, 0x01CC, 0x01CC, 0x01CC, 0x01CC, 0x01CC, 0x01CC,
  0x01CC, 0x01CC, 0x01CC, 0x01CC, 0x01CC, 0x01CC, 0x01CC, 0x01CC, 0x01CC, 0x01CC, 0x01CC, 0x01CC,
  0x01CC, 0x01CC, 0x01CC, 0x01CC, 0x01CC, 0x01CC, 0x01CC, 0x01CC, 0x01CC, 0x01CC, 0x01CC, 0x01CC,
  0x01CC, 0x01CC, 0x01CC, 0x01CC, 0x01CC, 0x01CC, 0x01CC, 0x01CC, 0x01CC, 0x01CC, 0x01CC, 0x01CC,
  0x01CC, 0x01CC, 0x01CC, 0x01CC, 0x01CC, 0x01CC, 0x01CC, 0x01CC, 0x01CC, 0x01CC, 0x01CC, 0x01CC,
  0x01CC, 0x01CC, 0x01CC, 0x01CC, 0x01CC, 0x01CC, 0x01CC, 0x01CC, 0x01CC, 0x01CC, 0x01CC, 0x01CC,
  0x01CC, 0x01CC, 0x01CC, 0x01CC, 0x01CC, 0x01CC, 0x01CC, 0x01CC, 0x01CC, 0x01CC, 0x01CC, 0x01CC,
  0x01CC, 0x01CC, 0x01CC, 0x01CC, 0x01CC, 0x01CC, 0x01CC, 0x01CC, 0x01CC, 0x01CC, 0x01CC, 0x01CC,
  0x01CC, 0x01CC, 0x01CC, 0x01CC, 0x01CC, 0x01CC, 0x01CC, 0x01CC, 0x01CC, 0x01CC, 0x01CC, 0x01CC,
  0x01CC, 0x01CC, 0x01CC, 0x01CC, 0x01CC, 0x01CC, 0x01CC, 0x01CC, 0x01CC, 0x01CC, 0x3310, 0x7CD6,
  0xE75D, 0xFFFF, 0xFFFF, 0xFFFF, 0xFFFF, 0xFFFF, 0xFFFF, 0xFFFF, 0xFFFF, 0xFFFF, 0xFFFF, 0xFFFF,
  0xFFFF, 0xFFFF, 0xFFFF, 0xFFFF, 0xFFFF, 0xFFFF, 0xFFFF, 0xFFFF, 0xFFFF, 0xFFFF, 0xFFFF, 0xFFFF,
  0xFFFF, 0xFFFF, 0xFFFF, 0xFFFF, 0xFFFF, 0xD71C, 0x53D3, 0x1A6E, 0x01CC, 0x01CC, 0x01CC, 0x01CC,
  0x01CC, 0x01CC, 0x01CC, 0x01CC, 0x01CC, 0x01CC, 0x01CC, 0x01CC, 0x01CC, 0x01CC, 0x01CC, 0x01CC,
  0x01CC, 0x01CC, 0x01CC, 0x01CC, 0x01CC, 0x01CC, 0x01CC, 0x01CC, 0x01CC, 0x01CC, 0x01CC, 0x01CC,
  0x01CC, 0x01CC, 0x01CC, 0x01CC, 0x01EC, 0x01ED, 0x0A2D, 0x32F0, 0x6433, 0xA5B8, 0xD6FC, 0xFFFF,
  0xFFFF, 0xFFFF, 0xFFFF, 0xFFFF, 0xFFFF, 0xFFFF, 0xFFFF, 0xFFFF, 0xFFFF, 0xFFFF, 0xFFFF, 0xFFFF,
  0xFFFF, 0xFFFF, 0xFFFF, 0xFFFF, 0xFFFF, 0xFFFF, 0xFFFF, 0xFFFF, 0xFFFF, 0xFFFF, 0xFFFF, 0xFFFF,
  0xFFFF, 0xFFFF, 0xFFFF, 0xFFFF, 0xFFFF, 0xFFFF, 0xFFFF, 0xFFFF, 0xFFFF, 0xFFFF, 0xFFFF, 0xFFFF,
  0xFFFF, 0xFFFF, 0xFFFF, 0xFFFF, 0xFFFF, 0xFFFF, 0xFFFF, 0xFFFF, 0xFFFF, 0xFFFF, 0xFFFF, 0xFFFF,
  0xFFFF, 0xFFFF, 0xFFFF, 0xFFFF, 0xFFFF, 0xFFFF, 0xFFFF, 0xFFFF, 0xFFFF, 0xFFFF, 0xFFFF, 0xFFFF,
  0xFFFF, 0xFFFF, 0xFFFF, 0xFFFF, 0xFFFF, 0xFFFF, 0xFFFF, 0xFFFF, 0xFFFF, 0xFFFF, 0xFFFF, 0xFFFF,
  0xFFFF, 0xFFFF, 0xFFFF, 0xFFFF, 0xFFFF, 0xFFFF, 0xFFFF, 0xFFFF, 0xFFFF, 0xFFFF, 0xFFFF, 0xFFFF,
  0xFFFF, 0xE77E, 0xCEBB, 0xADF9, 0x8D16, 0x6C54, 0x53D2, 0x3B51, 0x2AF0, 0x2ACF, 0x22CF, 0x22CF,
  0x2ACF, 0x32F0, 0x3B30, 0x4B92, 0x6C54, 0x8D37, 0xB61A, 0xDF1D, 0xFFFF, 0xFFFF, 0xFFFF, 0xFFFF,
  0xFFFF, 0xFFFF, 0xFFFF, 0xFFFF, 0xFFFF, 0xFFFF, 0xFFFF, 0xFFFF, 0xFFFF, 0xFFFF, 0xFFFF, 0xFFFF,
  0xFFFF, 0xFFFF, 0xFFFF, 0xFFFF, 0xFFFF, 0xFFFF, 0xFFFF, 0xFFFF, 0xFFFF, 0xFFFF, 0xFFFF, 0xFFFF,
  0xFFFF, 0xFFFF, 0xFFFF, 0xFFFF, 0xFFFF, 0xFFFF, 0xFFFF, 0xE75D, 0xB619, 0x3310, 0x0A0D, 0x01CC,
  0x01CC, 0x01CC, 0x01CC, 0x01CC, 0x01CC, 0x01CC, 0x01CC, 0x01CC, 0x01CC, 0x01CC, 0x01CC, 0x01CC,
  0x01CC, 0x01CC, 0x01CC, 0x01CC, 0x01CC, 0x01CC, 0x01CC, 0x01CC, 0x01CC, 0x01CC, 0x01CC, 0x01CC,
  0x01CC, 0x01CC, 0x01CC, 0x01CC, 0x01CC, 0x01CC, 0x01CC, 0x01CC, 0x01CC, 0x01CC, 0x01CC, 0x01CC,
  0x01CC, 0x01CC, 0x01CC, 0x01CC, 0x01CC, 0x01CC, 0x01CC, 0x01CC, 0x01CC, 0x01CC, 0x01CC, 0x01CC,
  0x01CC, 0x01CC, 0x01CC, 0x01CC, 0x01CC, 0x01CC, 0x01CC, 0x01CC, 0x01CC, 0x01CC, 0x01CC, 0x01CC,
  0x01CC, 0x01CC, 0x01CC, 0x01CC, 0x01CC, 0x01CC, 0x01CC, 0x01CC, 0x01CC, 0x01CC, 0x01CC, 0x01CC,
  0x01CC, 0x01CC, 0x01CC, 0x01CC, 0x01CC, 0x01CC, 0x01CC, 0x01CC, 0x01CC, 0x01CC, 0x01CC, 0x01CC,
  0x01CC, 0x01CC, 0x01CC, 0x01CC, 0x01CC, 0x01CC, 0x01CC, 0x01CC, 0x01CC, 0x01CC, 0x01CC, 0x01CC,
  0x01CC, 0x01CC, 0x01CC, 0x01CC, 0x01CC, 0x01CC, 0x01CC, 0x01CC, 0x01CC, 0x01CC, 0x01CC, 0x01CC,
  0x01CC, 0x01CC, 0x01CC, 0x01CC, 0x01CC, 0x01CC, 0x01CC, 0x01CC, 0x01CC, 0x01CC, 0x01CC, 0x01CC,
  0x01CC, 0x01CC, 0x01CC, 0x01CC, 0x01CC, 0x01CC, 0x01CC, 0x01CC, 0x01CC, 0x01CC, 0x01CC, 0x01CC,
  0x01CC, 0x01CC, 0x01CC, 0x01CC, 0x01CC, 0x01CC, 0x01CC, 0x01CC, 0x01CC, 0x01CC, 0x01CC, 0x01CC,
  0x01CC, 0x01CC, 0x01CC, 0x01CC, 0x01CC, 0x01CC, 0x01CC, 0x01CC, 0x01CC, 0x01CC, 0x01CC, 0x01CC,
  0x01CC, 0x01CC, 0x01CC, 0x01CC, 0x01CC, 0x01CC, 0x01CC, 0x01CC, 0x01CC, 0x01CC, 0x01CC, 0x01CC,
  0x01CC, 0x01CC, 0x01CC, 0x01CC, 0x01CC, 0x01CC, 0x01CC, 0x01CC, 0x01CC, 0x01CC, 0x01CC, 0x01CC,
  0x01CC, 0x01CC, 0x01CC, 0x01CC, 0x01CC, 0x01CC, 0x01CC, 0x01CC, 0x01CC, 0x01CC, 0x01CC, 0x01CC,
  0x01CC, 0x01CC, 0x01CC, 0x01CC, 0x01CC, 0x01CC, 0x01CC, 0x01CC, 0x01CC, 0x01CC, 0x01CC, 0x01CC,
  0x01CC, 0x01CC, 0x01CC, 0x01CC, 0x01CC, 0x01CC, 0x01CC, 0x01CC, 0x01CC, 0x01CC, 0x01CC, 0x01CC,
  0x01CC, 0x01CC, 0x01CC, 0x01CC, 0x01CC, 0x01CC, 0x01CC, 0x01CC, 0x01CC, 0x01CC, 0x01CC, 0x01CC,
  0x01CC, 0x01CC, 0x01CC, 0x01CC, 0x01CC, 0x01CC, 0x01CC, 0x01CC, 0x01CC, 0x01CC, 0x01CC, 0x01CC,
  0x01CC, 0x01CC, 0x01CC, 0x01CC, 0x01CC, 0x01CC, 0x01CC, 0x01CC, 0x01CC, 0x01CC, 0x01CC, 0x01CC,
  0x01CC, 0x01CC, 0x01CC, 0x01CC, 0x01CC, 0x01CC, 0x01CC, 0x01CC, 0x01CC, 0x01CC, 0x5BF3, 0xBE7A,
  0xF7BE, 0xFFFF, 0xFFFF, 0xFFFF, 0xFFFF, 0xFFFF, 0xFFFF, 0xFFFF, 0xFFFF, 0xFFFF, 0xFFFF, 0xFFFF,
  0xFFFF, 0xFFFF, 0xFFFF, 0xFFFF, 0xFFFF, 0xFFFF, 0xFFFF, 0xFFFF, 0xFFFF, 0xFFFF, 0xFFFF, 0xFFFF,
  0xFFFF, 0xFFFF, 0xFFFF, 0xFFFF, 0xDF1D, 0x9D98, 0x2ACF, 0x09ED, 0x01CC, 0x01CC, 0x01CC, 0x01CC,
  0x01CC, 0x01CC, 0x01CC, 0x01CC, 0x01CC, 0x01CC, 0x01CC, 0x01CC, 0x01CC, 0x01CC, 0x01CC, 0x01CC,
  0x01CC, 0x01CC, 0x01CC, 0x01CC, 0x01CC, 0x01CC, 0x01CC, 0x01CC, 0x01CC, 0x01CC, 0x01CC, 0x01CC,
  0x01CC, 0x01CC, 0x01EC, 0x124E, 0x3B30, 0x6454, 0x9577, 0xB63A, 0xCEDC, 0xE75D, 0xF7BE, 0xFFFF,
  0xFFFF, 0xFFFF, 0xFFFF, 0xFFFF, 0xFFFF, 0xFFFF, 0xFFFF, 0xFFFF, 0xFFFF, 0xFFFF, 0xFFFF, 0xFFFF,
  0xFFFF, 0xFFFF, 0xFFFF, 0xFFFF, 0xFFFF, 0xFFFF, 0xFFFF, 0xFFFF, 0xFFFF, 0xFFFF, 0xFFFF, 0xFFFF,
  0xFFFF, 0xFFFF, 0xFFFF, 0xFFFF, 0xFFFF, 0xFFFF, 0xFFFF, 0xFFFF, 0xFFFF, 0xFFFF, 0xFFFF, 0xFFFF,
  0xFFFF, 0xFFFF, 0xFFFF, 0xFFFF, 0xFFFF, 0xFFFF, 0xFFFF, 0xFFFF, 0xFFFF, 0xFFFF, 0xFFFF, 0xFFFF,
  0xFFFF, 0xFFFF, 0xFFFF, 0xFFFF, 0xFFFF, 0xFFFF, 0xFFFF, 0xFFFF, 0xFFFF, 0xFFFF, 0xFFFF, 0xFFFF,
  0xFFFF, 0xFFFF, 0xFFFF, 0xFFFF, 0xFFFF, 0xFFFF, 0xFFFF, 0xFFFF, 0xFFFF, 0xFFFF, 0xFFFF, 0xFFFF,
  0xFFFF, 0xFFFF, 0xFFFF, 0xFFFF, 0xFFFF, 0xFFFF, 0xFFFF, 0xFFFF, 0xFFFF, 0xFFFF, 0xFFFF, 0xFFFF,
  0xFFFF, 0xF7DF, 0xEF9E, 0xE75D, 0xDF1D, 0xD6DC, 0xCEBB, 0xC69B, 0xBE7A, 0xBE5A, 0xB65A, 0xB63A,
  0xBE5A, 0xBE5A, 0xC67B, 0xC69B, 0xD6DC, 0xDF1D, 0xE77E, 0xF7BF, 0xFFFF, 0xFFFF, 0xFFFF, 0xFFFF,
  0xFFFF, 0xFFFF, 0xFFFF, 0xFFFF, 0xFFFF, 0xFFFF, 0xFFFF, 0xFFFF, 0xFFFF, 0xFFFF, 0xFFFF, 0xFFFF,
  0xFFFF, 0xFFFF, 0xFFFF, 0xFFFF, 0xFFFF, 0xFFFF, 0xFFFF, 0xFFFF, 0xFFFF, 0xFFFF, 0xFFFF, 0xFFFF,
  0xFFFF, 0xFFFF, 0xFFFF, 0xFFFF, 0xFFFF, 0xFFFF, 0xF7BF, 0xADF9, 0x5BF3, 0x124E, 0x01EC, 0x01CC,
  0x01CC, 0x01CC, 0x01CC, 0x01CC, 0x01CC, 0x01CC, 0x01CC, 0x01CC, 0x01CC, 0x01CC, 0x01CC, 0x01CC,
  0x01CC, 0x01CC, 0x01CC, 0x01CC, 0x01CC, 0x01CC, 0x01CC, 0x01CC, 0x01CC, 0x01CC, 0x01CC, 0x01CC,
  0x01CC, 0x01CC, 0x01CC, 0x01CC, 0x01CC, 0x01CC, 0x01CC, 0x01CC, 0x01CC, 0x01CC, 0x01CC, 0x01CC,
  0x01CC, 0x01CC, 0x01CC, 0x01CC, 0x01CC, 0x01CC, 0x01CC, 0x01CC, 0x01CC, 0x01CC, 0x01CC, 0x01CC,
  0x01CC, 0x01CC, 0x01CC, 0x01CC, 0x01CC, 0x01CC, 0x01CC, 0x01CC, 0x01CC, 0x01CC, 0x01CC, 0x01CC,
  0x01CC, 0x01CC, 0x01CC, 0x01CC, 0x01CC, 0x01CC, 0x01CC, 0x01CC, 0x01CC, 0x01CC, 0x01CC, 0x01CC,
  0x01CC, 0x01CC, 0x01CC, 0x01CC, 0x01CC, 0x01CC, 0x01CC, 0x01CC, 0x01CC, 0x01CC, 0x01CC, 0x01CC,
  0x01CC, 0x01CC, 0x01CC, 0x01CC, 0x01CC, 0x01CC, 0x01CC, 0x01CC, 0x01CC, 0x01CC, 0x01CC, 0x01CC,
  0x01CC, 0x01CC, 0x01CC, 0x01CC, 0x01CC, 0x01CC, 0x01CC, 0x01CC, 0x01CC, 0x01CC, 0x01CC, 0x01CC,
  0x01CC, 0x01CC, 0x01CC, 0x01CC, 0x01CC, 0x01CC, 0x01CC, 0x01CC, 0x01CC, 0x01CC, 0x01CC, 0x01CC,
  0x01CC, 0x01CC, 0x01CC, 0x01CC, 0x01CC, 0x01CC, 0x01CC, 0x01CC, 0x01CC, 0x01CC, 0x01CC, 0x01CC,
  0x01CC, 0x01CC, 0x01CC, 0x01CC, 0x01CC, 0x01CC, 0x01CC, 0x01CC, 0x01CC, 0x01CC, 0x01CC, 0x01CC,
  0x01CC, 0x01CC, 0x01CC, 0x01CC, 0x01CC, 0x01CC, 0x01CC, 0x01CC, 0x01CC, 0x01CC, 0x01CC, 0x01CC,
  0x01CC, 0x01CC, 0x01CC, 0x01CC, 0x01CC, 0x01CC, 0x01CC, 0x01CC, 0x01CC, 0x01CC, 0x01CC, 0x01CC,
  0x01CC, 0x01CC, 0x01CC, 0x01CC, 0x01CC, 0x01CC, 0x01CC, 0x01CC, 0x01CC, 0x01CC, 0x01CC, 0x01CC,
  0x01CC, 0x01CC, 0x01CC, 0x01CC, 0x01CC, 0x01CC, 0x01CC, 0x01CC, 0x01CC, 0x01CC, 0x01CC, 0x01CC,
  0x01CC, 0x01CC, 0x01CC, 0x01CC, 0x01CC, 0x01CC, 0x01CC, 0x01CC, 0x01CC, 0x01CC, 0x01CC, 0x01CC,
  0x01CC, 0x01CC, 0x01CC, 0x01CC, 0x01CC, 0x01CC, 0x01CC, 0x01CC, 0x01CC, 0x01CC, 0x01CC, 0x01CC,
  0x01CC, 0x01CC, 0x01CC, 0x01CC, 0x01CC, 0x01CC, 0x01CC, 0x01CC, 0x01CC, 0x01CC, 0x01CC, 0x01CC,
  0x01CC, 0x01CC, 0x01CC, 0x01CC, 0x01CC, 0x01CC, 0x01CC, 0x01CC, 0x01CC, 0x01CC, 0x01CC, 0x01CC,
  0x01CC, 0x01CC, 0x01CC, 0x01CC, 0x01CC, 0x01CC, 0x01CC, 0x01CC, 0x01CC, 0x01CC, 0x01CC, 0x01CC,
  0x01CC, 0x01CC, 0x01CC, 0x01CC, 0x01CC, 0x01CC, 0x01CC, 0x01CC, 0x01EC, 0x124E, 0x7CD6, 0xE77E,
  0xFFDF, 0xFFFF, 0xFFFF, 0xFFFF, 0xFFFF, 0xFFFF, 0xFFFF, 0xFFFF, 0xFFFF, 0xFFFF, 0xFFFF, 0xFFFF,
  0xFFFF, 0xFFFF, 0xFFFF, 0xFFFF, 0xFFFF, 0xFFFF, 0xFFFF, 0xFFFF, 0xFFFF, 0xFFFF, 0xFFFF, 0xFFFF,
  0xFFFF, 0xFFFF, 0xFFFF, 0xFFFF, 0xB63A, 0x5BF3, 0x122D, 0x01CC, 0x01CC, 0x01CC, 0x01CC, 0x01CC,
  0x01CC, 0x01CC, 0x01CC, 0x01CC, 0x01CC, 0x01CC, 0x01CC, 0x01CC, 0x01CC, 0x01CC, 0x01CC, 0x01CC,
  0x01CC, 0x01CC, 0x01CC, 0x01CC, 0x01CC, 0x01CC, 0x01CC, 0x01CC, 0x01CC, 0x01CC, 0x0A0D, 0x124E,
  0x2ACF, 0x3B31, 0x53B2, 0x6C74, 0x9557, 0xBE5A, 0xE75D, 0xF7BF, 0xFFFF, 0xFFFF, 0xFFFF, 0xFFFF,
  0xFFFF, 0xFFFF, 0xFFFF, 0xFFFF, 0xFFFF, 0xFFFF, 0xFFFF, 0xFFFF, 0xFFFF, 0xFFFF, 0xFFFF, 0xFFFF,
  0xFFFF, 0xFFFF, 0xFFFF, 0xFFFF, 0xFFFF, 0xFFFF, 0xFFFF, 0xFFFF, 0xFFFF, 0xFFFF, 0xFFFF, 0xFFFF,
  0xFFFF, 0xFFFF, 0xFFFF, 0xFFFF, 0xFFFF, 0xFFFF, 0xFFFF, 0xFFFF, 0xFFFF, 0xFFFF, 0xFFFF, 0xFFFF,
  0xFFFF, 0xFFFF, 0xFFFF, 0xFFFF, 0xFFFF, 0xFFFF, 0xFFFF, 0xFFFF, 0xFFFF, 0xFFFF, 0xFFFF, 0xFFFF,
  0xFFFF, 0xFFFF, 0xFFFF, 0xFFFF, 0xFFFF, 0xFFFF, 0xFFFF, 0xFFFF, 0xFFFF, 0xFFFF, 0xFFFF, 0xFFFF,
  0xFFFF, 0xFFFF, 0xFFFF, 0xFFFF, 0xFFFF, 0xFFFF, 0xFFFF, 0xFFFF, 0xFFFF, 0xFFFF, 0xFFFF, 0xFFFF,
  0xFFFF, 0xFFFF, 0xFFFF, 0xFFFF, 0xFFFF, 0xFFFF, 0xFFFF, 0xFFFF, 0xFFFF, 0xFFFF, 0xFFFF, 0xFFFF,
  0xFFFF, 0xFFFF, 0xFFFF, 0xFFFF, 0xFFFF, 0xFFFF, 0xFFFF, 0xFFFF, 0xFFFF, 0xFFFF, 0xFFDF, 0xFFDF,
  0xFFDF, 0xFFFF, 0xFFFF, 0xFFFF, 0xFFFF, 0xFFFF, 0xFFFF, 0xFFFF, 0xFFFF, 0xFFFF, 0xFFFF, 0xFFFF,
  0xFFFF, 0xFFFF, 0xFFFF, 0xFFFF, 0xFFFF, 0xFFFF, 0xFFFF, 0xFFFF, 0xFFFF, 0xFFFF, 0xFFFF, 0xFFFF,
  0xFFFF, 0xFFFF, 0xFFFF, 0xFFFF, 0xFFFF, 0xFFFF, 0xFFFF, 0xFFFF, 0xFFFF, 0xFFFF, 0xFFFF, 0xFFFF,
  0xFFFF, 0xFFFF, 0xFFFF, 0xFFFF, 0xFFFF, 0xEF9E, 0xBE5A, 0x6C74, 0x1A8E, 0x01ED, 0x01CC, 0x01CC,
  0x01CC, 0x01CC, 0x01CC, 0x01CC, 0x01CC, 0x01CC, 0x01CC, 0x01CC, 0x01CC, 0x01CC, 0x01CC, 0x01CC,
  0x01CC, 0x01CC, 0x01CC, 0x01CC, 0x01CC, 0x01CC, 0x01CC, 0x01CC, 0x01CC, 0x01CC, 0x01CC, 0x01CC,
  0x01CC, 0x01CC, 0x01CC, 0x01CC, 0x01CC, 0x01CC, 0x01CC, 0x01CC, 0x01CC, 0x01CC, 0x01CC, 0x01CC,
  0x01CC, 0x01CC, 0x01CC, 0x01CC, 0x01CC, 0x01CC, 0x01CC, 0x01CC, 0x01CC, 0x01CC, 0x01CC, 0x01CC,
  0x01CC, 0x01CC, 0x01CC, 0x01CC, 0x01CC, 0x01CC, 0x01CC, 0x01CC, 0x01CC, 0x01CC, 0x01CC, 0x01CC,
  0x01CC, 0x01CC, 0x01CC, 0x01CC, 0x01CC, 0x01CC, 0x01CC, 0x01CC, 0x01CC, 0x01CC, 0x01CC, 0x01CC,
  0x01CC, 0x01CC, 0x01CC, 0x01CC, 0x01CC, 0x01CC, 0x01CC, 0x01CC, 0x01CC, 0x01CC, 0x01CC, 0x01CC,
  0x01CC, 0x01CC, 0x01CC, 0x01CC, 0x01CC, 0x01CC, 0x01CC, 0x01CC, 0x01CC, 0x01CC, 0x01CC, 0x01CC,
  0x01CC, 0x01CC, 0x01CC, 0x01CC, 0x01CC, 0x01CC, 0x01CC, 0x01CC, 0x01CC, 0x01CC, 0x01CC, 0x01CC,
  0x01CC, 0x01CC, 0x01CC, 0x01CC, 0x01CC, 0x01CC, 0x01CC, 0x01CC, 0x01CC, 0x01CC, 0x01CC, 0x01CC,
  0x01CC, 0x01CC, 0x01CC, 0x01CC, 0x01CC, 0x01CC, 0x01CC, 0x01CC, 0x01CC, 0x01CC, 0x01CC, 0x01CC,
  0x01CC, 0x01CC, 0x01CC, 0x01CC, 0x01CC, 0x01CC, 0x01CC, 0x01CC, 0x01CC, 0x01CC, 0x01CC, 0x01CC,
  0x01CC, 0x01CC, 0x01CC, 0x01CC, 0x01CC, 0x01CC, 0x01CC, 0x01CC, 0x01CC, 0x01CC, 0x01CC, 0x01CC,
  0x01CC, 0x01CC, 0x01CC, 0x01CC, 0x01CC, 0x01CC, 0x01CC, 0x01CC, 0x01CC, 0x01CC, 0x01CC, 0x01CC,
  0x01CC, 0x01CC, 0x01CC, 0x01CC, 0x01CC, 0x01CC, 0x01CC, 0x01CC, 0x01CC, 0x01CC, 0x01CC, 0x01CC,
  0x01CC, 0x01CC, 0x01CC, 0x01CC, 0x01CC, 0x01CC, 0x01CC, 0x01CC, 0x01CC, 0x01CC, 0x01CC, 0x01CC,
  0x01CC, 0x01CC, 0x01CC, 0x01CC, 0x01CC, 0x01CC, 0x01CC, 0x01CC, 0x01CC, 0x01CC, 0x01CC, 0x01CC,
  0x01CC, 0x01CC, 0x01CC, 0x01CC, 0x01CC, 0x01CC, 0x01CC, 0x01CC, 0x01CC, 0x01CC, 0x01CC, 0x01CC,
  0x01CC, 0x01CC, 0x01CC, 0x01CC, 0x01CC, 0x01CC, 0x01CC, 0x01CC, 0x01CC, 0x01CC, 0x01CC, 0x01CC,
  0x01CC, 0x01CC, 0x01CC, 0x01CC, 0x01CC, 0x01CC, 0x01CC, 0x01CC, 0x01CC, 0x01CC, 0x01CC, 0x01CC,
  0x01CC, 0x01CC, 0x01CC, 0x01CC, 0x01CC, 0x01CC, 0x01CC, 0x01CC, 0x01CC, 0x01CC, 0x01CC, 0x01CC,
  0x01CC, 0x01CC, 0x01CC, 0x01CC, 0x01CC, 0x01CC, 0x01CC, 0x01CC, 0x0A0D, 0x3310, 0x9DB8, 0xFFFF,
  0xFFFF, 0xFFFF, 0xFFFF, 0xFFFF, 0xFFFF, 0xFFFF, 0xFFFF, 0xFFFF, 0xFFFF, 0xFFFF, 0xFFFF, 0xFFFF,
  0xFFFF, 0xFFFF, 0xFFFF, 0xFFFF, 0xFFFF, 0xFFFF, 0xFFFF, 0xFFFF, 0xFFFF, 0xFFFF, 0xFFFF, 0xFFFF,
  0xFFFF, 0xFFFF, 0xFFFF, 0xF7BF, 0x8516, 0x124E, 0x01EC, 0x01CC, 0x01CC, 0x01CC, 0x01CC, 0x01CC,
  0x01CC, 0x01CC, 0x01CC, 0x01CC, 0x01CC, 0x01CC, 0x01CC, 0x01CC, 0x01CC, 0x01CC, 0x01CC, 0x01CC,
  0x01CC, 0x01CC, 0x01CC, 0x01CC, 0x01CC, 0x01CC, 0x01CC, 0x01EC, 0x09ED, 0x0A0D, 0x22AF, 0x4371,
  0x7495, 0xA5B8, 0xD6DC, 0xF7BE, 0xFFFF, 0xFFFF, 0xFFFF, 0xFFFF, 0xFFFF, 0xFFFF, 0xFFFF, 0xFFFF,
  0xFFFF, 0xFFFF, 0xFFFF, 0xFFFF, 0xFFFF, 0xFFFF, 0xFFFF, 0xFFFF, 0xFFFF, 0xFFFF, 0xFFFF, 0xFFFF,
  0xFFFF, 0xFFFF, 0xFFFF, 0xFFFF, 0xFFFF, 0xFFFF, 0xFFFF, 0xFFFF, 0xFFFF, 0xFFFF, 0xFFFF, 0xFFFF,
  0xFFFF, 0xFFFF, 0xFFFF, 0xFFFF, 0xFFFF, 0xFFFF, 0xFFFF, 0xFFFF, 0xFFFF, 0xFFFF, 0xFFFF, 0xFFFF,
  0xFFFF, 0xFFFF, 0xFFFF, 0xFFFF, 0xFFFF, 0xFFFF, 0xFFFF, 0xFFFF, 0xFFFF, 0xFFFF, 0xFFFF, 0xFFFF,
  0xFFFF, 0xFFFF, 0xFFFF, 0xFFFF, 0xFFFF, 0xFFFF, 0xFFFF, 0xFFFF, 0xFFFF, 0xFFFF, 0xFFFF, 0xFFFF,
  0xFFFF, 0xFFFF, 0xFFFF, 0xFFFF, 0xFFFF, 0xFFFF, 0xFFFF, 0xFFFF, 0xFFFF, 0xFFFF, 0xFFFF, 0xFFFF,
  0xFFFF, 0xFFFF, 0xFFFF, 0xFFFF, 0xFFFF, 0xFFFF, 0xFFFF, 0xFFFF, 0xFFFF, 0xFFFF, 0xFFFF, 0xFFFF,
  0xFFFF, 0xFFFF, 0xFFFF, 0xFFFF, 0xFFFF, 0xFFFF, 0xFFFF, 0xFFFF, 0xFFFF, 0xFFFF, 0xFFFF, 0xFFFF,
  0xFFFF, 0xFFFF, 0xFFFF, 0xFFFF, 0xFFFF, 0xFFFF, 0xFFFF, 0xFFFF, 0xFFFF, 0xFFFF, 0xFFFF, 0xFFFF,
  0xFFFF, 0xFFFF, 0xFFFF, 0xFFFF, 0xFFFF, 0xFFFF, 0xFFFF, 0xFFFF, 0xFFFF, 0xFFFF, 0xFFFF, 0xFFFF,
  0xFFFF, 0xFFFF, 0xFFFF, 0xFFFF, 0xFFFF, 0xFFFF, 0xFFFF, 0xFFFF, 0xFFFF, 0xFFFF, 0xFFFF, 0xFFFF,
  0xFFFF, 0xFFFF, 0xFFFF, 0xFFFF, 0xF7BF, 0xCEDC, 0x6454, 0x22AF, 0x01CC, 0x01CC, 0x01CC, 0x01CC,
  0x01CC, 0x01CC, 0x01CC, 0x01CC, 0x01CC, 0x01CC, 0x01CC, 0x01CC, 0x01CC, 0x01CC, 0x01CC, 0x01CC,
  0x01CC, 0x01CC, 0x01CC, 0x01CC, 0x01CC, 0x01CC, 0x01CC, 0x01CC, 0x01CC, 0x01CC, 0x01CC, 0x01CC,
  0x01CC, 0x01CC, 0x01CC, 0x01CC, 0x01CC, 0x01CC, 0x01CC, 0x01CC, 0x01CC, 0x01CC, 0x01CC, 0x01CC,
  0x01CC, 0x01CC, 0x01CC, 0x01CC, 0x01CC, 0x01CC, 0x01CC, 0x01CC, 0x01CC, 0x01CC, 0x01CC, 0x01CC,
  0x01CC, 0x01CC, 0x01CC, 0x01CC, 0x01CC, 0x01CC, 0x01CC, 0x01CC, 0x01CC, 0x01CC, 0x01CC, 0x01CC,
  0x01CC, 0x01CC, 0x01CC, 0x01CC, 0x01CC, 0x01CC, 0x01CC, 0x01CC, 0x01CC, 0x01CC, 0x01CC, 0x01CC,
  0x01CC, 0x01CC, 0x01CC, 0x01CC, 0x01CC, 0x01CC, 0x01CC, 0x01CC, 0x01CC, 0x01CC, 0x01CC, 0x01CC,
  0x01CC, 0x01CC, 0x01CC, 0x01CC, 0x01CC, 0x01CC, 0x01CC, 0x01CC, 0x01CC, 0x01CC, 0x01CC, 0x01CC,
  0x01CC, 0x01CC, 0x01CC, 0x01CC, 0x01CC, 0x01CC, 0x01CC, 0x01CC, 0x01CC, 0x01CC, 0x01CC, 0x01CC,
  0x01CC, 0x01CC, 0x01CC, 0x01CC, 0x01CC, 0x01CC, 0x01CC, 0x01CC, 0x01CC, 0x01CC, 0x01CC, 0x01CC,
  0x01CC, 0x01CC, 0x01CC, 0x01CC, 0x01CC, 0x01CC, 0x01CC, 0x01CC, 0x01CC, 0x01CC, 0x01CC, 0x01CC,
  0x01CC, 0x01CC, 0x01CC, 0x01CC, 0x01CC, 0x01CC, 0x01CC, 0x01CC, 0x01CC, 0x01CC, 0x01CC, 0x01CC,
  0x01CC, 0x01CC, 0x01CC, 0x01CC, 0x01CC, 0x01CC, 0x01CC, 0x01CC, 0x01CC, 0x01CC, 0x01CC, 0x01CC,
  0x01CC, 0x01CC, 0x01CC, 0x01CC, 0x01CC, 0x01CC, 0x01CC, 0x01CC, 0x01CC, 0x01CC, 0x01CC, 0x01CC,
  0x01CC, 0x01CC, 0x01CC, 0x01CC, 0x01CC, 0x01CC, 0x01CC, 0x01CC, 0x01CC, 0x01CC, 0x01CC, 0x01CC,
  0x01CC, 0x01CC, 0x01CC, 0x01CC, 0x01CC, 0x01CC, 0x01CC, 0x01CC, 0x01CC, 0x01CC, 0x01CC, 0x01CC,
  0x01CC, 0x01CC, 0x01CC, 0x01CC, 0x01CC, 0x01CC, 0x01CC, 0x01CC, 0x01CC, 0x01CC, 0x01CC, 0x01CC,
  0x01CC, 0x01CC, 0x01CC, 0x01CC, 0x01CC, 0x01CC, 0x01CC, 0x01CC, 0x01CC, 0x01CC, 0x01CC, 0x01CC,
  0x01CC, 0x01CC, 0x01CC, 0x01CC, 0x01CC, 0x01CC, 0x01CC, 0x01CC, 0x01CC, 0x01CC, 0x01CC, 0x01CC,
  0x01CC, 0x01CC, 0x01CC, 0x01CC, 0x01CC, 0x01CC, 0x01CC, 0x01CC, 0x01CC, 0x01CC, 0x01CC, 0x01CC,
  0x01CC, 0x01CC, 0x01CC, 0x01CC, 0x01CC, 0x01CC, 0x01CC, 0x01CC, 0x01CC, 0x01CC, 0x01CC, 0x01CC,
  0x01CC, 0x01CC, 0x01CC, 0x01CC, 0x01CC, 0x01CC, 0x01CC, 0x01CC, 0x124E, 0x6433, 0xBE5A, 0xFFFF,
  0xFFFF, 0xFFFF, 0xFFFF, 0xFFFF, 0xFFFF, 0xFFFF, 0xFFFF, 0xFFFF, 0xFFFF, 0xFFFF, 0xFFFF, 0xFFFF,
  0xFFFF, 0xFFFF, 0xFFFF, 0xFFFF, 0xFFFF, 0xFFFF, 0xFFFF, 0xFFFF, 0xFFFF, 0xFFFF, 0xFFFF, 0xFFFF,
  0xFFFF, 0xFFFF, 0xF7BE, 0xC69B, 0x6433, 0x01ED, 0x01CC, 0x01CC, 0x01CC, 0x01CC, 0x01CC, 0x01CC,
  0x01CC, 0x01CC, 0x01CC, 0x01CC, 0x01CC, 0x01CC, 0x01CC, 0x01CC, 0x01CC, 0x01CC, 0x01CC, 0x01CC,
  0x01CC, 0x01CC, 0x01CC, 0x01CC, 0x0A0D, 0x124E, 0x2ACF, 0x4B92, 0x6C54, 0x8D16, 0xADD9, 0xC67B,
  0xD6FC, 0xE75D, 0xF7BE, 0xFFFF, 0xFFFF, 0xFFFF, 0xFFFF, 0xFFFF, 0xFFFF, 0xFFFF, 0xFFFF, 0xFFFF,
  0xFFFF, 0xFFFF, 0xFFFF, 0xFFFF, 0xFFFF, 0xFFFF, 0xFFFF, 0xFFFF, 0xFFFF, 0xFFFF, 0xFFFF, 0xFFFF,
  0xFFFF, 0xFFFF, 0xFFFF, 0xFFFF, 0xFFFF, 0xFFFF, 0xFFFF, 0xFFFF, 0xFFFF, 0xFFFF, 0xFFFF, 0xFFFF,
  0xFFFF, 0xFFFF, 0xFFFF, 0xFFFF, 0xFFFF, 0xFFFF, 0xFFFF, 0xFFFF, 0xFFFF, 0xFFFF, 0xFFFF, 0xFFFF,
  0xFFFF, 0xFFFF, 0xFFFF, 0xFFFF, 0xFFFF, 0xFFFF, 0xFFFF, 0xFFFF, 0xFFFF, 0xFFFF, 0xFFFF, 0xFFFF,
  0xFFFF, 0xFFFF, 0xFFFF, 0xFFFF, 0xFFFF, 0xFFFF, 0xFFFF, 0xFFFF, 0xFFFF, 0xFFFF, 0xFFFF, 0xFFFF,
  0xFFFF, 0xFFFF, 0xFFFF, 0xFFFF, 0xFFFF, 0xFFFF, 0xFFFF, 0xFFFF, 0xFFFF, 0xFFFF, 0xFFFF, 0xFFFF,
  0xFFFF, 0xFFFF, 0xFFFF, 0xFFFF, 0xFFFF, 0xFFFF, 0xFFFF, 0xFFFF, 0xFFFF, 0xFFFF, 0xFFFF, 0xFFFF,
  0xFFFF, 0xFFFF, 0xFFFF, 0xFFFF, 0xFFFF, 0xFFFF, 0xFFFF, 0xFFFF, 0xFFFF, 0xFFFF, 0xFFFF, 0xFFFF,
  0xFFFF, 0xFFFF, 0xFFFF, 0xFFFF, 0xFFFF, 0xFFFF, 0xFFFF, 0xFFFF, 0xFFFF, 0xFFFF, 0xFFFF, 0xFFFF,
  0xFFFF, 0xFFFF, 0xFFFF, 0xFFFF, 0xFFFF, 0xFFFF, 0xFFFF, 0xFFFF, 0xFFFF, 0xFFFF, 0xFFFF, 0xFFFF,
  0xFFFF, 0xFFFF, 0xFFFF, 0xFFFF, 0xFFFF, 0xFFFF, 0xFFFF, 0xFFFF, 0xFFFF, 0xFFFF, 0xFFFF, 0xFFFF,
  0xFFFF, 0xFFFF, 0xFFFF, 0xF7DF, 0xBE7B, 0x74B5, 0x2ACF, 0x0A0D, 0x01CC, 0x01CC, 0x01CC, 0x01CC,
  0x01CC, 0x01CC, 0x01CC, 0x01CC, 0x01CC, 0x01CC, 0x01CC, 0x01CC, 0x01CC, 0x01CC, 0x01CC, 0x01CC,
  0x01CC, 0x01CC, 0x01CC, 0x01CC, 0x01CC, 0x01CC, 0x01CC, 0x01CC, 0x01CC, 0x01CC, 0x01CC, 0x01CC,
  0x01CC, 0x01CC, 0x01CC, 0x01CC, 0x01CC, 0x01CC, 0x01CC, 0x01CC, 0x01CC, 0x01CC, 0x01CC, 0x01CC,
  0x01CC, 0x01CC, 0x01CC, 0x01CC, 0x01CC, 0x01CC, 0x01CC, 0x01CC, 0x01CC, 0x01CC, 0x01CC, 0x01CC,
  0x01CC, 0x01CC, 0x01CC, 0x01CC, 0x01CC, 0x01CC, 0x01CC, 0x01CC, 0x01CC, 0x01CC, 0x01CC, 0x01CC,
  0x01CC, 0x01CC, 0x01CC, 0x01CC, 0x01CC, 0x01CC, 0x01CC, 0x01CC, 0x01CC, 0x01CC, 0x01CC, 0x01CC,
  0x01CC, 0x01CC, 0x01CC, 0x01CC, 0x01CC, 0x01CC, 0x01CC, 0x01CC, 0x01CC, 0x01CC, 0x01CC, 0x01CC,
  0x01CC, 0x01CC, 0x01CC, 0x01CC, 0x01CC, 0x01CC, 0x01CC, 0x01CC, 0x01CC, 0x01CC, 0x01CC, 0x01CC,
  0x01CC, 0x01CC, 0x01CC, 0x01CC, 0x01CC, 0x01CC, 0x01CC, 0x01CC, 0x01CC, 0x01CC, 0x01CC, 0x01CC,
  0x01CC, 0x01CC, 0x01CC, 0x01CC, 0x01CC, 0x01CC, 0x01CC, 0x01CC, 0x01CC, 0x01CC, 0x01CC, 0x01CC,
  0x01CC, 0x01CC, 0x01CC, 0x01CC, 0x01CC, 0x01CC, 0x01CC, 0x01CC, 0x01CC, 0x01CC, 0x01CC, 0x01CC,
  0x01CC, 0x01CC, 0x01CC, 0x01CC, 0x01CC, 0x01CC, 0x01CC, 0x01CC, 0x01CC, 0x01CC, 0x01CC, 0x01CC,
  0x01CC, 0x01CC, 0x01CC, 0x01CC, 0x01CC, 0x01CC, 0x01CC, 0x01CC, 0x01CC, 0x01CC, 0x01CC, 0x01CC,
  0x01CC, 0x01CC, 0x01CC, 0x01CC, 0x01CC, 0x01CC, 0x01CC, 0x01CC, 0x01CC, 0x01CC, 0x01CC, 0x01CC,
  0x01CC, 0x01CC, 0x01CC, 0x01CC, 0x01CC, 0x01CC, 0x01CC, 0x01CC, 0x01CC, 0x01CC, 0x01CC, 0x01CC,
  0x01CC, 0x01CC, 0x01CC, 0x01CC, 0x01CC, 0x01CC, 0x01CC, 0x01CC, 0x01CC, 0x01CC, 0x01CC, 0x01CC,
  0x01CC, 0x01CC, 0x01CC, 0x01CC, 0x01CC, 0x01CC, 0x01CC, 0x01CC, 0x01CC, 0x01CC, 0x01CC, 0x01CC,
  0x01CC, 0x01CC, 0x01CC, 0x01CC, 0x01CC, 0x01CC, 0x01CC, 0x01CC, 0x01CC, 0x01CC, 0x01CC, 0x01CC,
  0x01CC, 0x01CC, 0x01CC, 0x01CC, 0x01CC, 0x01CC, 0x01CC, 0x01CC, 0x01CC, 0x01CC, 0x01CC, 0x01CC,
  0x01CC, 0x01CC, 0x01CC, 0x01CC, 0x01CC, 0x01CC, 0x01CC, 0x01CC, 0x01CC, 0x01CC, 0x01CC, 0x01CC,
  0x01CC, 0x01CC, 0x01CC, 0x01CC, 0x01CC, 0x01CC, 0x01CC, 0x01CC, 0x01CC, 0x01CC, 0x01CC, 0x01CC,
  0x01CC, 0x01CC, 0x01CC, 0x01CC, 0x01CC, 0x01CC, 0x01CC, 0x01CC, 0x1A8E, 0x8D37, 0xD6FC, 0xFFFF,
  0xFFFF, 0xFFFF, 0xFFFF, 0xFFFF, 0xFFFF, 0xFFFF, 0xFFFF, 0xFFFF, 0xFFFF, 0xFFFF, 0xFFFF, 0xFFFF,
  0xFFFF, 0xFFFF, 0xFFFF, 0xFFFF, 0xFFFF, 0xFFFF, 0xFFFF, 0xFFFF, 0xFFFF, 0xFFFF, 0xFFFF, 0xFFFF,
  0xFFFF, 0xFFFF, 0xE75E, 0x9557, 0x3B51, 0x01CC, 0x01CC, 0x01CC, 0x01CC, 0x01CC, 0x01CC, 0x01CC,
  0x01CC, 0x01CC, 0x01CC, 0x01CC, 0x01CC, 0x01CC, 0x01CC, 0x01CC, 0x01CC, 0x01EC, 0x0A0D, 0x122D,
  0x1A6E, 0x2ACF, 0x3B30, 0x4391, 0x5BF3, 0x6C54, 0x84F6, 0x9D98, 0xBE5A, 0xD71C, 0xEF9E, 0xFFFF,
  0xFFFF, 0xFFFF, 0xFFFF, 0xFFFF, 0xFFFF, 0xFFFF, 0xFFFF, 0xFFFF, 0xFFFF, 0xFFFF, 0xFFFF, 0xFFFF,
  0xFFFF, 0xFFFF, 0xFFFF, 0xFFFF, 0xFFFF, 0xFFFF, 0xFFFF, 0xFFFF, 0xFFFF, 0xFFFF, 0xFFFF, 0xFFFF,
  0xFFFF, 0xFFFF, 0xFFFF, 0xFFFF, 0xFFFF, 0xFFFF, 0xFFFF, 0xFFFF, 0xFFFF, 0xFFFF, 0xFFFF, 0xFFFF,
  0xFFFF, 0xFFFF, 0xFFFF, 0xFFFF, 0xFFFF, 0xFFFF, 0xFFFF, 0xFFFF, 0xFFFF, 0xFFFF, 0xFFFF, 0xFFFF,
  0xFFFF, 0xFFFF, 0xFFFF, 0xFFFF, 0xFFFF, 0xFFFF, 0xFFFF, 0xFFFF, 0xFFFF, 0xFFFF, 0xFFFF, 0xFFFF,
  0xFFFF, 0xFFFF, 0xFFFF, 0xFFFF, 0xFFFF, 0xFFFF, 0xFFFF, 0xFFFF, 0xFFFF, 0xFFFF, 0xFFFF, 0xFFFF,
  0xFFFF, 0xFFFF, 0xFFFF, 0xFFFF, 0xFFFF, 0xFFFF, 0xFFFF, 0xFFFF, 0xFFFF, 0xFFFF, 0xFFFF, 0xFFFF,
  0xFFFF, 0xFFFF, 0xFFFF, 0xFFFF, 0xFFFF, 0xFFFF, 0xFFFF, 0xFFFF, 0xFFFF, 0xFFFF, 0xFFFF, 0xFFFF,
  0xFFFF, 0xFFFF, 0xFFFF, 0xFFFF, 0xFFFF, 0xFFFF, 0xFFFF, 0xFFFF, 0xFFFF, 0xFFFF, 0xFFFF, 0xFFFF,
  0xFFFF, 0xFFFF, 0xFFFF, 0xFFFF, 0xFFFF, 0xFFFF, 0xFFFF, 0xFFFF, 0xFFFF, 0xFFFF, 0xFFFF, 0xFFFF,
  0xFFFF, 0xFFFF, 0xFFFF, 0xFFFF, 0xFFFF, 0xFFFF, 0xFFFF, 0xFFFF, 0xFFFF, 0xFFFF, 0xFFFF, 0xFFFF,
  0xFFFF, 0xFFFF, 0xFFFF, 0xFFFF, 0xFFFF, 0xFFFF, 0xFFFF, 0xFFFF, 0xFFFF, 0xFFFF, 0xFFFF, 0xFFFF,
  0xFFFF, 0xFFFF, 0xEF9E, 0xC69B, 0x7CD5, 0x3310, 0x0A0D, 0x01CC, 0x01CC, 0x01CC, 0x01CC, 0x01CC,
  0x01CC, 0x01CC, 0x01CC, 0x01CC, 0x01CC, 0x01CC, 0x01CC, 0x01CC, 0x01CC, 0x01CC, 0x01CC, 0x01CC,
  0x01CC, 0x01CC, 0x01CC, 0x01CC, 0x01CC, 0x01CC, 0x01CC, 0x01CC, 0x01CC, 0x01CC, 0x01CC, 0x01CC,
  0x01CC, 0x01CC, 0x01CC, 0x01CC, 0x01CC, 0x01CC, 0x01CC, 0x01CC, 0x01CC, 0x01CC, 0x01CC, 0x01CC,
  0x01CC, 0x01CC, 0x01CC, 0x01CC, 0x01CC, 0x01CC, 0x01CC, 0x01CC, 0x01CC, 0x01CC, 0x01CC, 0x01CC,
  0x01CC, 0x01CC, 0x01CC, 0x01CC, 0x01CC, 0x01CC, 0x01CC, 0x01CC, 0x01CC, 0x01CC, 0x01CC, 0x01CC,
  0x01CC, 0x01CC, 0x01CC, 0x01CC, 0x01CC, 0x01CC, 0x01CC, 0x01CC, 0x01CC, 0x01CC, 0x01CC, 0x01CC,
  0x01CC, 0x01CC, 0x01CC, 0x01CC, 0x01CC, 0x01CC, 0x01CC, 0x01CC, 0x01CC, 0x01CC, 0x01CC, 0x01CC,
  0x01CC, 0x01CC, 0x01CC, 0x01CC, 0x01CC, 0x01CC, 0x01CC, 0x01CC, 0x01CC, 0x01CC, 0x01CC, 0x01CC,
  0x01CC, 0x01CC, 0x01CC, 0x01CC, 0x01CC, 0x01CC, 0x01CC, 0x01CC, 0x01CC, 0x01CC, 0x01CC, 0x01CC,
  0x01CC, 0x01CC, 0x01CC, 0x01CC, 0x01CC, 0x01CC, 0x01CC, 0x01CC, 0x01CC, 0x01CC, 0x01CC, 0x01CC,
  0x01CC, 0x01CC, 0x01CC, 0x01CC, 0x01CC, 0x01CC, 0x01CC, 0x01CC, 0x01CC, 0x01CC, 0x01CC, 0x01CC,
  0x01CC, 0x01CC, 0x01CC, 0x01CC, 0x01CC, 0x01CC, 0x01CC, 0x01CC, 0x01CC, 0x01CC, 0x01CC, 0x01CC,
  0x01CC, 0x01CC, 0x01CC, 0x01CC, 0x01CC, 0x01CC, 0x01CC, 0x01CC, 0x01CC, 0x01CC, 0x01CC, 0x01CC,
  0x01CC, 0x01CC, 0x01CC, 0x01CC, 0x01CC, 0x01CC, 0x01CC, 0x01CC, 0x01CC, 0x01CC, 0x01CC, 0x01CC,
  0x01CC, 0x01CC, 0x01CC, 0x01CC, 0x01CC, 0x01CC, 0x01CC, 0x01CC, 0x01CC, 0x01CC, 0x01CC, 0x01CC,
  0x01CC, 0x01CC, 0x01CC, 0x01CC, 0x01CC, 0x01CC, 0x01CC, 0x01CC, 0x01CC, 0x01CC, 0x01CC, 0x01CC,
  0x01CC, 0x01CC, 0x01CC, 0x01CC, 0x01CC, 0x01CC, 0x01CC, 0x01CC, 0x01CC, 0x01CC, 0x01CC, 0x01CC,
  0x01CC, 0x01CC, 0x01CC, 0x01CC, 0x01CC, 0x01CC, 0x01CC, 0x01CC, 0x01CC, 0x01CC, 0x01CC, 0x01CC,
  0x01CC, 0x01CC, 0x01CC, 0x01CC, 0x01CC, 0x01CC, 0x01CC, 0x01CC, 0x01CC, 0x01CC, 0x01CC, 0x01CC,
  0x01CC, 0x01CC, 0x01CC, 0x01CC, 0x01CC, 0x01CC, 0x01CC, 0x01CC, 0x01CC, 0x01CC, 0x01CC, 0x01CC,
  0x01CC, 0x01CC, 0x01CC, 0x01CC, 0x01CC, 0x01CC, 0x01CC, 0x01CC, 0x01CC, 0x01CC, 0x01CC, 0x01CC,
  0x01CC, 0x01CC, 0x01CC, 0x01CC, 0x01CC, 0x01CC, 0x01CC, 0x01EC, 0x2AF0, 0xB63A, 0xEF9E, 0xFFFF,
  0xFFFF, 0xFFFF, 0xFFFF, 0xFFFF, 0xFFFF, 0xFFFF, 0xFFFF, 0xFFFF, 0xFFFF, 0xFFFF, 0xFFFF, 0xFFFF,
  0xFFFF, 0xFFFF, 0xFFFF, 0xFFFF, 0xFFFF, 0xFFFF, 0xFFFF, 0xFFFF, 0xFFFF, 0xFFFF, 0xFFFF, 0xFFFF,
  0xFFFF, 0xFFFF, 0xDF1D, 0x5C13, 0x1A8E, 0x01CC, 0x01CC, 0x01CC, 0x01CC, 0x01CC, 0x01CC, 0x01CC,
  0x01CC, 0x01CC, 0x01CC, 0x01CC, 0x01CC, 0x01EC, 0x01EC, 0x01ED, 0x0A0D, 0x122D, 0x1A8E, 0x3310,
  0x53D2, 0x74B5, 0x9D98, 0xBE7B, 0xDF1D, 0xF79E, 0xFFDF, 0xFFFF, 0xFFFF, 0xFFFF, 0xFFFF, 0xFFFF,
  0xFFFF, 0xFFFF, 0xFFFF, 0xFFFF, 0xFFFF, 0xFFFF, 0xFFFF, 0xFFFF, 0xFFFF, 0xFFFF, 0xFFFF, 0xFFFF,
  0xFFFF, 0xFFFF, 0xFFFF, 0xFFFF, 0xFFFF, 0xFFFF, 0xFFFF, 0xFFFF, 0xFFFF, 0xFFFF, 0xFFFF, 0xFFFF,
  0xFFFF, 0xFFFF, 0xFFFF, 0xFFFF, 0xFFFF, 0xFFFF, 0xFFFF, 0xFFFF, 0xFFFF, 0xFFFF, 0xFFFF, 0xFFFF,
  0xFFFF, 0xFFFF, 0xFFFF, 0xFFFF, 0xFFFF, 0xFFFF, 0xFFFF, 0xFFFF, 0xFFFF, 0xFFFF, 0xFFFF, 0xFFFF,
  0xFFFF, 0xFFFF, 0xFFFF, 0xFFFF, 0xFFFF, 0xFFDF, 0xF7DF, 0xF7DF, 0xFFDF, 0xFFDF, 0xFFFF, 0xFFFF,
  0xFFFF, 0xFFFF, 0xFFFF, 0xFFFF, 0xFFFF, 0xFFFF, 0xFFFF, 0xFFFF, 0xFFFF, 0xFFFF, 0xFFFF, 0xFFFF,
  0xFFFF, 0xFFFF, 0xFFFF, 0xFFFF, 0xFFFF, 0xFFFF, 0xFFFF, 0xFFFF, 0xFFFF, 0xFFFF, 0xFFFF, 0xFFFF,
  0xFFFF, 0xFFFF, 0xFFFF, 0xFFFF, 0xFFFF, 0xFFFF, 0xFFFF, 0xFFFF, 0xFFFF, 0xFFFF, 0xFFFF, 0xFFFF,
  0xFFFF, 0xFFFF, 0xFFFF, 0xFFFF, 0xFFFF, 0xFFFF, 0xFFFF, 0xFFFF, 0xFFFF, 0xFFFF, 0xFFFF, 0xFFFF,
  0xFFFF, 0xFFFF, 0xFFFF, 0xFFFF, 0xFFFF, 0xFFFF, 0xFFFF, 0xFFFF, 0xFFFF, 0xFFFF, 0xFFFF, 0xFFFF,
  0xFFFF, 0xFFFF, 0xFFFF, 0xFFFF, 0xFFFF, 0xFFFF, 0xFFFF, 0xFFFF, 0xFFFF, 0xFFFF, 0xFFFF, 0xFFFF,
  0xFFFF, 0xFFFF, 0xFFFF, 0xFFFF, 0xFFFF, 0xFFFF, 0xFFFF, 0xFFFF, 0xFFFF, 0xFFFF, 0xFFFF, 0xFFFF,
  0xFFFF, 0xF7BF, 0xD6DC, 0x6C74, 0x2ACF, 0x01CC, 0x01CC, 0x01CC, 0x01CC, 0x01CC, 0x01CC, 0x01CC,
  0x01CC, 0x01CC, 0x01CC, 0x01CC, 0x01CC, 0x01CC, 0x01CC, 0x01CC, 0x01CC, 0x01CC, 0x01CC, 0x01CC,
  0x01CC, 0x01CC, 0x01CC, 0x01CC, 0x01CC, 0x01CC, 0x01CC, 0x01CC, 0x01CC, 0x01CC, 0x01CC, 0x01CC,
  0x01CC, 0x01CC, 0x01CC, 0x01CC, 0x01CC, 0x01CC, 0x01CC, 0x01CC, 0x01CC, 0x01CC, 0x01CC, 0x01CC,
  0x01CC, 0x01CC, 0x01CC, 0x01CC, 0x01CC, 0x01CC, 0x01CC, 0x01CC, 0x01CC, 0x01CC, 0x01CC, 0x01CC,
  0x01CC, 0x01CC, 0x01CC, 0x01CC, 0x01CC, 0x01CC, 0x01CC, 0x01CC, 0x01CC, 0x01CC, 0x01CC, 0x01CC,
  0x01CC, 0x01CC, 0x01CC, 0x01CC, 0x01CC, 0x01CC, 0x01CC, 0x01CC, 0x01CC, 0x01CC, 0x01CC, 0x01CC,
  0x01CC, 0x01CC, 0x01CC, 0x01CC, 0x01CC, 0x01CC, 0x01CC, 0x01CC, 0x01CC, 0x01CC, 0x01CC, 0x01CC,
  0x01CC, 0x01CC, 0x01CC, 0x01CC, 0x01CC, 0x01CC, 0x01CC, 0x01CC, 0x01CC, 0x01CC, 0x01CC, 0x01CC,
  0x01CC, 0x01CC, 0x01CC, 0x01CC, 0x01CC, 0x01CC, 0x01CC, 0x01CC, 0x01CC, 0x01CC, 0x01CC, 0x01CC,
  0x01CC, 0x01CC, 0x01CC, 0x01CC, 0x01CC, 0x01CC, 0x01CC, 0x01CC, 0x01CC, 0x01CC, 0x01CC, 0x01CC,
  0x01CC, 0x01CC, 0x01CC, 0x01CC, 0x01CC, 0x01CC, 0x01CC, 0x01CC, 0x01CC, 0x01CC, 0x01CC, 0x01CC,
  0x01CC, 0x01CC, 0x01CC, 0x01CC, 0x01CC, 0x01CC, 0x01CC, 0x01CC, 0x01CC, 0x01CC, 0x01CC, 0x01CC,
  0x01CC, 0x01CC, 0x01CC, 0x01CC, 0x01CC, 0x01CC, 0x01CC, 0x01CC, 0x01CC, 0x01CC, 0x01CC, 0x01CC,
  0x01CC, 0x01CC, 0x01CC, 0x01CC, 0x01CC, 0x01CC, 0x01CC, 0x01CC, 0x01CC, 0x01CC, 0x01CC, 0x01CC,
  0x01CC, 0x01CC, 0x01CC, 0x01CC, 0x01CC, 0x01CC, 0x01CC, 0x01CC, 0x01CC, 0x01CC, 0x01CC, 0x01CC,
  0x01CC, 0x01CC, 0x01CC, 0x01CC, 0x01CC, 0x01CC, 0x01CC, 0x01CC, 0x01CC, 0x01CC, 0x01CC, 0x01CC,
  0x01CC, 0x01CC, 0x01CC, 0x01CC, 0x01CC, 0x01CC, 0x01CC, 0x01CC, 0x01CC, 0x01CC, 0x01CC, 0x01CC,
  0x01CC, 0x01CC, 0x01CC, 0x01CC, 0x01CC, 0x01CC, 0x01CC, 0x01CC, 0x01CC, 0x01CC, 0x01CC, 0x01CC,
  0x01CC, 0x01CC, 0x01CC, 0x01CC, 0x01CC, 0x01CC, 0x01CC, 0x01CC, 0x01CC, 0x01CC, 0x01CC, 0x01CC,
  0x01CC, 0x01CC, 0x01CC, 0x01CC, 0x01CC, 0x01CC, 0x01CC, 0x01CC, 0x01CC, 0x01CC, 0x01CC, 0x01CC,
  0x01CC, 0x01CC, 0x01CC, 0x01CC, 0x01CC, 0x01CC, 0x01CC, 0x01CC, 0x01CC, 0x01CC, 0x01CC, 0x01CC,
  0x01CC, 0x01CC, 0x01CC, 0x01CC, 0x01CC, 0x01CC, 0x01CC, 0x122D, 0x4371, 0xCEDC, 0xF7DF, 0xFFFF,
  0xFFFF, 0xFFFF, 0xFFFF, 0xFFFF, 0xFFFF, 0xFFFF, 0xFFFF, 0xFFFF, 0xFFFF, 0xFFFF, 0xFFFF, 0xFFFF,
  0xFFFF, 0xFFFF, 0xFFFF, 0xFFFF, 0xFFFF, 0xFFFF, 0xFFFF, 0xFFFF, 0xFFFF, 0xFFFF, 0xFFFF, 0xFFFF,
  0xFFFF, 0xEF9E, 0xBE5A, 0x3B31, 0x0A0D, 0x01CC, 0x01CC, 0x01CC, 0x01CC, 0x01CC, 0x01CC, 0x01CC,
  0x09ED, 0x0A2D, 0x124E, 0x22AF, 0x3B30, 0x4B92, 0x5BF3, 0x6C74, 0x84F6, 0x9D78, 0xADF9, 0xBE5A,
  0xC69B, 0xD6FC, 0xDF3D, 0xEF7E, 0xF7BF, 0xFFDF, 0xFFFF, 0xFFFF, 0xFFFF, 0xFFFF, 0xFFFF, 0xFFFF,
  0xFFFF, 0xFFFF, 0xFFFF, 0xFFFF, 0xFFFF, 0xFFFF, 0xFFFF, 0xFFFF, 0xFFFF, 0xFFFF, 0xFFFF, 0xFFFF,
  0xFFFF, 0xFFFF, 0xFFFF, 0xFFFF, 0xFFFF, 0xFFFF, 0xFFFF, 0xFFFF, 0xFFFF, 0xFFFF, 0xFFFF, 0xFFFF,
  0xFFFF, 0xFFFF, 0xFFFF, 0xFFFF, 0xFFFF, 0xFFFF, 0xFFFF, 0xFFFF, 0xFFFF, 0xFFFF, 0xFFFF, 0xFFFF,
  0xFFFF, 0xFFFF, 0xFFFF, 0xFFFF, 0xFFFF, 0xFFFF, 0xFFFF, 0xFFFF, 0xFFFF, 0xFFFF, 0xFFFF, 0xFFFF,
  0xFFFF, 0xFFFF, 0xFFFF, 0xFFFF, 0xE75D, 0xBE7A, 0x8D37, 0x84F6, 0x8D57, 0xBE5A, 0xE73D, 0xFFFF,
  0xFFFF, 0xFFFF, 0xFFFF, 0xFFFF, 0xFFFF, 0xFFFF, 0xFFFF, 0xFFFF, 0xFFFF, 0xFFFF, 0xFFFF, 0xFFFF,
  0xFFFF, 0xFFFF, 0xFFFF, 0xFFFF, 0xFFFF, 0xFFFF, 0xFFFF, 0xFFFF, 0xFFFF, 0xFFFF, 0xFFFF, 0xFFFF,
  0xFFFF, 0xFFFF, 0xFFFF, 0xFFFF, 0xFFFF, 0xFFFF, 0xFFFF, 0xFFFF, 0xFFFF, 0xFFFF, 0xFFFF, 0xFFFF,
  0xFFFF, 0xFFFF, 0xFFFF, 0xFFFF, 0xFFFF, 0xFFFF, 0xFFFF, 0xFFFF, 0xFFFF, 0xFFFF, 0xFFFF, 0xFFFF,
  0xFFFF, 0xFFFF, 0xFFFF, 0xFFFF, 0xFFFF, 0xFFFF, 0xFFFF, 0xFFFF, 0xFFFF, 0xFFFF, 0xFFFF, 0xFFFF,
  0xFFFF, 0xFFFF, 0xFFFF, 0xFFFF, 0xFFFF, 0xFFFF, 0xFFFF, 0xFFFF, 0xFFFF, 0xFFFF, 0xFFFF, 0xFFFF,
  0xFFFF, 0xFFFF, 0xFFFF, 0xFFFF, 0xFFFF, 0xFFFF, 0xFFFF, 0xFFFF, 0xFFFF, 0xFFFF, 0xFFFF, 0xFFFF,
  0xF7BF, 0xB63A, 0x6C74, 0x2ACF, 0x0A2D, 0x01CC, 0x01CC, 0x01CC, 0x01CC, 0x01CC, 0x01CC, 0x01CC,
  0x01CC, 0x01CC, 0x01CC, 0x01CC, 0x01CC, 0x01CC, 0x01CC, 0x01CC, 0x01CC, 0x01CC, 0x01CC, 0x01CC,
  0x01CC, 0x01CC, 0x01CC, 0x01CC, 0x01CC, 0x01CC, 0x01CC, 0x01CC, 0x01CC, 0x01CC, 0x01CC, 0x01CC,
  0x01CC, 0x01CC, 0x01CC, 0x01CC, 0x01CC, 0x01CC, 0x01CC, 0x01CC, 0x01CC, 0x01CC, 0x01CC, 0x01CC,
  0x01CC, 0x01CC, 0x01CC, 0x01CC, 0x01CC, 0x01CC, 0x01CC, 0x01CC, 0x01CC, 0x01CC, 0x01CC, 0x01CC,
  0x01CC, 0x01CC, 0x01CC, 0x01CC, 0x01CC, 0x01CC, 0x01CC, 0x01CC, 0x01CC, 0x01CC, 0x01CC, 0x01CC,
  0x01CC, 0x01CC, 0x01CC, 0x01CC, 0x01CC, 0x01CC, 0x01CC, 0x01CC, 0x01CC, 0x01CC, 0x01CC, 0x01CC,
  0x01CC, 0x01CC, 0x01CC, 0x01CC, 0x01CC, 0x01CC, 0x01CC, 0x01CC, 0x01CC, 0x01CC, 0x01CC, 0x01CC,
  0x01CC, 0x01CC, 0x01CC, 0x01CC, 0x01CC, 0x01CC, 0x01CC, 0x01CC, 0x01CC, 0x01CC, 0x01CC, 0x01CC,
  0x01CC, 0x01CC, 0x01CC, 0x01CC, 0x01CC, 0x01CC, 0x01CC, 0x01CC, 0x01CC, 0x01CC, 0x01CC, 0x01CC,
  0x01CC, 0x01CC, 0x01CC, 0x01CC, 0x01CC, 0x01CC, 0x01CC, 0x01CC, 0x01CC, 0x01CC, 0x01CC, 0x01CC,
  0x01CC, 0x01CC, 0x01CC, 0x01CC, 0x01CC, 0x01CC, 0x01CC, 0x01CC, 0x01CC, 0x01CC, 0x01CC, 0x01CC,
  0x01CC, 0x01CC, 0x01CC, 0x01CC, 0x01CC, 0x01CC, 0x01CC, 0x01CC, 0x01CC, 0x01CC, 0x01CC, 0x01CC,
  0x01CC, 0x01CC, 0x01CC, 0x01CC, 0x01CC, 0x01CC, 0x01CC, 0x01CC, 0x01CC, 0x01CC, 0x01CC, 0x01CC,
  0x01CC, 0x01CC, 0x01CC, 0x01CC, 0x01CC, 0x01CC, 0x01CC, 0x01CC, 0x01CC, 0x01CC, 0x01CC, 0x01CC,
  0x01CC, 0x01CC, 0x01CC, 0x01CC, 0x01CC, 0x01CC, 0x01CC, 0x01CC, 0x01CC, 0x01CC, 0x01CC, 0x01CC,
  0x01CC, 0x01CC, 0x01CC, 0x01CC, 0x01CC, 0x01CC, 0x01CC, 0x01CC, 0x01CC, 0x01CC, 0x01CC, 0x01CC,
  0x01CC, 0x01CC, 0x01CC, 0x01CC, 0x01CC, 0x01CC, 0x01CC, 0x01CC, 0x01CC, 0x01CC, 0x01CC, 0x01CC,
  0x01CC, 0x01CC, 0x01CC, 0x01CC, 0x01CC, 0x01CC, 0x01CC, 0x01CC, 0x01CC, 0x01CC, 0x01CC, 0x01CC,
  0x01CC, 0x01CC, 0x01CC, 0x01CC, 0x01CC, 0x01CC, 0x01CC, 0x01CC, 0x01CC, 0x01CC, 0x01CC, 0x01CC,
  0x01CC, 0x01CC, 0x01CC, 0x01CC, 0x01CC, 0x01CC, 0x01CC, 0x01CC, 0x01CC, 0x01CC, 0x01CC, 0x01CC,
  0x01CC, 0x01CC, 0x01CC, 0x01CC, 0x01CC, 0x01CC, 0x01CC, 0x01CC, 0x01CC, 0x01CC, 0x01CC, 0x01CC,
  0x01CC, 0x01CC, 0x01CC, 0x01CC, 0x01CC, 0x01CC, 0x01CC, 0x22AF, 0x6434, 0xDF3D, 0xFFFF, 0xFFFF,
  0xFFFF, 0xFFFF, 0xFFFF, 0xFFFF, 0xFFFF, 0xFFFF, 0xFFFF, 0xFFFF, 0xFFFF, 0xFFFF, 0xFFFF, 0xFFFF,
  0xFFFF, 0xFFFF, 0xFFFF, 0xFFFF, 0xFFFF, 0xFFFF, 0xFFFF, 0xFFFF, 0xFFFF, 0xFFFF, 0xFFFF, 0xFFFF,
  0xFFFF, 0xD71C, 0x9577, 0x22AF, 0x01EC, 0x01CC, 0x01EC, 0x122D, 0x22AF, 0x3310, 0x4371, 0x53D2,
  0x5C13, 0x6454, 0x7495, 0x84F6, 0x8D57, 0x9DB8, 0xAE19, 0xBE7A, 0xD6DC, 0xE75D, 0xF7BE, 0xFFDF,
  0xFFFF, 0xFFFF, 0xFFFF, 0xFFFF, 0xFFFF, 0xFFFF, 0xFFFF, 0xFFFF, 0xFFFF, 0xFFFF, 0xFFFF, 0xFFFF,
  0xFFFF, 0xFFFF, 0xFFFF, 0xFFFF, 0xFFFF, 0xFFFF, 0xFFFF, 0xFFFF, 0xFFFF, 0xFFFF, 0xFFFF, 0xFFFF,
  0xFFFF, 0xFFFF, 0xFFFF, 0xFFFF, 0xFFFF, 0xFFFF, 0xFFFF, 0xFFFF, 0xFFFF, 0xFFFF, 0xFFFF, 0xFFFF,
  0xFFFF, 0xFFFF, 0xFFFF, 0xFFFF, 0xFFFF, 0xFFFF, 0xFFFF, 0xFFFF, 0xFFFF, 0xFFFF, 0xFFFF, 0xFFFF,
  0xFFFF, 0xFFFF, 0xFFFF, 0xFFFF, 0xFFFF, 0xFFFF, 0xFFFF, 0xFFFF, 0xFFFF, 0xFFFF, 0xFFFF, 0xFFFF,
  0xFFFF, 0xEF9E, 0xDF1D, 0xBE5A, 0x9557, 0x6C54, 0x3B30, 0x32F0, 0x3B51, 0x6434, 0x8D37, 0xB63A,
  0xD6FC, 0xEF9E, 0xFFFF, 0xFFFF, 0xFFFF, 0xFFFF, 0xFFFF, 0xFFFF, 0xFFFF, 0xFFFF, 0xFFFF, 0xFFFF,
  0xFFFF, 0xFFFF, 0xFFFF, 0xFFFF, 0xFFFF, 0xFFFF, 0xFFFF, 0xFFFF, 0xFFFF, 0xFFFF, 0xFFFF, 0xFFFF,
  0xFFFF, 0xFFFF, 0xFFFF, 0xFFFF, 0xFFFF, 0xFFFF, 0xFFFF, 0xFFFF, 0xFFFF, 0xFFFF, 0xFFFF, 0xFFFF,
  0xFFFF, 0xFFFF, 0xFFFF, 0xFFFF, 0xFFFF, 0xFFFF, 0xFFFF, 0xFFFF, 0xFFFF, 0xFFFF, 0xFFFF, 0xFFFF,
  0xFFFF, 0xFFFF, 0xFFFF, 0xFFFF, 0xFFFF, 0xFFFF, 0xFFFF, 0xFFFF, 0xFFFF, 0xFFFF, 0xFFFF, 0xFFFF,
  0xFFFF, 0xFFFF, 0xFFFF, 0xFFFF, 0xFFFF, 0xFFFF, 0xFFFF, 0xFFFF, 0xFFFF, 0xFFFF, 0xFFFF, 0xFFFF,
  0xFFFF, 0xFFFF, 0xFFFF, 0xFFFF, 0xFFFF, 0xFFFF, 0xFFFF, 0xFFFF, 0xFFFF, 0xFFFF, 0xF7BF, 0xE73D,
  0xB61A, 0x6C74, 0x2ACF, 0x0A0D, 0x01CC, 0x01CC, 0x01CC, 0x01CC, 0x01CC, 0x01CC, 0x01CC, 0x01CC,
  0x01CC, 0x01CC, 0x01CC, 0x01CC, 0x01CC, 0x01CC, 0x01CC, 0x01CC, 0x01CC, 0x01CC, 0x01CC, 0x01CC,
  0x01CC, 0x01CC, 0x01CC, 0x01CC, 0x01CC, 0x01CC, 0x01CC, 0x01CC, 0x01CC, 0x01CC, 0x01CC, 0x01CC,
  0x01CC, 0x01CC, 0x01CC, 0x01CC, 0x01CC, 0x01CC, 0x01CC, 0x01CC, 0x01CC, 0x01CC, 0x01CC, 0x01CC,
  0x01CC, 0x01CC, 0x01CC, 0x01CC, 0x01CC, 0x01CC, 0x01CC, 0x01CC, 0x01CC, 0x01CC, 0x01CC, 0x01CC,
  0x01CC, 0x01CC, 0x01CC, 0x01CC, 0x01CC, 0x01CC, 0x01CC, 0x01CC, 0x01CC, 0x01CC, 0x01CC, 0x01CC,
  0x01CC, 0x01CC, 0x01CC, 0x01CC, 0x01CC, 0x01CC, 0x01CC, 0x01CC, 0x01CC, 0x01CC, 0x01CC, 0x01CC,
  0x01CC, 0x01CC, 0x01CC, 0x01CC, 0x01CC, 0x01CC, 0x01CC, 0x01CC, 0x01CC, 0x01CC, 0x01CC, 0x01CC,
  0x01CC, 0x01CC, 0x01CC, 0x01CC, 0x01CC, 0x01CC, 0x01CC, 0x01CC, 0x01CC, 0x01CC, 0x01CC, 0x01CC,
  0x01CC, 0x01CC, 0x01CC, 0x01CC, 0x01CC, 0x01CC, 0x01CC, 0x01CC, 0x01CC, 0x01CC, 0x01CC, 0x01CC,
  0x01CC, 0x01CC, 0x01CC, 0x01CC, 0x01CC, 0x01CC, 0x01CC, 0x01CC, 0x01CC, 0x01CC, 0x01CC, 0x01CC,
  0x01CC, 0x01CC, 0x01CC, 0x01CC, 0x01CC, 0x01CC, 0x01CC, 0x01CC, 0x01CC, 0x01CC, 0x01CC, 0x01CC,
  0x01CC, 0x01CC, 0x01CC, 0x01CC, 0x01CC, 0x01CC, 0x01CC, 0x01CC, 0x01CC, 0x01CC, 0x01CC, 0x01CC,
  0x01CC, 0x01CC, 0x01CC, 0x01CC, 0x01CC, 0x01CC, 0x01CC, 0x01CC, 0x01CC, 0x01CC, 0x01CC, 0x01CC,
  0x01CC, 0x01CC, 0x01CC, 0x01CC, 0x01CC, 0x01CC, 0x01CC, 0x01CC, 0x01CC, 0x01CC, 0x01CC, 0x01CC,
  0x01CC, 0x01CC, 0x01CC, 0x01CC, 0x01CC, 0x01CC, 0x01CC, 0x01CC, 0x01CC, 0x01CC, 0x01CC, 0x01CC,
  0x01CC, 0x01CC, 0x01CC, 0x01CC, 0x01CC, 0x01CC, 0x01CC, 0x01CC, 0x01CC, 0x01CC, 0x01CC, 0x01CC,
  0x01CC, 0x01CC, 0x01CC, 0x01CC, 0x01CC, 0x01CC, 0x01CC, 0x01CC, 0x01CC, 0x01CC, 0x01CC, 0x01CC,
  0x01CC, 0x01CC, 0x01CC, 0x01CC, 0x01CC, 0x01CC, 0x01CC, 0x01CC, 0x01CC, 0x01CC, 0x01CC, 0x01CC,
  0x01CC, 0x01CC, 0x01CC, 0x01CC, 0x01CC, 0x01CC, 0x01CC, 0x01CC, 0x01CC, 0x01CC, 0x01CC, 0x01CC,
  0x01CC, 0x01CC, 0x01CC, 0x01CC, 0x01CC, 0x01CC, 0x01CC, 0x01CC, 0x01CC, 0x01CC, 0x01CC, 0x01CC,
  0x01CC, 0x01CC, 0x01CC, 0x01CC, 0x01CC, 0x01CC, 0x01CC, 0x01CC, 0x01CC, 0x01CC, 0x01CC, 0x01CC,
  0x01CC, 0x01CC, 0x01CC, 0x01CC, 0x01CC, 0x01CC, 0x01CC, 0x3B30, 0x8D16, 0xE77E, 0xFFFF, 0xFFFF,
  0xFFFF, 0xFFFF, 0xFFFF, 0xFFFF, 0xFFFF, 0xFFFF, 0xFFFF, 0xFFFF, 0xFFFF, 0xFFFF, 0xFFFF, 0xFFFF,
  0xFFFF, 0xFFFF, 0xFFFF, 0xFFFF, 0xFFFF, 0xFFFF, 0xFFFF, 0xFFFF, 0xFFFF, 0xFFFF, 0xFFFF, 0xFFFF,
  0xFFFF, 0xBE5A, 0x6434, 0x124E, 0x01CC, 0x01EC, 0x0A2D, 0x3310, 0x6434, 0x9577, 0xBE5A, 0xDF1C,
  0xEF9E, 0xF7BF, 0xFFFF, 0xFFFF, 0xFFFF, 0xFFFF, 0xFFFF, 0xFFFF, 0xFFFF, 0xFFFF, 0xFFFF, 0xFFFF,
  0xFFFF, 0xFFFF, 0xFFFF, 0xFFFF, 0xFFFF, 0xFFFF, 0xFFFF, 0xFFFF, 0xFFFF, 0xFFFF, 0xFFFF, 0xFFFF,
  0xFFFF, 0xFFFF, 0xFFFF, 0xFFFF, 0xFFFF, 0xFFFF, 0xFFFF, 0xFFFF, 0xFFFF, 0xFFFF, 0xFFFF, 0xFFFF,
  0xFFFF, 0xFFFF, 0xFFFF, 0xFFFF, 0xFFFF, 0xFFFF, 0xFFFF, 0xFFFF, 0xFFFF, 0xFFFF, 0xFFFF, 0xFFFF,
  0xFFFF, 0xFFFF, 0xFFFF, 0xFFFF, 0xFFFF, 0xFFFF, 0xFFFF, 0xFFFF, 0xFFFF, 0xFFFF, 0xFFFF, 0xFFFF,
  0xFFFF, 0xFFFF, 0xFFFF, 0xFFFF, 0xFFFF, 0xFFFF, 0xFFFF, 0xFFFF, 0xFFFF, 0xFFFF, 0xFFFF, 0xFFFF,
  0xF7DF, 0xCEDC, 0x9557, 0x4371, 0x1A6E, 0x01CC, 0x01CC, 0x01CC, 0x01CC, 0x01CC, 0x124E, 0x3B51,
  0x8516, 0xC69B, 0xF7BE, 0xF7DF, 0xFFFF, 0xFFFF, 0xFFFF, 0xFFFF, 0xFFFF, 0xFFFF, 0xFFFF, 0xFFFF,
  0xFFFF, 0xFFFF, 0xFFFF, 0xFFFF, 0xFFFF, 0xFFFF, 0xFFFF, 0xFFFF, 0xFFFF, 0xFFFF, 0xFFFF, 0xFFFF,
  0xFFFF, 0xFFFF, 0xFFFF, 0xFFFF, 0xFFFF, 0xFFFF, 0xFFFF, 0xFFFF, 0xFFFF, 0xFFFF, 0xFFFF, 0xFFFF,
  0xFFFF, 0xFFFF, 0xFFFF, 0xFFFF, 0xFFFF, 0xFFFF, 0xFFFF, 0xFFFF, 0xFFFF, 0xFFFF, 0xFFFF, 0xFFFF,
  0xFFFF, 0xFFFF, 0xFFFF, 0xFFFF, 0xFFFF, 0xFFFF, 0xFFFF, 0xFFFF, 0xFFFF, 0xFFFF, 0xFFFF, 0xFFFF,
  0xFFFF, 0xFFFF, 0xFFFF, 0xFFFF, 0xFFFF, 0xFFFF, 0xFFFF, 0xFFFF, 0xFFFF, 0xFFFF, 0xFFFF, 0xFFFF,
  0xFFFF, 0xFFFF, 0xFFFF, 0xFFFF, 0xFFFF, 0xFFFF, 0xFFFF, 0xFFFF, 0xFFFF, 0xFFFF, 0xE73D, 0xADF9,
  0x4371, 0x124E, 0x01CC, 0x01CC, 0x01CC, 0x01CC, 0x01CC, 0x01CC, 0x01CC, 0x01CC, 0x01CC, 0x01CC,
  0x01CC, 0x01CC, 0x01CC, 0x01CC, 0x01CC, 0x01CC, 0x01CC, 0x01CC, 0x01CC, 0x01CC, 0x01CC, 0x01CC,
  0x01CC, 0x01CC, 0x01CC, 0x01CC, 0x01CC, 0x01CC, 0x01CC, 0x01CC, 0x01CC, 0x01CC, 0x01CC, 0x01CC,
  0x01CC, 0x01CC, 0x01CC, 0x01CC, 0x01CC, 0x01CC, 0x01CC, 0x01CC, 0x01CC, 0x01CC, 0x01CC, 0x01CC,
  0x01CC, 0x01CC, 0x01CC, 0x01CC, 0x01CC, 0x01CC, 0x01CC, 0x01CC, 0x01CC, 0x01CC, 0x01CC, 0x01CC,
  0x01CC, 0x01CC, 0x01CC, 0x01CC, 0x01CC, 0x01CC, 0x01CC, 0x01CC, 0x01CC, 0x01CC, 0x01CC, 0x01CC,
  0x01CC, 0x01CC, 0x01CC, 0x01CC, 0x01CC, 0x01CC, 0x01CC, 0x01CC, 0x01CC, 0x01CC, 0x01CC, 0x01CC,
  0x01CC, 0x01CC, 0x01CC, 0x01CC, 0x01CC, 0x01CC, 0x01CC, 0x01CC, 0x01CC, 0x01CC, 0x01CC, 0x01CC,
  0x01CC, 0x01CC, 0x01CC, 0x01CC, 0x01CC, 0x01CC, 0x01CC, 0x01CC, 0x01CC, 0x01CC, 0x01CC, 0x01CC,
  0x01CC, 0x01CC, 0x01CC, 0x01CC, 0x01CC, 0x01CC, 0x01CC, 0x01CC, 0x01CC, 0x01CC, 0x01CC, 0x01CC,
  0x01CC, 0x01CC, 0x01CC, 0x01CC, 0x01CC, 0x01CC, 0x01CC, 0x01CC, 0x01CC, 0x01CC, 0x01CC, 0x01CC,
  0x01CC, 0x01CC, 0x01CC, 0x01CC, 0x01CC, 0x01CC, 0x01CC, 0x01CC, 0x01CC, 0x01CC, 0x01CC, 0x01CC,
  0x01CC, 0x01CC, 0x01CC, 0x01CC, 0x01CC, 0x01CC, 0x01CC, 0x01CC, 0x01CC, 0x01CC, 0x01CC, 0x01CC,
  0x01CC, 0x01CC, 0x01CC, 0x01CC, 0x01CC, 0x01CC, 0x01CC, 0x01CC, 0x01CC, 0x01CC, 0x01CC, 0x01CC,
  0x01CC, 0x01CC, 0x01CC, 0x01CC, 0x01CC, 0x01CC, 0x01CC, 0x01CC, 0x01CC, 0x01CC, 0x01CC, 0x01CC,
  0x01CC, 0x01CC, 0x01CC, 0x01CC, 0x01CC, 0x01CC, 0x01CC, 0x01CC, 0x01CC, 0x01CC, 0x01CC, 0x01CC,
  0x01CC, 0x01CC, 0x01CC, 0x01CC, 0x01CC, 0x01CC, 0x01CC, 0x01CC, 0x01CC, 0x01CC, 0x01CC, 0x01CC,
  0x01CC, 0x01CC, 0x01CC, 0x01CC, 0x01CC, 0x01CC, 0x01CC, 0x01CC, 0x01CC, 0x01CC, 0x01CC, 0x01CC,
  0x01CC, 0x01CC, 0x01CC, 0x01CC, 0x01CC, 0x01CC, 0x01CC, 0x01CC, 0x01CC, 0x01CC, 0x01CC, 0x01CC,
  0x01CC, 0x01CC, 0x01CC, 0x01CC, 0x01CC, 0x01CC, 0x01CC, 0x01CC, 0x01CC, 0x01CC, 0x01CC, 0x01CC,
  0x01CC, 0x01CC, 0x01CC, 0x01CC, 0x01CC, 0x01CC, 0x01CC, 0x01CC, 0x01CC, 0x01CC, 0x01CC, 0x01CC,
  0x01CC, 0x01CC, 0x01CC, 0x01CC, 0x01CC, 0x01CC, 0x01CC, 0x01CC, 0x01CC, 0x01CC, 0x01CC, 0x01CC,
  0x01CC, 0x01CC, 0x01CC, 0x01CC, 0x01CC, 0x01CC, 0x01CC, 0x4B92, 0xA5B8, 0xEF9E, 0xFFFF, 0xFFFF,
  0xFFFF, 0xFFFF, 0xFFFF, 0xFFFF, 0xFFFF, 0xFFFF, 0xFFFF, 0xFFFF, 0xFFFF, 0xFFFF, 0xFFFF, 0xFFFF,
  0xFFFF, 0xFFFF, 0xFFFF, 0xFFFF, 0xFFFF, 0xFFFF, 0xFFFF, 0xFFFF, 0xFFFF, 0xFFFF, 0xFFFF, 0xFFFF,
  0xFFFF, 0xA5D9, 0x3B51, 0x0A0D, 0x0A0D, 0x2AF0, 0x7CF6, 0xAE19, 0xCEDC, 0xDF3D, 0xEF7E, 0xF7BE,
  0xFFDF, 0xFFFF, 0xFFFF, 0xFFFF, 0xFFFF, 0xFFFF, 0xFFFF, 0xFFFF, 0xFFFF, 0xFFFF, 0xFFFF, 0xFFFF,
  0xFFFF, 0xFFFF, 0xFFFF, 0xFFFF, 0xFFFF, 0xFFFF, 0xFFFF, 0xFFFF, 0xFFFF, 0xFFFF, 0xFFFF, 0xFFFF,
  0xFFFF, 0xFFFF, 0xFFFF, 0xFFFF, 0xFFFF, 0xFFFF, 0xFFFF, 0xFFFF, 0xFFFF, 0xFFFF, 0xFFFF, 0xFFFF,
  0xFFFF, 0xFFFF, 0xFFFF, 0xFFFF, 0xFFFF, 0xFFFF, 0xFFFF, 0xFFFF, 0xFFFF, 0xFFFF, 0xFFFF, 0xFFFF,
  0xFFFF, 0xFFFF, 0xFFFF, 0xFFFF, 0xFFFF, 0xFFFF, 0xFFFF, 0xFFFF, 0xFFFF, 0xFFFF, 0xFFFF, 0xFFFF,
  0xFFFF, 0xFFFF, 0xFFFF, 0xFFFF, 0xFFFF, 0xFFFF, 0xFFFF, 0xFFFF, 0xFFFF, 0xFFFF, 0xDF1D, 0xADF9,
  0x7CD6, 0x53D2, 0x2AF0, 0x124E, 0x09ED, 0x01CC, 0x01CC, 0x01CC, 0x01CC, 0x01CC, 0x01ED, 0x124D,
  0x2ACF, 0x4391, 0x6C54, 0x9577, 0xC67B, 0xE77E, 0xFFDF, 0xFFFF, 0xFFFF, 0xFFFF, 0xFFFF, 0xFFFF,
  0xFFFF, 0xFFFF, 0xFFFF, 0xFFFF, 0xFFFF, 0xFFFF, 0xFFFF, 0xFFFF, 0xFFFF, 0xFFFF, 0xFFFF, 0xFFFF,
  0xFFFF, 0xFFFF, 0xFFFF, 0xFFFF, 0xFFFF, 0xFFFF, 0xFFFF, 0xFFFF, 0xFFFF, 0xFFFF, 0xFFFF, 0xFFFF,
  0xFFFF, 0xFFFF, 0xFFFF, 0xFFFF, 0xFFFF, 0xFFFF, 0xFFFF, 0xFFFF, 0xFFFF, 0xFFFF, 0xFFFF, 0xFFFF,
  0xFFFF, 0xFFFF, 0xFFFF, 0xFFFF, 0xFFFF, 0xFFFF, 0xFFFF, 0xFFFF, 0xFFFF, 0xFFFF, 0xFFFF, 0xFFFF,
  0xFFFF, 0xFFFF, 0xFFFF, 0xFFFF, 0xFFFF, 0xFFFF, 0xFFFF, 0xFFFF, 0xFFFF, 0xFFFF, 0xFFFF, 0xFFFF,
  0xFFFF, 0xFFFF, 0xFFFF, 0xFFFF, 0xFFFF, 0xFFFF, 0xFFFF, 0xFFFF, 0xF7BE, 0xC69B, 0x84F6, 0x3B51,
  0x124E, 0x01ED, 0x01CC, 0x01CC, 0x01CC, 0x01CC, 0x01CC, 0x01CC, 0x01CC, 0x01CC, 0x01CC, 0x01CC,
  0x01CC, 0x01CC, 0x01CC, 0x01CC, 0x01CC, 0x01CC, 0x01CC, 0x01CC, 0x01CC, 0x01CC, 0x01CC, 0x01CC,
  0x01CC, 0x01CC, 0x01CC, 0x01CC, 0x01CC, 0x01CC, 0x01CC, 0x01CC, 0x01CC, 0x01CC, 0x01CC, 0x01CC,
  0x01CC, 0x01CC, 0x01CC, 0x01CC, 0x01CC, 0x01CC, 0x01CC, 0x01CC, 0x01CC, 0x01CC, 0x01CC, 0x01CC,
  0x01CC, 0x01CC, 0x01CC, 0x01CC, 0x01CC, 0x01CC, 0x01CC, 0x01CC, 0x01CC, 0x01CC, 0x01CC, 0x01CC,
  0x01CC, 0x01CC, 0x01CC, 0x01CC, 0x01CC, 0x01CC, 0x01CC, 0x01CC, 0x01CC, 0x01CC, 0x01CC, 0x01CC,
  0x01CC, 0x01CC, 0x01CC, 0x01CC, 0x01CC, 0x01CC, 0x01CC, 0x01CC, 0x01CC, 0x01CC, 0x01CC, 0x01CC,
  0x01CC, 0x01CC, 0x01CC, 0x01CC, 0x01CC, 0x01CC, 0x01CC, 0x01CC, 0x01CC, 0x01CC, 0x01CC, 0x01CC,
  0x01CC, 0x01CC, 0x01CC, 0x01CC, 0x01CC, 0x01CC, 0x01CC, 0x01CC, 0x01CC, 0x01CC, 0x01CC, 0x01CC,
  0x01CC, 0x01CC, 0x01CC, 0x01CC, 0x01CC, 0x01CC, 0x01CC, 0x01CC, 0x01CC, 0x01CC, 0x01CC, 0x01CC,
  0x01CC, 0x01CC, 0x01CC, 0x01CC, 0x01CC, 0x01CC, 0x01CC, 0x01CC, 0x01CC, 0x01CC, 0x01CC, 0x01CC,
  0x01CC, 0x01CC, 0x01CC, 0x01CC, 0x01CC, 0x01CC, 0x01CC, 0x01CC, 0x01CC, 0x01CC, 0x01CC, 0x01CC,
  0x01CC, 0x01CC, 0x01CC, 0x01CC, 0x01CC, 0x01CC, 0x01CC, 0x01CC, 0x01CC, 0x01CC, 0x01CC, 0x01CC,
  0x01CC, 0x01CC, 0x01CC, 0x01CC, 0x01CC, 0x01CC, 0x01CC, 0x01CC, 0x01CC, 0x01CC, 0x01CC, 0x01CC,
  0x01CC, 0x01CC, 0x01CC, 0x01CC, 0x01CC, 0x01CC, 0x01CC, 0x01CC, 0x01CC, 0x01CC, 0x01CC, 0x01CC,
  0x01CC, 0x01CC, 0x01CC, 0x01CC, 0x01CC, 0x01CC, 0x01CC, 0x01CC, 0x01CC, 0x01CC, 0x01CC, 0x01CC,
  0x01CC, 0x01CC, 0x01CC, 0x01CC, 0x01CC, 0x01CC, 0x01CC, 0x01CC, 0x01CC, 0x01CC, 0x01CC, 0x01CC,
  0x01CC, 0x01CC, 0x01CC, 0x01CC, 0x01CC, 0x01CC, 0x01CC, 0x01CC, 0x01CC, 0x01CC, 0x01CC, 0x01CC,
  0x01CC, 0x01CC, 0x01CC, 0x01CC, 0x01CC, 0x01CC, 0x01CC, 0x01CC, 0x01CC, 0x01CC, 0x01CC, 0x01CC,
  0x01CC, 0x01CC, 0x01CC, 0x01CC, 0x01CC, 0x01CC, 0x01CC, 0x01CC, 0x01CC, 0x01CC, 0x01CC, 0x01CC,
  0x01CC, 0x01CC, 0x01CC, 0x01CC, 0x01CC, 0x01CC, 0x01CC, 0x01CC, 0x01CC, 0x01CC, 0x01CC, 0x01CC,
  0x01CC, 0x01CC, 0x01CC, 0x01CC, 0x01CC, 0x01CC, 0x01CC, 0x01CC, 0x01CC, 0x01CC, 0x01CC, 0x01CC,
  0x01CC, 0x01CC, 0x01CC, 0x01CC, 0x01CC, 0x01CC, 0x01CC, 0x53F3, 0xBE5A, 0xF7BE, 0xFFFF, 0xFFFF,
  0xFFFF, 0xFFFF, 0xFFFF, 0xFFFF, 0xFFFF, 0xFFFF, 0xFFFF, 0xFFFF, 0xFFFF, 0xFFFF, 0xFFFF, 0xFFFF,
  0xFFFF, 0xFFFF, 0xFFFF, 0xFFFF, 0xFFFF, 0xFFFF, 0xFFFF, 0xFFFF, 0xFFFF, 0xFFFF, 0xFFFF, 0xFFFF,
  0xF7DF, 0x8D57, 0x22AF, 0x0A0D, 0x32F0, 0x7495, 0xCEBB, 0xF79E, 0xFFFF, 0xFFFF, 0xFFFF, 0xFFFF,
  0xFFFF, 0xFFFF, 0xFFFF, 0xFFFF, 0xFFFF, 0xFFFF, 0xFFFF, 0xFFFF, 0xFFFF, 0xFFFF, 0xFFFF, 0xFFFF,
  0xFFFF, 0xFFFF, 0xFFFF, 0xFFFF, 0xFFFF, 0xFFFF, 0xFFFF, 0xFFFF, 0xFFFF, 0xFFFF, 0xFFFF, 0xFFFF,
  0xFFFF, 0xFFFF, 0xFFFF, 0xFFFF, 0xFFFF, 0xFFFF, 0xFFFF, 0xFFFF, 0xFFFF, 0xFFFF, 0xFFFF, 0xFFFF,
  0xFFFF, 0xFFFF, 0xFFFF, 0xFFFF, 0xFFFF, 0xFFFF, 0xFFFF, 0xFFFF, 0xFFFF, 0xFFFF, 0xFFFF, 0xFFFF,
  0xFFFF, 0xFFFF, 0xFFFF, 0xFFFF, 0xFFFF, 0xFFFF, 0xFFFF, 0xFFFF, 0xFFFF, 0xFFFF, 0xFFFF, 0xFFFF,
  0xFFFF, 0xFFFF, 0xFFFF, 0xFFFF, 0xFFFF, 0xFFFF, 0xF7BF, 0xE75D, 0xCEDC, 0xB63A, 0x8D16, 0x53F3,
  0x2AEF, 0x122D, 0x01CC, 0x01CC, 0x01CC, 0x01CC, 0x01CC, 0x01CC, 0x01CC, 0x01CC, 0x01CC, 0x01CC,
  0x01CC, 0x0A0D, 0x1A6E, 0x4371, 0x6C74, 0x9577, 0xB63A, 0xD6DC, 0xEF7E, 0xF7DF, 0xFFFF, 0xFFFF,
  0xFFFF, 0xFFFF, 0xFFFF, 0xFFFF, 0xFFFF, 0xFFFF, 0xFFFF, 0xFFFF, 0xFFFF, 0xFFFF, 0xFFFF, 0xFFFF,
  0xFFFF, 0xFFFF, 0xFFFF, 0xFFFF, 0xFFFF, 0xFFFF, 0xFFFF, 0xFFFF, 0xFFFF, 0xFFFF, 0xFFFF, 0xFFFF,
  0xFFFF, 0xFFFF, 0xFFFF, 0xFFFF, 0xFFFF, 0xFFFF, 0xFFFF, 0xFFFF, 0xFFFF, 0xFFFF, 0xFFFF, 0xFFFF,
  0xFFFF, 0xFFFF, 0xFFFF, 0xFFFF, 0xFFFF, 0xFFFF, 0xFFFF, 0xFFFF, 0xFFFF, 0xFFFF, 0xFFFF, 0xFFFF,
  0xFFFF, 0xFFFF, 0xFFFF, 0xFFFF, 0xFFFF, 0xFFFF, 0xFFFF, 0xFFFF, 0xFFFF, 0xFFFF, 0xFFFF, 0xFFFF,
  0xFFFF, 0xFFFF, 0xFFFF, 0xFFFF, 0xFFFF, 0xFFFF, 0xF7BF, 0xDF1C, 0xB619, 0x7495, 0x3310, 0x01ED,
  0x01CC, 0x01CC, 0x01CC, 0x01CC, 0x01CC, 0x01CC, 0x01CC, 0x01CC, 0x01CC, 0x01CC, 0x01CC, 0x01CC,
  0x01CC, 0x01CC, 0x01CC, 0x01CC, 0x01CC, 0x01CC, 0x01CC, 0x01CC, 0x01CC, 0x01CC, 0x01CC, 0x01CC,
  0x01CC, 0x01CC, 0x01CC, 0x01CC, 0x01CC, 0x01CC, 0x01CC, 0x01CC, 0x01CC, 0x01CC, 0x01CC, 0x01CC,
  0x01CC, 0x01CC, 0x01CC, 0x01CC, 0x01CC, 0x01CC, 0x01CC, 0x01CC, 0x01CC, 0x01CC, 0x01CC, 0x01CC,
  0x01CC, 0x01CC, 0x01CC, 0x01CC, 0x01CC, 0x01CC, 0x01CC, 0x01CC, 0x01CC, 0x01CC, 0x01CC, 0x01CC,
  0x01CC, 0x01CC, 0x01CC, 0x01CC, 0x01CC, 0x01CC, 0x01CC, 0x01CC, 0x01CC, 0x01CC, 0x01CC, 0x01CC,
  0x01CC, 0x01CC, 0x01CC, 0x01CC, 0x01CC, 0x01CC, 0x01CC, 0x01CC, 0x01CC, 0x01CC, 0x01CC, 0x01CC,
  0x01CC, 0x01CC, 0x01CC, 0x01CC, 0x01CC, 0x01CC, 0x01CC, 0x01CC, 0x01CC, 0x01CC, 0x01CC, 0x01CC,
  0x01CC, 0x01CC, 0x01CC, 0x01CC, 0x01CC, 0x01CC, 0x01CC, 0x01CC, 0x01CC, 0x01CC, 0x01CC, 0x01CC,
  0x01CC, 0x01CC, 0x01CC, 0x01CC, 0x01CC, 0x01CC, 0x01CC, 0x01CC, 0x01CC, 0x01CC, 0x01CC, 0x01CC,
  0x01CC, 0x01CC, 0x01CC, 0x01CC, 0x01CC, 0x01CC, 0x01CC, 0x01CC, 0x01CC, 0x01CC, 0x01CC, 0x01CC,
  0x01CC, 0x01CC, 0x01CC, 0x01CC, 0x01CC, 0x01CC, 0x01CC, 0x01CC, 0x01CC, 0x01CC, 0x01CC, 0x01CC,
  0x01CC, 0x01CC, 0x01CC, 0x01CC, 0x01CC, 0x01CC, 0x01CC, 0x01CC, 0x01CC, 0x01CC, 0x01CC, 0x01CC,
  0x01CC, 0x01CC, 0x01CC, 0x01CC, 0x01CC, 0x01CC, 0x01CC, 0x01CC, 0x01CC, 0x01CC, 0x01CC, 0x01CC,
  0x01CC, 0x01CC, 0x01CC, 0x01CC, 0x01CC, 0x01CC, 0x01CC, 0x01CC, 0x01CC, 0x01CC, 0x01CC, 0x01CC,
  0x01CC, 0x01CC, 0x01CC, 0x01CC, 0x01CC, 0x01CC, 0x01CC, 0x01CC, 0x01CC, 0x01CC, 0x01CC, 0x01CC,
  0x01CC, 0x01CC, 0x01CC, 0x01CC, 0x01CC, 0x01CC, 0x01CC, 0x01CC, 0x01CC, 0x01CC, 0x01CC, 0x01CC,
  0x01CC, 0x01CC, 0x01CC, 0x01CC, 0x01CC, 0x01CC, 0x01CC, 0x01CC, 0x01CC, 0x01CC, 0x01CC, 0x01CC,
  0x01CC, 0x01CC, 0x01CC, 0x01CC, 0x01CC, 0x01CC, 0x01CC, 0x01CC, 0x01CC, 0x01CC, 0x01CC, 0x01CC,
  0x01CC, 0x01CC, 0x01CC, 0x01CC, 0x01CC, 0x01CC, 0x01CC, 0x01CC, 0x01CC, 0x01CC, 0x01CC, 0x01CC,
  0x01CC, 0x01CC, 0x01CC, 0x01CC, 0x01CC, 0x01CC, 0x01CC, 0x01CC, 0x01CC, 0x01CC, 0x01CC, 0x01CC,
  0x01CC, 0x01CC, 0x01CC, 0x01CC, 0x01CC, 0x01CC, 0x01CC, 0x01CC, 0x01CC, 0x01CC, 0x01CC, 0x01CC,
  0x01CC, 0x01CC, 0x01CC, 0x01CC, 0x01CC, 0x01CC, 0x01CC, 0x6454, 0xD6FC, 0xF7DF, 0xFFFF, 0xFFFF,
  0xFFFF, 0xFFFF, 0xFFFF, 0xFFFF, 0xFFFF, 0xFFFF, 0xFFFF, 0xFFFF, 0xFFFF, 0xFFFF, 0xFFFF, 0xFFFF,
  0xFFFF, 0xFFFF, 0xFFFF, 0xFFFF, 0xFFFF, 0xFFFF, 0xFFFF, 0xFFFF, 0xFFFF, 0xFFFF, 0xFFFF, 0xFFDF,
  0xEF7E, 0x7CD5, 0x0A2D, 0x0A0D, 0x6C54, 0xD6DC, 0xF7DF, 0xFFFF, 0xFFFF, 0xFFFF, 0xFFFF, 0xFFFF,
  0xFFFF, 0xFFFF, 0xFFFF, 0xFFFF, 0xFFFF, 0xFFFF, 0xFFFF, 0xFFFF, 0xFFFF, 0xFFFF, 0xFFFF, 0xFFFF,
  0xFFFF, 0xFFFF, 0xFFFF, 0xFFFF, 0xFFFF, 0xFFFF, 0xFFFF, 0xFFFF, 0xFFFF, 0xFFFF, 0xFFFF, 0xFFFF,
  0xFFFF, 0xFFFF, 0xFFFF, 0xFFFF, 0xFFFF, 0xFFFF, 0xFFFF, 0xFFFF, 0xFFFF, 0xFFFF, 0xFFFF, 0xFFFF,
  0xFFFF, 0xFFFF, 0xFFFF, 0xFFFF, 0xFFFF, 0xFFFF, 0xFFFF, 0xFFFF, 0xFFFF, 0xFFFF, 0xFFFF, 0xFFFF,
  0xFFFF, 0xFFFF, 0xFFFF, 0xFFFF, 0xFFFF, 0xFFFF, 0xFFFF, 0xFFFF, 0xFFFF, 0xFFFF, 0xFFFF, 0xFFFF,
  0xFFFF, 0xFFFF, 0xFFFF, 0xFFFF, 0xFFDF, 0xF7BF, 0xDF3D, 0xADF9, 0x7495, 0x3310, 0x122D, 0x01CC,
  0x01CC, 0x01CC, 0x01CC, 0x01CC, 0x01CC, 0x01CC, 0x01CC, 0x01CC, 0x01CC, 0x01CC, 0x01CC, 0x01CC,
  0x01CC, 0x01CC, 0x01CC, 0x01CC, 0x01EC, 0x124E, 0x3B51, 0x7CD6, 0xBE7B, 0xE75D, 0xF7BF, 0xFFDF,
  0xFFFF, 0xFFFF, 0xFFFF, 0xFFFF, 0xFFFF, 0xFFFF, 0xFFFF, 0xFFFF, 0xFFFF, 0xFFFF, 0xFFFF, 0xFFFF,
  0xFFFF, 0xFFFF, 0xFFFF, 0xFFFF, 0xFFFF, 0xFFFF, 0xFFFF, 0xFFFF, 0xFFFF, 0xFFFF, 0xFFFF, 0xFFFF,
  0xFFFF, 0xFFFF, 0xFFFF, 0xFFFF, 0xFFFF, 0xFFFF, 0xFFFF, 0xFFFF, 0xFFFF, 0xFFFF, 0xFFFF, 0xFFFF,
  0xFFFF, 0xFFFF, 0xFFFF, 0xFFFF, 0xFFFF, 0xFFFF, 0xFFFF, 0xFFFF, 0xFFFF, 0xFFFF, 0xFFFF, 0xFFFF,
  0xFFFF, 0xFFFF, 0xFFFF, 0xFFFF, 0xFFFF, 0xFFFF, 0xFFFF, 0xFFFF, 0xFFFF, 0xFFFF, 0xFFFF, 0xFFFF,
  0xFFFF, 0xFFFF, 0xFFFF, 0xFFFF, 0xFFFF, 0xF7BF, 0xDF3D, 0x9577, 0x4371, 0x0A2D, 0x01CC, 0x01CC,
  0x01CC, 0x01CC, 0x01CC, 0x01CC, 0x01CC, 0x01CC, 0x01CC, 0x01CC, 0x01CC, 0x01CC, 0x01CC, 0x01CC,
  0x01CC, 0x01CC, 0x01CC, 0x01CC, 0x01CC, 0x01CC, 0x01CC, 0x01CC, 0x01CC, 0x01CC, 0x01CC, 0x01CC,
  0x01CC, 0x01CC, 0x01CC, 0x01CC, 0x01CC, 0x01CC, 0x01CC, 0x01CC, 0x01CC, 0x01CC, 0x01CC, 0x01CC,
  0x01CC, 0x01CC, 0x01CC, 0x01CC, 0x01CC, 0x01CC, 0x01CC, 0x01CC, 0x01CC, 0x01CC, 0x01CC, 0x01CC,
  0x01CC, 0x01CC, 0x01CC, 0x01CC, 0x01CC, 0x01CC, 0x01CC, 0x01CC, 0x01CC, 0x01CC, 0x01CC, 0x01CC,
  0x01CC, 0x01CC, 0x01CC, 0x01CC, 0x01CC, 0x01CC, 0x01CC, 0x01CC, 0x01CC, 0x01CC, 0x01CC, 0x01CC,
  0x01CC, 0x01CC, 0x01CC, 0x01CC, 0x01CC, 0x01CC, 0x01CC, 0x01CC, 0x01CC, 0x01CC, 0x01CC, 0x01CC,
  0x01CC, 0x01CC, 0x01CC, 0x01CC, 0x01CC, 0x01CC, 0x01CC, 0x01CC, 0x01CC, 0x01CC, 0x01CC, 0x01CC,
  0x01CC, 0x01CC, 0x01CC, 0x01CC, 0x01CC, 0x01CC, 0x01CC, 0x01CC, 0x01CC, 0x01CC, 0x01CC, 0x01CC,
  0x01CC, 0x01CC, 0x01CC, 0x01CC, 0x01CC, 0x01CC, 0x01CC, 0x01CC, 0x01CC, 0x01CC, 0x01CC, 0x01CC,
  0x01CC, 0x01CC, 0x01CC, 0x01CC, 0x01CC, 0x01CC, 0x01CC, 0x01CC, 0x01CC, 0x01CC, 0x01CC, 0x01CC,
  0x01CC, 0x01CC, 0x01CC, 0x01CC, 0x01CC, 0x01CC, 0x01CC, 0x01CC, 0x01CC, 0x01CC, 0x01CC, 0x01CC,
  0x01CC, 0x01CC, 0x01CC, 0x01CC, 0x01CC, 0x01CC, 0x01CC, 0x01CC, 0x01CC, 0x01CC, 0x01CC, 0x01CC,
  0x01CC, 0x01CC, 0x01CC, 0x01CC, 0x01CC, 0x01CC, 0x01CC, 0x01CC, 0x01CC, 0x01CC, 0x01CC, 0x01CC,
  0x01CC, 0x01CC, 0x01CC, 0x01CC, 0x01CC, 0x01CC, 0x01CC, 0x01CC, 0x01CC, 0x01CC, 0x01CC, 0x01CC,
  0x01CC, 0x01CC, 0x01CC, 0x01CC, 0x01CC, 0x01CC, 0x01CC, 0x01CC, 0x01CC, 0x01CC, 0x01CC, 0x01CC,
  0x01CC, 0x01CC, 0x01CC, 0x01CC, 0x01CC, 0x01CC, 0x01CC, 0x01CC, 0x01CC, 0x01CC, 0x01CC, 0x01CC,
  0x01CC, 0x01CC, 0x01CC, 0x01CC, 0x01CC, 0x01CC, 0x01CC, 0x01CC, 0x01CC, 0x01CC, 0x01CC, 0x01CC,
  0x01CC, 0x01CC, 0x01CC, 0x01CC, 0x01CC, 0x01CC, 0x01CC, 0x01CC, 0x01CC, 0x01CC, 0x01CC, 0x01CC,
  0x01CC, 0x01CC, 0x01CC, 0x01CC, 0x01CC, 0x01CC, 0x01CC, 0x01CC, 0x01CC, 0x01CC, 0x01CC, 0x01CC,
  0x01CC, 0x01CC, 0x01CC, 0x01CC, 0x01CC, 0x01CC, 0x01CC, 0x01CC, 0x01CC, 0x01CC, 0x01CC, 0x01CC,
  0x01CC, 0x01CC, 0x01CC, 0x01CC, 0x01CC, 0x01CC, 0x01CC, 0x01CC, 0x01CC, 0x01CC, 0x01CC, 0x01CC,
  0x01CC, 0x01CC, 0x01CC, 0x01CC, 0x01CC, 0x01CC, 0x01ED, 0x7495, 0xE75D, 0xFFDF, 0xFFFF, 0xFFFF,
  0xFFFF, 0xFFFF, 0xFFFF, 0xFFFF, 0xFFFF, 0xFFFF, 0xFFFF, 0xFFFF, 0xFFFF, 0xFFFF, 0xFFFF, 0xFFFF,
  0xFFFF, 0xFFFF, 0xFFFF, 0xFFFF, 0xFFFF, 0xFFFF, 0xFFFF, 0xFFFF, 0xFFFF, 0xFFFF, 0xFFFF, 0xF7BF,
  0xD6FC, 0x6C54, 0x0A2D, 0x32F0, 0x9577, 0xF7BE, 0xFFFF, 0xFFFF, 0xFFFF, 0xFFFF, 0xFFFF, 0xFFFF,
  0xFFFF, 0xFFFF, 0xFFFF, 0xFFFF, 0xFFFF, 0xFFFF, 0xFFFF, 0xFFFF, 0xFFFF, 0xFFFF, 0xFFFF, 0xFFFF,
  0xFFFF, 0xFFFF, 0xFFFF, 0xFFFF, 0xFFFF, 0xFFFF, 0xFFFF, 0xFFFF, 0xFFFF, 0xFFFF, 0xFFFF, 0xFFFF,
  0xFFFF, 0xFFFF, 0xFFFF, 0xFFFF, 0xFFFF, 0xFFFF, 0xFFFF, 0xFFFF, 0xFFFF, 0xFFFF, 0xFFFF, 0xFFFF,
  0xFFFF, 0xFFFF, 0xFFFF, 0xFFFF, 0xFFFF, 0xFFFF, 0xFFFF, 0xFFFF, 0xFFFF, 0xFFFF, 0xFFFF, 0xFFFF,
  0xFFFF, 0xFFFF, 0xFFFF, 0xFFFF, 0xFFFF, 0xFFFF, 0xFFFF, 0xFFFF, 0xFFFF, 0xFFFF, 0xFFFF, 0xFFFF,
  0xFFFF, 0xFFDF, 0xEF7E, 0xBE7B, 0x9578, 0x7495, 0x53D2, 0x3B30, 0x22AF, 0x122D, 0x01EC, 0x01CC,
  0x01CC, 0x01CC, 0x01CC, 0x01CC, 0x01CC, 0x01CC, 0x01CC, 0x01CC, 0x01CC, 0x01CC, 0x01CC, 0x01CC,
  0x01CC, 0x01CC, 0x01CC, 0x01CC, 0x01CC, 0x01ED, 0x124E, 0x2ACF, 0x3B51, 0x53D2, 0x7CD5, 0xADF9,
  0xD6FC, 0xEF9E, 0xFFFF, 0xFFFF, 0xFFFF, 0xFFFF, 0xFFFF, 0xFFFF, 0xFFFF, 0xFFFF, 0xFFFF, 0xFFFF,
  0xFFFF, 0xFFFF, 0xFFFF, 0xFFFF, 0xFFFF, 0xFFFF, 0xFFFF, 0xFFFF, 0xFFFF, 0xFFFF, 0xFFFF, 0xFFFF,
  0xFFFF, 0xFFFF, 0xFFFF, 0xFFFF, 0xFFFF, 0xFFFF, 0xFFFF, 0xFFFF, 0xFFFF, 0xFFFF, 0xFFFF, 0xFFFF,
  0xFFFF, 0xFFFF, 0xFFFF, 0xFFFF, 0xFFFF, 0xFFFF, 0xFFFF, 0xFFFF, 0xFFFF, 0xFFFF, 0xFFFF, 0xFFFF,
  0xFFFF, 0xFFFF, 0xFFFF, 0xFFFF, 0xFFFF, 0xFFFF, 0xFFFF, 0xFFFF, 0xFFFF, 0xFFFF, 0xFFFF, 0xFFFF,
  0xFFFF, 0xFFFF, 0xFFFF, 0xF7BE, 0xC69B, 0x8D37, 0x53F3, 0x3310, 0x124E, 0x01EC, 0x01CC, 0x01CC,
  0x01CC, 0x01CC, 0x01CC, 0x01CC, 0x01CC, 0x01CC, 0x01CC, 0x01CC, 0x01CC, 0x01CC, 0x01CC, 0x01CC,
  0x01CC, 0x01CC, 0x01CC, 0x01CC, 0x01CC, 0x01CC, 0x01CC, 0x01CC, 0x01CC, 0x01CC, 0x01CC, 0x01CC,
  0x01CC, 0x01CC, 0x01CC, 0x01CC, 0x01CC, 0x01CC, 0x01CC, 0x01CC, 0x01CC, 0x01CC, 0x01CC, 0x01CC,
  0x01CC, 0x01CC, 0x01CC, 0x01CC, 0x01CC, 0x01CC, 0x01CC, 0x01CC, 0x01CC, 0x01CC, 0x01CC, 0x01CC,
  0x01CC, 0x01CC, 0x01CC, 0x01CC, 0x01CC, 0x01CC, 0x01CC, 0x01CC, 0x01CC, 0x01CC, 0x01CC, 0x01CC,
  0x01CC, 0x01CC, 0x01CC, 0x01CC, 0x01CC, 0x01CC, 0x01CC, 0x01CC, 0x01CC, 0x01CC, 0x01CC, 0x01CC,
  0x01CC, 0x01CC, 0x01CC, 0x01CC, 0x01CC, 0x01CC, 0x01CC, 0x01CC, 0x01CC, 0x01CC, 0x01CC, 0x01CC,
  0x01CC, 0x01CC, 0x01CC, 0x01CC, 0x01CC, 0x01CC, 0x01CC, 0x01CC, 0x01CC, 0x01CC, 0x01CC, 0x01CC,
  0x01CC, 0x01CC, 0x01CC, 0x01CC, 0x01CC, 0x01CC, 0x01CC, 0x01CC, 0x01CC, 0x01CC, 0x01CC, 0x01CC,
  0x01CC, 0x01CC, 0x01CC, 0x01CC, 0x01CC, 0x01CC, 0x01CC, 0x01CC, 0x01CC, 0x01CC, 0x01CC, 0x01CC,
  0x01CC, 0x01CC, 0x01CC, 0x01CC, 0x01CC, 0x01CC, 0x01CC, 0x01CC, 0x01CC, 0x01CC, 0x01CC, 0x01CC,
  0x01CC, 0x01CC, 0x01CC, 0x01CC, 0x01CC, 0x01CC, 0x01CC, 0x01CC, 0x01CC, 0x01CC, 0x01CC, 0x01CC,
  0x01CC, 0x01CC, 0x01CC, 0x01CC, 0x01CC, 0x01CC, 0x01CC, 0x01CC, 0x01CC, 0x01CC, 0x01CC, 0x01CC,
  0x01CC, 0x01CC, 0x01CC, 0x01CC, 0x01CC, 0x01CC, 0x01CC, 0x01CC, 0x01CC, 0x01CC, 0x01CC, 0x01CC,
  0x01CC, 0x01CC, 0x01CC, 0x01CC, 0x01CC, 0x01CC, 0x01CC, 0x01CC, 0x01CC, 0x01CC, 0x01CC, 0x01CC,
  0x01CC, 0x01CC, 0x01CC, 0x01CC, 0x01CC, 0x01CC, 0x01CC, 0x01CC, 0x01CC, 0x01CC, 0x01CC, 0x01CC,
  0x01CC, 0x01CC, 0x01CC, 0x01CC, 0x01CC, 0x01CC, 0x01CC, 0x01CC, 0x01CC, 0x01CC, 0x01CC, 0x01CC,
  0x01CC, 0x01CC, 0x01CC, 0x01CC, 0x01CC, 0x01CC, 0x01CC, 0x01CC, 0x01CC, 0x01CC, 0x01CC, 0x01CC,
  0x01CC, 0x01CC, 0x01CC, 0x01CC, 0x01CC, 0x01CC, 0x01CC, 0x01CC, 0x01CC, 0x01CC, 0x01CC, 0x01CC,
  0x01CC, 0x01CC, 0x01CC, 0x01CC, 0x01CC, 0x01CC, 0x01CC, 0x01CC, 0x01CC, 0x01CC, 0x01CC, 0x01CC,
  0x01CC, 0x01CC, 0x01CC, 0x01CC, 0x01CC, 0x01CC, 0x01CC, 0x01CC, 0x01CC, 0x01CC, 0x01CC, 0x01CC,
  0x01CC, 0x01CC, 0x01CC, 0x01CC, 0x01CC, 0x01CC, 0x01CC, 0x01CC, 0x01CC, 0x01CC, 0x01CC, 0x01CC,
  0x01CC, 0x01CC, 0x01CC, 0x01CC, 0x01CC, 0x01CC, 0x0A0D, 0x7CD6, 0xF79E, 0xFFFF, 0xFFFF, 0xFFFF,
  0xFFFF, 0xFFFF, 0xFFFF, 0xFFFF, 0xFFFF, 0xFFFF, 0xFFFF, 0xFFFF, 0xFFFF, 0xFFFF, 0xFFFF, 0xFFFF,
  0xFFFF, 0xFFFF, 0xFFFF, 0xFFFF, 0xFFFF, 0xFFFF, 0xFFFF, 0xFFFF, 0xFFFF, 0xFFFF, 0xFFFF, 0xF79E,
  0xBE5A, 0x53F3, 0x124E, 0x5BF3, 0xB63A, 0xFFFF, 0xFFFF, 0xFFFF, 0xFFFF, 0xFFFF, 0xFFFF, 0xFFFF,
  0xFFFF, 0xFFFF, 0xFFFF, 0xFFFF, 0xFFFF, 0xFFFF, 0xFFFF, 0xFFFF, 0xFFFF, 0xFFFF, 0xFFFF, 0xFFFF,
  0xFFFF, 0xFFFF, 0xFFFF, 0xFFFF, 0xFFFF, 0xFFFF, 0xFFFF, 0xFFFF, 0xFFFF, 0xFFFF, 0xFFFF, 0xFFFF,
  0xFFFF, 0xFFFF, 0xFFFF, 0xFFFF, 0xFFFF, 0xFFFF, 0xFFFF, 0xFFFF, 0xFFFF, 0xFFFF, 0xFFFF, 0xFFFF,
  0xFFFF, 0xFFFF, 0xFFFF, 0xFFFF, 0xFFFF, 0xFFFF, 0xFFFF, 0xFFFF, 0xFFFF, 0xFFFF, 0xFFFF, 0xFFFF,
  0xFFFF, 0xFFFF, 0xFFFF, 0xFFFF, 0xFFFF, 0xFFFF, 0xFFFF, 0xFFFF, 0xFFFF, 0xF7BE, 0xE75D, 0xD6FC,
  0xC67B, 0xADF9, 0x9577, 0x6C74, 0x4371, 0x228F, 0x0A0D, 0x01CC, 0x01CC, 0x01CC, 0x01CC, 0x01CC,
  0x01CC, 0x01CC, 0x01CC, 0x01CC, 0x01CC, 0x01CC, 0x01CC, 0x01CC, 0x01CC, 0x01CC, 0x01CC, 0x01CC,
  0x01CC, 0x01CC, 0x01CC, 0x01CC, 0x01CC, 0x01CC, 0x01CC, 0x01CC, 0x01CC, 0x0A0D, 0x2ACF, 0x53D2,
  0x7CD6, 0x9D98, 0xBE3A, 0xCEBC, 0xDF3D, 0xEF9E, 0xFFDF, 0xFFFF, 0xFFFF, 0xFFFF, 0xFFFF, 0xFFFF,
  0xFFFF, 0xFFFF, 0xFFFF, 0xFFFF, 0xFFFF, 0xFFFF, 0xFFFF, 0xFFFF, 0xFFFF, 0xFFFF, 0xFFFF, 0xFFFF,
  0xFFFF, 0xFFFF, 0xFFFF, 0xFFFF, 0xFFFF, 0xFFFF, 0xFFFF, 0xFFFF, 0xFFFF, 0xFFFF, 0xFFFF, 0xFFFF,
  0xFFFF, 0xFFFF, 0xFFFF, 0xFFFF, 0xFFFF, 0xFFFF, 0xFFFF, 0xFFFF, 0xFFFF, 0xFFFF, 0xFFFF, 0xFFFF,
  0xFFFF, 0xFFFF, 0xFFFF, 0xFFFF, 0xFFFF, 0xFFFF, 0xFFFF, 0xFFFF, 0xFFFF, 0xFFFF, 0xFFFF, 0xFFFF,
  0xF7BF, 0xE75D, 0xC69B, 0xA5D9, 0x7495, 0x3B30, 0x122D, 0x01CC, 0x01CC, 0x01CC, 0x01CC, 0x01CC,
  0x01CC, 0x01CC, 0x01CC, 0x01CC, 0x01CC, 0x01CC, 0x01CC, 0x01CC, 0x01CC, 0x01CC, 0x01CC, 0x01CC,
  0x01CC, 0x01CC, 0x01CC, 0x01CC, 0x01CC, 0x01CC, 0x01CC, 0x01CC, 0x01CC, 0x01CC, 0x01CC, 0x01CC,
  0x01CC, 0x01CC, 0x01CC, 0x01CC, 0x01CC, 0x01CC, 0x01CC, 0x01CC, 0x01CC, 0x01CC, 0x01CC, 0x01CC,
  0x01CC, 0x01CC, 0x01CC, 0x01CC, 0x01CC, 0x01CC, 0x01CC, 0x01CC, 0x01CC, 0x01CC, 0x01CC, 0x01CC,
  0x01CC, 0x01CC, 0x01CC, 0x01CC, 0x01CC, 0x01CC, 0x01CC, 0x01CC, 0x01CC, 0x01CC, 0x01CC, 0x01CC,
  0x01CC, 0x01CC, 0x01CC, 0x01CC, 0x01CC, 0x01CC, 0x01CC, 0x01CC, 0x01CC, 0x01CC, 0x01CC, 0x01CC,
  0x01CC, 0x01CC, 0x01CC, 0x01CC, 0x01CC, 0x01CC, 0x01CC, 0x01CC, 0x01CC, 0x01CC, 0x01CC, 0x01CC,
  0x01CC, 0x01CC, 0x01CC, 0x01CC, 0x01CC, 0x01CC, 0x01CC, 0x01CC, 0x01CC, 0x01CC, 0x01CC, 0x01CC,
  0x01CC, 0x01CC, 0x01CC, 0x01CC, 0x01CC, 0x01CC, 0x01CC, 0x01CC, 0x01CC, 0x01CC, 0x01CC, 0x01CC,
  0x01CC, 0x01CC, 0x01CC, 0x01CC, 0x01CC, 0x01CC, 0x01CC, 0x01CC, 0x01CC, 0x01CC, 0x01CC, 0x01CC,
  0x01CC, 0x01CC, 0x01CC, 0x01CC, 0x01CC, 0x01CC, 0x01CC, 0x01CC, 0x01CC, 0x01CC, 0x01CC, 0x01CC,
  0x01CC, 0x01CC, 0x01CC, 0x01CC, 0x01CC, 0x01CC, 0x01CC, 0x01CC, 0x01CC, 0x01CC, 0x01CC, 0x01CC,
  0x01CC, 0x01CC, 0x01CC, 0x01CC, 0x01CC, 0x01CC, 0x01CC, 0x01CC, 0x01CC, 0x01CC, 0x01CC, 0x01CC,
  0x01CC, 0x01CC, 0x01CC, 0x01CC, 0x01CC, 0x01CC, 0x01CC, 0x01CC, 0x01CC, 0x01CC, 0x01CC, 0x01CC,
  0x01CC, 0x01CC, 0x01CC, 0x01CC, 0x01CC, 0x01CC, 0x01CC, 0x01CC, 0x01CC, 0x01CC, 0x01CC, 0x01CC,
  0x01CC, 0x01CC, 0x01CC, 0x01CC, 0x01CC, 0x01CC, 0x01CC, 0x01CC, 0x01CC, 0x01CC, 0x01CC, 0x01CC,
  0x01CC, 0x01CC, 0x01CC, 0x01CC, 0x01CC, 0x01CC, 0x01CC, 0x01CC, 0x01CC, 0x01CC, 0x01CC, 0x01CC,
  0x01CC, 0x01CC, 0x01CC, 0x01CC, 0x01CC, 0x01CC, 0x01CC, 0x01CC, 0x01CC, 0x01CC, 0x01CC, 0x01CC,
  0x01CC, 0x01CC, 0x01CC, 0x01CC, 0x01CC, 0x01CC, 0x01CC, 0x01CC, 0x01CC, 0x01CC, 0x01CC, 0x01CC,
  0x01CC, 0x01CC, 0x01CC, 0x01CC, 0x01CC, 0x01CC, 0x01CC, 0x01CC, 0x01CC, 0x01CC, 0x01CC, 0x01CC,
  0x01CC, 0x01CC, 0x01CC, 0x01CC, 0x01CC, 0x01CC, 0x01CC, 0x01CC, 0x01CC, 0x01CC, 0x01CC, 0x01CC,
  0x01CC, 0x01CC, 0x01CC, 0x01CC, 0x01CC, 0x01CC, 0x01CC, 0x01CC, 0x01CC, 0x01CC, 0x01CC, 0x01CC,
  0x01CC, 0x01CC, 0x01CC, 0x01CC, 0x01CC, 0x01EC, 0x122E, 0x8516, 0xF7DF, 0xFFFF, 0xFFFF, 0xFFFF,
  0xFFFF, 0xFFFF, 0xFFFF, 0xFFFF, 0xFFFF, 0xFFFF, 0xFFFF, 0xFFFF, 0xFFFF, 0xFFFF, 0xFFFF, 0xFFFF,
  0xFFFF, 0xFFFF, 0xFFFF, 0xFFFF, 0xFFFF, 0xFFFF, 0xFFFF, 0xFFFF, 0xFFFF, 0xFFFF, 0xFFFF, 0xEF7E,
  0x9D78, 0x4371, 0x1A6E, 0x8516, 0xCEDC, 0xFFFF, 0xFFFF, 0xFFFF, 0xFFFF, 0xFFFF, 0xFFFF, 0xFFFF,
  0xFFFF, 0xFFFF, 0xFFFF, 0xFFFF, 0xFFFF, 0xFFFF, 0xFFFF, 0xFFFF, 0xFFFF, 0xFFFF, 0xFFFF, 0xFFFF,
  0xFFFF, 0xFFFF, 0xFFFF, 0xFFFF, 0xFFFF, 0xFFFF, 0xFFFF, 0xFFFF, 0xFFFF, 0xFFFF, 0xFFFF, 0xFFFF,
  0xFFFF, 0xFFFF, 0xFFFF, 0xFFFF, 0xFFFF, 0xFFFF, 0xFFFF, 0xFFFF, 0xFFFF, 0xFFFF, 0xFFFF, 0xFFFF,
  0xFFFF, 0xFFFF, 0xFFFF, 0xFFFF, 0xFFFF, 0xFFFF, 0xFFFF, 0xFFFF, 0xFFFF, 0xFFFF, 0xFFFF, 0xFFFF,
  0xFFFF, 0xFFFF, 0xFFFF, 0xFFFF, 0xFFFF, 0xFFFF, 0xFFFF, 0xFFDF, 0xF79E, 0xDF1D, 0xB63A, 0x8516,
  0x53B2, 0x22AF, 0x0A0D, 0x01CC, 0x01CC, 0x01CC, 0x01CC, 0x01CC, 0x01CC, 0x01CC, 0x01CC, 0x01CC,
  0x01CC, 0x01CC, 0x01CC, 0x01CC, 0x01CC, 0x01CC, 0x01CC, 0x01CC, 0x01CC, 0x01CC, 0x01CC, 0x01CC,
  0x01CC, 0x01CC, 0x01CC, 0x01CC, 0x01CC, 0x01CC, 0x01CC, 0x01CC, 0x01CC, 0x01CC, 0x01CC, 0x01CC,
  0x01CC, 0x1A6E, 0x3B31, 0x6C74, 0x9DB8, 0xCEBB, 0xEF7E, 0xF7BF, 0xFFDF, 0xFFFF, 0xFFFF, 0xFFFF,
  0xFFFF, 0xFFFF, 0xFFFF, 0xFFFF, 0xFFFF, 0xFFFF, 0xFFFF, 0xFFFF, 0xFFFF, 0xFFFF, 0xFFFF, 0xFFFF,
  0xFFFF, 0xFFFF, 0xFFFF, 0xFFFF, 0xFFFF, 0xFFFF, 0xFFFF, 0xFFFF, 0xFFFF, 0xFFFF, 0xFFFF, 0xFFFF,
  0xFFFF, 0xFFFF, 0xFFFF, 0xFFFF, 0xFFFF, 0xFFFF, 0xFFFF, 0xFFFF, 0xFFFF, 0xFFFF, 0xFFFF, 0xFFFF,
  0xFFFF, 0xFFFF, 0xFFFF, 0xFFFF, 0xFFFF, 0xFFFF, 0xFFFF, 0xFFFF, 0xFFFF, 0xFFFF, 0xFFFF, 0xF7BF,
  0xDF3D, 0xADD9, 0x6454, 0x22AF, 0x0A0D, 0x01CC, 0x01CC, 0x01CC, 0x01CC, 0x01CC, 0x01CC, 0x01CC,
  0x01CC, 0x01CC, 0x01CC, 0x01CC, 0x01CC, 0x01CC, 0x01CC, 0x01CC, 0x01CC, 0x01CC, 0x01CC, 0x01CC,
  0x01CC, 0x01CC, 0x01CC, 0x01CC, 0x01CC, 0x01CC, 0x01CC, 0x01CC, 0x01CC, 0x01CC, 0x01CC, 0x01CC,
  0x01CC, 0x01CC, 0x01CC, 0x01CC, 0x01CC, 0x01CC, 0x01CC, 0x01CC, 0x01CC, 0x01CC, 0x01CC, 0x01CC,
  0x01CC, 0x01CC, 0x01CC, 0x01CC, 0x01CC, 0x01CC, 0x01CC, 0x01CC, 0x01CC, 0x01CC, 0x01CC, 0x01CC,
  0x01CC, 0x01CC, 0x01CC, 0x01CC, 0x01CC, 0x01CC, 0x01CC, 0x01CC, 0x01CC, 0x01CC, 0x01CC, 0x01CC,
  0x01CC, 0x01CC, 0x01CC, 0x01CC, 0x01CC, 0x01CC, 0x01CC, 0x01CC, 0x01CC, 0x01CC, 0x01CC, 0x01CC,
  0x01CC, 0x01CC, 0x01CC, 0x01CC, 0x01CC, 0x01CC, 0x01CC, 0x01CC, 0x01CC, 0x01CC, 0x01CC, 0x01CC,
  0x01CC, 0x01CC, 0x01CC, 0x01CC, 0x01CC, 0x01CC, 0x01CC, 0x01CC, 0x01CC, 0x01CC, 0x01CC, 0x01CC,
  0x01CC, 0x01CC, 0x01CC, 0x01CC, 0x01CC, 0x01CC, 0x01CC, 0x01CC, 0x01CC, 0x01CC, 0x01CC, 0x01CC,
  0x01CC, 0x01CC, 0x01CC, 0x01CC, 0x01CC, 0x01CC, 0x01CC, 0x01CC, 0x01CC, 0x01CC, 0x01CC, 0x01CC,
  0x01CC, 0x01CC, 0x01CC, 0x01CC, 0x01CC, 0x01CC, 0x01CC, 0x01CC, 0x01CC, 0x01CC, 0x01CC, 0x01CC,
  0x01CC, 0x01CC, 0x01CC, 0x01CC, 0x01CC, 0x01CC, 0x01CC, 0x01CC, 0x01CC, 0x01CC, 0x01CC, 0x01CC,
  0x01CC, 0x01CC, 0x01CC, 0x01CC, 0x01CC, 0x01CC, 0x01CC, 0x01CC, 0x01CC, 0x01CC, 0x01CC, 0x01CC,
  0x01CC, 0x01CC, 0x01CC, 0x01CC, 0x01CC, 0x01CC, 0x01CC, 0x01CC, 0x01CC, 0x01CC, 0x01CC, 0x01CC,
  0x01CC, 0x01CC, 0x01CC, 0x01CC, 0x01CC, 0x01CC, 0x01CC, 0x01CC, 0x01CC, 0x01CC, 0x01CC, 0x01CC,
  0x01CC, 0x01CC, 0x01CC, 0x01CC, 0x01CC, 0x01CC, 0x01CC, 0x01CC, 0x01CC, 0x01CC, 0x01CC, 0x01CC,
  0x01CC, 0x01CC, 0x01CC, 0x01CC, 0x01CC, 0x01CC, 0x01CC, 0x01CC, 0x01CC, 0x01CC, 0x01CC, 0x01CC,
  0x01CC, 0x01CC, 0x01CC, 0x01CC, 0x01CC, 0x01CC, 0x01CC, 0x01CC, 0x01CC, 0x01CC, 0x01CC, 0x01CC,
  0x01CC, 0x01CC, 0x01CC, 0x01CC, 0x01CC, 0x01CC, 0x01CC, 0x01CC, 0x01CC, 0x01CC, 0x01CC, 0x01CC,
  0x01CC, 0x01CC, 0x01CC, 0x01CC, 0x01CC, 0x01CC, 0x01CC, 0x01CC, 0x01CC, 0x01CC, 0x01CC, 0x01CC,
  0x01CC, 0x01CC, 0x01CC, 0x01CC, 0x01CC, 0x01CC, 0x01CC, 0x01CC, 0x01CC, 0x01CC, 0x01CC, 0x01CC,
  0x01CC, 0x01CC, 0x01CC, 0x01CC, 0x01CC, 0x01CC, 0x01CC, 0x01CC, 0x01CC, 0x01CC, 0x01CC, 0x01CC,
  0x01CC, 0x01CC, 0x01CC, 0x01CC, 0x01CC, 0x01EC, 0x124E, 0x8D16, 0xFFDF, 0xFFFF, 0xFFFF, 0xFFFF,
  0xFFFF, 0xFFFF, 0xFFFF, 0xFFFF, 0xFFFF, 0xFFFF, 0xFFFF, 0xFFFF, 0xFFFF, 0xFFFF, 0xFFFF, 0xFFFF,
  0xFFFF, 0xFFFF, 0xFFFF, 0xFFFF, 0xFFFF, 0xFFFF, 0xFFFF, 0xFFFF, 0xFFFF, 0xFFFF, 0xFFFF, 0xE75D,
  0x7CB5, 0x3310, 0x22AF, 0xA5D9, 0xE75D, 0xFFFF, 0xFFFF, 0xFFFF, 0xFFFF, 0xFFFF, 0xFFFF, 0xFFFF,
  0xFFFF, 0xFFFF, 0xFFFF, 0xFFFF, 0xFFFF, 0xFFFF, 0xFFFF, 0xFFFF, 0xFFFF, 0xFFFF, 0xFFFF, 0xFFFF,
  0xFFFF, 0xFFFF, 0xFFFF, 0xFFFF, 0xFFFF, 0xFFFF, 0xFFFF, 0xFFFF, 0xFFFF, 0xFFFF, 0xFFFF, 0xFFFF,
  0xFFFF, 0xFFFF, 0xFFFF, 0xFFFF, 0xFFFF, 0xFFFF, 0xFFFF, 0xFFFF, 0xFFFF, 0xFFFF, 0xFFFF, 0xFFFF,
  0xFFFF, 0xFFFF, 0xFFFF, 0xFFFF, 0xFFFF, 0xFFFF, 0xFFFF, 0xFFFF, 0xFFFF, 0xFFFF, 0xFFFF, 0xFFFF,
  0xFFFF, 0xFFDF, 0xF7BF, 0xEF7E, 0xD71C, 0xBE5A, 0x9D98, 0x7CD6, 0x6434, 0x4BB2, 0x3B31, 0x2ACF,
  0x1A6E, 0x0A0D, 0x01CC, 0x01CC, 0x01CC, 0x01CC, 0x01CC, 0x01CC, 0x01CC, 0x01CC, 0x01CC, 0x01CC,
  0x01CC, 0x01CC, 0x01CC, 0x01CC, 0x01CC, 0x01CC, 0x01CC, 0x01CC, 0x01CC, 0x01CC, 0x01CC, 0x01CC,
  0x01CC, 0x01CC, 0x01CC, 0x01CC, 0x01CC, 0x01CC, 0x01CC, 0x01CC, 0x01CC, 0x01CC, 0x01CC, 0x01CC,
  0x01CC, 0x09ED, 0x124E, 0x22AF, 0x3310, 0x4371, 0x5C13, 0x7CD6, 0x9DB8, 0xC69B, 0xDF3D, 0xF7BE,
  0xFFDF, 0xFFFF, 0xFFFF, 0xFFFF, 0xFFFF, 0xFFFF, 0xFFFF, 0xFFFF, 0xFFFF, 0xFFFF, 0xFFFF, 0xFFFF,
  0xFFFF, 0xFFFF, 0xFFFF, 0xFFFF, 0xFFFF, 0xFFFF, 0xFFFF, 0xFFFF, 0xFFFF, 0xFFFF, 0xFFFF, 0xFFFF,
  0xFFFF, 0xFFFF, 0xFFFF, 0xFFFF, 0xFFFF, 0xFFFF, 0xFFFF, 0xFFFF, 0xFFFF, 0xFFFF, 0xFFFF, 0xFFFF,
  0xFFFF, 0xFFFF, 0xFFFF, 0xFFFF, 0xFFFF, 0xFFFF, 0xFFFF, 0xFFFF, 0xF7BE, 0xDF1D, 0xAE19, 0x7CD6,
  0x53F3, 0x3B30, 0x228F, 0x0A0D, 0x01CC, 0x01CC, 0x01CC, 0x01CC, 0x01CC, 0x01CC, 0x01CC, 0x01CC,
  0x01CC, 0x01CC, 0x01CC, 0x01CC, 0x01CC, 0x01CC, 0x01CC, 0x01CC, 0x01CC, 0x01CC, 0x01CC, 0x01CC,
  0x01CC, 0x01CC, 0x01CC, 0x01CC, 0x01CC, 0x01CC, 0x01CC, 0x01CC, 0x01CC, 0x01CC, 0x01CC, 0x01CC,
  0x01CC, 0x01CC, 0x01CC, 0x01CC, 0x01CC, 0x01CC, 0x01CC, 0x01CC, 0x01CC, 0x01CC, 0x01CC, 0x01CC,
  0x01CC, 0x01CC, 0x01CC, 0x01CC, 0x01CC, 0x01CC, 0x01CC, 0x01CC, 0x01CC, 0x01CC, 0x01CC, 0x01CC,
  0x01CC, 0x01CC, 0x01CC, 0x01CC, 0x01CC, 0x01CC, 0x01CC, 0x01CC, 0x01CC, 0x01CC, 0x01CC, 0x01CC,
  0x01CC, 0x01CC, 0x01CC, 0x01CC, 0x01CC, 0x01CC, 0x01CC, 0x01CC, 0x01CC, 0x01CC, 0x01CC, 0x01CC,
  0x01CC, 0x01CC, 0x01CC, 0x01CC, 0x01CC, 0x01CC, 0x01CC, 0x01CC, 0x01CC, 0x01CC, 0x01CC, 0x01CC,
  0x01CC, 0x01CC, 0x01CC, 0x01CC, 0x01CC, 0x01CC, 0x01CC, 0x01CC, 0x01CC, 0x01CC, 0x01CC, 0x01CC,
  0x01CC, 0x01CC, 0x01CC, 0x01CC, 0x01CC, 0x01CC, 0x01CC, 0x01CC, 0x01CC, 0x01CC, 0x01CC, 0x01CC,
  0x01CC, 0x01CC, 0x01CC, 0x01CC, 0x01CC, 0x01CC, 0x01CC, 0x01CC, 0x01CC, 0x01CC, 0x01CC, 0x01CC,
  0x01CC, 0x01CC, 0x01CC, 0x01CC, 0x01CC, 0x01CC, 0x01CC, 0x01CC, 0x01CC, 0x01CC, 0x01CC, 0x01CC,
  0x01CC, 0x01CC, 0x01CC, 0x01CC, 0x01CC, 0x01CC, 0x01CC, 0x01CC, 0x01CC, 0x01CC, 0x01CC, 0x01CC,
  0x01CC, 0x01CC, 0x01CC, 0x01CC, 0x01CC, 0x01CC, 0x01CC, 0x01CC, 0x01CC, 0x01CC, 0x01CC, 0x01CC,
  0x01CC, 0x01CC, 0x01CC, 0x01CC, 0x01CC, 0x01CC, 0x01CC, 0x01CC, 0x01CC, 0x01CC, 0x01CC, 0x01CC,
  0x01CC, 0x01CC, 0x01CC, 0x01CC, 0x01CC, 0x01CC, 0x01CC, 0x01CC, 0x01CC, 0x01CC, 0x01CC, 0x01CC,
  0x01CC, 0x01CC, 0x01CC, 0x01CC, 0x01CC, 0x01CC, 0x01CC, 0x01CC, 0x01CC, 0x01CC, 0x01CC, 0x01CC,
  0x01CC, 0x01CC, 0x01CC, 0x01CC, 0x01CC, 0x01CC, 0x01CC, 0x01CC, 0x01CC, 0x01CC, 0x01CC, 0x01CC,
  0x01CC, 0x01CC, 0x01CC, 0x01CC, 0x01CC, 0x01CC, 0x01CC, 0x01CC, 0x01CC, 0x01CC, 0x01CC, 0x01CC,
  0x01CC, 0x01CC, 0x01CC, 0x01CC, 0x01CC, 0x01CC, 0x01CC, 0x01CC, 0x01CC, 0x01CC, 0x01CC, 0x01CC,
  0x01CC, 0x01CC, 0x01CC, 0x01CC, 0x01CC, 0x01CC, 0x01CC, 0x01CC, 0x01CC, 0x01CC, 0x01CC, 0x01CC,
  0x01CC, 0x01CC, 0x01CC, 0x01CC, 0x01CC, 0x01CC, 0x01CC, 0x01CC, 0x01CC, 0x01CC, 0x01CC, 0x01CC,
  0x01CC, 0x01CC, 0x01CC, 0x01CC, 0x01CC, 0x01CC, 0x01CC, 0x01CC, 0x01CC, 0x01CC, 0x01CC, 0x01CC,
  0x01CC, 0x01CC, 0x01CC, 0x01CC, 0x01CC, 0x01EC, 0x124E, 0x8516, 0xF7DF, 0xFFFF, 0xFFFF, 0xFFFF,
  0xFFFF, 0xFFFF, 0xFFFF, 0xFFFF, 0xFFFF, 0xFFFF, 0xFFFF, 0xFFFF, 0xFFFF, 0xFFFF, 0xFFFF, 0xFFFF,
  0xFFFF, 0xFFFF, 0xFFFF, 0xFFFF, 0xFFFF, 0xFFFF, 0xFFFF, 0xFFFF, 0xFFFF, 0xFFFF, 0xFFDF, 0xD6FC,
  0x5BF3, 0x22AF, 0x32F0, 0xBE7A, 0xEF9E, 0xFFFF, 0xFFFF, 0xFFFF, 0xFFFF, 0xFFFF, 0xFFFF, 0xFFFF,
  0xFFFF, 0xFFFF, 0xFFFF, 0xFFFF, 0xFFFF, 0xFFFF, 0xFFFF, 0xFFFF, 0xFFFF, 0xFFFF, 0xFFFF, 0xFFFF,
  0xFFFF, 0xFFFF, 0xFFFF, 0xFFFF, 0xFFFF, 0xFFFF, 0xFFFF, 0xFFFF, 0xFFFF, 0xFFFF, 0xFFFF, 0xFFFF,
  0xFFFF, 0xFFFF, 0xFFFF, 0xFFFF, 0xFFFF, 0xFFFF, 0xFFFF, 0xFFFF, 0xFFFF, 0xFFFF, 0xFFFF, 0xFFFF,
  0xFFFF, 0xFFFF, 0xFFFF, 0xFFFF, 0xFFFF, 0xFFFF, 0xF7BF, 0xEF9E, 0xE77E, 0xE75D, 0xD6FC, 0xCEBB,
  0xBE7A, 0xB61A, 0xA5D9, 0x9578, 0x84F6, 0x6454, 0x4391, 0x2ACF, 0x124E, 0x09ED, 0x01CC, 0x01CC,
  0x01CC, 0x01CC, 0x01CC, 0x01CC, 0x01CC, 0x01CC, 0x01CC, 0x01CC, 0x01CC, 0x01CC, 0x01CC, 0x01CC,
  0x01CC, 0x01CC, 0x01CC, 0x01CC, 0x01CC, 0x01CC, 0x01CC, 0x01CC, 0x01CC, 0x01CC, 0x01CC, 0x01CC,
  0x01CC, 0x01CC, 0x01CC, 0x01CC, 0x01CC, 0x01CC, 0x01CC, 0x01CC, 0x01CC, 0x01CC, 0x01CC, 0x01CC,
  0x01CC, 0x01CC, 0x01CC, 0x01CC, 0x01CC, 0x01EC, 0x122D, 0x2ACF, 0x4B92, 0x6C74, 0x8D37, 0xA5B8,
  0xB61A, 0xC67B, 0xD6DC, 0xDF3D, 0xEF7E, 0xF7BE, 0xFFFF, 0xFFFF, 0xFFFF, 0xFFFF, 0xFFFF, 0xFFFF,
  0xFFFF, 0xFFFF, 0xFFFF, 0xFFFF, 0xFFFF, 0xFFFF, 0xFFFF, 0xFFFF, 0xFFFF, 0xFFFF, 0xFFFF, 0xFFFF,
  0xFFFF, 0xFFFF, 0xFFFF, 0xFFFF, 0xFFFF, 0xFFFF, 0xFFFF, 0xFFFF, 0xFFFF, 0xFFFF, 0xFFFF, 0xFFFF,
  0xFFFF, 0xFFFF, 0xFFFF, 0xF7DF, 0xEF9E, 0xE73D, 0xCEDC, 0xBE5A, 0xA5B8, 0x8516, 0x5BF3, 0x2ACF,
  0x0A2D, 0x01EC, 0x01CC, 0x01CC, 0x01CC, 0x01CC, 0x01CC, 0x01CC, 0x01CC, 0x01CC, 0x01CC, 0x01CC,
  0x01CC, 0x01CC, 0x01CC, 0x01CC, 0x01CC, 0x01CC, 0x01CC, 0x01CC, 0x01CC, 0x01CC, 0x01CC, 0x01CC,
  0x01CC, 0x01CC, 0x01CC, 0x01CC, 0x01CC, 0x01CC, 0x01CC, 0x01CC, 0x01CC, 0x01CC, 0x01CC, 0x01CC,
  0x01CC, 0x01CC, 0x01CC, 0x01CC, 0x01CC, 0x01CC, 0x01CC, 0x01CC, 0x01CC, 0x01CC, 0x01CC, 0x01CC,
  0x01CC, 0x01CC, 0x01CC, 0x01CC, 0x01CC, 0x01CC, 0x01CC, 0x01CC, 0x01CC, 0x01CC, 0x01CC, 0x01CC,
  0x01CC, 0x01CC, 0x01CC, 0x01CC, 0x01CC, 0x01CC, 0x01CC, 0x01CC, 0x01CC, 0x01CC, 0x01CC, 0x01CC,
  0x01CC, 0x01CC, 0x01CC, 0x01CC, 0x01CC, 0x01CC, 0x01CC, 0x01CC, 0x01CC, 0x01CC, 0x01CC, 0x01CC,
  0x01CC, 0x01CC, 0x01CC, 0x01CC, 0x01CC, 0x01CC, 0x01CC, 0x01CC, 0x01CC, 0x01CC, 0x01CC, 0x01CC,
  0x01CC, 0x01CC, 0x01CC, 0x01CC, 0x01CC, 0x01CC, 0x01CC, 0x01CC, 0x01CC, 0x01CC, 0x01CC, 0x01CC,
  0x01CC, 0x01CC, 0x01CC, 0x01CC, 0x01CC, 0x01CC, 0x01CC, 0x01CC, 0x01CC, 0x01CC, 0x01CC, 0x01CC,
  0x01CC, 0x01CC, 0x01CC, 0x01CC, 0x01CC, 0x01CC, 0x01CC, 0x01CC, 0x01CC, 0x01CC, 0x01CC, 0x01CC,
  0x01CC, 0x01CC, 0x01CC, 0x01CC, 0x01CC, 0x01CC, 0x01CC, 0x01CC, 0x01CC, 0x01CC, 0x01CC, 0x01CC,
  0x01CC, 0x01CC, 0x01CC, 0x01CC, 0x01CC, 0x01CC, 0x01CC, 0x01CC, 0x01CC, 0x01CC, 0x01CC, 0x01CC,
  0x01CC, 0x01CC, 0x01CC, 0x01CC, 0x01CC, 0x01CC, 0x01CC, 0x01CC, 0x01CC, 0x01CC, 0x01CC, 0x01CC,
  0x01CC, 0x01CC, 0x01CC, 0x01CC, 0x01CC, 0x01CC, 0x01CC, 0x01CC, 0x01CC, 0x01CC, 0x01CC, 0x01CC,
  0x01CC, 0x01CC, 0x01CC, 0x01CC, 0x01CC, 0x01CC, 0x01CC, 0x01CC, 0x01CC, 0x01CC, 0x01CC, 0x01CC,
  0x01CC, 0x01CC, 0x01CC, 0x01CC, 0x01CC, 0x01CC, 0x01CC, 0x01CC, 0x01CC, 0x01CC, 0x01CC, 0x01CC,
  0x01CC, 0x01CC, 0x01CC, 0x01CC, 0x01CC, 0x01CC, 0x01CC, 0x01CC, 0x01CC, 0x01CC, 0x01CC, 0x01CC,
  0x01CC, 0x01CC, 0x01CC, 0x01CC, 0x01CC, 0x01CC, 0x01CC, 0x01CC, 0x01CC, 0x01CC, 0x01CC, 0x01CC,
  0x01CC, 0x01CC, 0x01CC, 0x01CC, 0x01CC, 0x01CC, 0x01CC, 0x01CC, 0x01CC, 0x01CC, 0x01CC, 0x01CC,
  0x01CC, 0x01CC, 0x01CC, 0x01CC, 0x01CC, 0x01CC, 0x01CC, 0x01CC, 0x01CC, 0x01CC, 0x01CC, 0x01CC,
  0x01CC, 0x01CC, 0x01CC, 0x01CC, 0x01CC, 0x01CC, 0x01CC, 0x01CC, 0x01CC, 0x01CC, 0x01CC, 0x01CC,
  0x01CC, 0x01CC, 0x01CC, 0x01CC, 0x01CC, 0x01CC, 0x01CC, 0x01CC, 0x01CC, 0x01CC, 0x01CC, 0x01CC,
  0x01CC, 0x01CC, 0x01CC, 0x01CC, 0x01CC, 0x01EC, 0x124D, 0x84F6, 0xF79E, 0xFFDF, 0xFFFF, 0xFFFF,
  0xFFFF, 0xFFFF, 0xFFFF, 0xFFFF, 0xFFFF, 0xFFFF, 0xFFFF, 0xFFFF, 0xFFFF, 0xFFFF, 0xFFFF, 0xFFFF,
  0xFFFF, 0xFFFF, 0xFFFF, 0xFFFF, 0xFFFF, 0xFFFF, 0xFFFF, 0xFFFF, 0xFFFF, 0xFFFF, 0xEF9E, 0xBE5A,
  0x3330, 0x124E, 0x3B31, 0xC69B, 0xF7BF, 0xFFFF, 0xFFFF, 0xFFFF, 0xFFFF, 0xFFFF, 0xFFFF, 0xFFFF,
  0xFFFF, 0xFFFF, 0xFFFF, 0xFFFF, 0xFFFF, 0xFFFF, 0xFFFF, 0xFFFF, 0xFFFF, 0xFFFF, 0xFFFF, 0xFFFF,
  0xFFFF, 0xFFFF, 0xFFFF, 0xFFFF, 0xFFFF, 0xFFFF, 0xFFFF, 0xFFFF, 0xFFFF, 0xFFFF, 0xFFFF, 0xFFFF,
  0xFFFF, 0xFFFF, 0xFFFF, 0xFFFF, 0xFFFF, 0xFFFF, 0xFFFF, 0xFFFF, 0xFFFF, 0xFFFF, 0xFFFF, 0xFFFF,
  0xFFFF, 0xFFDF, 0xFFDF, 0xFFDF, 0xF7DF, 0xF7BE, 0xDF3D, 0xCEDC, 0xBE5A, 0xA5D9, 0x8D16, 0x6C54,
  0x4371, 0x2AEF, 0x1A6E, 0x0A0D, 0x01CC, 0x01CC, 0x01CC, 0x01CC, 0x01CC, 0x01CC, 0x01CC, 0x01CC,
  0x01CC, 0x01CC, 0x01CC, 0x01CC, 0x01CC, 0x01CC, 0x01CC, 0x01CC, 0x01CC, 0x01CC, 0x01CC, 0x01CC,
  0x01CC, 0x01CC, 0x01CC, 0x01CC, 0x01CC, 0x01CC, 0x01CC, 0x01CC, 0x01CC, 0x01CC, 0x01CC, 0x01CC,
  0x01CC, 0x01CC, 0x01CC, 0x01CC, 0x01CC, 0x01CC, 0x01CC, 0x01CC, 0x01CC, 0x01CC, 0x01CC, 0x01CC,
  0x01CC, 0x01CC, 0x01CC, 0x01CC, 0x01CC, 0x01CC, 0x01CC, 0x01CC, 0x01CC, 0x01CC, 0x0A0D, 0x1A6E,
  0x3310, 0x53D2, 0x7CB5, 0x9DB8, 0xC67B, 0xDF3D, 0xF7BE, 0xFFDF, 0xFFDF, 0xFFFF, 0xFFFF, 0xFFFF,
  0xFFFF, 0xFFFF, 0xFFFF, 0xFFFF, 0xFFFF, 0xFFFF, 0xFFFF, 0xFFFF, 0xFFFF, 0xFFFF, 0xFFFF, 0xFFFF,
  0xFFFF, 0xFFFF, 0xFFFF, 0xFFFF, 0xFFFF, 0xFFFF, 0xFFFF, 0xFFFF, 0xFFFF, 0xFFFF, 0xFFFF, 0xFFFF,
  0xFFFF, 0xFFDF, 0xF7BF, 0xE75D, 0xC6BB, 0xA5D8, 0x7495, 0x4371, 0x1A6E, 0x01ED, 0x01CC, 0x01CC,
  0x01CC, 0x01CC, 0x01CC, 0x01CC, 0x01CC, 0x01CC, 0x01CC, 0x01CC, 0x01CC, 0x01CC, 0x01CC, 0x01CC,
  0x01CC, 0x01CC, 0x01CC, 0x01CC, 0x01CC, 0x01CC, 0x01CC, 0x01CC, 0x01CC, 0x01CC, 0x01CC, 0x01CC,
  0x01CC, 0x01CC, 0x01CC, 0x01CC, 0x01CC, 0x01CC, 0x01CC, 0x01CC, 0x01CC, 0x01CC, 0x01CC, 0x01CC,
  0x01CC, 0x01CC, 0x01CC, 0x01CC, 0x01CC, 0x01CC, 0x01CC, 0x01CC, 0x01CC, 0x01CC, 0x01CC, 0x01CC,
  0x01CC, 0x01CC, 0x01CC, 0x01CC, 0x01CC, 0x01CC, 0x01CC, 0x01CC, 0x01CC, 0x01CC, 0x01CC, 0x01CC,
  0x01CC, 0x01CC, 0x01CC, 0x01CC, 0x01CC, 0x01CC, 0x01CC, 0x01CC, 0x01CC, 0x01CC, 0x01CC, 0x01CC,
  0x01CC, 0x01CC, 0x01CC, 0x01CC, 0x01CC, 0x01CC, 0x01CC, 0x01CC, 0x01CC, 0x01CC, 0x01CC, 0x01CC,
  0x01CC, 0x01CC, 0x01CC, 0x01CC, 0x01CC, 0x01CC, 0x01CC, 0x01CC, 0x01CC, 0x01CC, 0x01CC, 0x01CC,
  0x01CC, 0x01CC, 0x01CC, 0x01CC, 0x01CC, 0x01CC, 0x01CC, 0x01CC, 0x01CC, 0x01CC, 0x01CC, 0x01CC,
  0x01CC, 0x01CC, 0x01CC, 0x01CC, 0x01CC, 0x01CC, 0x01CC, 0x01CC, 0x01CC, 0x01CC, 0x01CC, 0x01CC,
  0x01CC, 0x01CC, 0x01CC, 0x01CC, 0x01CC, 0x01CC, 0x01CC, 0x01CC, 0x01CC, 0x01CC, 0x01CC, 0x01CC,
  0x01CC, 0x01CC, 0x01CC, 0x01CC, 0x01CC, 0x01CC, 0x01CC, 0x01CC, 0x01CC, 0x01CC, 0x01CC, 0x01CC,
  0x01CC, 0x01CC, 0x01CC, 0x01CC, 0x01CC, 0x01CC, 0x01CC, 0x01CC, 0x01CC, 0x01CC, 0x01CC, 0x01CC,
  0x01CC, 0x01CC, 0x01CC, 0x01CC, 0x01CC, 0x01CC, 0x01CC, 0x01CC, 0x01CC, 0x01CC, 0x01CC, 0x01CC,
  0x01CC, 0x01CC, 0x01CC, 0x01CC, 0x01CC, 0x01CC, 0x01CC, 0x01CC, 0x01CC, 0x01CC, 0x01CC, 0x01CC,
  0x01CC, 0x01CC, 0x01CC, 0x01CC, 0x01CC, 0x01CC, 0x01CC, 0x01CC, 0x01CC, 0x01CC, 0x01CC, 0x01CC,
  0x01CC, 0x01CC, 0x01CC, 0x01CC, 0x01CC, 0x01CC, 0x01CC, 0x01CC, 0x01CC, 0x01CC, 0x01CC, 0x01CC,
  0x01CC, 0x01CC, 0x01CC, 0x01CC, 0x01CC, 0x01CC, 0x01CC, 0x01CC, 0x01CC, 0x01CC, 0x01CC, 0x01CC,
  0x01CC, 0x01CC, 0x01CC, 0x01CC, 0x01CC, 0x01CC, 0x01CC, 0x01CC, 0x01CC, 0x01CC, 0x01CC, 0x01CC,
  0x01CC, 0x01CC, 0x01CC, 0x01CC, 0x01CC, 0x01CC, 0x01CC, 0x01CC, 0x01CC, 0x01CC, 0x01CC, 0x01CC,
  0x01CC, 0x01CC, 0x01CC, 0x01CC, 0x01CC, 0x01CC, 0x01CC, 0x01CC, 0x01CC, 0x01CC, 0x01CC, 0x01CC,
  0x01CC, 0x01CC, 0x01CC, 0x01CC, 0x01CC, 0x01CC, 0x01CC, 0x01CC, 0x01CC, 0x01CC, 0x01CC, 0x01CC,
  0x01CC, 0x01CC, 0x01CC, 0x01CC, 0x01CC, 0x01CC, 0x01CC, 0x01CC, 0x01CC, 0x01CC, 0x01CC, 0x01CC,
  0x01CC, 0x01CC, 0x01CC, 0x01CC, 0x01CC, 0x01CC, 0x01ED, 0x4B92, 0x9D78, 0xCEDC, 0xE75D, 0xF79E,
  0xF7BF, 0xF7DF, 0xF7DF, 0xF7DF, 0xF7DF, 0xF7DF, 0xF7DF, 0xF7DF, 0xF7DF, 0xF7DF, 0xF7DF, 0xF7DF,
  0xF7DF, 0xFFDF, 0xFFDF, 0xFFDF, 0xFFDF, 0xFFDF, 0xFFDF, 0xF7BF, 0xEF7E, 0xDF1C, 0xA5D8, 0x6433,
  0x1A6E, 0x0A0D, 0x228F, 0x84F6, 0xC69B, 0xF7BE, 0xFFDF, 0xFFDF, 0xFFDF, 0xFFDF, 0xFFDF, 0xFFDF,
  0xF7DF, 0xF7DF, 0xF7DF, 0xF7DF, 0xF7DF, 0xF7BF, 0xF7BF, 0xF7BF, 0xF7BF, 0xF7BF, 0xF7BF, 0xF7BF,
  0xF7BF, 0xF7BF, 0xF7BF, 0xF7BF, 0xF7BF, 0xF7BF, 0xF7BF, 0xF7BF, 0xF7BF, 0xF7BF, 0xF79E, 0xEF9E,
  0xEF7E, 0xE77E, 0xE75D, 0xE73D, 0xDF3D, 0xDF3D, 0xDF1D, 0xD6FC, 0xCEBC, 0xC69B, 0xBE5A, 0xADF9,
  0xA5B8, 0x9577, 0x8D16, 0x7CD5, 0x6C54, 0x53F3, 0x4B92, 0x4371, 0x3B51, 0x3310, 0x2ACF, 0x228F,
  0x124E, 0x0A2D, 0x0A0D, 0x01EC, 0x01CC, 0x01CC, 0x01CC, 0x01CC, 0x01CC, 0x01CC, 0x01CC, 0x01CC,
  0x01CC, 0x01CC, 0x01CC, 0x01CC, 0x01CC, 0x01CC, 0x01CC, 0x01CC, 0x01CC, 0x01CC, 0x01CC, 0x01CC,
  0x01CC, 0x01CC, 0x01CC, 0x01CC, 0x01CC, 0x01CC, 0x01CC, 0x01CC, 0x01CC, 0x01CC, 0x01CC, 0x01CC,
  0x01CC, 0x01CC, 0x01CC, 0x01CC, 0x01CC, 0x01CC, 0x01CC, 0x01CC, 0x01CC, 0x01CC, 0x01CC, 0x01CC,
  0x01CC, 0x01CC, 0x01CC, 0x01CC, 0x01CC, 0x01CC, 0x01CC, 0x01CC, 0x01CC, 0x01CC, 0x01CC, 0x09ED,
  0x122D, 0x1A6E, 0x2ACF, 0x3310, 0x3B51, 0x4BB2, 0x5C13, 0x7495, 0x8516, 0x9D78, 0xAE19, 0xC67B,
  0xCEDC, 0xDF1D, 0xE75D, 0xEF7E, 0xF79E, 0xF7BF, 0xFFDF, 0xFFDF, 0xFFDF, 0xFFDF, 0xFFDF, 0xFFDF,
  0xFFDF, 0xFFDF, 0xF7DF, 0xF7DF, 0xF7BF, 0xF7BE, 0xEF9E, 0xEF7E, 0xE75D, 0xDF1C, 0xC6BB, 0xB63A,
  0x9D98, 0x84F6, 0x6C54, 0x53B2, 0x4371, 0x3310, 0x22AF, 0x124E, 0x09ED, 0x01CC, 0x01CC, 0x01CC,
  0x01CC, 0x01CC, 0x01CC, 0x01CC, 0x01CC, 0x01CC, 0x01CC, 0x01CC, 0x01CC, 0x01CC, 0x01CC, 0x01CC,
  0x01CC, 0x01CC, 0x01CC, 0x01CC, 0x01CC, 0x01CC, 0x01CC, 0x01CC, 0x01CC, 0x01CC, 0x01CC, 0x01CC,
  0x01CC, 0x01CC, 0x01CC, 0x01CC, 0x01CC, 0x01CC, 0x01CC, 0x01CC, 0x01CC, 0x01CC, 0x01CC, 0x01CC,
  0x01CC, 0x01CC, 0x01CC, 0x01CC, 0x01CC, 0x01CC, 0x01CC, 0x01CC, 0x01CC, 0x01CC, 0x01CC, 0x01CC,
  0x01CC, 0x01CC, 0x01CC, 0x01CC, 0x01CC, 0x01CC, 0x01CC, 0x01CC, 0x01CC, 0x01CC, 0x01CC, 0x01CC,
  0x01CC, 0x01CC, 0x01CC, 0x01CC, 0x01CC, 0x01CC, 0x01CC, 0x01CC, 0x01CC, 0x01CC, 0x01CC, 0x01CC,
  0x01CC, 0x01CC, 0x01CC, 0x01CC, 0x01CC, 0x01CC, 0x01CC, 0x01CC, 0x01CC, 0x01CC, 0x01CC, 0x01CC,
  0x01CC, 0x01CC, 0x01CC, 0x01CC, 0x01CC, 0x01CC, 0x01CC, 0x01CC, 0x01CC, 0x01CC, 0x01CC, 0x01CC,
  0x01CC, 0x01CC, 0x01CC, 0x01CC, 0x01CC, 0x01CC, 0x01CC, 0x01CC, 0x01CC, 0x01CC, 0x01CC, 0x01CC,
  0x01CC, 0x01CC, 0x01CC, 0x01CC, 0x01CC, 0x01CC, 0x01CC, 0x01CC, 0x01CC, 0x01CC, 0x01CC, 0x01CC,
  0x01CC, 0x01CC, 0x01CC, 0x01CC, 0x01CC, 0x01CC, 0x01CC, 0x01CC, 0x01CC, 0x01CC, 0x01CC, 0x01CC,
  0x01CC, 0x01CC, 0x01CC, 0x01CC, 0x01CC, 0x01CC, 0x01CC, 0x01CC, 0x01CC, 0x01CC, 0x01CC, 0x01CC,
  0x01CC, 0x01CC, 0x01CC, 0x01CC, 0x01CC, 0x01CC, 0x01CC, 0x01CC, 0x01CC, 0x01CC, 0x01CC, 0x01CC,
  0x01CC, 0x01CC, 0x01CC, 0x01CC, 0x01CC, 0x01CC, 0x01CC, 0x01CC, 0x01CC, 0x01CC, 0x01CC, 0x01CC,
  0x01CC, 0x01CC, 0x01CC, 0x01CC, 0x01CC, 0x01CC, 0x01CC, 0x01CC, 0x01CC, 0x01CC, 0x01CC, 0x01CC,
  0x01CC, 0x01CC, 0x01CC, 0x01CC, 0x01CC, 0x01CC, 0x01CC, 0x01CC, 0x01CC, 0x01CC, 0x01CC, 0x01CC,
  0x01CC, 0x01CC, 0x01CC, 0x01CC, 0x01CC, 0x01CC, 0x01CC, 0x01CC, 0x01CC, 0x01CC, 0x01CC, 0x01CC,
  0x01CC, 0x01CC, 0x01CC, 0x01CC, 0x01CC, 0x01CC, 0x01CC, 0x01CC, 0x01CC, 0x01CC, 0x01CC, 0x01CC,
  0x01CC, 0x01CC, 0x01CC, 0x01CC, 0x01CC, 0x01CC, 0x01CC, 0x01CC, 0x01CC, 0x01CC, 0x01CC, 0x01CC,
  0x01CC, 0x01CC, 0x01CC, 0x01CC, 0x01CC, 0x01CC, 0x01CC, 0x01CC, 0x01CC, 0x01CC, 0x01CC, 0x01CC,
  0x01CC, 0x01CC, 0x01CC, 0x01CC, 0x01CC, 0x01CC, 0x01CC, 0x01CC, 0x01CC, 0x01CC, 0x01CC, 0x01CC,
  0x01CC, 0x01CC, 0x01CC, 0x01CC, 0x01CC, 0x01CC, 0x01CC, 0x01CC, 0x01CC, 0x01CC, 0x01CC, 0x01CC,
  0x01CC, 0x01CC, 0x01CC, 0x01CC, 0x01CC, 0x01CC, 0x01CC, 0x01CC, 0x01CC, 0x01CC, 0x01CC, 0x01CC,
  0x01CC, 0x01CC, 0x01CC, 0x01CC, 0x01CC, 0x01CC, 0x01CC, 0x1A8E, 0x4B92, 0x7CB5, 0x9557, 0x9D98,
  0xA5D9, 0xADD9, 0xADF9, 0xADF9, 0xAE19, 0xAE19, 0xB619, 0xB619, 0xB61A, 0xB61A, 0xB63A, 0xB63A,
  0xB63A, 0xB63A, 0xB61A, 0xB619, 0xAE19, 0xADF9, 0xADF9, 0xA5B8, 0x9577, 0x84F6, 0x53D2, 0x22AF,
  0x01ED, 0x01CC, 0x0A2D, 0x3B51, 0x7495, 0x9D98, 0xADF9, 0xAE19, 0xB619, 0xB619, 0xB619, 0xB619,
  0xAE19, 0xAE19, 0xAE19, 0xAE19, 0xAE19, 0xAE19, 0xAE19, 0xAE19, 0xAE19, 0xAE19, 0xADF9, 0xADF9,
  0xADF9, 0xADF9, 0xADF9, 0xADF9, 0xADF9, 0xADD9, 0xA5D9, 0xA5D9, 0xA5D9, 0xA5D8, 0x9DB8, 0x9D98,
  0x9578, 0x9577, 0x9557, 0x8D37, 0x8D37, 0x8D16, 0x8516, 0x7CD6, 0x74B5, 0x6C74, 0x6434, 0x5BF3,
  0x4BB2, 0x4371, 0x3310, 0x2ACF, 0x1A6E, 0x0A0D, 0x01CC, 0x01CC, 0x01CC, 0x01CC, 0x01CC, 0x01CC,
  0x01CC, 0x01CC, 0x01CC, 0x01CC, 0x01CC, 0x01CC, 0x01CC, 0x01CC, 0x01CC, 0x01CC, 0x01CC, 0x01CC,
  0x01CC, 0x01CC, 0x01CC, 0x01CC, 0x01CC, 0x01CC, 0x01CC, 0x01CC, 0x01CC, 0x01CC, 0x01CC, 0x01CC,
  0x01CC, 0x01CC, 0x01CC, 0x01CC, 0x01CC, 0x01CC, 0x01CC, 0x01CC, 0x01CC, 0x01CC, 0x01CC, 0x01CC,
  0x01CC, 0x01CC, 0x01CC, 0x01CC, 0x01CC, 0x01CC, 0x01CC, 0x01CC, 0x01CC, 0x01CC, 0x01CC, 0x01CC,
  0x01CC, 0x01CC, 0x01CC, 0x01CC, 0x01CC, 0x01CC, 0x01CC, 0x01CC, 0x01CC, 0x01CC, 0x01CC, 0x01CC,
  0x01CC, 0x01CC, 0x01CC, 0x01CC, 0x01CC, 0x01EC, 0x122D, 0x228F, 0x3310, 0x4371, 0x5BF3, 0x6C74,
  0x7CB5, 0x84F6, 0x8D37, 0x9577, 0x9D98, 0xA5D8, 0xADF9, 0xAE19, 0xB619, 0xB61A, 0xB63A, 0xB63A,
  0xB63A, 0xB619, 0xAE19, 0xADF9, 0xA5D9, 0x9DB8, 0x9D98, 0x9577, 0x8D37, 0x84F6, 0x7495, 0x5C13,
  0x4391, 0x32F0, 0x1A6E, 0x01ED, 0x01CC, 0x01CC, 0x01CC, 0x01CC, 0x01CC, 0x01CC, 0x01CC, 0x01CC,
  0x01CC, 0x01CC, 0x01CC, 0x01CC, 0x01CC, 0x01CC, 0x01CC, 0x01CC, 0x01CC, 0x01CC, 0x01CC, 0x01CC,
  0x01CC, 0x01CC, 0x01CC, 0x01CC, 0x01CC, 0x01CC, 0x01CC, 0x01CC, 0x01CC, 0x01CC, 0x01CC, 0x01CC,
  0x01CC, 0x01CC, 0x01CC, 0x01CC, 0x01CC, 0x01CC, 0x01CC, 0x01CC, 0x01CC, 0x01CC, 0x01CC, 0x01CC,
  0x01CC, 0x01CC, 0x01CC, 0x01CC, 0x01CC, 0x01CC, 0x01CC, 0x01CC, 0x01CC, 0x01CC, 0x01CC, 0x01CC,
  0x01CC, 0x01CC, 0x01CC, 0x01CC, 0x01CC, 0x01CC, 0x01CC, 0x01CC, 0x01CC, 0x01CC, 0x01CC, 0x01CC,
  0x01CC, 0x01CC, 0x01CC, 0x01CC, 0x01CC, 0x01CC, 0x01CC, 0x01CC, 0x01CC, 0x01CC, 0x01CC, 0x01CC,
  0x01CC, 0x01CC, 0x01CC, 0x01CC, 0x01CC, 0x01CC, 0x01CC, 0x01CC, 0x01CC, 0x01CC, 0x01CC, 0x01CC,
  0x01CC, 0x01CC, 0x01CC, 0x01CC, 0x01CC, 0x01CC, 0x01CC, 0x01CC, 0x01CC, 0x01CC, 0x01CC, 0x01CC,
  0x01CC, 0x01CC, 0x01CC, 0x01CC, 0x01CC, 0x01CC, 0x01CC, 0x01CC, 0x01CC, 0x01CC, 0x01CC, 0x01CC,
  0x01CC, 0x01CC, 0x01CC, 0x01CC, 0x01CC, 0x01CC, 0x01CC, 0x01CC, 0x01CC, 0x01CC, 0x01CC, 0x01CC,
  0x01CC, 0x01CC, 0x01CC, 0x01CC, 0x01CC, 0x01CC, 0x01CC, 0x01CC, 0x01CC, 0x01CC, 0x01CC, 0x01CC,
  0x01CC, 0x01CC, 0x01CC, 0x01CC, 0x01CC, 0x01CC, 0x01CC, 0x01CC, 0x01CC, 0x01CC, 0x01CC, 0x01CC,
  0x01CC, 0x01CC, 0x01CC, 0x01CC, 0x01CC, 0x01CC, 0x01CC, 0x01CC, 0x01CC, 0x01CC, 0x01CC, 0x01CC,
  0x01CC, 0x01CC, 0x01CC, 0x01CC, 0x01CC, 0x01CC, 0x01CC, 0x01CC, 0x01CC, 0x01CC, 0x01CC, 0x01CC,
  0x01CC, 0x01CC, 0x01CC, 0x01CC, 0x01CC, 0x01CC, 0x01CC, 0x01CC, 0x01CC, 0x01CC, 0x01CC, 0x01CC,
  0x01CC, 0x01CC, 0x01CC, 0x01CC, 0x01CC, 0x01CC, 0x01CC, 0x01CC, 0x01CC, 0x01CC, 0x01CC, 0x01CC,
  0x01CC, 0x01CC, 0x01CC, 0x01CC, 0x01CC, 0x01CC, 0x01CC, 0x01CC, 0x01CC, 0x01CC, 0x01CC, 0x01CC,
  0x01CC, 0x01CC, 0x01CC, 0x01CC, 0x01CC, 0x01CC, 0x01CC, 0x01CC, 0x01CC, 0x01CC, 0x01CC, 0x01CC,
  0x01CC, 0x01CC, 0x01CC, 0x01CC, 0x01CC, 0x01CC, 0x01CC, 0x01CC, 0x01CC, 0x01CC, 0x01CC, 0x01CC,
  0x01CC, 0x01CC, 0x01CC, 0x01CC, 0x01CC, 0x01CC, 0x01CC, 0x01CC, 0x01CC, 0x01CC, 0x01CC, 0x01CC,
  0x01CC, 0x01CC, 0x01CC, 0x01CC, 0x01CC, 0x01CC, 0x01CC, 0x01CC, 0x01CC, 0x01CC, 0x01CC, 0x01CC,
  0x01CC, 0x01CC, 0x01CC, 0x01CC, 0x01CC, 0x01CC, 0x01CC, 0x01CC, 0x01CC, 0x01CC, 0x01CC, 0x01CC,
  0x01CC, 0x01CC, 0x01CC, 0x01CC, 0x01CC, 0x01CC, 0x01CC, 0x01CC, 0x01CC, 0x01CC, 0x01CC, 0x01CC,
  0x01CC, 0x01CC, 0x01CC, 0x01CC, 0x01CC, 0x01CC, 0x01CC, 0x01CC, 0x01CC, 0x01CC, 0x01ED, 0x0A0D,
  0x124E, 0x1A6E, 0x228F, 0x22AF, 0x2ACF, 0x2AF0, 0x32F0, 0x3310, 0x3310, 0x3310, 0x3B30, 0x3B30,
  0x3B30, 0x3B30, 0x3310, 0x2AF0, 0x2ACF, 0x228F, 0x1A6E, 0x122D, 0x01ED, 0x01CC, 0x01CC, 0x01CC,
  0x01CC, 0x01CC, 0x01CC, 0x01CC, 0x01EC, 0x0A0D, 0x1A6E, 0x22AF, 0x2ACF, 0x2ACF, 0x2AF0, 0x2AF0,
  0x2AF0, 0x2AF0, 0x2AF0, 0x2AF0, 0x2AF0, 0x2AF0, 0x2AF0, 0x2AF0, 0x2AF0, 0x2AF0, 0x2AF0, 0x2AEF,
  0x2AEF, 0x2ACF, 0x2ACF, 0x22AF, 0x22AF, 0x228E, 0x1A6E, 0x1A6E, 0x1A6E, 0x124E, 0x124D, 0x0A2D,
  0x0A0D, 0x0A0D, 0x0A0D, 0x09ED, 0x01ED, 0x01EC, 0x01CC, 0x01CC, 0x01CC, 0x01CC, 0x01CC, 0x01CC,
  0x01CC, 0x01CC, 0x01CC, 0x01CC, 0x01CC, 0x01CC, 0x01CC, 0x01CC, 0x01CC, 0x01CC, 0x01CC, 0x01CC,
  0x01CC, 0x01CC, 0x01CC, 0x01CC, 0x01CC, 0x01CC, 0x01CC, 0x01CC, 0x01CC, 0x01CC, 0x01CC, 0x01CC,
  0x01CC, 0x01CC, 0x01CC, 0x01CC, 0x01CC, 0x01CC, 0x01CC, 0x01CC, 0x01CC, 0x01CC, 0x01CC, 0x01CC,
  0x01CC, 0x01CC, 0x01CC, 0x01CC, 0x01CC, 0x01CC, 0x01CC, 0x01CC, 0x01CC, 0x01CC, 0x01CC, 0x01CC,
  0x01CC, 0x01CC, 0x01CC, 0x01CC, 0x01CC, 0x01CC, 0x01CC, 0x01CC, 0x01CC, 0x01CC, 0x01CC, 0x01CC,
  0x01CC, 0x01CC, 0x01CC, 0x01CC, 0x01CC, 0x01CC, 0x01CC, 0x01CC, 0x01CC, 0x01CC, 0x01CC, 0x01CC,
  0x01CC, 0x01CC, 0x01CC, 0x01CC, 0x01CC, 0x01CC, 0x01CC, 0x01CC, 0x01CC, 0x01CC, 0x01CC, 0x01CC,
  0x01CC, 0x01CC, 0x01EC, 0x01ED, 0x0A0D, 0x122D, 0x1A6E, 0x22AF, 0x2ACF, 0x2AF0, 0x3310, 0x3310,
  0x3310, 0x32F0, 0x2ACF, 0x22AF, 0x1A6E, 0x0A2D, 0x0A0D, 0x01EC, 0x01CC, 0x01CC, 0x01CC, 0x01CC,
  0x01CC, 0x01CC, 0x01CC, 0x01CC, 0x01CC, 0x01CC, 0x01CC, 0x01CC, 0x01CC, 0x01CC, 0x01CC, 0x01CC,
  0x01CC, 0x01CC, 0x01CC, 0x01CC, 0x01CC, 0x01CC, 0x01CC, 0x01CC, 0x01CC, 0x01CC, 0x01CC, 0x01CC,
  0x01CC, 0x01CC, 0x01CC, 0x01CC, 0x01CC, 0x01CC, 0x01CC, 0x01CC, 0x01CC, 0x01CC, 0x01CC, 0x01CC,
  0x01CC, 0x01CC, 0x01CC, 0x01CC, 0x01CC, 0x01CC, 0x01CC, 0x01CC, 0x01CC, 0x01CC, 0x01CC, 0x01CC,
  0x01CC, 0x01CC, 0x01CC, 0x01CC, 0x01CC, 0x01CC, 0x01CC, 0x01CC, 0x01CC, 0x01CC, 0x01CC, 0x01CC,
  0x01CC, 0x01CC, 0x01CC, 0x01CC, 0x01CC, 0x01CC, 0x01CC, 0x01CC, 0x01CC, 0x01CC, 0x01CC, 0x01CC,
  0x01CC, 0x01CC, 0x01CC, 0x01CC, 0x01CC, 0x01CC, 0x01CC, 0x01CC, 0x01CC, 0x01CC, 0x01CC, 0x01CC,
  0x01CC, 0x01CC, 0x01CC, 0x01CC, 0x01CC, 0x01CC, 0x01CC, 0x01CC, 0x01CC, 0x01CC, 0x01CC, 0x01CC,
  0x01CC, 0x01CC, 0x01CC, 0x01CC, 0x01CC, 0x01CC, 0x01CC, 0x01CC, 0x01CC, 0x01CC, 0x01CC, 0x01CC,
  0x01CC, 0x01CC, 0x01CC, 0x01CC, 0x01CC, 0x01CC, 0x01CC, 0x01CC, 0x01CC, 0x01CC, 0x01CC, 0x01CC,
  0x01CC, 0x01CC, 0x01CC, 0x01CC, 0x01CC, 0x01CC, 0x01CC, 0x01CC, 0x01CC, 0x01CC, 0x01CC, 0x01CC,
  0x01CC, 0x01CC, 0x01CC, 0x01CC, 0x01CC, 0x01CC, 0x01CC, 0x01CC, 0x01CC, 0x01CC, 0x01CC, 0x01CC,
  0x01CC, 0x01CC, 0x01CC, 0x01CC, 0x01CC, 0x01CC, 0x01CC, 0x01CC, 0x01CC, 0x01CC, 0x01CC, 0x01CC,
  0x01CC, 0x01CC, 0x01CC, 0x01CC, 0x01CC, 0x01CC, 0x01CC, 0x01CC, 0x01CC, 0x01CC, 0x01CC, 0x01CC,
  0x01CC, 0x01CC, 0x01CC, 0x01CC, 0x01CC, 0x01CC, 0x01CC, 0x01CC, 0x01CC, 0x01CC, 0x01CC, 0x01CC,
  0x01CC, 0x01CC, 0x01CC, 0x01CC, 0x01CC, 0x01CC, 0x01CC, 0x01CC, 0x01CC, 0x01CC, 0x01CC, 0x01CC,
  0x01CC, 0x01CC, 0x01CC, 0x01CC, 0x01CC, 0x01CC, 0x01CC, 0x01CC, 0x01CC, 0x01CC, 0x01CC, 0x01CC,
  0x01CC, 0x01CC, 0x01CC, 0x01CC, 0x01CC, 0x01CC, 0x01CC, 0x01CC, 0x01CC, 0x01CC, 0x01CC, 0x01CC,
  0x01CC, 0x01CC, 0x01CC, 0x01CC, 0x01CC, 0x01CC, 0x01CC, 0x01CC, 0x01CC, 0x01CC, 0x01CC, 0x01CC,
  0x01CC, 0x01CC, 0x01CC, 0x01CC, 0x01CC, 0x01CC, 0x01CC, 0x01CC, 0x01CC, 0x01CC, 0x01CC, 0x01CC,
  0x01CC, 0x01CC, 0x01CC, 0x01CC, 0x01CC, 0x01CC, 0x01CC, 0x01CC, 0x01CC, 0x01CC, 0x01CC, 0x01CC,
  0x01CC, 0x01CC, 0x01CC, 0x01CC, 0x01CC, 0x01CC, 0x01CC, 0x01CC, 0x01CC, 0x01CC, 0x01CC, 0x01CC,
  0x01CC, 0x01CC, 0x01CC, 0x01CC, 0x01CC, 0x01CC, 0x01CC, 0x01CC, 0x01CC, 0x01CC, 0x01CC, 0x01CC,
  0x01CC, 0x01CC, 0x01CC, 0x01CC, 0x01CC, 0x01CC, 0x01CC, 0x01CC, 0x01CC, 0x01CC, 0x01CC, 0x01CC,
  0x01CC, 0x01CC, 0x01CC, 0x01CC, 0x01CC, 0x01CC, 0x01CC, 0x01CC, 0x01CC, 0x01CC, 0x01CC, 0x01EC,
  0x01ED, 0x0A0D, 0x0A0D, 0x0A0D, 0x0A0D, 0x0A2D, 0x122D, 0x122D, 0x122D, 0x122D, 0x122D, 0x122D,
  0x122D, 0x122D, 0x122D, 0x0A2D, 0x0A0D, 0x0A0D, 0x09ED, 0x01EC, 0x01CC, 0x01CC, 0x01CC, 0x01CC,
  0x01CC, 0x01CC, 0x01CC, 0x01CC, 0x01CC, 0x01EC, 0x0A0D, 0x0A0D, 0x0A0D, 0x0A2D, 0x0A2D, 0x0A2D,
  0x0A2D, 0x0A2D, 0x0A2D, 0x0A2D, 0x0A2D, 0x0A2D, 0x0A2D, 0x0A2D, 0x0A2D, 0x0A2D, 0x0A2D, 0x0A2D,
  0x0A2D, 0x0A2D, 0x0A0D, 0x0A0D, 0x0A0D, 0x0A0D, 0x0A0D, 0x0A0D, 0x0A0D, 0x0A0D, 0x01ED, 0x01EC,
  0x01EC, 0x01EC, 0x01EC, 0x01EC, 0x01EC, 0x01CC, 0x01CC, 0x01CC, 0x01CC, 0x01CC, 0x01CC, 0x01CC,
  0x01CC, 0x01CC, 0x01CC, 0x01CC, 0x01CC, 0x01CC, 0x01CC, 0x01CC, 0x01CC, 0x01CC, 0x01CC, 0x01CC,
  0x01CC, 0x01CC, 0x01CC, 0x01CC, 0x01CC, 0x01CC, 0x01CC, 0x01CC, 0x01CC, 0x01CC, 0x01CC, 0x01CC,
  0x01CC, 0x01CC, 0x01CC, 0x01CC, 0x01CC, 0x01CC, 0x01CC, 0x01CC, 0x01CC, 0x01CC, 0x01CC, 0x01CC,
  0x01CC, 0x01CC, 0x01CC, 0x01CC, 0x01CC, 0x01CC, 0x01CC, 0x01CC, 0x01CC, 0x01CC, 0x01CC, 0x01CC,
  0x01CC, 0x01CC, 0x01CC, 0x01CC, 0x01CC, 0x01CC, 0x01CC, 0x01CC, 0x01CC, 0x01CC, 0x01CC, 0x01CC,
  0x01CC, 0x01CC, 0x01CC, 0x01CC, 0x01CC, 0x01CC, 0x01CC, 0x01CC, 0x01CC, 0x01CC, 0x01CC, 0x01CC,
  0x01CC, 0x01CC, 0x01CC, 0x01CC, 0x01CC, 0x01CC, 0x01CC, 0x01CC, 0x01CC, 0x01CC, 0x01CC, 0x01CC,
  0x01CC, 0x01CC, 0x01CC, 0x01CC, 0x01EC, 0x01EC, 0x0A0D, 0x0A0D, 0x0A2D, 0x0A2D, 0x122D, 0x122D,
  0x122D, 0x122D, 0x0A2D, 0x0A0D, 0x0A0D, 0x01EC, 0x01EC, 0x01CC, 0x01CC, 0x01CC, 0x01CC, 0x01CC,
  0x01CC, 0x01CC, 0x01CC, 0x01CC, 0x01CC, 0x01CC, 0x01CC, 0x01CC, 0x01CC, 0x01CC, 0x01CC, 0x01CC,
  0x01CC, 0x01CC, 0x01CC, 0x01CC, 0x01CC, 0x01CC, 0x01CC, 0x01CC, 0x01CC, 0x01CC, 0x01CC, 0x01CC,
  0x01CC, 0x01CC, 0x01CC, 0x01CC, 0x01CC, 0x01CC, 0x01CC, 0x01CC, 0x01CC, 0x01CC, 0x01CC, 0x01CC,
  0x01CC, 0x01CC, 0x01CC, 0x01CC, 0x01CC, 0x01CC, 0x01CC, 0x01CC, 0x01CC, 0x01CC, 0x01CC, 0x01CC,
  0x01CC, 0x01CC, 0x01CC, 0x01CC, 0x01CC, 0x01CC, 0x01CC, 0x01CC, 0x01CC, 0x01CC, 0x01CC, 0x01CC,
  0x01CC, 0x01CC, 0x01CC, 0x01CC, 0x01CC, 0x01CC, 0x01CC, 0x01CC, 0x01CC, 0x01CC, 0x01CC, 0x01CC,
  0x01CC, 0x01CC, 0x01CC, 0x01CC, 0x01CC, 0x01CC, 0x01CC, 0x01CC, 0x01CC, 0x01CC, 0x01CC, 0x01CC,
  0x01CC, 0x01CC, 0x01CC, 0x01CC, 0x01CC, 0x01CC, 0x01CC, 0x01CC, 0x01CC, 0x01CC, 0x01CC, 0x01CC,
  0x01CC, 0x01CC, 0x01CC, 0x01CC, 0x01CC, 0x01CC, 0x01CC, 0x01CC, 0x01CC, 0x01CC, 0x01CC, 0x01CC,
  0x01CC, 0x01CC, 0x01CC, 0x01CC, 0x01CC, 0x01CC, 0x01CC, 0x01CC, 0x01CC, 0x01CC, 0x01CC, 0x01CC,
  0x01CC, 0x01CC, 0x01CC, 0x01CC, 0x01CC, 0x01CC, 0x01CC, 0x01CC, 0x01CC, 0x01CC, 0x01CC, 0x01CC,
  0x01CC, 0x01CC, 0x01CC, 0x01CC, 0x01CC, 0x01CC, 0x01CC, 0x01CC, 0x01CC, 0x01CC, 0x01CC, 0x01CC,
  0x01CC, 0x01CC, 0x01CC, 0x01CC, 0x01CC, 0x01CC, 0x01CC, 0x01CC, 0x01CC, 0x01CC, 0x01CC, 0x01CC,
  0x01CC, 0x01CC, 0x01CC, 0x01CC, 0x01CC, 0x01CC, 0x01CC, 0x01CC, 0x01CC, 0x01CC, 0x01CC, 0x01CC,
  0x01CC, 0x01CC, 0x01CC, 0x01CC, 0x01CC, 0x01CC, 0x01CC, 0x01CC, 0x01CC, 0x01CC, 0x01CC, 0x01CC,
  0x01CC, 0x01CC, 0x01CC, 0x01CC, 0x01CC, 0x01CC, 0x01CC, 0x01CC, 0x01CC, 0x01CC, 0x01CC, 0x01CC,
  0x01CC, 0x01CC, 0x01CC, 0x01CC, 0x01CC, 0x01CC, 0x01CC, 0x01CC, 0x01CC, 0x01CC, 0x01CC, 0x01CC,
  0x01CC, 0x01CC, 0x01CC, 0x01CC, 0x01CC, 0x01CC, 0x01CC, 0x01CC, 0x01CC, 0x01CC, 0x01CC, 0x01CC,
  0x01CC, 0x01CC, 0x01CC, 0x01CC, 0x01CC, 0x01CC, 0x01CC, 0x01CC, 0x01CC, 0x01CC, 0x01CC, 0x01CC,
  0x01CC, 0x01CC, 0x01CC, 0x01CC, 0x01CC, 0x01CC, 0x01CC, 0x01CC, 0x01CC, 0x01CC, 0x01CC, 0x01CC,
  0x01CC, 0x01CC, 0x01CC, 0x01CC, 0x01CC, 0x01CC, 0x01CC, 0x01CC, 0x01CC, 0x01CC, 0x01CC, 0x01CC,
  0x01CC, 0x01CC, 0x01CC, 0x01CC, 0x01CC, 0x01CC, 0x01CC, 0x01CC, 0x01CC, 0x01CC, 0x01CC, 0x01CC,
  0x01CC, 0x01CC, 0x01CC, 0x01CC, 0x01CC, 0x01CC, 0x01CC, 0x01CC, 0x01CC, 0x01CC, 0x01CC, 0x01CC,
  0x01CC, 0x01CC, 0x01CC, 0x01CC, 0x01CC, 0x01CC, 0x01CC, 0x01CC, 0x01CC, 0x01CC, 0x01CC, 0x01CC,
  0x01CC, 0x01CC, 0x01CC, 0x01CC, 0x01CC, 0x01CC, 0x01CC, 0x01CC, 0x01CC, 0x01CC, 0x01CC, 0x01CC,
  0x01CC, 0x01CC, 0x01CC, 0x01CC, 0x01CC, 0x01CC, 0x01CC, 0x01CC, 0x01CC, 0x01CC, 0x01CC, 0x01CC,
  0x01CC, 0x01CC, 0x01CC, 0x01CC, 0x01CC, 0x01CC, 0x01CC, 0x01CC, 0x01CC, 0x01CC, 0x01CC, 0x01CC,
  0x01CC, 0x01CC, 0x01CC, 0x01CC, 0x01CC, 0x01CC, 0x01CC, 0x01CC, 0x01CC, 0x01CC, 0x01CC, 0x01CC,
  0x01CC, 0x01CC, 0x01CC, 0x01CC, 0x01CC, 0x01CC, 0x01CC, 0x01CC, 0x01CC, 0x01CC, 0x01CC, 0x01CC,
  0x01CC, 0x01CC, 0x01CC, 0x01CC, 0x01CC, 0x01CC, 0x01CC, 0x01CC, 0x01CC, 0x01CC, 0x01CC, 0x01CC,
  0x01CC, 0x01CC, 0x01CC, 0x01CC, 0x01CC, 0x01CC, 0x01CC, 0x01CC, 0x01CC, 0x01CC, 0x01CC, 0x01CC,
  0x01CC, 0x01CC, 0x01CC, 0x01CC, 0x01CC, 0x01CC, 0x01CC, 0x01CC, 0x01CC, 0x01CC, 0x01CC, 0x01CC,
  0x01CC, 0x01CC, 0x01CC, 0x01CC, 0x01CC, 0x01CC, 0x01CC, 0x01CC, 0x01CC, 0x01CC, 0x01CC, 0x01CC,
  0x01CC, 0x01CC, 0x01CC, 0x01CC, 0x01CC, 0x01CC, 0x01CC, 0x01CC, 0x01CC, 0x01CC, 0x01CC, 0x01CC,
  0x01CC, 0x01CC, 0x01CC, 0x01CC, 0x01CC, 0x01CC, 0x01CC, 0x01CC, 0x01CC, 0x01CC, 0x01CC, 0x01CC,
  0x01CC, 0x01CC, 0x01CC, 0x01CC, 0x01CC, 0x01CC, 0x01CC, 0x01CC, 0x01CC, 0x01CC, 0x01CC, 0x01CC,
  0x01CC, 0x01CC, 0x01CC, 0x01CC, 0x01CC, 0x01CC, 0x01CC, 0x01CC, 0x01CC, 0x01CC, 0x01CC, 0x01CC,
  0x01CC, 0x01CC, 0x01CC, 0x01CC, 0x01CC, 0x01CC, 0x01CC, 0x01CC, 0x01CC, 0x01CC, 0x01CC, 0x01CC,
  0x01CC, 0x01CC, 0x01CC, 0x01CC, 0x01CC, 0x01CC, 0x01CC, 0x01CC, 0x01CC, 0x01CC, 0x01CC, 0x01CC,
  0x01CC, 0x01CC, 0x01CC, 0x01CC, 0x01CC, 0x01CC, 0x01CC, 0x01CC, 0x01CC, 0x01CC, 0x01CC, 0x01CC,
  0x01CC, 0x01CC, 0x01CC, 0x01CC, 0x01CC, 0x01CC, 0x01CC, 0x01CC, 0x01CC, 0x01CC, 0x01CC, 0x01CC,
  0x01CC, 0x01CC, 0x01CC, 0x01CC, 0x01CC, 0x01CC, 0x01CC, 0x01CC, 0x01CC, 0x01CC, 0x01CC, 0x01CC,
  0x01CC, 0x01CC, 0x01CC, 0x01CC, 0x01CC, 0x01CC, 0x01CC, 0x01CC, 0x01CC, 0x01CC, 0x01CC, 0x01CC,
  0x01CC, 0x01CC, 0x01CC, 0x01CC, 0x01CC, 0x01CC, 0x01CC, 0x01CC, 0x01CC, 0x01CC, 0x01CC, 0x01CC,
  0x01CC, 0x01CC, 0x01CC, 0x01CC, 0x01CC, 0x01CC, 0x01CC, 0x01CC, 0x01CC, 0x01CC, 0x01CC, 0x01CC,
  0x01CC, 0x01CC, 0x01CC, 0x01CC, 0x01CC, 0x01CC, 0x01CC, 0x01CC, 0x01CC, 0x01CC, 0x01CC, 0x01CC,
  0x01CC, 0x01CC, 0x01CC, 0x01CC, 0x01CC, 0x01CC, 0x01CC, 0x01CC, 0x01CC, 0x01CC, 0x01CC, 0x01CC,
  0x01CC, 0x01CC, 0x01CC, 0x01CC, 0x01CC, 0x01CC, 0x01CC, 0x01CC, 0x01CC, 0x01CC, 0x01CC, 0x01CC,
  0x01CC, 0x01CC, 0x01CC, 0x01CC, 0x01CC, 0x01CC, 0x01CC, 0x01CC, 0x01CC, 0x01CC, 0x01CC, 0x01CC,
  0x01CC, 0x01CC, 0x01CC, 0x01CC, 0x01CC, 0x01CC, 0x01CC, 0x01CC, 0x01CC, 0x01CC, 0x01CC, 0x01CC,
  0x01CC, 0x01CC, 0x01CC, 0x01CC, 0x01CC, 0x01CC, 0x01CC, 0x01CC, 0x01CC, 0x01CC, 0x01CC, 0x01CC,
  0x01CC, 0x01CC, 0x01CC, 0x01CC, 0x01CC, 0x01CC, 0x01CC, 0x01CC, 0x01CC, 0x01CC, 0x01CC, 0x01CC,
  0x01CC, 0x01CC, 0x01CC, 0x01CC, 0x01CC, 0x01CC, 0x01CC, 0x01CC, 0x01CC, 0x01CC, 0x01CC, 0x01CC,
  0x01CC, 0x01CC, 0x01CC, 0x01CC, 0x01CC, 0x01CC, 0x01CC, 0x01CC, 0x01CC, 0x01CC, 0x01CC, 0x01CC,
  0x01CC, 0x01CC, 0x01CC, 0x01CC, 0x01CC, 0x01CC, 0x01CC, 0x01CC, 0x01CC, 0x01CC, 0x01CC, 0x01CC,
  0x01CC, 0x01CC, 0x01CC, 0x01CC, 0x01CC, 0x01CC, 0x01CC, 0x01CC, 0x01CC, 0x01CC, 0x01CC, 0x01CC,
  0x01CC, 0x01CC, 0x01CC, 0x01CC, 0x01CC, 0x01CC, 0x01CC, 0x01CC, 0x01CC, 0x01CC, 0x01CC, 0x01CC,
  0x01CC, 0x01CC, 0x01CC, 0x01CC, 0x01CC, 0x01CC, 0x01CC, 0x01CC, 0x01CC, 0x01CC, 0x01CC, 0x01CC,
  0x01CC, 0x01CC, 0x01CC, 0x01CC, 0x01CC, 0x01CC, 0x01CC, 0x01CC, 0x01CC, 0x01CC, 0x01CC, 0x01CC,
  0x01CC, 0x01CC, 0x01CC, 0x01CC, 0x01CC, 0x01CC, 0x01CC, 0x01CC, 0x01CC, 0x01CC, 0x01CC, 0x01CC,
  0x01CC, 0x01CC, 0x01CC, 0x01CC, 0x01CC, 0x01CC, 0x01CC, 0x01CC, 0x01CC, 0x01CC, 0x01CC, 0x01CC,
  0x01CC, 0x01CC, 0x01CC, 0x01CC, 0x01CC, 0x01CC, 0x01CC, 0x01CC, 0x01CC, 0x01CC, 0x01CC, 0x01CC,
  0x01CC, 0x01CC, 0x01CC, 0x01CC, 0x01CC, 0x01CC, 0x01CC, 0x01CC, 0x01CC, 0x01CC, 0x01CC, 0x01CC,
  0x01CC, 0x01CC, 0x01CC, 0x01CC, 0x01CC, 0x01CC, 0x01CC, 0x01CC, 0x01CC, 0x01CC, 0x01CC, 0x01CC,
  0x01CC, 0x01CC, 0x01CC, 0x01CC, 0x01CC, 0x01CC, 0x01CC, 0x01CC, 0x01CC, 0x01CC, 0x01CC, 0x01CC,
  0x01CC, 0x01CC, 0x01CC, 0x01CC, 0x01CC, 0x01CC, 0x01CC, 0x01CC, 0x01CC, 0x01CC, 0x01CC, 0x01CC,
  0x01CC, 0x01CC, 0x01CC, 0x01CC, 0x01CC, 0x01CC, 0x01CC, 0x01CC, 0x01CC, 0x01CC, 0x01CC, 0x01CC,
  0x01CC, 0x01CC, 0x01CC, 0x01CC, 0x01CC, 0x01CC, 0x01CC, 0x01CC, 0x01CC, 0x01CC, 0x01CC, 0x01CC,
  0x01CC, 0x01CC, 0x01CC, 0x01CC, 0x01CC, 0x01CC, 0x01CC, 0x01CC, 0x01CC, 0x01CC, 0x01CC, 0x01CC,
  0x01CC, 0x01CC, 0x01CC, 0x01CC, 0x01CC, 0x01CC, 0x01CC, 0x01CC, 0x01CC, 0x01CC, 0x01CC, 0x01CC,
  0x01CC, 0x01CC, 0x01CC, 0x01CC, 0x01CC, 0x01CC, 0x01CC, 0x01CC, 0x01CC, 0x01CC, 0x01CC, 0x01CC,
  0x01CC, 0x01CC, 0x01CC, 0x01CC, 0x01CC, 0x01CC, 0x01CC, 0x01CC, 0x01CC, 0x01CC, 0x01CC, 0x01CC,
  0x01CC, 0x01CC, 0x01CC, 0x01CC, 0x01CC, 0x01CC, 0x01CC, 0x01CC, 0x01CC, 0x01CC, 0x01CC, 0x01CC,
  0x01CC, 0x01CC, 0x01CC, 0x01CC, 0x01CC, 0x01CC, 0x01CC, 0x01CC, 0x01CC, 0x01CC, 0x01CC, 0x01CC,
  0x01CC, 0x01CC, 0x01CC, 0x01CC, 0x01CC, 0x01CC, 0x01CC, 0x01CC, 0x01CC, 0x01CC, 0x01CC, 0x01CC,
  0x01CC, 0x01CC, 0x01CC, 0x01CC, 0x01CC, 0x01CC, 0x01CC, 0x01CC, 0x01CC, 0x01CC, 0x01CC, 0x01CC,
  0x01CC, 0x01CC, 0x01CC, 0x01CC, 0x01CC, 0x01CC, 0x01CC, 0x01CC, 0x01CC, 0x01CC, 0x01CC, 0x01CC,
  0x01CC, 0x01CC, 0x01CC, 0x01CC, 0x01CC, 0x01CC, 0x01CC, 0x01CC, 0x01CC, 0x01CC, 0x01CC, 0x01CC,
  0x01CC, 0x01CC, 0x01CC, 0x01CC, 0x01CC, 0x01CC, 0x01CC, 0x01CC, 0x01CC, 0x01CC, 0x01CC, 0x01CC,
  0x01CC, 0x01CC, 0x01CC, 0x01CC, 0x01CC, 0x01CC, 0x01CC, 0x01CC, 0x01CC, 0x01CC, 0x01CC, 0x01CC,
  0x01CC, 0x01CC, 0x01CC, 0x01CC, 0x01CC, 0x01CC, 0x01CC, 0x01CC, 0x01CC, 0x01CC, 0x01CC, 0x01CC,
  0x01CC, 0x01CC, 0x01CC, 0x01CC, 0x01CC, 0x01CC, 0x01CC, 0x01CC, 0x01CC, 0x01CC, 0x01CC, 0x01CC,
  0x01CC, 0x01CC, 0x01CC, 0x01CC, 0x01CC, 0x01CC, 0x01CC, 0x01CC, 0x01CC, 0x01CC, 0x01CC, 0x01CC,
  0x01CC, 0x01CC, 0x01CC, 0x01CC, 0x01CC, 0x01CC, 0x01CC, 0x01CC, 0x01CC, 0x01CC, 0x01CC, 0x01CC,
  0x01CC, 0x01CC, 0x01CC, 0x01CC, 0x01CC, 0x01CC, 0x01CC, 0x01CC, 0x01CC, 0x01CC, 0x01CC, 0x01CC,
  0x01CC, 0x01CC, 0x01CC, 0x01CC, 0x01CC, 0x01CC, 0x01CC, 0x01CC, 0x01CC, 0x01CC, 0x01CC, 0x01CC,
  0x01CC, 0x01CC, 0x01CC, 0x01CC, 0x01CC, 0x01CC, 0x01CC, 0x01CC, 0x01CC, 0x01CC, 0x01CC, 0x01CC,
  0x01CC, 0x01CC, 0x01CC, 0x01CC, 0x01CC, 0x01CC, 0x01CC, 0x01CC, 0x01CC, 0x01CC, 0x01CC, 0x01CC,
  0x01CC, 0x01CC, 0x01CC, 0x01CC, 0x01CC, 0x01CC, 0x01CC, 0x01CC, 0x01CC, 0x01CC, 0x01CC, 0x01CC,
  0x01CC, 0x01CC, 0x01CC, 0x01CC, 0x01CC, 0x01CC, 0x01CC, 0x01CC, 0x01CC, 0x01CC, 0x01CC, 0x01CC,
  0x01CC, 0x01CC, 0x01CC, 0x01CC, 0x01CC, 0x01CC, 0x01CC, 0x01CC, 0x01CC, 0x01CC, 0x01CC, 0x01CC,
  0x01CC, 0x01CC, 0x01CC, 0x01CC, 0x01CC, 0x01CC, 0x01CC, 0x01CC, 0x01CC, 0x01CC, 0x01CC, 0x01CC,
  0x01CC, 0x01CC, 0x01CC, 0x01CC, 0x01CC, 0x01CC, 0x01CC, 0x01CC, 0x01CC, 0x01CC, 0x01CC, 0x01CC,
  0x01CC, 0x01CC, 0x01CC, 0x01CC, 0x01CC, 0x01CC, 0x01CC, 0x01CC, 0x01CC, 0x01CC, 0x01CC, 0x01CC,
  0x01CC, 0x01CC, 0x01CC, 0x01CC, 0x01CC, 0x01CC, 0x01CC, 0x01CC, 0x01CC, 0x01CC, 0x01CC, 0x01CC,
  0x01CC, 0x01CC, 0x01CC, 0x01CC, 0x01CC, 0x01CC, 0x01CC, 0x01CC, 0x01CC, 0x01CC, 0x01CC, 0x01CC,
  0x01CC, 0x01CC, 0x01CC, 0x01CC, 0x01CC, 0x01CC, 0x01CC, 0x01CC, 0x01CC, 0x01CC, 0x01CC, 0x01CC,
  0x01CC, 0x01CC, 0x01CC, 0x01CC, 0x01CC, 0x01CC, 0x01CC, 0x01CC, 0x01CC, 0x01CC, 0x01CC, 0x01CC,
  0x01CC, 0x01CC, 0x01CC, 0x01CC, 0x01CC, 0x01CC, 0x01CC, 0x01CC, 0x01CC, 0x01CC, 0x01CC, 0x01CC,
  0x01CC, 0x01CC, 0x01CC, 0x01CC, 0x01CC, 0x01CC, 0x01CC, 0x01CC, 0x01CC, 0x01CC, 0x01CC, 0x01CC,
  0x01CC, 0x01CC, 0x01CC, 0x01CC, 0x01CC, 0x01CC, 0x01CC, 0x01CC, 0x01CC, 0x01CC, 0x01CC, 0x01CC,
  0x01CC, 0x01CC, 0x01CC, 0x01CC, 0x01CC, 0x01CC, 0x01CC, 0x01CC, 0x01CC, 0x01CC, 0x01CC, 0x01CC,
  0x01CC, 0x01CC, 0x01CC, 0x01CC, 0x01CC, 0x01CC, 0x01CC, 0x01CC, 0x01CC, 0x01CC, 0x01CC, 0x01CC,
  0x01CC, 0x01CC, 0x01CC, 0x01CC, 0x01CC, 0x01CC, 0x01CC, 0x01CC, 0x01CC, 0x01CC, 0x01CC, 0x01CC,
  0x01CC, 0x01CC, 0x01CC, 0x01CC, 0x01CC, 0x01CC, 0x01CC, 0x01CC, 0x01CC, 0x01CC, 0x01CC, 0x01CC,
  0x01CC, 0x01CC, 0x01CC, 0x01CC, 0x01CC, 0x01CC, 0x01CC, 0x01CC, 0x01CC, 0x01CC, 0x01CC, 0x01CC,
  0x01CC, 0x01CC, 0x01CC, 0x01CC, 0x01CC, 0x01CC, 0x01CC, 0x01CC, 0x01CC, 0x01CC, 0x01CC, 0x01CC,
  0x01CC, 0x01CC, 0x01CC, 0x01CC, 0x01CC, 0x01CC, 0x01CC, 0x01CC, 0x01CC, 0x01CC, 0x01CC, 0x01CC,
  0x01CC, 0x01CC, 0x01CC, 0x01CC, 0x01CC, 0x01CC, 0x01CC, 0x01CC, 0x01CC, 0x01CC, 0x01CC, 0x01CC,
  0x01CC, 0x01CC, 0x01CC, 0x01CC, 0x01CC, 0x01CC, 0x01CC, 0x01CC, 0x01CC, 0x01CC, 0x01CC, 0x01CC,
  0x01CC, 0x01CC, 0x01CC, 0x01CC, 0x01CC, 0x01CC, 0x01CC, 0x01CC, 0x01CC, 0x01CC, 0x01CC, 0x01CC,
  0x01CC, 0x01CC, 0x01CC, 0x01CC, 0x01CC, 0x01CC, 0x01CC, 0x01CC, 0x01CC, 0x01CC, 0x01CC, 0x01CC,
  0x01CC, 0x01CC, 0x01CC, 0x01CC, 0x01CC, 0x01CC, 0x01CC, 0x01CC, 0x01CC, 0x01CC, 0x01CC, 0x01CC,
  0x01CC, 0x01CC, 0x01CC, 0x01CC, 0x01CC, 0x01CC, 0x01CC, 0x01CC, 0x01CC, 0x01CC, 0x01CC, 0x01CC,
  0x01CC, 0x01CC, 0x01CC, 0x01CC, 0x01CC, 0x01CC, 0x01CC, 0x01CC, 0x01CC, 0x01CC, 0x01CC, 0x01CC,
  0x01CC, 0x01CC, 0x01CC, 0x01CC, 0x01CC, 0x01CC, 0x01CC, 0x01CC, 0x01CC, 0x01CC, 0x01CC, 0x01CC,
  0x01CC, 0x01CC, 0x01CC, 0x01CC, 0x01CC, 0x01CC, 0x01CC, 0x01CC, 0x01CC, 0x01CC, 0x01CC, 0x01CC,
  0x01CC, 0x01CC, 0x01CC, 0x01CC, 0x01CC, 0x01CC, 0x01CC, 0x01CC, 0x01CC, 0x01CC, 0x01CC, 0x01CC,
  0x01CC, 0x01CC, 0x01CC, 0x01CC, 0x01CC, 0x01CC, 0x01CC, 0x01CC, 0x01CC, 0x01CC, 0x01CC, 0x01CC,
  0x01CC, 0x01CC, 0x01CC, 0x01CC, 0x01CC, 0x01CC, 0x01CC, 0x01CC, 0x01CC, 0x01CC, 0x01CC, 0x01CC,
  0x01CC, 0x01CC, 0x01CC, 0x01CC, 0x01CC, 0x01CC, 0x01CC, 0x01CC, 0x01CC, 0x01CC, 0x01CC, 0x01CC,
  0x01CC, 0x01CC, 0x01CC, 0x01CC, 0x01CC, 0x01CC, 0x01CC, 0x01CC, 0x01CC, 0x01CC, 0x01CC, 0x01CC,
  0x01CC, 0x01CC, 0x01CC, 0x01CC, 0x01CC, 0x01CC, 0x01CC, 0x01CC, 0x01CC, 0x01CC, 0x01CC, 0x01CC,
  0x01CC, 0x01CC, 0x01CC, 0x01CC, 0x01CC, 0x01CC, 0x01CC, 0x01CC, 0x01CC, 0x01CC, 0x01CC, 0x01CC,
  0x01CC, 0x01CC, 0x01CC, 0x01CC, 0x01CC, 0x01CC, 0x01CC, 0x01CC, 0x01CC, 0x01CC, 0x01CC, 0x01CC,
  0x01CC, 0x01CC, 0x01CC, 0x01CC, 0x01CC, 0x01CC, 0x01CC, 0x01CC, 0x01CC, 0x01CC, 0x01CC, 0x01CC,
  0x01CC, 0x01CC, 0x01CC, 0x01CC, 0x01CC, 0x01CC, 0x01CC, 0x01CC, 0x01CC, 0x01CC, 0x01CC, 0x01CC,
  0x01CC, 0x01CC, 0x01CC, 0x01CC, 0x01CC, 0x01CC, 0x01CC, 0x01CC, 0x01CC, 0x01CC, 0x01CC, 0x01CC,
  0x01CC, 0x01CC, 0x01CC, 0x01CC, 0x01CC, 0x01CC, 0x01CC, 0x01CC, 0x01CC, 0x01CC, 0x01CC, 0x01CC,
  0x01CC, 0x01CC, 0x01CC, 0x01CC, 0x01CC, 0x01CC, 0x01CC, 0x01CC, 0x01CC, 0x01CC, 0x01CC, 0x01CC,
  0x01CC, 0x01CC, 0x01CC, 0x01CC, 0x01CC, 0x01CC, 0x01CC, 0x01CC, 0x01CC, 0x01CC, 0x01CC, 0x01CC,
  0x01CC, 0x01CC, 0x01CC, 0x01CC, 0x01CC, 0x01CC, 0x01CC, 0x01CC, 0x01CC, 0x01CC, 0x01CC, 0x01CC,
  0x01CC, 0x01CC, 0x01CC, 0x01CC, 0x01CC, 0x01CC, 0x01CC, 0x01CC, 0x01CC, 0x01CC, 0x01CC, 0x01CC,
  0x01CC, 0x01CC, 0x01CC, 0x01CC, 0x01CC, 0x01CC, 0x01CC, 0x01CC, 0x01CC, 0x01CC, 0x01CC, 0x01CC,
  0x01CC, 0x01CC, 0x01CC, 0x01CC, 0x01CC, 0x01CC, 0x01CC, 0x01CC, 0x01CC, 0x01CC, 0x01CC, 0x01CC,
  0x01CC, 0x01CC, 0x01CC, 0x01CC, 0x01CC, 0x01CC, 0x01CC, 0x01CC, 0x01CC, 0x01CC, 0x01CC, 0x01CC,
  0x01CC, 0x01CC, 0x01CC, 0x01CC, 0x01CC, 0x01CC, 0x01CC, 0x01CC, 0x01CC, 0x01CC, 0x01CC, 0x01CC,
  0x01CC, 0x01CC, 0x01CC, 0x01CC, 0x01CC, 0x01CC, 0x01CC, 0x01CC, 0x01CC, 0x01CC, 0x01CC, 0x01CC,
  0x01CC, 0x01CC, 0x01CC, 0x01CC, 0x01CC, 0x01CC, 0x01CC, 0x01CC, 0x01CC, 0x01CC, 0x01CC, 0x01CC,
  0x01CC, 0x01CC, 0x01CC, 0x01CC, 0x01CC, 0x01CC, 0x01CC, 0x01CC, 0x01CC, 0x01CC, 0x01CC, 0x01CC,
  0x01CC, 0x01CC, 0x01CC, 0x01CC, 0x01CC, 0x01CC, 0x01CC, 0x01CC, 0x01CC, 0x01CC, 0x01CC, 0x01CC,
  0x01CC, 0x01CC, 0x01CC, 0x01CC, 0x01CC, 0x01CC, 0x01CC, 0x01CC, 0x01CC, 0x01CC, 0x01CC, 0x01CC,
  0x01CC, 0x01CC, 0x01CC, 0x01CC, 0x01CC, 0x01CC, 0x01CC, 0x01CC, 0x01CC, 0x01CC, 0x01CC, 0x01CC,
  0x01CC, 0x01CC, 0x01CC, 0x01CC, 0x01CC, 0x01CC, 0x01CC, 0x01CC, 0x01CC, 0x01CC, 0x01CC, 0x01CC,
  0x01CC, 0x01CC, 0x01CC, 0x01CC, 0x01CC, 0x01CC, 0x01CC, 0x01CC, 0x01CC, 0x01CC, 0x01CC, 0x01CC,
  0x01CC, 0x01CC, 0x01CC, 0x01CC, 0x01CC, 0x01CC, 0x01CC, 0x01CC, 0x01CC, 0x01CC, 0x01CC, 0x01CC,
  0x01CC, 0x01CC, 0x01CC, 0x01CC, 0x01CC, 0x01CC, 0x01CC, 0x01CC, 0x01CC, 0x01CC, 0x01CC, 0x01CC,
  0x01CC, 0x01CC, 0x01CC, 0x01CC, 0x01CC, 0x01CC, 0x01CC, 0x01CC, 0x01CC, 0x01CC, 0x01CC, 0x01CC,
  0x01CC, 0x01CC, 0x01CC, 0x01CC, 0x01CC, 0x01CC, 0x01CC, 0x01CC, 0x01CC, 0x01CC, 0x01CC, 0x01CC,
  0x01CC, 0x01CC, 0x01CC, 0x01CC, 0x01CC, 0x01CC, 0x01CC, 0x01CC, 0x01CC, 0x01CC, 0x01CC, 0x01CC,
  0x01CC, 0x01CC, 0x01CC, 0x01CC, 0x01CC, 0x01CC, 0x01CC, 0x01CC, 0x01CC, 0x01CC, 0x01CC, 0x01CC,
  0x01CC, 0x01CC, 0x01CC, 0x01CC, 0x01CC, 0x01CC, 0x01CC, 0x01CC, 0x01CC, 0x01CC, 0x01CC, 0x01CC,
  0x01CC, 0x01CC, 0x01CC, 0x01CC, 0x01CC, 0x01CC, 0x01CC, 0x01CC, 0x01CC, 0x01CC, 0x01CC, 0x01CC,
  0x01CC, 0x01CC, 0x01CC, 0x01CC, 0x01CC, 0x01CC, 0x01CC, 0x01CC, 0x01CC, 0x01CC, 0x01CC, 0x01CC,
  0x01CC, 0x01CC, 0x01CC, 0x01CC, 0x01CC, 0x01CC, 0x01CC, 0x01CC, 0x01CC, 0x01CC, 0x01CC, 0x01CC,
  0x01CC, 0x01CC, 0x01CC, 0x01CC, 0x01CC, 0x01CC, 0x01CC, 0x01CC, 0x01CC, 0x01CC, 0x01CC, 0x01CC,
  0x01CC, 0x01CC, 0x01CC, 0x01CC, 0x01CC, 0x01CC, 0x01CC, 0x01CC, 0x01CC, 0x01CC, 0x01CC, 0x01CC,
  0x01CC, 0x01CC, 0x01CC, 0x01CC, 0x01CC, 0x01CC, 0x01CC, 0x01CC, 0x01CC, 0x01CC, 0x01CC, 0x01CC,
  0x01CC, 0x01CC, 0x01CC, 0x01CC, 0x01CC, 0x01CC, 0x01CC, 0x01CC, 0x01CC, 0x01CC, 0x01CC, 0x01CC,
  0x01CC, 0x01CC, 0x01CC, 0x01CC, 0x01CC, 0x01CC, 0x01CC, 0x01CC, 0x01CC, 0x01CC, 0x01CC, 0x01CC,
  0x01CC, 0x01CC, 0x01CC, 0x01CC, 0x01CC, 0x01CC, 0x01CC, 0x01CC, 0x01CC, 0x01CC, 0x01CC, 0x01CC,
  0x01CC, 0x01CC, 0x01CC, 0x01CC, 0x01CC, 0x01CC, 0x01CC, 0x01CC, 0x01CC, 0x01CC, 0x01CC, 0x01CC,
  0x01CC, 0x01CC, 0x01CC, 0x01CC, 0x01CC, 0x01CC, 0x01CC, 0x01CC, 0x01CC, 0x01CC, 0x01CC, 0x01CC,
  0x01CC, 0x01CC, 0x01CC, 0x01CC, 0x01CC, 0x01CC, 0x01CC, 0x01CC, 0x01CC, 0x01CC, 0x01CC, 0x01CC,
  0x01CC, 0x01CC, 0x01CC, 0x01CC, 0x01CC, 0x01CC, 0x01CC, 0x01CC, 0x01CC, 0x01CC, 0x01CC, 0x01CC,
  0x01CC, 0x01CC, 0x01CC, 0x01CC, 0x01CC, 0x01CC, 0x01CC, 0x01CC, 0x01CC, 0x01CC, 0x01CC, 0x01CC,
  0x01CC, 0x01CC, 0x01CC, 0x01CC, 0x01CC, 0x01CC, 0x01CC, 0x01CC, 0x01CC, 0x01CC, 0x01CC, 0x01CC,
  0x01CC, 0x01CC, 0x01CC, 0x01CC, 0x01CC, 0x01CC, 0x01CC, 0x01CC, 0x01CC, 0x01CC, 0x01CC, 0x01CC,
  0x01CC, 0x01CC, 0x01CC, 0x01CC, 0x01CC, 0x01CC, 0x01CC, 0x01CC, 0x01CC, 0x01CC, 0x01CC, 0x01CC,
  0x01CC, 0x01CC, 0x01CC, 0x01CC, 0x01CC, 0x01CC, 0x01CC, 0x01CC, 0x01CC, 0x01CC, 0x01CC, 0x01CC,
  0x01CC, 0x01CC, 0x01CC, 0x01CC, 0x01CC, 0x01CC, 0x01CC, 0x01CC, 0x01CC, 0x01CC, 0x01CC, 0x01CC,
  0x01CC, 0x01CC, 0x01CC, 0x01CC, 0x01CC, 0x01CC, 0x01CC, 0x01CC, 0x01CC, 0x01CC, 0x01CC, 0x01CC,
  0x01CC, 0x01CC, 0x01CC, 0x01CC, 0x01CC, 0x01CC, 0x01CC, 0x01CC, 0x01CC, 0x01CC, 0x01CC, 0x01CC,
  0x01CC, 0x01CC, 0x01CC, 0x01CC, 0x01CC, 0x01CC, 0x01CC, 0x01CC, 0x01CC, 0x01CC, 0x01CC, 0x01CC,
  0x01CC, 0x01CC, 0x01CC, 0x01CC, 0x01CC, 0x01CC, 0x01CC, 0x01CC, 0x01CC, 0x01CC, 0x01CC, 0x01CC,
  0x01CC, 0x01CC, 0x01CC, 0x01CC, 0x01CC, 0x01CC, 0x01CC, 0x01CC, 0x01CC, 0x01CC, 0x01CC, 0x01CC,
  0x01CC, 0x01CC, 0x01CC, 0x01CC, 0x01CC, 0x01CC, 0x01CC, 0x01CC, 0x01CC, 0x01CC, 0x01CC, 0x01CC,
  0x01CC, 0x01CC, 0x01CC, 0x01CC, 0x01CC, 0x01CC, 0x01CC, 0x01CC, 0x01CC, 0x01CC, 0x01CC, 0x01CC,
  0x01CC, 0x01CC, 0x01CC, 0x01CC, 0x01CC, 0x01CC, 0x01CC, 0x01CC, 0x01CC, 0x01CC, 0x01CC, 0x01CC,
  0x01CC, 0x01CC, 0x01CC, 0x01CC, 0x01CC, 0x01CC, 0x01CC, 0x01CC, 0x01CC, 0x01CC, 0x01CC, 0x01CC,
  0x01CC, 0x01CC, 0x01CC, 0x01CC, 0x01CC, 0x01CC, 0x01CC, 0x01CC, 0x01CC, 0x01CC, 0x01CC, 0x01CC,
  0x01CC, 0x01CC, 0x01CC, 0x01CC, 0x01CC, 0x01CC, 0x01CC, 0x01CC, 0x01CC, 0x01CC, 0x01CC, 0x01CC,
  0x01CC, 0x01CC, 0x01CC, 0x01CC, 0x01CC, 0x01CC, 0x01CC, 0x01CC, 0x01CC, 0x01CC, 0x01CC, 0x01CC,
  0x01CC, 0x01CC, 0x01CC, 0x01CC, 0x01CC, 0x01CC, 0x01CC, 0x01CC, 0x01CC, 0x01CC, 0x01CC, 0x01CC,
  0x01CC, 0x01CC, 0x01CC, 0x01CC, 0x01CC, 0x01CC, 0x01CC, 0x01CC, 0x01CC, 0x01CC, 0x01CC, 0x01CC,
  0x01CC, 0x01CC, 0x01CC, 0x01CC, 0x01CC, 0x01CC, 0x01CC, 0x01CC, 0x01CC, 0x01CC, 0x01CC, 0x01CC,
  0x01CC, 0x01CC, 0x01CC, 0x01CC, 0x01CC, 0x01CC, 0x01CC, 0x01CC, 0x01CC, 0x01CC, 0x01CC, 0x01CC,
  0x01CC, 0x01CC, 0x01CC, 0x01CC, 0x01CC, 0x01CC, 0x01CC, 0x01CC, 0x01CC, 0x01CC, 0x01CC, 0x01CC,
  0x01CC, 0x01CC, 0x01CC, 0x01CC, 0x01CC, 0x01CC, 0x01CC, 0x01CC, 0x01CC, 0x01CC, 0x01CC, 0x01CC,
  0x01CC, 0x01CC, 0x01CC, 0x01CC, 0x01CC, 0x01CC, 0x01CC, 0x01CC, 0x01CC, 0x01CC, 0x01CC, 0x01CC,
  0x01CC, 0x01CC, 0x01CC, 0x01CC, 0x01CC, 0x01CC, 0x01CC, 0x01CC, 0x01CC, 0x01CC, 0x01CC, 0x01CC,
  0x01CC, 0x01CC, 0x01CC, 0x01CC, 0x01CC, 0x01CC, 0x01CC, 0x01CC, 0x01CC, 0x01CC, 0x01CC, 0x01CC,
  0x01CC, 0x01CC, 0x01CC, 0x01CC, 0x01CC, 0x01CC, 0x01CC, 0x01CC, 0x01CC, 0x01CC, 0x01CC, 0x01CC,
  0x01CC, 0x01CC, 0x01CC, 0x01CC, 0x01CC, 0x01CC, 0x01CC, 0x01CC, 0x01CC, 0x01CC, 0x01CC, 0x01CC,
  0x01CC, 0x01CC, 0x01CC, 0x01CC, 0x01CC, 0x01CC, 0x01CC, 0x01CC, 0x01CC, 0x01CC, 0x01CC, 0x01CC,
  0x01CC, 0x01CC, 0x01CC, 0x01CC, 0x01CC, 0x01CC, 0x01CC, 0x01CC, 0x01CC, 0x01CC, 0x01CC, 0x01CC,
  0x01CC, 0x01CC, 0x01CC, 0x01CC, 0x01CC, 0x01CC, 0x01CC, 0x01CC, 0x01CC, 0x01CC, 0x01CC, 0x01CC,
  0x01CC, 0x01CC, 0x01CC, 0x01CC, 0x01CC, 0x01CC, 0x01CC, 0x01CC, 0x01CC, 0x01CC, 0x01CC, 0x01CC,
  0x01CC, 0x01CC, 0x01CC, 0x01CC, 0x01CC, 0x01CC, 0x01CC, 0x01CC, 0x01CC, 0x01CC, 0x01CC, 0x01CC,
  0x01CC, 0x01CC, 0x01CC, 0x01CC, 0x01CC, 0x01CC, 0x01CC, 0x01CC, 0x01CC, 0x01CC, 0x01CC, 0x01CC,
  0x01CC, 0x01CC, 0x01CC, 0x01CC, 0x01CC, 0x01CC, 0x01CC, 0x01CC, 0x01CC, 0x01CC, 0x01CC, 0x01CC,
  0x01CC, 0x01CC, 0x01CC, 0x01CC, 0x01CC, 0x01CC, 0x01CC, 0x01CC, 0x01CC, 0x01CC, 0x01CC, 0x01CC,
  0x01CC, 0x01CC, 0x01CC, 0x01CC, 0x01CC, 0x01CC, 0x01CC, 0x01CC, 0x01CC, 0x01CC, 0x01CC, 0x01CC,
  0x01CC, 0x01CC, 0x01CC, 0x01CC, 0x01CC, 0x01CC, 0x01CC, 0x01CC, 0x01CC, 0x01CC, 0x01CC, 0x01CC,
  0x01CC, 0x01CC, 0x01CC, 0x01CC, 0x01CC, 0x01CC, 0x01CC, 0x01CC, 0x01CC, 0x01CC, 0x01CC, 0x01CC,
  0x01CC, 0x01CC, 0x01CC, 0x01CC, 0x01CC, 0x01CC, 0x01CC, 0x01CC, 0x01CC, 0x01CC, 0x01CC, 0x01CC,
  0x01CC, 0x01CC, 0x01CC, 0x01CC, 0x01CC, 0x01CC, 0x01CC, 0x01CC, 0x01CC, 0x01CC, 0x01CC, 0x01CC,
  0x01CC, 0x01CC, 0x01CC, 0x01CC, 0x01CC, 0x01CC, 0x01CC, 0x01CC, 0x01CC, 0x01CC, 0x01CC, 0x01CC,
  0x01CC, 0x01CC, 0x01CC, 0x01CC, 0x01CC, 0x01CC, 0x01CC, 0x01CC, 0x01CC, 0x01CC, 0x01CC, 0x01CC,
  0x01CC, 0x01CC, 0x01CC, 0x01CC, 0x01CC, 0x01CC, 0x01CC, 0x01CC, 0x01CC, 0x01CC, 0x01CC, 0x01CC,
  0x01CC, 0x01CC, 0x01CC, 0x01CC, 0x01CC, 0x01CC, 0x01CC, 0x01CC, 0x01CC, 0x01CC, 0x01CC, 0x01CC,
  0x01CC, 0x01CC, 0x01CC, 0x01CC, 0x01CC, 0x01CC, 0x01CC, 0x01CC, 0x01CC, 0x01CC, 0x01CC, 0x01CC,
  0x01CC, 0x01CC, 0x01CC, 0x01CC, 0x01CC, 0x01CC, 0x01CC, 0x01CC, 0x01CC, 0x01CC, 0x01CC, 0x01CC,
  0x01CC, 0x01CC, 0x01CC, 0x01CC, 0x01CC, 0x01CC, 0x01CC, 0x01CC, 0x01CC, 0x01CC, 0x01CC, 0x01CC,
  0x01CC, 0x01CC, 0x01CC, 0x01CC, 0x01CC, 0x01CC, 0x01CC, 0x01CC, 0x01CC, 0x01CC, 0x01CC, 0x01CC,
  0x01CC, 0x01CC, 0x01CC, 0x01CC, 0x01CC, 0x01CC, 0x01CC, 0x01CC, 0x01CC, 0x01CC, 0x01CC, 0x01CC,
  0x01CC, 0x01CC, 0x01CC, 0x01CC, 0x01CC, 0x01CC, 0x01CC, 0x01CC, 0x01CC, 0x01CC, 0x01CC, 0x01CC,
  0x01CC, 0x01CC, 0x01CC, 0x01CC, 0x01CC, 0x01CC, 0x01CC, 0x01CC, 0x01CC, 0x01CC, 0x01CC, 0x01CC,
  0x01CC, 0x01CC, 0x01CC, 0x01CC, 0x01CC, 0x01CC, 0x01CC, 0x01CC, 0x01CC, 0x01CC, 0x01CC, 0x01CC,
  0x01CC, 0x01CC, 0x01CC, 0x01CC, 0x01CC, 0x01CC, 0x01CC, 0x01CC, 0x01CC, 0x01CC, 0x01CC, 0x01CC,
  0x01CC, 0x01CC, 0x01CC, 0x01CC, 0x01CC, 0x01CC, 0x01CC, 0x01CC, 0x01CC, 0x01CC, 0x01CC, 0x01CC,
  0x01CC, 0x01CC, 0x01CC, 0x01CC, 0x01CC, 0x01CC, 0x01CC, 0x01CC, 0x01CC, 0x01CC, 0x01CC, 0x01CC,
  0x01CC, 0x01CC, 0x01CC, 0x01CC, 0x01CC, 0x01CC, 0x01CC, 0x01CC, 0x01CC, 0x01CC, 0x01CC, 0x01CC,
  0x01CC, 0x01CC, 0x01CC, 0x01CC, 0x01CC, 0x01CC, 0x01CC, 0x01CC, 0x01CC, 0x01CC, 0x01CC, 0x01CC,
  0x01CC, 0x01CC, 0x01CC, 0x01CC, 0x01CC, 0x01CC, 0x01CC, 0x01CC, 0x01CC, 0x01CC, 0x01CC, 0x01CC,
  0x01CC, 0x01CC, 0x01CC, 0x01CC, 0x01CC, 0x01CC, 0x01CC, 0x01CC, 0x01CC, 0x01CC, 0x01CC, 0x01CC,
  0x01CC, 0x01CC, 0x01CC, 0x01CC, 0x01CC, 0x01CC, 0x01CC, 0x01CC, 0x01CC, 0x01CC, 0x01CC, 0x01CC,
  0x01CC, 0x01CC, 0x01CC, 0x01CC, 0x01CC, 0x01CC, 0x01CC, 0x01CC, 0x01CC, 0x01CC, 0x01CC, 0x01CC,
  0x01CC, 0x01CC, 0x01CC, 0x01CC, 0x01CC, 0x01CC, 0x01CC, 0x01CC, 0x01CC, 0x01CC, 0x01CC, 0x01CC,
  0x01CC, 0x01CC, 0x01CC, 0x01CC, 0x01CC, 0x01CC, 0x01CC, 0x01CC, 0x01CC, 0x01CC, 0x01CC, 0x01CC,
  0x01CC, 0x01CC, 0x01CC, 0x01CC, 0x01CC, 0x01CC, 0x01CC, 0x01CC, 0x01CC, 0x01CC, 0x01CC, 0x01CC,
  0x01CC, 0x01CC, 0x01CC, 0x01CC, 0x01CC, 0x01CC, 0x01CC, 0x01CC, 0x01CC, 0x01CC, 0x01CC, 0x01CC,
  0x01CC, 0x01CC, 0x01CC, 0x01CC, 0x01CC, 0x01CC, 0x01CC, 0x01CC, 0x01CC, 0x01CC, 0x01CC, 0x01CC,
  0x01CC, 0x01CC, 0x01CC, 0x01CC, 0x01CC, 0x01CC, 0x01CC, 0x01CC, 0x01CC, 0x01CC, 0x01CC, 0x01CC,
  0x01CC, 0x01CC, 0x01CC, 0x01CC, 0x01CC, 0x01CC, 0x01CC, 0x01CC, 0x01CC, 0x01CC, 0x01CC, 0x01CC,
  0x01CC, 0x01CC, 0x01CC, 0x01CC, 0x01CC, 0x01CC, 0x01CC, 0x01CC, 0x01CC, 0x01CC, 0x01CC, 0x01CC,
  0x01CC, 0x01CC, 0x01CC, 0x01CC, 0x01CC, 0x01CC, 0x01CC, 0x01CC, 0x01CC, 0x01CC, 0x01CC, 0x01CC,
  0x01CC, 0x01CC, 0x01CC, 0x01CC, 0x01CC, 0x01CC, 0x01CC, 0x01CC, 0x01CC, 0x01CC, 0x01CC, 0x01CC,
  0x01CC, 0x01CC, 0x01CC, 0x01CC, 0x01CC, 0x01CC, 0x01CC, 0x01CC, 0x01CC, 0x01CC, 0x01CC, 0x01CC,
  0x01CC, 0x01CC, 0x01CC, 0x01CC, 0x01CC, 0x01CC, 0x01CC, 0x01CC, 0x01CC, 0x01CC, 0x01CC, 0x01CC,
  0x01CC, 0x01CC, 0x01CC, 0x01CC, 0x01CC, 0x01CC, 0x01CC, 0x01CC, 0x01CC, 0x01CC, 0x01CC, 0x01CC,
  0x01CC, 0x01CC, 0x01CC, 0x01CC, 0x01CC, 0x01CC, 0x01CC, 0x01CC, 0x01CC, 0x01CC, 0x01CC, 0x01CC,
  0x01CC, 0x01CC, 0x01CC, 0x01CC, 0x01CC, 0x01CC, 0x01CC, 0x01CC, 0x01CC, 0x01CC, 0x01CC, 0x01CC,
  0x01CC, 0x01CC, 0x01CC, 0x01CC, 0x01CC, 0x01CC, 0x01CC, 0x01CC, 0x01CC, 0x01CC, 0x01CC, 0x01CC,
  0x01CC, 0x01CC, 0x01CC, 0x01CC, 0x01CC, 0x01CC, 0x01CC, 0x01CC, 0x01CC, 0x01CC, 0x01CC, 0x01CC,
  0x01CC, 0x01CC, 0x01CC, 0x01CC, 0x01CC, 0x01CC, 0x01CC, 0x01CC, 0x01CC, 0x01CC, 0x01CC, 0x01CC,
  0x01CC, 0x01CC, 0x01CC, 0x01CC, 0x01CC, 0x01CC, 0x01CC, 0x01CC, 0x01CC, 0x01CC, 0x01CC, 0x01CC,
  0x01CC, 0x01CC, 0x01CC, 0x01CC, 0x01CC, 0x01CC, 0x01CC, 0x01CC, 0x01CC, 0x01CC, 0x01CC, 0x01CC,
  0x01CC, 0x01CC, 0x01CC, 0x01CC, 0x01CC, 0x01CC, 0x01CC, 0x01CC, 0x01CC, 0x01CC, 0x01CC, 0x01CC,
  0x01CC, 0x01CC, 0x01CC, 0x01CC, 0x01CC, 0x01CC, 0x01CC, 0x01CC, 0x01CC, 0x01CC, 0x01CC, 0x01CC,
  0x01CC, 0x01CC, 0x01CC, 0x01CC, 0x01CC, 0x01CC, 0x01CC, 0x01CC, 0x01CC, 0x01CC, 0x01CC, 0x01CC,
  0x01CC, 0x01CC, 0x01CC, 0x01CC, 0x01CC, 0x01CC, 0x01CC, 0x01CC, 0x01CC, 0x01CC, 0x01CC, 0x01CC,
  0x01CC, 0x01CC, 0x01CC, 0x01CC, 0x01CC, 0x01CC, 0x01CC, 0x01CC, 0x01CC, 0x01CC, 0x01CC, 0x01CC,
  0x01CC, 0x01CC, 0x01CC, 0x01CC, 0x01CC, 0x01CC, 0x01CC, 0x01CC, 0x01CC, 0x01CC, 0x01CC, 0x01CC,
  0x01CC, 0x01CC, 0x01CC, 0x01CC, 0x01CC, 0x01CC, 0x01CC, 0x01CC, 0x01CC, 0x01CC, 0x01CC, 0x01CC,
  0x01CC, 0x01CC, 0x01CC, 0x01CC, 0x01CC, 0x01CC, 0x01CC, 0x01CC, 0x01CC, 0x01CC, 0x01CC, 0x01CC,
  0x01CC, 0x01CC, 0x01CC, 0x01CC, 0x01CC, 0x01CC, 0x01CC, 0x01CC, 0x01CC, 0x01CC, 0x01CC, 0x01CC,
  0x01CC, 0x01CC, 0x01CC, 0x01CC, 0x01CC, 0x01CC, 0x01CC, 0x01CC, 0x01CC, 0x01CC, 0x01CC, 0x01CC,
  0x01CC, 0x01CC, 0x01CC, 0x01CC, 0x01CC, 0x01CC, 0x01CC, 0x01CC, 0x01CC, 0x01CC, 0x01CC, 0x01CC,
  0x01CC, 0x01CC, 0x01CC, 0x01CC, 0x01CC, 0x01CC, 0x01CC, 0x01CC, 0x01CC, 0x01CC, 0x01CC, 0x01CC,
  0x01CC, 0x01CC, 0x01CC, 0x01CC, 0x01CC, 0x01CC, 0x01CC, 0x01CC, 0x01CC, 0x01CC, 0x01CC, 0x01CC,
  0x01CC, 0x01CC, 0x01CC, 0x01CC, 0x01CC, 0x01CC, 0x01CC, 0x01CC, 0x01CC, 0x01CC, 0x01CC, 0x01CC,
  0x01CC, 0x01CC, 0x01CC, 0x01CC, 0x01CC, 0x01CC, 0x01CC, 0x01CC, 0x01CC, 0x01CC, 0x01CC, 0x01CC,
  0x01CC, 0x01CC, 0x01CC, 0x01CC, 0x01CC, 0x01CC, 0x01CC, 0x01CC, 0x01CC, 0x01CC, 0x01CC, 0x01CC,
  0x01CC, 0x01CC, 0x01CC, 0x01CC, 0x01CC, 0x01CC, 0x01CC, 0x01CC, 0x01CC, 0x01CC, 0x01CC, 0x01CC,
  0x01CC, 0x01CC, 0x01CC, 0x01CC, 0x01CC, 0x01CC, 0x01CC, 0x01CC, 0x01CC, 0x01CC, 0x01CC, 0x01CC,
  0x01CC, 0x01CC, 0x01CC, 0x01CC, 0x01CC, 0x01CC, 0x01CC, 0x01CC, 0x01CC, 0x01CC, 0x01CC, 0x01CC,
  0x01CC, 0x01CC, 0x01CC, 0x01CC, 0x01CC, 0x01CC, 0x01CC, 0x01CC, 0x01CC, 0x01CC, 0x01CC, 0x01CC,
  0x01CC, 0x01CC, 0x01CC, 0x01CC, 0x01CC, 0x01CC, 0x01CC, 0x01CC, 0x01CC, 0x01CC, 0x01CC, 0x01CC,
  0x01CC, 0x01CC, 0x01CC, 0x01CC, 0x01CC, 0x01CC, 0x01CC, 0x01CC, 0x01CC, 0x01CC, 0x01CC, 0x01CC,
  0x01CC, 0x01CC, 0x01CC, 0x01CC, 0x01CC, 0x01CC, 0x01CC, 0x01CC, 0x01CC, 0x01CC, 0x01CC, 0x01CC,
  0x01CC, 0x01CC, 0x01CC, 0x01CC, 0x01CC, 0x01CC, 0x01CC, 0x01CC, 0x01CC, 0x01CC, 0x01CC, 0x01CC,
  0x01CC, 0x01CC, 0x01CC, 0x01CC, 0x01CC, 0x01CC, 0x01CC, 0x01CC, 0x01CC, 0x01CC, 0x01CC, 0x01CC,
  0x01CC, 0x01CC, 0x01CC, 0x01CC, 0x01CC, 0x01CC, 0x01CC, 0x01CC, 0x01CC, 0x01CC, 0x01CC, 0x01CC,
  0x01CC, 0x01CC, 0x01CC, 0x01CC, 0x01CC, 0x01CC, 0x01CC, 0x01CC, 0x01CC, 0x01CC, 0x01CC, 0x01CC,
  0x01CC, 0x01CC, 0x01CC, 0x01CC, 0x01CC, 0x01CC, 0x01CC, 0x01CC, 0x01CC, 0x01CC, 0x01CC, 0x01CC,
  0x01CC, 0x01CC, 0x01CC, 0x01CC, 0x01CC, 0x01CC, 0x01CC, 0x01CC, 0x01CC, 0x01CC, 0x01CC, 0x01CC,
  0x01CC, 0x01CC, 0x01CC, 0x01CC, 0x01CC, 0x01CC, 0x01CC, 0x01CC, 0x01CC, 0x01CC, 0x01CC, 0x01CC,
  0x01CC, 0x01CC, 0x01CC, 0x01CC, 0x01CC, 0x01CC, 0x01CC, 0x01CC, 0x01CC, 0x01CC, 0x01CC, 0x01CC,
  0x01CC, 0x01CC, 0x01CC, 0x01CC, 0x01CC, 0x01CC, 0x01CC, 0x01CC, 0x01CC, 0x01CC, 0x01CC, 0x01CC,
  0x01CC, 0x01CC, 0x01CC, 0x01CC, 0x01CC, 0x01CC, 0x01CC, 0x01CC, 0x01CC, 0x01CC, 0x01CC, 0x01CC,
  0x01CC, 0x01CC, 0x01CC, 0x01CC, 0x01CC, 0x01CC, 0x01CC, 0x01CC, 0x01CC, 0x01CC, 0x01CC, 0x01CC,
  0x01CC, 0x01CC, 0x01CC, 0x01CC, 0x01CC, 0x01CC, 0x01CC, 0x01CC, 0x01CC, 0x01CC, 0x01CC, 0x01CC,
  0x01CC, 0x01CC, 0x01CC, 0x01CC, 0x01CC, 0x01CC, 0x01CC, 0x01CC, 0x01CC, 0x01CC, 0x01CC, 0x01CC,
  0x01CC, 0x01CC, 0x01CC, 0x01CC, 0x01CC, 0x01CC, 0x01CC, 0x01CC, 0x01CC, 0x01CC, 0x01CC, 0x01CC,
  0x01CC, 0x01CC, 0x01CC, 0x01CC, 0x01CC, 0x01CC, 0x01CC, 0x01CC, 0x01CC, 0x01CC, 0x01CC, 0x01CC,
  0x01CC, 0x01CC, 0x01CC, 0x01CC, 0x01CC, 0x01CC, 0x01CC, 0x01CC, 0x01CC, 0x01CC, 0x01CC, 0x01CC,
  0x01CC, 0x01CC, 0x01CC, 0x01CC, 0x01CC, 0x01CC, 0x01CC, 0x01CC, 0x01CC, 0x01CC, 0x01CC, 0x01CC,
  0x01CC, 0x01CC, 0x01CC, 0x01CC, 0x01CC, 0x01CC, 0x01CC, 0x01CC, 0x01CC, 0x01CC, 0x01CC, 0x01CC,
  0x01CC, 0x01CC, 0x01CC, 0x01CC, 0x01CC, 0x01CC, 0x01CC, 0x01CC, 0x01CC, 0x01CC, 0x01CC, 0x01CC,
  0x01CC, 0x01CC, 0x01CC, 0x01CC, 0x01CC, 0x01CC, 0x01CC, 0x01CC, 0x01CC, 0x01CC, 0x01CC, 0x01CC,
  0x01CC, 0x01CC, 0x01CC, 0x01CC, 0x01CC, 0x01CC, 0x01CC, 0x01CC, 0x01CC, 0x01CC, 0x01CC, 0x01CC,
  0x01CC, 0x01CC, 0x01CC, 0x01CC, 0x01CC, 0x01CC, 0x01CC, 0x01CC, 0x01CC, 0x01CC, 0x01CC, 0x01CC,
  0x01CC, 0x01CC, 0x01CC, 0x01CC, 0x01CC, 0x01CC, 0x01CC, 0x01CC, 0x01CC, 0x01CC, 0x01CC, 0x01CC,
  0x01CC, 0x01CC, 0x01CC, 0x01CC, 0x01CC, 0x01CC, 0x01CC, 0x01CC, 0x01CC, 0x01CC, 0x01CC, 0x01CC,
  0x01CC, 0x01CC, 0x01CC, 0x01CC, 0x01CC, 0x01CC, 0x01CC, 0x01CC, 0x01CC, 0x01CC, 0x01CC, 0x01CC,
  0x01CC, 0x01CC, 0x01CC, 0x01CC, 0x01CC, 0x01CC, 0x01CC, 0x01CC, 0x01CC, 0x01CC, 0x01CC, 0x01CC,
  0x01CC, 0x01CC, 0x01CC, 0x01CC, 0x01CC, 0x01CC, 0x01CC, 0x01CC, 0x01CC, 0x01CC, 0x01CC, 0x01CC,
  0x01CC, 0x01CC, 0x01CC, 0x01CC, 0x01CC, 0x01CC, 0x01CC, 0x01CC, 0x01CC, 0x01CC, 0x01CC, 0x01CC,
  0x01CC, 0x01CC, 0x01CC, 0x01CC, 0x01CC, 0x01CC, 0x01CC, 0x01CC, 0x01CC, 0x01CC, 0x01CC, 0x01CC,
  0x01CC, 0x01CC, 0x01CC, 0x01CC, 0x01CC, 0x01CC, 0x01CC, 0x01CC, 0x01CC, 0x01CC, 0x01CC, 0x01CC,
  0x01CC, 0x01CC, 0x01CC, 0x01CC, 0x01CC, 0x01CC, 0x01CC, 0x01CC, 0x01CC, 0x01CC, 0x01CC, 0x01CC,
  0x01CC, 0x01CC, 0x01CC, 0x01CC, 0x01CC, 0x01CC, 0x01CC, 0x01CC, 0x01CC, 0x01CC, 0x01CC, 0x01CC,
  0x01CC, 0x01CC, 0x01CC, 0x01CC, 0x01CC, 0x01CC, 0x01CC, 0x01CC, 0x01CC, 0x01CC, 0x01CC, 0x01CC,
  0x01CC, 0x01CC, 0x01CC, 0x01CC, 0x01CC, 0x01CC, 0x01CC, 0x01CC, 0x01CC, 0x01CC, 0x01CC, 0x01CC,
  0x01CC, 0x01CC, 0x01CC, 0x01CC, 0x01CC, 0x01CC, 0x01CC, 0x01CC, 0x01CC, 0x01CC, 0x01CC, 0x01CC,
  0x01CC, 0x01CC, 0x01CC, 0x01CC, 0x01CC, 0x01CC, 0x01CC, 0x01CC, 0x01CC, 0x01CC, 0x01CC, 0x01CC,
  0x01CC, 0x01CC, 0x01CC, 0x01CC, 0x01CC, 0x01CC, 0x01CC, 0x01CC, 0x01CC, 0x01CC, 0x01CC, 0x01CC,
  0x01CC, 0x01CC, 0x01CC, 0x01CC, 0x01CC, 0x01CC, 0x01CC, 0x01CC, 0x01CC, 0x01CC, 0x01CC, 0x01CC,
  0x01CC, 0x01CC, 0x01CC, 0x01CC, 0x01CC, 0x01CC, 0x01CC, 0x01CC, 0x01CC, 0x01CC, 0x01CC, 0x01CC,
  0x01CC, 0x01CC, 0x01CC, 0x01CC, 0x01CC, 0x01CC, 0x01CC, 0x01CC, 0x01CC, 0x01CC, 0x01CC, 0x01CC,
  0x01CC, 0x01CC, 0x01CC, 0x01CC, 0x01CC, 0x01CC, 0x01CC, 0x01CC, 0x01CC, 0x01CC, 0x01CC, 0x01CC,
  0x01CC, 0x01CC, 0x01CC, 0x01CC, 0x01CC, 0x01CC, 0x01CC, 0x01CC, 0x01CC, 0x01CC, 0x01CC, 0x01CC,
  0x01CC, 0x01CC, 0x01CC, 0x01CC, 0x01CC, 0x01CC, 0x01CC, 0x01CC, 0x01CC, 0x01CC, 0x01CC, 0x01CC,
  0x01CC, 0x01CC, 0x01CC, 0x01CC, 0x01CC, 0x01CC, 0x01CC, 0x01CC, 0x01CC, 0x01CC, 0x01CC, 0x01CC,
  0x01CC, 0x01CC, 0x01CC, 0x01CC, 0x01CC, 0x01CC, 0x01CC, 0x01CC, 0x01CC, 0x01CC, 0x01CC, 0x01CC,
  0x01CC, 0x01CC, 0x01CC, 0x01CC, 0x01CC, 0x01CC, 0x01CC, 0x01CC, 0x01CC, 0x01CC, 0x01CC, 0x01CC,
  0x01CC, 0x01CC, 0x01CC, 0x01CC, 0x01CC, 0x01CC, 0x01CC, 0x01CC, 0x01CC, 0x01CC, 0x01CC, 0x01CC,
  0x01CC, 0x01CC, 0x01CC, 0x01CC, 0x01CC, 0x01CC, 0x01CC, 0x01CC, 0x01CC, 0x01CC, 0x01CC, 0x01CC,
  0x01CC, 0x01CC, 0x01CC, 0x01CC, 0x01CC, 0x01CC, 0x01CC, 0x01CC, 0x01CC, 0x01CC, 0x01CC, 0x01CC,
  0x01CC, 0x01CC, 0x01CC, 0x01CC, 0x01CC, 0x01CC, 0x01CC, 0x01CC, 0x01CC, 0x01CC, 0x01CC, 0x01CC,
  0x01CC, 0x01CC, 0x01CC, 0x01CC, 0x01CC, 0x01CC, 0x01CC, 0x01CC, 0x01CC, 0x01CC, 0x01CC, 0x01CC,
  0x01CC, 0x01CC, 0x01CC, 0x01CC, 0x01CC, 0x01CC, 0x01CC, 0x01CC, 0x01CC, 0x01CC, 0x01CC, 0x01CC,
  0x01CC, 0x01CC, 0x01CC, 0x01CC, 0x01CC, 0x01CC, 0x01CC, 0x01CC, 0x01CC, 0x01CC, 0x01CC, 0x01CC,
  0x01CC, 0x01CC, 0x01CC, 0x01CC, 0x01CC, 0x01CC, 0x01CC, 0x01CC, 0x01CC, 0x01CC, 0x01CC, 0x01CC,
  0x01CC, 0x01CC, 0x01CC, 0x01CC, 0x01CC, 0x01CC, 0x01CC, 0x01CC, 0x01CC, 0x01CC, 0x01CC, 0x01CC,
  0x01CC, 0x01CC, 0x01CC, 0x01CC, 0x01CC, 0x01CC, 0x01CC, 0x01CC, 0x01CC, 0x01CC, 0x01CC, 0x01CC,
  0x01CC, 0x01CC, 0x01CC, 0x01CC, 0x01CC, 0x01CC, 0x01CC, 0x01CC, 0x01CC, 0x01CC, 0x01CC, 0x01CC,
  0x01CC, 0x01CC, 0x01CC, 0x01CC, 0x01CC, 0x01CC, 0x01CC, 0x01CC, 0x01CC, 0x01CC, 0x01CC, 0x01CC,
  0x01CC, 0x01CC, 0x01CC, 0x01CC, 0x01CC, 0x01CC, 0x01CC, 0x01CC, 0x01CC, 0x01CC, 0x01CC, 0x01CC,
  0x01CC, 0x01CC, 0x01CC, 0x01CC, 0x01CC, 0x01CC, 0x01CC, 0x01CC, 0x01CC, 0x01CC, 0x01CC, 0x01CC,
  0x01CC, 0x01CC, 0x01CC, 0x01CC, 0x01CC, 0x01CC, 0x01CC, 0x01CC, 0x01CC, 0x01CC, 0x01CC, 0x01CC,
  0x01CC, 0x01CC, 0x01CC, 0x01CC, 0x01CC, 0x01CC, 0x01CC, 0x01CC, 0x01CC, 0x01CC, 0x01CC, 0x01CC,
  0x01CC, 0x01CC, 0x01CC, 0x01CC, 0x01CC, 0x01CC, 0x01CC, 0x01CC, 0x01CC, 0x01CC, 0x01CC, 0x01CC,
  0x01CC, 0x01CC, 0x01CC, 0x01CC, 0x01CC, 0x01CC, 0x01CC, 0x01CC, 0x01CC, 0x01CC, 0x01CC, 0x01CC,
  0x01CC, 0x01CC, 0x01CC, 0x01CC, 0x01CC, 0x01CC, 0x01CC, 0x01CC, 0x01CC, 0x01CC, 0x01CC, 0x01CC,
  0x01CC, 0x01CC, 0x01CC, 0x01CC, 0x01CC, 0x01CC, 0x01CC, 0x01CC, 0x01CC, 0x01CC, 0x01CC, 0x01CC,
  0x01CC, 0x01CC, 0x01CC, 0x01CC, 0x01CC, 0x01CC, 0x01CC, 0x01CC, 0x01CC, 0x01CC, 0x01CC, 0x01CC,
  0x01CC, 0x01CC, 0x01CC, 0x01CC, 0x01CC, 0x01CC, 0x01CC, 0x01CC, 0x01CC, 0x01CC, 0x01CC, 0x01CC,
  0x01CC, 0x01CC, 0x01CC, 0x01CC, 0x01CC, 0x01CC, 0x01CC, 0x01CC, 0x01CC, 0x01CC, 0x01CC, 0x01CC,
  0x01CC, 0x01CC, 0x01CC, 0x01CC, 0x01CC, 0x01CC, 0x01CC, 0x01CC, 0x01CC, 0x01CC, 0x01CC, 0x01CC,
  0x01CC, 0x01CC, 0x01CC, 0x01CC, 0x01CC, 0x01CC, 0x01CC, 0x01CC, 0x01CC, 0x01CC, 0x01CC, 0x01CC,
  0x01CC, 0x01CC, 0x01CC, 0x01CC, 0x01CC, 0x01CC, 0x01CC, 0x01CC, 0x01CC, 0x01CC, 0x01CC, 0x01CC,
  0x01CC, 0x01CC, 0x01CC, 0x01CC, 0x01CC, 0x01CC, 0x01CC, 0x01CC, 0x01CC, 0x01CC, 0x01CC, 0x01CC,
  0x01CC, 0x01CC, 0x01CC, 0x01CC, 0x01CC, 0x01CC, 0x01CC, 0x01CC, 0x01CC, 0x01CC, 0x01CC, 0x01CC,
  0x01CC, 0x01CC, 0x01CC, 0x01CC, 0x01CC, 0x01CC, 0x01CC, 0x01CC, 0x01CC, 0x01CC, 0x01CC, 0x01CC,
  0x01CC, 0x01CC, 0x01CC, 0x01CC, 0x01CC, 0x01CC, 0x01CC, 0x01CC, 0x01CC, 0x01CC, 0x01CC, 0x01CC,
  0x01CC, 0x01CC, 0x01CC, 0x01CC, 0x01CC, 0x01CC, 0x01CC, 0x01CC, 0x01CC, 0x01CC, 0x01CC, 0x01CC,
  0x01CC, 0x01CC, 0x01CC, 0x01CC, 0x01CC, 0x01CC, 0x01CC, 0x01CC, 0x01CC, 0x01CC, 0x01CC, 0x01CC,
  0x01CC, 0x01CC, 0x01CC, 0x01CC, 0x01CC, 0x01CC, 0x01CC, 0x01CC, 0x01CC, 0x01CC, 0x01CC, 0x01CC,
  0x01CC, 0x01CC, 0x01CC, 0x01CC, 0x01CC, 0x01CC, 0x01CC, 0x01CC, 0x01CC, 0x01CC, 0x01CC, 0x01CC,
  0x01CC, 0x01CC, 0x01CC, 0x01CC, 0x01CC, 0x01CC, 0x01CC, 0x01CC, 0x01CC, 0x01CC, 0x01CC, 0x01CC,
  0x01CC, 0x01CC, 0x01CC, 0x01CC, 0x01CC, 0x01CC, 0x01CC, 0x01CC, 0x01CC, 0x01CC, 0x01CC, 0x01CC,
  0x01CC, 0x01CC, 0x01CC, 0x01CC, 0x01CC, 0x01CC, 0x01CC, 0x01CC, 0x01CC, 0x01CC, 0x01CC, 0x01CC,
  0x01CC, 0x01CC, 0x01CC, 0x01CC, 0x01CC, 0x01CC, 0x01CC, 0x01CC, 0x01CC, 0x01CC, 0x01CC, 0x01CC,
  0x01CC, 0x01CC, 0x01CC, 0x01CC, 0x01CC, 0x01CC, 0x01CC, 0x01CC, 0x01CC, 0x01CC, 0x01CC, 0x01CC,
  0x01CC, 0x01CC, 0x01CC, 0x01CC, 0x01CC, 0x01CC, 0x01CC, 0x01CC, 0x01CC, 0x01CC, 0x01CC, 0x01CC,
  0x01CC, 0x01CC, 0x01CC, 0x01CC, 0x01CC, 0x01CC, 0x01CC, 0x01CC, 0x01CC, 0x01CC, 0x01CC, 0x01CC,
  0x01CC, 0x01CC, 0x01CC, 0x01CC, 0x01CC, 0x01CC, 0x01CC, 0x01CC, 0x01CC, 0x01CC, 0x01CC, 0x01CC,
  0x01CC, 0x01CC, 0x01CC, 0x01CC, 0x01CC, 0x01CC, 0x01CC, 0x01CC, 0x01CC, 0x01CC, 0x01CC, 0x01CC,
  0x01CC, 0x01CC, 0x01CC, 0x01CC, 0x01CC, 0x01CC, 0x01CC, 0x01CC, 0x01CC, 0x01CC, 0x01CC, 0x01CC,
  0x01CC, 0x01CC, 0x01CC, 0x01CC, 0x01CC, 0x01CC, 0x01CC, 0x01CC, 0x01CC, 0x01CC, 0x01CC, 0x01CC,
  0x01CC, 0x01CC, 0x01CC, 0x01CC, 0x01CC, 0x01CC, 0x01CC, 0x01CC, 0x01CC, 0x01CC, 0x01CC, 0x01CC,
  0x01CC, 0x01CC, 0x01CC, 0x01CC, 0x01CC, 0x01CC, 0x01CC, 0x01CC, 0x01CC, 0x01CC, 0x01CC, 0x01CC,
  0x01CC, 0x01CC, 0x01CC, 0x01CC, 0x01CC, 0x01CC, 0x01CC, 0x01CC, 0x01CC, 0x01CC, 0x01CC, 0x01CC,
  0x01CC, 0x01CC, 0x01CC, 0x01CC, 0x01CC, 0x01CC, 0x01CC, 0x01CC, 0x01CC, 0x01CC, 0x01CC, 0x01CC,
  0x01CC, 0x01CC, 0x01CC, 0x01CC, 0x01CC, 0x01CC, 0x01CC, 0x01CC, 0x01CC, 0x01CC, 0x01CC, 0x01CC,
  0x01CC, 0x01CC, 0x01CC, 0x01CC, 0x01CC, 0x01CC, 0x01CC, 0x01CC, 0x01CC, 0x01CC, 0x01CC, 0x01CC,
  0x01CC, 0x01CC, 0x01CC, 0x01CC, 0x01CC, 0x01CC, 0x01CC, 0x01CC, 0x01CC, 0x01CC, 0x01CC, 0x01CC,
  0x01CC, 0x01CC, 0x01CC, 0x01CC, 0x01CC, 0x01CC, 0x01CC, 0x01CC, 0x01CC, 0x01CC, 0x01CC, 0x01CC,
  0x01CC, 0x01CC, 0x01CC, 0x01CC, 0x01CC, 0x01CC, 0x01CC, 0x01CC, 0x01CC, 0x01CC, 0x01CC, 0x01CC,
  0x01CC, 0x01CC, 0x01CC, 0x01CC, 0x01CC, 0x01CC, 0x01CC, 0x01CC, 0x01CC, 0x01CC, 0x01CC, 0x01CC,
  0x01CC, 0x01CC, 0x01CC, 0x01CC, 0x01CC, 0x01CC, 0x01CC, 0x01CC, 0x01CC, 0x01CC, 0x01CC, 0x01CC,
  0x01CC, 0x01CC, 0x01CC, 0x01CC, 0x01CC, 0x01CC, 0x01CC, 0x01CC, 0x01CC, 0x01CC, 0x01CC, 0x01CC,
  0x01CC, 0x01CC, 0x01CC, 0x01CC, 0x01CC, 0x01CC, 0x01CC, 0x01CC, 0x01CC, 0x01CC, 0x01CC, 0x01CC,
  0x01CC, 0x01CC, 0x01CC, 0x01CC, 0x01CC, 0x01CC, 0x01CC, 0x01CC, 0x01CC, 0x01CC, 0x01CC, 0x01CC,
  0x01CC, 0x01CC, 0x01CC, 0x01CC, 0x01CC, 0x01CC, 0x01CC, 0x01CC, 0x01CC, 0x01CC, 0x01CC, 0x01CC,
  0x01CC, 0x01CC, 0x01CC, 0x01CC, 0x01CC, 0x01CC, 0x01CC, 0x01CC, 0x01CC, 0x01CC, 0x01CC, 0x01CC,
  0x01CC, 0x01CC, 0x01CC, 0x01CC, 0x01CC, 0x01CC, 0x01CC, 0x01CC, 0x01CC, 0x01CC, 0x01CC, 0x01CC,
  0x01CC, 0x01CC, 0x01CC, 0x01CC, 0x01CC, 0x01CC, 0x01CC, 0x01CC, 0x01CC, 0x01CC, 0x01CC, 0x01CC,
  0x01CC, 0x01CC, 0x01CC, 0x01CC, 0x01CC, 0x01CC, 0x01CC, 0x01CC, 0x01CC, 0x01CC, 0x01CC, 0x01CC,
  0x01CC, 0x01CC, 0x01CC, 0x01CC, 0x01CC, 0x01CC, 0x01CC, 0x01CC, 0x01CC, 0x01CC, 0x01CC, 0x01CC,
  0x01CC, 0x01CC, 0x01CC, 0x01CC, 0x01CC, 0x01CC, 0x01CC, 0x01CC, 0x01CC, 0x01CC, 0x01CC, 0x01CC,
  0x01CC, 0x01CC, 0x01CC, 0x01CC, 0x01CC, 0x01CC, 0x01CC, 0x01CC, 0x01CC, 0x01CC, 0x01CC, 0x01CC,
  0x01CC, 0x01CC, 0x01CC, 0x01CC, 0x01CC, 0x01CC, 0x01CC, 0x01CC, 0x01CC, 0x01CC, 0x01CC, 0x01CC,
  0x01CC, 0x01CC, 0x01CC, 0x01CC, 0x01CC, 0x01CC, 0x01CC, 0x01CC, 0x01CC, 0x01CC, 0x01CC, 0x01CC,
  0x01CC, 0x01CC, 0x01CC, 0x01CC, 0x01CC, 0x01CC, 0x01CC, 0x01CC, 0x01CC, 0x01CC, 0x01CC, 0x01CC,
  0x01CC, 0x01CC, 0x01CC, 0x01CC, 0x01CC, 0x01CC, 0x01CC, 0x01CC, 0x01CC, 0x01CC, 0x01CC, 0x01CC,
  0x01CC, 0x01CC, 0x01CC, 0x01CC, 0x01CC, 0x01CC, 0x01CC, 0x01CC, 0x01CC, 0x01CC, 0x01CC, 0x01CC,
  0x01CC, 0x01CC, 0x01CC, 0x01CC, 0x01CC, 0x01CC, 0x01CC, 0x01CC, 0x01CC, 0x01CC, 0x01CC, 0x01CC,
  0x01CC, 0x01CC, 0x01CC, 0x01CC, 0x01CC, 0x01CC, 0x01CC, 0x01CC, 0x01CC, 0x01CC, 0x01CC, 0x01CC,
  0x01CC, 0x01CC, 0x01CC, 0x01CC, 0x01CC, 0x01CC, 0x01CC, 0x01CC, 0x01CC, 0x01CC, 0x01CC, 0x01CC,
  0x01CC, 0x01CC, 0x01CC, 0x01CC, 0x01CC, 0x01CC, 0x01CC, 0x01CC, 0x01CC, 0x01CC, 0x01CC, 0x01CC,
  0x01CC, 0x01CC, 0x01CC, 0x01CC, 0x01CC, 0x01CC, 0x01CC, 0x01CC, 0x01CC, 0x01CC, 0x01CC, 0x01CC,
  0x01CC, 0x01CC, 0x01CC, 0x01CC, 0x01CC, 0x01CC, 0x01CC, 0x01CC, 0x01CC, 0x01CC, 0x01CC, 0x01CC,
  0x01CC, 0x01CC, 0x01CC, 0x01CC, 0x01CC, 0x01CC, 0x01CC, 0x01CC, 0x01CC, 0x01CC, 0x01CC, 0x01CC,
  0x01CC, 0x01CC, 0x01CC, 0x01CC, 0x01CC, 0x01CC, 0x01CC, 0x01CC, 0x01CC, 0x01CC, 0x01CC, 0x01CC,
  0x01CC, 0x01CC, 0x01CC, 0x01CC, 0x01CC, 0x01CC, 0x01CC, 0x01CC, 0x01CC, 0x01CC, 0x01CC, 0x01CC,
  0x01CC, 0x01CC, 0x01CC, 0x01CC, 0x01CC, 0x01CC, 0x01CC, 0x01CC, 0x01CC, 0x01CC, 0x01CC, 0x01CC,
  0x01CC, 0x01CC, 0x01CC, 0x01CC, 0x01CC, 0x01CC, 0x01CC, 0x01CC, 0x01CC, 0x01CC, 0x01CC, 0x01CC,
  0x01CC, 0x01CC, 0x01CC, 0x01CC, 0x01CC, 0x01CC, 0x01CC, 0x01CC, 0x01CC, 0x01CC, 0x01CC, 0x01CC,
  0x01CC, 0x01CC, 0x01CC, 0x01CC, 0x01CC, 0x01CC, 0x01CC, 0x01CC, 0x01CC, 0x01CC, 0x01CC, 0x01CC,
  0x01CC, 0x01CC, 0x01CC, 0x01CC, 0x01CC, 0x01CC, 0x01CC, 0x01CC, 0x01CC, 0x01CC, 0x01CC, 0x01CC,
  0x01CC, 0x01CC, 0x01CC, 0x01CC, 0x01CC, 0x01CC, 0x01CC, 0x01CC, 0x01CC, 0x01CC, 0x01CC, 0x01CC,
  0x01CC, 0x01CC, 0x01CC, 0x01CC, 0x01CC, 0x01CC, 0x01CC, 0x01CC, 0x01CC, 0x01CC, 0x01CC, 0x01CC,
  0x01CC, 0x01CC, 0x01CC, 0x01CC, 0x01CC, 0x01CC, 0x01CC, 0x01CC, 0x01CC, 0x01CC, 0x01CC, 0x01CC,
  0x01CC, 0x01CC, 0x01CC, 0x01CC, 0x01CC, 0x01CC, 0x01CC, 0x01CC, 0x01CC, 0x01CC, 0x01CC, 0x01CC,
  0x01CC, 0x01CC, 0x01CC, 0x01CC, 0x01CC, 0x01CC, 0x01CC, 0x01CC, 0x01CC, 0x01CC, 0x01CC, 0x01CC,
  0x01CC, 0x01CC, 0x01CC, 0x01CC, 0x01CC, 0x01CC, 0x01CC, 0x01CC, 0x01CC, 0x01CC, 0x01CC, 0x01CC,
  0x01CC, 0x01CC, 0x01CC, 0x01CC, 0x01CC, 0x01CC, 0x01CC, 0x01CC, 0x01CC, 0x01CC, 0x01CC, 0x01CC,
  0x01CC, 0x01CC, 0x01CC, 0x01CC, 0x01CC, 0x01CC, 0x01CC, 0x01CC, 0x01CC, 0x01CC, 0x01CC, 0x01CC,
  0x01CC, 0x01CC, 0x01CC, 0x01CC, 0x01CC, 0x01CC, 0x01CC, 0x01CC, 0x01CC, 0x01CC, 0x01CC, 0x01CC,
  0x01CC, 0x01CC, 0x01CC, 0x01CC, 0x01CC, 0x01CC, 0x01CC, 0x01CC, 0x01CC, 0x01CC, 0x01CC, 0x01CC,
  0x01CC, 0x01CC, 0x01CC, 0x01CC, 0x01CC, 0x01CC, 0x01CC, 0x01CC, 0x01CC, 0x01CC, 0x01CC, 0x01CC,
  0x01CC, 0x01CC, 0x01CC, 0x01CC, 0x01CC, 0x01CC, 0x01CC, 0x01CC, 0x01CC, 0x01CC, 0x01CC, 0x01CC,
  0x01CC, 0x01CC, 0x01CC, 0x01CC, 0x01CC, 0x01CC, 0x01CC, 0x01CC, 0x01CC, 0x01CC, 0x01CC, 0x01CC,
  0x01CC, 0x01CC, 0x01CC, 0x01CC, 0x01CC, 0x01CC, 0x01CC, 0x01CC, 0x01CC, 0x01CC, 0x01CC, 0x01CC,
  0x01CC, 0x01CC, 0x01CC, 0x01CC, 0x01CC, 0x01CC, 0x01CC, 0x01CC, 0x01CC, 0x01CC, 0x01CC, 0x01CC,
  0x01CC, 0x01CC, 0x01CC, 0x01CC, 0x01CC, 0x01CC, 0x01CC, 0x01CC, 0x01CC, 0x01CC, 0x01CC, 0x01CC,
  0x01CC, 0x01CC, 0x01CC, 0x01CC, 0x01CC, 0x01CC, 0x01CC, 0x01CC, 0x01CC, 0x01CC, 0x01CC, 0x01CC,
  0x01CC, 0x01CC, 0x01CC, 0x01CC, 0x01CC, 0x01CC, 0x01CC, 0x01CC, 0x01CC, 0x01CC, 0x01CC, 0x01CC,
  0x01CC, 0x01CC, 0x01CC, 0x01CC, 0x01CC, 0x01CC, 0x01CC, 0x01CC, 0x01CC, 0x01CC, 0x01CC, 0x01CC,
  0x01CC, 0x01CC, 0x01CC, 0x01CC, 0x01CC, 0x01CC, 0x01CC, 0x01CC, 0x01CC, 0x01CC, 0x01CC, 0x01CC,
  0x01CC, 0x01CC, 0x01CC, 0x01CC, 0x01CC, 0x01CC, 0x01CC, 0x01CC, 0x01CC, 0x01CC, 0x01CC, 0x01CC,
  0x01CC, 0x01CC, 0x01CC, 0x01CC, 0x01CC, 0x01CC, 0x01CC, 0x01CC, 0x01CC, 0x01CC, 0x01CC, 0x01CC,
  0x01CC, 0x01CC, 0x01CC, 0x01CC, 0x01CC, 0x01CC, 0x01CC, 0x01CC, 0x01CC, 0x01CC, 0x01CC, 0x01CC,
  0x01CC, 0x01CC, 0x01CC, 0x01CC, 0x01CC, 0x01CC, 0x01CC, 0x01CC, 0x01CC, 0x01CC, 0x01CC, 0x01CC,
  0x01CC, 0x01CC, 0x01CC, 0x01CC, 0x01CC, 0x01CC, 0x01CC, 0x01CC, 0x01CC, 0x01CC, 0x01CC, 0x01CC,
  0x01CC, 0x01CC, 0x01CC, 0x01CC, 0x01CC, 0x01CC, 0x01CC, 0x01CC, 0x01CC, 0x01CC, 0x01CC, 0x01CC,
  0x01CC, 0x01CC, 0x01CC, 0x01CC, 0x01CC, 0x01CC, 0x01CC, 0x01CC, 0x01CC, 0x01CC, 0x01CC, 0x01CC,
  0x01CC, 0x01CC, 0x01CC, 0x01CC, 0x01CC, 0x01CC, 0x01CC, 0x01CC, 0x01CC, 0x01CC, 0x01CC, 0x01CC,
  0x01CC, 0x01CC, 0x01CC, 0x01CC, 0x01CC, 0x01CC, 0x01CC, 0x01CC, 0x01CC, 0x01CC, 0x01CC, 0x01CC,
  0x01CC, 0x01CC, 0x01CC, 0x01CC, 0x01CC, 0x01CC, 0x01CC, 0x01CC, 0x01CC, 0x01CC, 0x01CC, 0x01CC,
  0x01CC, 0x01CC, 0x01CC, 0x01CC, 0x01CC, 0x01CC, 0x01CC, 0x01CC, 0x01CC, 0x01CC, 0x01CC, 0x01CC,
  0x01CC, 0x01CC, 0x01CC, 0x01CC, 0x01CC, 0x01CC, 0x01CC, 0x01CC, 0x01CC, 0x01CC, 0x01CC, 0x01CC,
  0x01CC, 0x01CC, 0x01CC, 0x01CC, 0x01CC, 0x01CC, 0x01CC, 0x01CC, 0x01CC, 0x01CC, 0x01CC, 0x01CC,
  0x01CC, 0x01CC, 0x01CC, 0x01CC, 0x01CC, 0x01CC, 0x01CC, 0x01CC, 0x01CC, 0x01CC, 0x01CC, 0x01CC,
  0x01CC, 0x01CC, 0x01CC, 0x01CC, 0x01CC, 0x01CC, 0x01CC, 0x01CC, 0x01CC, 0x01CC, 0x01CC, 0x01CC,
  0x01CC, 0x01CC, 0x01CC, 0x01CC, 0x01CC, 0x01CC, 0x01CC, 0x01CC, 0x01CC, 0x01CC, 0x01CC, 0x01CC,
  0x01CC, 0x01CC, 0x01CC, 0x01CC, 0x01CC, 0x01CC, 0x01CC, 0x01CC, 0x01CC, 0x01CC, 0x01CC, 0x01CC,
  0x01CC, 0x01CC, 0x01CC, 0x01CC, 0x01CC, 0x01CC, 0x01CC, 0x01CC, 0x01CC, 0x01CC, 0x01CC, 0x01CC,
  0x01CC, 0x01CC, 0x01CC, 0x01CC, 0x01CC, 0x01CC, 0x01CC, 0x01CC, 0x01CC, 0x01CC, 0x01CC, 0x01CC,
  0x01CC, 0x01CC, 0x01CC, 0x01CC, 0x01CC, 0x01CC, 0x01CC, 0x01CC, 0x01CC, 0x01CC, 0x01CC, 0x01CC,
  0x01CC, 0x01CC, 0x01CC, 0x01CC, 0x01CC, 0x01CC, 0x01CC, 0x01CC, 0x01CC, 0x01CC, 0x01CC, 0x01CC,
  0x01CC, 0x01CC, 0x01CC, 0x01CC, 0x01CC, 0x01CC, 0x01CC, 0x01CC, 0x01CC, 0x01CC, 0x01CC, 0x01CC,
  0x01CC, 0x01CC, 0x01CC, 0x01CC, 0x01CC, 0x01CC, 0x01CC, 0x01CC, 0x01CC, 0x01CC, 0x01CC, 0x01CC,
  0x01CC, 0x01CC, 0x01CC, 0x01CC, 0x01CC, 0x01CC, 0x01CC, 0x01CC, 0x01CC, 0x01CC, 0x01CC, 0x01CC,
  0x01CC, 0x01CC, 0x01CC, 0x01CC, 0x01CC, 0x01CC, 0x01CC, 0x01CC, 0x01CC, 0x01CC, 0x01CC, 0x01CC,
  0x01CC, 0x01CC, 0x01CC, 0x01CC, 0x01CC, 0x01CC, 0x01CC, 0x01CC, 0x01CC, 0x01CC, 0x01CC, 0x01CC,
  0x01CC, 0x01CC, 0x01CC, 0x01CC, 0x01CC, 0x01CC, 0x01CC, 0x01CC, 0x01CC, 0x01CC, 0x01CC, 0x01CC,
  0x01CC, 0x01CC, 0x01CC, 0x01CC, 0x01CC, 0x01CC, 0x01CC, 0x01CC, 0x01CC, 0x01CC, 0x01CC, 0x01CC,
  0x01CC, 0x01CC, 0x01CC, 0x01CC, 0x01CC, 0x01CC, 0x01CC, 0x01CC, 0x01CC, 0x01CC, 0x01CC, 0x01CC,
  0x01CC, 0x01CC, 0x01CC, 0x01CC, 0x01CC, 0x01CC, 0x01CC, 0x01CC, 0x01CC, 0x01CC, 0x01CC, 0x01CC,
  0x01CC, 0x01CC, 0x01CC, 0x01CC, 0x01CC, 0x01CC, 0x01CC, 0x01CC, 0x01CC, 0x01CC, 0x01CC, 0x01CC,
  0x01CC, 0x01CC, 0x01CC, 0x01CC, 0x01CC, 0x01CC, 0x01CC, 0x01CC, 0x01CC, 0x01CC, 0x01CC, 0x01CC,
  0x01CC, 0x01CC, 0x01CC, 0x01CC, 0x01CC, 0x01CC, 0x01CC, 0x01CC, 0x01CC, 0x01CC, 0x01CC, 0x01CC,
  0x01CC, 0x01CC, 0x01CC, 0x01CC, 0x01CC, 0x01CC, 0x01CC, 0x01CC, 0x01CC, 0x01CC, 0x01CC, 0x01CC,
  0x01CC, 0x01CC, 0x01CC, 0x01CC, 0x01CC, 0x01CC, 0x01CC, 0x01CC, 0x01CC, 0x01CC, 0x01CC, 0x01CC,
  0x01CC, 0x01CC, 0x01CC, 0x01CC, 0x01CC, 0x01CC, 0x01CC, 0x01CC, 0x01CC, 0x01CC, 0x01CC, 0x01CC,
  0x01CC, 0x01CC, 0x01CC, 0x01CC, 0x01CC, 0x01CC, 0x01CC, 0x01CC, 0x01CC, 0x01CC, 0x01CC, 0x01CC,
  0x01CC, 0x01CC, 0x01CC, 0x01CC, 0x01CC, 0x01CC, 0x01CC, 0x01CC, 0x01CC, 0x01CC, 0x01CC, 0x01CC,
  0x01CC, 0x01CC, 0x01CC, 0x01CC, 0x01CC, 0x01CC, 0x01CC, 0x01CC, 0x01CC, 0x01CC, 0x01CC, 0x01CC,
  0x01CC, 0x01CC, 0x01CC, 0x01CC, 0x01CC, 0x01CC, 0x01CC, 0x01CC, 0x01CC, 0x01CC, 0x01CC, 0x01CC,
  0x01CC, 0x01CC, 0x01CC, 0x01CC, 0x01CC, 0x01CC, 0x01CC, 0x01CC, 0x01CC, 0x01CC, 0x01CC, 0x01CC,
  0x01CC, 0x01CC, 0x01CC, 0x01CC, 0x01CC, 0x01CC, 0x01CC, 0x01CC, 0x01CC, 0x01CC, 0x01CC, 0x01CC,
  0x01CC, 0x01CC, 0x01CC, 0x01CC, 0x01CC, 0x01CC, 0x01CC, 0x01CC, 0x01CC, 0x01CC, 0x01CC, 0x01CC,
  0x01CC, 0x01CC, 0x01CC, 0x01CC, 0x01CC, 0x01CC, 0x01CC, 0x01CC, 0x01CC, 0x01CC, 0x01CC, 0x01CC,
  0x01CC, 0x01CC, 0x01CC, 0x01CC, 0x01CC, 0x01CC, 0x01CC, 0x01CC, 0x01CC, 0x01CC, 0x01CC, 0x01CC,
  0x01CC, 0x01CC, 0x01CC, 0x01CC, 0x01CC, 0x01CC, 0x01CC, 0x01CC, 0x01CC, 0x01CC, 0x01CC, 0x01CC,
  0x01CC, 0x01CC, 0x01CC, 0x01CC, 0x01CC, 0x01CC, 0x01CC, 0x01CC, 0x01CC, 0x01CC, 0x01CC, 0x01CC,
  0x01CC, 0x01CC, 0x01CC, 0x01CC, 0x01CC, 0x01CC, 0x01CC, 0x01CC, 0x01CC, 0x01CC, 0x01CC, 0x01CC,
  0x01CC, 0x01CC, 0x01CC, 0x01CC, 0x01CC, 0x01CC, 0x01CC, 0x01CC, 0x01CC, 0x01CC, 0x01CC, 0x01CC,
  0x01CC, 0x01CC, 0x01CC, 0x01CC, 0x01CC, 0x01CC, 0x01CC, 0x01CC, 0x01CC, 0x01CC, 0x01CC, 0x01CC,
  0x01CC, 0x01CC, 0x01CC, 0x01CC, 0x01CC, 0x01CC, 0x01CC, 0x01CC, 0x01CC, 0x01CC, 0x01CC, 0x01CC,
  0x01CC, 0x01CC, 0x01CC, 0x01CC, 0x01CC, 0x01CC, 0x01CC, 0x01CC, 0x01CC, 0x01CC, 0x01CC, 0x01CC,
  0x01CC, 0x01CC, 0x01CC, 0x01CC, 0x01CC, 0x01CC, 0x01CC, 0x01CC, 0x01CC, 0x01CC, 0x01CC, 0x01CC,
  0x01CC, 0x01CC, 0x01CC, 0x01CC, 0x01CC, 0x01CC, 0x01CC, 0x01CC, 0x01CC, 0x01CC, 0x01CC, 0x01CC,
  0x01CC, 0x01CC, 0x01CC, 0x01CC, 0x01CC, 0x01CC, 0x01CC, 0x01CC, 0x01CC, 0x01CC, 0x01CC, 0x01CC,
  0x01CC, 0x01CC, 0x01CC, 0x01CC, 0x01CC, 0x01CC, 0x01CC, 0x01CC, 0x01CC, 0x01CC, 0x01CC, 0x01CC,
  0x01CC, 0x01CC, 0x01CC, 0x01CC, 0x01CC, 0x01CC, 0x01CC, 0x01CC, 0x01CC, 0x01CC, 0x01CC, 0x01CC,
  0x01CC, 0x01CC, 0x01CC, 0x01CC, 0x01CC, 0x01CC, 0x01CC, 0x01CC, 0x01CC, 0x01CC, 0x01CC, 0x01CC,
  0x01CC, 0x01CC, 0x01CC, 0x01CC, 0x01CC, 0x01CC, 0x01CC, 0x01CC, 0x01CC, 0x01CC, 0x01CC, 0x01CC,
  0x01CC, 0x01CC, 0x01CC, 0x01CC, 0x01CC, 0x01CC, 0x01CC, 0x01CC, 0x01CC, 0x01CC, 0x01CC, 0x01CC,
  0x01CC, 0x01CC, 0x01CC, 0x01CC, 0x01CC, 0x01CC, 0x01CC, 0x01CC, 0x01CC, 0x01CC, 0x01CC, 0x01CC,
  0x01CC, 0x01CC, 0x01CC, 0x01CC, 0x01CC, 0x01CC, 0x01CC, 0x01CC, 0x01CC, 0x01CC, 0x01CC, 0x01CC,
  0x01CC, 0x01CC, 0x01CC, 0x01CC, 0x01CC, 0x01CC, 0x01CC, 0x01CC, 0x01CC, 0x01CC, 0x01CC, 0x01CC,
  0x01CC, 0x01CC, 0x01CC, 0x01CC, 0x01CC, 0x01CC, 0x01CC, 0x01CC, 0x01CC, 0x01CC, 0x01CC, 0x01CC,
  0x01CC, 0x01CC, 0x01CC, 0x01CC, 0x01CC, 0x01CC, 0x01CC, 0x01CC, 0x01CC, 0x01CC, 0x01CC, 0x01CC,
  0x01CC, 0x01CC, 0x01CC, 0x01CC, 0x01CC, 0x01CC, 0x01CC, 0x01CC, 0x01CC, 0x01CC, 0x01CC, 0x01CC,
  0x01CC, 0x01CC, 0x01CC, 0x01CC, 0x01CC, 0x01CC, 0x01CC, 0x01CC, 0x01CC, 0x01CC, 0x01CC, 0x01CC,
  0x01CC, 0x01CC, 0x01CC, 0x01CC, 0x01CC, 0x01CC, 0x01CC, 0x01CC, 0x01CC, 0x01CC, 0x01CC, 0x01CC,
  0x01CC, 0x01CC, 0x01CC, 0x01CC, 0x01CC, 0x01CC, 0x01CC, 0x01CC, 0x01CC, 0x01CC, 0x01CC, 0x01CC,
  0x01CC, 0x01CC, 0x01CC, 0x01CC, 0x01CC, 0x01CC, 0x01CC, 0x01CC, 0x01CC, 0x01CC, 0x01CC, 0x01CC,
  0x01CC, 0x01CC, 0x01CC, 0x01CC, 0x01CC, 0x01CC, 0x01CC, 0x01CC, 0x01CC, 0x01CC, 0x01CC, 0x01CC,
  0x01CC, 0x01CC, 0x01CC, 0x01CC, 0x01CC, 0x01CC, 0x01CC, 0x01CC, 0x01CC, 0x01CC, 0x01CC, 0x01CC,
  0x01CC, 0x01CC, 0x01CC, 0x01CC, 0x01CC, 0x01CC, 0x01CC, 0x01CC, 0x01CC, 0x01CC, 0x01CC, 0x01CC,
  0x01CC, 0x01CC, 0x01CC, 0x01CC, 0x01CC, 0x01CC, 0x01CC, 0x01CC, 0x01CC, 0x01CC, 0x01CC, 0x01CC,
  0x01CC, 0x01CC, 0x01CC, 0x01CC, 0x01CC, 0x01CC, 0x01CC, 0x01CC, 0x01CC, 0x01CC, 0x01CC, 0x01CC,
  0x01CC, 0x01CC, 0x01CC, 0x01CC, 0x01CC, 0x01CC, 0x01CC, 0x01CC, 0x01CC, 0x01CC, 0x01CC, 0x01CC,
  0x01CC, 0x01CC, 0x01CC, 0x01CC, 0x01CC, 0x01CC, 0x01CC, 0x01CC, 0x01CC, 0x01CC, 0x01CC, 0x01CC,
  0x01CC, 0x01CC, 0x01CC, 0x01CC, 0x01CC, 0x01CC, 0x01CC, 0x01CC, 0x01CC, 0x01CC, 0x01CC, 0x01CC,
  0x01CC, 0x01CC, 0x01CC, 0x01CC, 0x01CC, 0x01CC, 0x01CC, 0x01CC, 0x01CC, 0x01CC, 0x01CC, 0x01CC,
  0x01CC, 0x01CC, 0x01CC, 0x01CC, 0x01CC, 0x01CC, 0x01CC, 0x01CC, 0x01CC, 0x01CC, 0x01CC, 0x01CC,
  0x01CC, 0x01CC, 0x01CC, 0x01CC, 0x01CC, 0x01CC, 0x01CC, 0x01CC, 0x01CC, 0x01CC, 0x01CC, 0x01CC,
  0x01CC, 0x01CC, 0x01CC, 0x01CC, 0x01CC, 0x01CC, 0x01CC, 0x01CC, 0x01CC, 0x01CC, 0x01CC, 0x01CC,
  0x01CC, 0x01CC, 0x01CC, 0x01CC, 0x01CC, 0x01CC, 0x01CC, 0x01CC, 0x01CC, 0x01CC, 0x01CC, 0x01CC,
  0x01CC, 0x01CC, 0x01CC, 0x01CC, 0x01CC, 0x01CC, 0x01CC, 0x01CC, 0x01CC, 0x01CC, 0x01CC, 0x01CC,
  0x01CC, 0x01CC, 0x01CC, 0x01CC, 0x01CC, 0x01CC, 0x01CC, 0x01CC, 0x01CC, 0x01CC, 0x01CC, 0x01CC,
  0x01CC, 0x01CC, 0x01CC, 0x01CC, 0x01CC, 0x01CC, 0x01CC, 0x01CC, 0x01CC, 0x01CC, 0x01CC, 0x01CC,
  0x01CC, 0x01CC, 0x01CC, 0x01CC, 0x01CC, 0x01CC, 0x01CC, 0x01CC, 0x01CC, 0x01CC, 0x01CC, 0x01CC,
  0x01CC, 0x01CC, 0x01CC, 0x01CC, 0x01CC, 0x01CC, 0x01CC, 0x01CC, 0x01CC, 0x01CC, 0x01CC, 0x01CC,
  0x01CC, 0x01CC, 0x01CC, 0x01CC, 0x01CC, 0x01CC, 0x01CC, 0x01CC, 0x01CC, 0x01CC, 0x01CC, 0x01CC,
  0x01CC, 0x01CC, 0x01CC, 0x01CC, 0x01CC, 0x01CC, 0x01CC, 0x01CC, 0x01CC, 0x01CC, 0x01CC, 0x01CC,
  0x01CC, 0x01CC, 0x01CC, 0x01CC, 0x01CC, 0x01CC, 0x01CC, 0x01CC, 0x01CC, 0x01CC, 0x01CC, 0x01CC,
  0x01CC, 0x01CC, 0x01CC, 0x01CC, 0x01CC, 0x01CC, 0x01CC, 0x01CC, 0x01CC, 0x01CC, 0x01CC, 0x01CC,
  0x01CC, 0x01CC, 0x01CC, 0x01CC, 0x01CC, 0x01CC, 0x01CC, 0x01CC, 0x01CC, 0x01CC, 0x01CC, 0x01CC,
  0x01CC, 0x01CC, 0x01CC, 0x01CC, 0x01CC, 0x01CC, 0x01CC, 0x01CC, 0x01CC, 0x01CC, 0x01CC, 0x01CC,
  0x01CC, 0x01CC, 0x01CC, 0x01CC, 0x01CC, 0x01CC, 0x01CC, 0x01CC, 0x01CC, 0x01CC, 0x01CC, 0x01CC,
  0x01CC, 0x01CC, 0x01CC, 0x01CC, 0x01CC, 0x01CC, 0x01CC, 0x01CC, 0x01CC, 0x01CC, 0x01CC, 0x01CC,
  0x01CC, 0x01CC, 0x01CC, 0x01CC, 0x01CC, 0x01CC, 0x01CC, 0x01CC, 0x01CC, 0x01CC, 0x01CC, 0x01CC,
  0x01CC, 0x01CC, 0x01CC, 0x01CC, 0x01CC, 0x01CC, 0x01CC, 0x01CC, 0x01CC, 0x01CC, 0x01CC, 0x01CC,
  0x01CC, 0x01CC, 0x01CC, 0x01CC, 0x01CC, 0x01CC, 0x01CC, 0x01CC, 0x01CC, 0x01CC, 0x01CC, 0x01CC,
  0x01CC, 0x01CC, 0x01CC, 0x01CC, 0x01CC, 0x01CC, 0x01CC, 0x01CC, 0x01CC, 0x01CC, 0x01CC, 0x01CC,
  0x01CC, 0x01CC, 0x01CC, 0x01CC, 0x01CC, 0x01CC, 0x01CC, 0x01CC, 0x01CC, 0x01CC, 0x01CC, 0x01CC,
  0x01CC, 0x01CC, 0x01CC, 0x01CC, 0x01CC, 0x01CC, 0x01CC, 0x01CC, 0x01CC, 0x01CC, 0x01CC, 0x01CC,
  0x01CC, 0x01CC, 0x01CC, 0x01CC, 0x01CC, 0x01CC, 0x01CC, 0x01CC, 0x01CC, 0x01CC, 0x01CC, 0x01CC,
  0x01CC, 0x01CC, 0x01CC, 0x01CC, 0x01CC, 0x01CC, 0x01CC, 0x01CC, 0x01CC, 0x01CC, 0x01CC, 0x01CC,
  0x01CC, 0x01CC, 0x01CC, 0x01CC, 0x01CC, 0x01CC, 0x01CC, 0x01CC, 0x01CC, 0x01CC, 0x01CC, 0x01CC,
  0x01CC, 0x01CC, 0x01CC, 0x01CC, 0x01CC, 0x01CC, 0x01CC, 0x01CC, 0x01CC, 0x01CC, 0x01CC, 0x01CC,
  0x01CC, 0x01CC, 0x01CC, 0x01CC, 0x01CC, 0x01CC, 0x01CC, 0x01CC, 0x01CC, 0x01CC, 0x01CC, 0x01CC,
  0x01CC, 0x01CC, 0x01CC, 0x01CC, 0x01CC, 0x01CC, 0x01CC, 0x01CC, 0x01CC, 0x01CC, 0x01CC, 0x01CC,
  0x01CC, 0x01CC, 0x01CC, 0x01CC, 0x01CC, 0x01CC, 0x01CC, 0x01CC, 0x01CC, 0x01CC, 0x01CC, 0x01CC,
  0x01CC, 0x01CC, 0x01CC, 0x01CC, 0x01CC, 0x01CC, 0x01CC, 0x01CC, 0x01CC, 0x01CC, 0x01CC, 0x01CC,
  0x01CC, 0x01CC, 0x01CC, 0x01CC, 0x01CC, 0x01CC, 0x01CC, 0x01CC, 0x01CC, 0x01CC, 0x01CC, 0x01CC,
  0x01CC, 0x01CC, 0x01CC, 0x01CC, 0x01CC, 0x01CC, 0x01CC, 0x01CC, 0x01CC, 0x01CC, 0x01CC, 0x01CC,
  0x01CC, 0x01CC, 0x01CC, 0x01CC, 0x01CC, 0x01CC, 0x01CC, 0x01CC, 0x01CC, 0x01CC, 0x01CC, 0x01CC,
  0x01CC, 0x01CC, 0x01CC, 0x01CC, 0x01CC, 0x01CC, 0x01CC, 0x01CC, 0x01CC, 0x01CC, 0x01CC, 0x01CC,
  0x01CC, 0x01CC, 0x01CC, 0x01CC, 0x01CC, 0x01CC, 0x01CC, 0x01CC, 0x01CC, 0x01CC, 0x01CC, 0x01CC,
  0x01CC, 0x01CC, 0x01CC, 0x01CC, 0x01CC, 0x01CC, 0x01CC, 0x01CC, 0x01CC, 0x01CC, 0x01CC, 0x01CC,
  0x01CC, 0x01CC, 0x01CC, 0x01CC, 0x01CC, 0x01CC, 0x01CC, 0x01CC, 0x01CC, 0x01CC, 0x01CC, 0x01CC,
  0x01CC, 0x01CC, 0x01CC, 0x01CC, 0x01CC, 0x01CC, 0x01CC, 0x01CC, 0x01CC, 0x01CC, 0x01CC, 0x01CC,
  0x01CC, 0x01CC, 0x01CC, 0x01CC, 0x01CC, 0x01CC, 0x01CC, 0x01CC, 0x01CC, 0x01CC, 0x01CC, 0x01CC,
  0x01CC, 0x01CC, 0x01CC, 0x01CC, 0x01CC, 0x01CC, 0x01CC, 0x01CC, 0x01CC, 0x01CC, 0x01CC, 0x01CC,
  0x01CC, 0x01CC, 0x01CC, 0x01CC, 0x01CC, 0x01CC, 0x01CC, 0x01CC, 0x01CC, 0x01CC, 0x01CC, 0x01CC,
  0x01CC, 0x01CC, 0x01CC, 0x01CC, 0x01CC, 0x01CC, 0x01CC, 0x01CC, 0x01CC, 0x01CC, 0x01CC, 0x01CC,
  0x01CC, 0x01CC, 0x01CC, 0x01CC, 0x01CC, 0x01CC, 0x01CC, 0x01CC, 0x01CC, 0x01CC, 0x01CC, 0x01CC,
  0x01CC, 0x01CC, 0x01CC, 0x01CC, 0x01CC, 0x01CC, 0x01CC, 0x01CC, 0x01CC, 0x01CC, 0x01CC, 0x01CC,
  0x01CC, 0x01CC, 0x01CC, 0x01CC, 0x01CC, 0x01CC, 0x01CC, 0x01CC, 0x01CC, 0x01CC, 0x01CC, 0x01CC,
  0x01CC, 0x01CC, 0x01CC, 0x01CC, 0x01CC, 0x01CC, 0x01CC, 0x01CC, 0x01CC, 0x01CC, 0x01CC, 0x01CC,
  0x01CC, 0x01CC, 0x01CC, 0x01CC, 0x01CC, 0x01CC, 0x01CC, 0x01CC, 0x01CC, 0x01CC, 0x01CC, 0x01CC,
  0x01CC, 0x01CC, 0x01CC, 0x01CC, 0x01CC, 0x01CC, 0x01CC, 0x01CC, 0x01CC, 0x01CC, 0x01CC, 0x01CC,
  0x01CC, 0x01CC, 0x01CC, 0x01CC, 0x01CC, 0x01CC, 0x01CC, 0x01CC, 0x01CC, 0x01CC, 0x01CC, 0x01CC,
  0x01CC, 0x01CC, 0x01CC, 0x01CC, 0x01CC, 0x01CC, 0x01CC, 0x01CC, 0x01CC, 0x01CC, 0x01CC, 0x01CC,
  0x01CC, 0x01CC, 0x01CC, 0x01CC, 0x01CC, 0x01CC, 0x01CC, 0x01CC, 0x01CC, 0x01CC, 0x01CC, 0x01CC,
  0x01CC, 0x01CC, 0x01CC, 0x01CC, 0x01CC, 0x01CC, 0x01CC, 0x01CC, 0x01CC, 0x01CC, 0x01CC, 0x01CC,
  0x01CC, 0x01CC, 0x01CC, 0x01CC, 0x01CC, 0x01CC, 0x01CC, 0x01CC, 0x01CC, 0x01CC, 0x01CC, 0x01CC,
  0x01CC, 0x01CC, 0x01CC, 0x01CC, 0x01CC, 0x01CC, 0x01CC, 0x01CC, 0x01CC, 0x01CC, 0x01CC, 0x01CC,
  0x01CC, 0x01CC, 0x01CC, 0x01CC, 0x01CC, 0x01CC, 0x01CC, 0x01CC, 0x01CC, 0x01CC, 0x01CC, 0x01CC,
  0x01CC, 0x01CC, 0x01CC, 0x01CC, 0x01CC, 0x01CC, 0x01CC, 0x01CC, 0x01CC, 0x01CC, 0x01CC, 0x01CC,
  0x01CC, 0x01CC, 0x01CC, 0x01CC, 0x01CC, 0x01CC, 0x01CC, 0x01CC, 0x01CC, 0x01CC, 0x01CC, 0x01CC,
  0x01CC, 0x01CC, 0x01CC, 0x01CC, 0x01CC, 0x01CC, 0x01CC, 0x01CC, 0x01CC, 0x01CC, 0x01CC, 0x01CC,
  0x01CC, 0x01CC, 0x01CC, 0x01CC, 0x01CC, 0x01CC, 0x01CC, 0x01CC, 0x01CC, 0x01CC, 0x01CC, 0x01CC,
  0x01CC, 0x01CC, 0x01CC, 0x01CC, 0x01CC, 0x01CC, 0x01CC, 0x01CC, 0x01CC, 0x01CC, 0x01CC, 0x01CC,
  0x01CC, 0x01CC, 0x01CC, 0x01CC, 0x01CC, 0x01CC, 0x01CC, 0x01CC, 0x01CC, 0x01CC, 0x01CC, 0x01CC,
  0x01CC, 0x01CC, 0x01CC, 0x01CC, 0x01CC, 0x01CC, 0x01CC, 0x01CC, 0x01CC, 0x01CC, 0x01CC, 0x01CC,
  0x01CC, 0x01CC, 0x01CC, 0x01CC, 0x01CC, 0x01CC, 0x01CC, 0x01CC, 0x01CC, 0x01CC, 0x01CC, 0x01CC,
  0x01CC, 0x01CC, 0x01CC, 0x01CC, 0x01CC, 0x01CC, 0x01CC, 0x01CC, 0x01CC, 0x01CC, 0x01CC, 0x01CC,
  0x01CC, 0x01CC, 0x01CC, 0x01CC, 0x01CC, 0x01CC, 0x01CC, 0x01CC, 0x01CC, 0x01CC, 0x01CC, 0x01CC,
  0x01CC, 0x01CC, 0x01CC, 0x01CC, 0x01CC, 0x01CC, 0x01CC, 0x01CC, 0x01CC, 0x01CC, 0x01CC, 0x01CC,
  0x01CC, 0x01CC, 0x01CC, 0x01CC, 0x01CC, 0x01CC, 0x01CC, 0x01CC, 0x01CC, 0x01CC, 0x01CC, 0x01CC,
  0x01CC, 0x01CC, 0x01CC, 0x01CC, 0x01CC, 0x01CC, 0x01CC, 0x01CC, 0x01CC, 0x01CC, 0x01CC, 0x01CC,
  0x01CC, 0x01CC, 0x01CC, 0x01CC, 0x01CC, 0x01CC, 0x01CC, 0x01CC, 0x01CC, 0x01CC, 0x01CC, 0x01CC,
  0x01CC, 0x01CC, 0x01CC, 0x01CC, 0x01CC, 0x01CC, 0x01CC, 0x01CC, 0x01CC, 0x01CC, 0x01CC, 0x01CC,
  0x01CC, 0x01CC, 0x01CC, 0x01CC, 0x01CC, 0x01CC, 0x01CC, 0x01CC, 0x01CC, 0x01CC, 0x01CC, 0x01CC,
  0x01CC, 0x01CC, 0x01CC, 0x01CC, 0x01CC, 0x01CC, 0x01CC, 0x01CC, 0x01CC, 0x01CC, 0x01CC, 0x01CC,
  0x01CC, 0x01CC, 0x01CC, 0x01CC, 0x01CC, 0x01CC, 0x01CC, 0x01CC, 0x01CC, 0x01CC, 0x01CC, 0x01CC,
  0x01CC, 0x01CC, 0x01CC, 0x01CC, 0x01CC, 0x01CC, 0x01CC, 0x01CC, 0x01CC, 0x01CC, 0x01CC, 0x01CC,
  0x01CC, 0x01CC, 0x01CC, 0x01CC, 0x01CC, 0x01CC, 0x01CC, 0x01CC, 0x01CC, 0x01CC, 0x01CC, 0x01CC,
  0x01CC, 0x01CC, 0x01CC, 0x01CC, 0x01CC, 0x01CC, 0x01CC, 0x01CC, 0x01CC, 0x01CC, 0x01CC, 0x01CC,
  0x01CC, 0x01CC, 0x01CC, 0x01CC, 0x01CC, 0x01CC, 0x01CC, 0x01CC, 0x01CC, 0x01CC, 0x01CC, 0x01CC,
  0x01CC, 0x01CC, 0x01CC, 0x01CC, 0x122D, 0x228E, 0x2AAE, 0x1A4D, 0x09EC, 0x01CC, 0x01CC, 0x01CC,
  0x01CC, 0x01CC, 0x01CC, 0x01CC, 0x01CC, 0x01CC, 0x01CC, 0x01CC, 0x01CC, 0x01CC, 0x01CC, 0x01CC,
  0x01CC, 0x01CC, 0x01CC, 0x01CC, 0x01CC, 0x01CC, 0x01CC, 0x01CC, 0x01CC, 0x01CC, 0x01CC, 0x01CC,
  0x01CC, 0x01CC, 0x01CC, 0x01CC, 0x01CC, 0x01CC, 0x01CC, 0x01CC, 0x01CC, 0x01CC, 0x01CC, 0x01CC,
  0x01CC, 0x01CC, 0x01CC, 0x01CC, 0x01CC, 0x01CC, 0x01CC, 0x01CC, 0x01CC, 0x01CC, 0x01CC, 0x01CC,
  0x01CC, 0x01CC, 0x01CC, 0x01CC, 0x01CC, 0x01CC, 0x01CC, 0x01CC, 0x01CC, 0x01CC, 0x01CC, 0x01CC,
  0x01CC, 0x01CC, 0x01CC, 0x01CC, 0x01CC, 0x01CC, 0x01CC, 0x01CC, 0x01CC, 0x01CC, 0x01CC, 0x01CC,
  0x01CC, 0x01CC, 0x01CC, 0x01CC, 0x01CC, 0x01CC, 0x01CC, 0x01CC, 0x01CC, 0x01CC, 0x01CC, 0x01CC,
  0x01CC, 0x01CC, 0x01CC, 0x01CC, 0x01CC, 0x01CC, 0x01CC, 0x01CC, 0x01CC, 0x01CC, 0x01CC, 0x01CC,
  0x01CC, 0x01CC, 0x01CC, 0x01CC, 0x01CC, 0x01CC, 0x01CC, 0x01CC, 0x01CC, 0x01CC, 0x01CC, 0x01CC,
  0x01CC, 0x01CC, 0x01CC, 0x01CC, 0x01CC, 0x01CC, 0x01CC, 0x01CC, 0x01CC, 0x01CC, 0x01CC, 0x01CC,
  0x01CC, 0x01CC, 0x01CC, 0x01CC, 0x01CC, 0x01CC, 0x01CC, 0x01CC, 0x01CC, 0x01CC, 0x01CC, 0x01CC,
  0x01CC, 0x01CC, 0x01CC, 0x01CC, 0x01CC, 0x01CC, 0x01CC, 0x01CC, 0x01CC, 0x01CC, 0x01CC, 0x01CC,
  0x01CC, 0x01CC, 0x01CC, 0x01CC, 0x01CC, 0x01CC, 0x01CC, 0x01CC, 0x01CC, 0x01CC, 0x01CC, 0x01CC,
  0x01CC, 0x01CC, 0x01CC, 0x01CC, 0x01CC, 0x01CC, 0x01CC, 0x01CC, 0x01CC, 0x01CC, 0x01CC, 0x01CC,
  0x01CC, 0x01CC, 0x01CC, 0x01CC, 0x01CC, 0x01CC, 0x01CC, 0x01CC, 0x01CC, 0x01CC, 0x01CC, 0x01CC,
  0x01CC, 0x01CC, 0x01CC, 0x01CC, 0x01CC, 0x01CC, 0x01CC, 0x01CC, 0x01CC, 0x01CC, 0x01CC, 0x01CC,
  0x01CC, 0x01CC, 0x01CC, 0x01CC, 0x01CC, 0x01CC, 0x01CC, 0x01CC, 0x01CC, 0x01CC, 0x01CC, 0x01CC,
  0x01CC, 0x01CC, 0x01CC, 0x01CC, 0x01CC, 0x01CC, 0x01CC, 0x01CC, 0x01CC, 0x01CC, 0x01CC, 0x01CC,
  0x01CC, 0x01CC, 0x01CC, 0x01CC, 0x01CC, 0x01CC, 0x01CC, 0x01CC, 0x01CC, 0x01CC, 0x01CC, 0x01CC,
  0x01CC, 0x01CC, 0x01CC, 0x01CC, 0x01CC, 0x01CC, 0x01CC, 0x01CC, 0x01CC, 0x01CC, 0x01CC, 0x01CC,
  0x01CC, 0x01CC, 0x01CC, 0x01CC, 0x01CC, 0x01CC, 0x01CC, 0x01CC, 0x01CC, 0x01CC, 0x01CC, 0x01CC,
  0x01CC, 0x01CC, 0x01CC, 0x01CC, 0x01CC, 0x01CC, 0x01CC, 0x01CC, 0x01CC, 0x01CC, 0x01CC, 0x01CC,
  0x01CC, 0x01CC, 0x01CC, 0x01CC, 0x01CC, 0x01CC, 0x01CC, 0x01CC, 0x01CC, 0x01CC, 0x01CC, 0x01CC,
  0x01CC, 0x0A0D, 0x1A6D, 0x2ACF, 0x228E, 0x122D, 0x01CC, 0x01CC, 0x01CC, 0x01CC, 0x01CC, 0x01CC,
  0x01CC, 0x01CC, 0x01CC, 0x01CC, 0x01CC, 0x01CC, 0x01CC, 0x01CC, 0x01CC, 0x01CC, 0x01CC, 0x01CC,
  0x01CC, 0x01CC, 0x01CC, 0x01CC, 0x01CC, 0x01CC, 0x01CC, 0x01CC, 0x01CC, 0x01CC, 0x01CC, 0x01CC,
  0x01CC, 0x01CC, 0x01CC, 0x01CC, 0x01CC, 0x01EC, 0x122D, 0x228E, 0x2ACF, 0x122D, 0x09EC, 0x01CC,
  0x01CC, 0x01CC, 0x01CC, 0x01CC, 0x01CC, 0x01CC, 0x01CC, 0x01CC, 0x01CC, 0x01CC, 0x01CC, 0x01CC,
  0x01CC, 0x01CC, 0x01CC, 0x01CC, 0x01CC, 0x01CC, 0x01CC, 0x01CC, 0x01CC, 0x01CC, 0x01CC, 0x01CC,
  0x09EC, 0x226E, 0x2ACF, 0x1A4D, 0x0A0C, 0x01CC, 0x01CC, 0x01CC, 0x01CC, 0x01CC, 0x01CC, 0x01CC,
  0x01CC, 0x01CC, 0x01CC, 0x01CC, 0x01CC, 0x01CC, 0x01CC, 0x01CC, 0x01CC, 0x01CC, 0x01CC, 0x01CC,
  0x01CC, 0x01CC, 0x01CC, 0x01CC, 0x01CC, 0x01CC, 0x01CC, 0x01CC, 0x01CC, 0x01CC, 0x01CC, 0x01CC,
  0x01CC, 0x01CC, 0x01CC, 0x01CC, 0x01CC, 0x01CC, 0x01CC, 0x01CC, 0x01CC, 0x01CC, 0x01CC, 0x01CC,
  0x01CC, 0x01CC, 0x01CC, 0x01CC, 0x01CC, 0x01CC, 0x01CC, 0x01CC, 0x01CC, 0x01CC, 0x01CC, 0x01CC,
  0x01CC, 0x01CC, 0x01CC, 0x01CC, 0x01CC, 0x01CC, 0x01CC, 0x01CC, 0x01CC, 0x01CC, 0x01CC, 0x01CC,
  0x01CC, 0x01CC, 0x01CC, 0x01CC, 0x01CC, 0x01CC, 0x01CC, 0x01CC, 0x01CC, 0x01CC, 0x01CC, 0x01CC,
  0x01CC, 0x01CC, 0x01CC, 0x01CC, 0x01CC, 0x01CC, 0x01CC, 0x01CC, 0x01CC, 0x01CC, 0x01CC, 0x01CC,
  0x01CC, 0x01CC, 0x01CC, 0x01CC, 0x01CC, 0x01CC, 0x01CC, 0x01CC, 0x01CC, 0x01CC, 0x01CC, 0x01CC,
  0x01CC, 0x01CC, 0x01CC, 0x01CC, 0x01CC, 0x01CC, 0x01CC, 0x01CC, 0x01CC, 0x01CC, 0x01CC, 0x01CC,
  0x01CC, 0x228E, 0x4371, 0x53D2, 0x6C33, 0x7C94, 0x7CB5, 0x7474, 0x53D2, 0x3310, 0x124E, 0x01CC,
  0x01CC, 0x01CC, 0x01CC, 0x01CC, 0x01CC, 0x01CC, 0x01CC, 0x01CC, 0x01CC, 0x01CC, 0x01CC, 0x01CC,
  0x01CC, 0x01CC, 0x01CC, 0x01CC, 0x01CC, 0x01CC, 0x01CC, 0x01CC, 0x01CC, 0x01CC, 0x01CC, 0x01CC,
  0x01CC, 0x01CC, 0x01CC, 0x01CC, 0x2AAF, 0x4BB2, 0x53D2, 0x53D2, 0x53D2, 0x53D2, 0x53D2, 0x53D2,
  0x53D2, 0x53D2, 0x53D2, 0x53D2, 0x53D2, 0x53D2, 0x53D2, 0x53D2, 0x53D2, 0x53D2, 0x53D2, 0x53D2,
  0x53D2, 0x53D2, 0x53D2, 0x53D2, 0x4B92, 0x4371, 0x32F0, 0x1A6E, 0x01EC, 0x01CC, 0x01CC, 0x01CC,
  0x01CC, 0x01CC, 0x01CC, 0x01CC, 0x01CC, 0x01CC, 0x01CC, 0x01CC, 0x0A2D, 0x4371, 0x53D2, 0x53D2,
  0x53D2, 0x53D2, 0x53D2, 0x53D2, 0x53D2, 0x53D2, 0x53D2, 0x53D2, 0x53D2, 0x53D2, 0x53D2, 0x53D2,
  0x53D2, 0x53D2, 0x53D2, 0x53D2, 0x53D2, 0x53D2, 0x53D2, 0x53D2, 0x53D2, 0x53D2, 0x53D2, 0x53D2,
  0x53D2, 0x53D2, 0x53D2, 0x53D2, 0x53D2, 0x53D2, 0x53D2, 0x4371, 0x2ACF, 0x09ED, 0x09EC, 0x1A6E,
  0x4B91, 0x53D2, 0x53D2, 0x53D2, 0x53D2, 0x53D2, 0x53D2, 0x53D2, 0x53D2, 0x53D2, 0x53D2, 0x53B2,
  0x3B51, 0x1A6E, 0x01CC, 0x01CC, 0x01CC, 0x01CC, 0x01CC, 0x01CC, 0x01CC, 0x01CC, 0x01CC, 0x01CC,
  0x01CC, 0x01CC, 0x01CC, 0x01CC, 0x01CC, 0x01CC, 0x0A0D, 0x32EF, 0x53D2, 0x53D2, 0x53D2, 0x53D2,
  0x53D2, 0x53D2, 0x53D2, 0x53D2, 0x53D2, 0x53D2, 0x53D2, 0x2ACF, 0x09EC, 0x01CC, 0x01CC, 0x01CC,
  0x01CC, 0x01CC, 0x01CC, 0x01CC, 0x01CC, 0x01CC, 0x01CC, 0x01CC, 0x01CC, 0x01CC, 0x01CC, 0x01CC,
  0x01CC, 0x01CC, 0x01CC, 0x01CC, 0x01CC, 0x01CC, 0x01CC, 0x01CC, 0x0A0D, 0x2AEF, 0x4371, 0x53D2,
  0x53D2, 0x53D2, 0x53D2, 0x53D2, 0x53D2, 0x53D2, 0x53D2, 0x53D2, 0x53D2, 0x53D2, 0x53D2, 0x53D2,
  0x53D2, 0x53D2, 0x53D2, 0x53D2, 0x53D2, 0x53D2, 0x53D2, 0x53D2, 0x53D2, 0x53D2, 0x53D2, 0x53D2,
  0x53D2, 0x53D2, 0x53D2, 0x53D2, 0x53D2, 0x53D2, 0x53D2, 0x4371, 0x32CF, 0x09ED, 0x01CC, 0x0A0D,
  0x4351, 0x53B2, 0x53D2, 0x53D2, 0x53D2, 0x53D2, 0x53D2, 0x53D2, 0x53D2, 0x53D2, 0x53D2, 0x53D2,
  0x53D2, 0x53D2, 0x53D2, 0x53D2, 0x53D2, 0x53D2, 0x53D2, 0x53D2, 0x53D2, 0x53D2, 0x53D2, 0x53D2,
  0x53D2, 0x53D2, 0x53D2, 0x53D2, 0x53D2, 0x53D2, 0x53D2, 0x53D2, 0x53D2, 0x53D2, 0x4BB2, 0x3B30,
  0x0A0D, 0x01CC, 0x01CC, 0x01CC, 0x01CC, 0x01CC, 0x01CC, 0x01CC, 0x01CC, 0x01CC, 0x01CC, 0x01CC,
  0x01CC, 0x01CC, 0x01CC, 0x01CC, 0x01CC, 0x01CC, 0x01CC, 0x01CC, 0x01CC, 0x01CC, 0x122D, 0x2AEF,
  0x4B92, 0x6413, 0x7474, 0x84D5, 0x7C94, 0x6433, 0x4BB2, 0x22AF, 0x01CC, 0x01CC, 0x01CC, 0x01CC,
  0x01CC, 0x01CC, 0x01CC, 0x01CC, 0x01CC, 0x01CC, 0x01CC, 0x01CC, 0x01CC, 0x01CC, 0x01CC, 0x01CC,
  0x01CC, 0x01CC, 0x01CC, 0x01CC, 0x01CC, 0x01CC, 0x01CC, 0x01CC, 0x01CC, 0x01CC, 0x01CC, 0x01CC,
  0x01CC, 0x01CC, 0x01CC, 0x122D, 0x3310, 0x53D2, 0x6433, 0x7C94, 0x84D5, 0x6C33, 0x4371, 0x228E,
  0x01EC, 0x01CC, 0x01CC, 0x01CC, 0x01CC, 0x01CC, 0x01CC, 0x01CC, 0x01CC, 0x01CC, 0x01CC, 0x01CC,
  0x01CC, 0x01CC, 0x01CC, 0x01CC, 0x01CC, 0x01CC, 0x01CC, 0x01CC, 0x01CC, 0x01EC, 0x2ACF, 0x53B2,
  0x5BF2, 0x7474, 0x84D5, 0x6C74, 0x53B2, 0x32F0, 0x0A0D, 0x01CC, 0x01CC, 0x01CC, 0x01CC, 0x01CC,
  0x01CC, 0x01CC, 0x01CC, 0x01CC, 0x01CC, 0x01CC, 0x01CC, 0x01CC, 0x01CC, 0x01CC, 0x01CC, 0x01CC,
  0x01CC, 0x01CC, 0x01CC, 0x01CC, 0x01CC, 0x01CC, 0x01CC, 0x01CC, 0x01CC, 0x01CC, 0x01CC, 0x01CC,
  0x01CC, 0x01CC, 0x01CC, 0x01CC, 0x01CC, 0x01CC, 0x01CC, 0x01CC, 0x01CC, 0x01CC, 0x01CC, 0x01CC,
  0x01CC, 0x01CC, 0x01CC, 0x01CC, 0x01CC, 0x01CC, 0x01CC, 0x01CC, 0x01CC, 0x01CC, 0x01CC, 0x01CC,
  0x01CC, 0x01CC, 0x01CC, 0x01CC, 0x01CC, 0x01CC, 0x01CC, 0x01CC, 0x01CC, 0x01CC, 0x01CC, 0x01CC,
  0x01CC, 0x01CC, 0x01CC, 0x01CC, 0x01CC, 0x01CC, 0x01CC, 0x01CC, 0x01CC, 0x01CC, 0x01CC, 0x01CC,
  0x01CC, 0x01CC, 0x01CC, 0x01CC, 0x01CC, 0x01CC, 0x01CC, 0x01CC, 0x01CC, 0x01CC, 0x01CC, 0x01CC,
  0x01CC, 0x01CC, 0x01CC, 0x01CC, 0x01CC, 0x01CC, 0x01CC, 0x01CC, 0x01CC, 0x01CC, 0x01CC, 0x01CC,
  0x01CC, 0x01CC, 0x01CC, 0x01CC, 0x01CC, 0x01CC, 0x01CC, 0x01CC, 0x01CC, 0x01CC, 0x01CC, 0x01CC,
  0x01CC, 0x6413, 0xC69B, 0xF7BE, 0xFFFF, 0xFFFF, 0xFFFF, 0xFFFF, 0xEF7E, 0x9D97, 0x4371, 0x01CC,
  0x01CC, 0x01CC, 0x01CC, 0x01CC, 0x01CC, 0x01CC, 0x01CC, 0x01CC, 0x01CC, 0x01CC, 0x01CC, 0x01CC,
  0x01CC, 0x01CC, 0x01CC, 0x01CC, 0x01CC, 0x01CC, 0x01CC, 0x01CC, 0x01CC, 0x01CC, 0x01CC, 0x01CC,
  0x01CC, 0x01CC, 0x01CC, 0x01CC, 0x7CB5, 0xF79E, 0xFFDF, 0xFFFF, 0xFFFF, 0xFFFF, 0xFFFF, 0xFFFF,
  0xFFFF, 0xFFFF, 0xFFFF, 0xFFFF, 0xFFFF, 0xFFFF, 0xFFFF, 0xFFFF, 0xFFFF, 0xFFFF, 0xFFFF, 0xFFFF,
  0xFFFF, 0xFFFF, 0xFFDF, 0xFFDF, 0xE75D, 0xCEBB, 0x9D77, 0x5391, 0x120C, 0x01CC, 0x01CC, 0x01CC,
  0x01CC, 0x01CC, 0x01CC, 0x01CC, 0x01CC, 0x01CC, 0x01CC, 0x01CC, 0x2ACF, 0xD6FC, 0xFFFF, 0xFFFF,
  0xFFFF, 0xFFFF, 0xFFFF, 0xFFFF, 0xFFFF, 0xFFFF, 0xFFFF, 0xFFFF, 0xFFFF, 0xFFFF, 0xFFFF, 0xFFFF,
  0xFFFF, 0xFFFF, 0xFFFF, 0xFFFF, 0xFFFF, 0xFFFF, 0xFFFF, 0xFFFF, 0xFFFF, 0xFFFF, 0xFFFF, 0xFFFF,
  0xFFFF, 0xFFFF, 0xFFFF, 0xFFFF, 0xFFFF, 0xFFFF, 0xFFFF, 0xC69B, 0x7CB5, 0x1A4E, 0x122D, 0x4B91,
  0xDF1C, 0xFFFF, 0xFFFF, 0xFFFF, 0xFFFF, 0xFFFF, 0xFFFF, 0xFFFF, 0xFFFF, 0xFFFF, 0xFFFF, 0xEF9E,
  0xBE5A, 0x5BF2, 0x01CC, 0x01CC, 0x01CC, 0x01CC, 0x01CC, 0x01CC, 0x01CC, 0x01CC, 0x01CC, 0x01CC,
  0x01CC, 0x01CC, 0x01CC, 0x01CC, 0x01CC, 0x01EC, 0x228E, 0x9557, 0xFFDF, 0xFFFF, 0xFFFF, 0xFFFF,
  0xFFFF, 0xFFFF, 0xFFFF, 0xFFFF, 0xFFFF, 0xFFFF, 0xF7DF, 0x84F6, 0x0A0D, 0x01CC, 0x01CC, 0x01CC,
  0x01CC, 0x01CC, 0x01CC, 0x01CC, 0x01CC, 0x01CC, 0x01CC, 0x01CC, 0x01CC, 0x01CC, 0x01CC, 0x01CC,
  0x01CC, 0x01CC, 0x01CC, 0x01CC, 0x01CC, 0x01CC, 0x01CC, 0x01CC, 0x1A6E, 0x8D36, 0xD6DC, 0xFFFF,
  0xFFFF, 0xFFFF, 0xFFFF, 0xFFFF, 0xFFFF, 0xFFFF, 0xFFFF, 0xFFFF, 0xFFFF, 0xFFFF, 0xFFFF, 0xFFFF,
  0xFFFF, 0xFFFF, 0xFFFF, 0xFFFF, 0xFFFF, 0xFFFF, 0xFFFF, 0xFFFF, 0xFFFF, 0xFFFF, 0xFFFF, 0xFFFF,
  0xFFFF, 0xFFFF, 0xFFFF, 0xFFFF, 0xFFFF, 0xFFFF, 0xFFFF, 0xCEBB, 0x7CD5, 0x1A6E, 0x01CC, 0x22AF,
  0xC69B, 0xF7BF, 0xFFFF, 0xFFFF, 0xFFFF, 0xFFFF, 0xFFFF, 0xFFFF, 0xFFFF, 0xFFFF, 0xFFFF, 0xFFFF,
  0xFFFF, 0xFFFF, 0xFFFF, 0xFFFF, 0xFFFF, 0xFFFF, 0xFFFF, 0xFFFF, 0xFFFF, 0xFFFF, 0xFFFF, 0xFFFF,
  0xFFFF, 0xFFFF, 0xFFFF, 0xFFFF, 0xFFFF, 0xFFFF, 0xFFFF, 0xFFFF, 0xFFFF, 0xFFFF, 0xE75D, 0xADF9,
  0x228F, 0x01CC, 0x01CC, 0x01CC, 0x01CC, 0x01CC, 0x01CC, 0x01CC, 0x01CC, 0x01CC, 0x01CC, 0x01CC,
  0x01CC, 0x01CC, 0x01CC, 0x01CC, 0x01CC, 0x01CC, 0x01CC, 0x01CC, 0x01CC, 0x01CC, 0x3B30, 0x8D16,
  0xE75D, 0xFFFF, 0xFFFF, 0xFFFF, 0xFFFF, 0xF7DF, 0xE73D, 0x6C74, 0x01CC, 0x01CC, 0x01CC, 0x01CC,
  0x01CC, 0x01CC, 0x01CC, 0x01CC, 0x01CC, 0x01CC, 0x01CC, 0x01CC, 0x01CC, 0x01CC, 0x01CC, 0x01CC,
  0x01CC, 0x01CC, 0x01CC, 0x01CC, 0x01CC, 0x01CC, 0x01CC, 0x01CC, 0x01CC, 0x01CC, 0x01CC, 0x01CC,
  0x01CC, 0x01CC, 0x0A0D, 0x32EF, 0x9D77, 0xFFDF, 0xFFFF, 0xFFFF, 0xFFFF, 0xFFFF, 0xBE3A, 0x6413,
  0x124D, 0x01CC, 0x01CC, 0x01CC, 0x01CC, 0x01CC, 0x01CC, 0x01CC, 0x01CC, 0x01CC, 0x01CC, 0x01CC,
  0x01CC, 0x01CC, 0x01CC, 0x01CC, 0x01CC, 0x01CC, 0x01CC, 0x01CC, 0x01CC, 0x122D, 0x84F6, 0xEF9E,
  0xFFDF, 0xFFFF, 0xFFFF, 0xFFFF, 0xD6FC, 0x9557, 0x1A6E, 0x01CC, 0x01CC, 0x01CC, 0x01CC, 0x01CC,
  0x01CC, 0x01CC, 0x01CC, 0x01CC, 0x01CC, 0x01CC, 0x01CC, 0x01CC, 0x01CC, 0x01CC, 0x01CC, 0x01CC,
  0x01CC, 0x01CC, 0x01CC, 0x01CC, 0x01CC, 0x01CC, 0x01CC, 0x01CC, 0x01CC, 0x01CC, 0x01CC, 0x01CC,
  0x01CC, 0x01CC, 0x01CC, 0x01CC, 0x01CC, 0x01CC, 0x01CC, 0x01CC, 0x01CC, 0x01CC, 0x01CC, 0x01CC,
  0x01CC, 0x01CC, 0x01CC, 0x01CC, 0x01CC, 0x01CC, 0x01CC, 0x01CC, 0x01CC, 0x01CC, 0x01CC, 0x01CC,
  0x01CC, 0x01CC, 0x01CC, 0x01CC, 0x01CC, 0x01CC, 0x01CC, 0x01CC, 0x01CC, 0x01CC, 0x01CC, 0x01CC,
  0x01CC, 0x01CC, 0x01CC, 0x01CC, 0x01CC, 0x01CC, 0x01CC, 0x01CC, 0x01CC, 0x01CC, 0x01CC, 0x01CC,
  0x01CC, 0x01CC, 0x01CC, 0x01CC, 0x01CC, 0x01CC, 0x01CC, 0x01CC, 0x01CC, 0x01CC, 0x01CC, 0x01CC,
  0x01CC, 0x01CC, 0x01CC, 0x01CC, 0x01CC, 0x01CC, 0x01CC, 0x01CC, 0x01CC, 0x01CC, 0x01CC, 0x01CC,
  0x01CC, 0x01CC, 0x01CC, 0x01CC, 0x01CC, 0x01CC, 0x01CC, 0x01CC, 0x01CC, 0x01CC, 0x0A0D, 0x2ACF,
  0x9557, 0xC69B, 0xEF7D, 0xFFDF, 0xFFFF, 0xFFFF, 0xFFFF, 0xFFFF, 0xF7BF, 0xDF3D, 0x7C95, 0x122D,
  0x01CC, 0x01CC, 0x01CC, 0x01CC, 0x01CC, 0x01CC, 0x01CC, 0x01CC, 0x01CC, 0x01CC, 0x01CC, 0x01CC,
  0x01CC, 0x01CC, 0x01CC, 0x01CC, 0x01CC, 0x01CC, 0x01CC, 0x01CC, 0x01CC, 0x01CC, 0x01CC, 0x01CC,
  0x01CC, 0x01EC, 0x228E, 0x8D37, 0xCEDC, 0xF7DF, 0xFFFF, 0xFFFF, 0xFFFF, 0xFFFF, 0xFFFF, 0xFFFF,
  0xFFFF, 0xFFFF, 0xFFFF, 0xFFFF, 0xFFFF, 0xFFFF, 0xFFFF, 0xFFFF, 0xFFFF, 0xFFFF, 0xFFFF, 0xFFFF,
  0xFFFF, 0xFFFF, 0xFFFF, 0xFFFF, 0xF7DF, 0xEF9E, 0xDF1C, 0xC67A, 0xA5B8, 0x7CB5, 0x3B10, 0x01CC,
  0x01CC, 0x01CC, 0x01CC, 0x01CC, 0x01CC, 0x01CC, 0x01CC, 0x1A4D, 0x53B1, 0xDF1D, 0xFFFF, 0xFFFF,
  0xFFFF, 0xFFFF, 0xFFFF, 0xFFFF, 0xFFFF, 0xFFFF, 0xFFFF, 0xFFFF, 0xFFFF, 0xFFFF, 0xFFFF, 0xFFFF,
  0xFFFF, 0xFFFF, 0xFFFF, 0xFFFF, 0xFFFF, 0xFFFF, 0xFFFF, 0xFFFF, 0xFFFF, 0xFFFF, 0xFFFF, 0xFFFF,
  0xFFFF, 0xFFFF, 0xFFFF, 0xFFDF, 0xFFFF, 0xEF7E, 0x9D98, 0x5C13, 0x2ACF, 0x09ED, 0x01EC, 0x22AF,
  0x8D16, 0xD6DB, 0xFFFF, 0xFFFF, 0xFFFF, 0xFFFF, 0xFFFF, 0xFFFF, 0xFFFF, 0xFFFF, 0xFFFF, 0xFFDF,
  0xEF7E, 0x8D16, 0x2AAF, 0x09ED, 0x01CC, 0x01CC, 0x01CC, 0x01CC, 0x01CC, 0x01CC, 0x01CC, 0x01CC,
  0x01CC, 0x01CC, 0x01CC, 0x01CC, 0x2ACF, 0x6C54, 0xA5D8, 0xD6FC, 0xFFDF, 0xFFFF, 0xFFFF, 0xFFFF,
  0xFFFF, 0xFFFF, 0xFFDF, 0xFFFF, 0xDF1C, 0xA5B8, 0x6434, 0x2ACF, 0x01CC, 0x01CC, 0x01CC, 0x01CC,
  0x01CC, 0x01CC, 0x01CC, 0x01CC, 0x01CC, 0x01CC, 0x01CC, 0x01CC, 0x01CC, 0x01CC, 0x01CC, 0x01CC,
  0x01CC, 0x01CC, 0x01CC, 0x01CC, 0x01CC, 0x01CC, 0x01CC, 0x4371, 0x9577, 0xD6DC, 0xEF9E, 0xFFFF,
  0xFFFF, 0xFFFF, 0xFFFF, 0xFFFF, 0xFFFF, 0xFFFF, 0xFFFF, 0xFFFF, 0xFFFF, 0xFFFF, 0xFFFF, 0xFFFF,
  0xFFFF, 0xFFFF, 0xFFFF, 0xFFFF, 0xFFFF, 0xFFFF, 0xFFFF, 0xFFFF, 0xFFFF, 0xFFFF, 0xFFFF, 0xFFFF,
  0xFFFF, 0xFFFF, 0xFFFF, 0xFFDF, 0xFFFF, 0xEF9E, 0xA5B8, 0x6413, 0x2ACF, 0x09ED, 0x01EC, 0x330F,
  0xD6FC, 0xFFFF, 0xFFFF, 0xFFFF, 0xFFFF, 0xFFFF, 0xFFFF, 0xFFFF, 0xFFFF, 0xFFFF, 0xFFFF, 0xFFFF,
  0xFFFF, 0xFFFF, 0xFFFF, 0xFFFF, 0xFFFF, 0xFFFF, 0xFFFF, 0xFFFF, 0xFFFF, 0xFFFF, 0xFFFF, 0xFFFF,
  0xFFFF, 0xFFFF, 0xFFFF, 0xFFFF, 0xFFFF, 0xFFFF, 0xFFFF, 0xFFFF, 0xF7BE, 0xC67A, 0x7CD5, 0x3B31,
  0x0A0D, 0x01CC, 0x01CC, 0x01CC, 0x01CC, 0x01CC, 0x01CC, 0x01CC, 0x01CC, 0x01CC, 0x01CC, 0x01CC,
  0x01CC, 0x01CC, 0x01CC, 0x01CC, 0x01CC, 0x01CC, 0x01CC, 0x01CC, 0x1A6E, 0x7CD5, 0xB619, 0xD6FC,
  0xF7BE, 0xFFFF, 0xFFFF, 0xFFFF, 0xFFFF, 0xFFFF, 0xF7BF, 0xADF9, 0x53D2, 0x122D, 0x01CC, 0x01CC,
  0x01CC, 0x01CC, 0x01CC, 0x01CC, 0x01CC, 0x01CC, 0x01CC, 0x01CC, 0x01CC, 0x01CC, 0x01CC, 0x01CC,
  0x01CC, 0x01CC, 0x01CC, 0x01CC, 0x01CC, 0x01CC, 0x01CC, 0x01CC, 0x01CC, 0x01CC, 0x01CC, 0x01CC,
  0x01CC, 0x1A8E, 0x53B2, 0xADD8, 0xDF1C, 0xFFDF, 0xFFFF, 0xFFFF, 0xFFFF, 0xFFFF, 0xE75D, 0xADF9,
  0x22AF, 0x01CC, 0x01CC, 0x01CC, 0x01CC, 0x01CC, 0x01CC, 0x01CC, 0x01CC, 0x01CC, 0x01CC, 0x01CC,
  0x01CC, 0x01CC, 0x01CC, 0x01CC, 0x01CC, 0x01CC, 0x01CC, 0x122D, 0x3B10, 0x9D77, 0xD6DC, 0xF7BF,
  0xFFFF, 0xFFFF, 0xFFFF, 0xFFFF, 0xF79E, 0xC67A, 0x32EF, 0x01EC, 0x01CC, 0x01CC, 0x01CC, 0x01CC,
  0x01CC, 0x01CC, 0x01CC, 0x01CC, 0x01CC, 0x01CC, 0x01CC, 0x01CC, 0x01CC, 0x01CC, 0x01CC, 0x01CC,
  0x01CC, 0x01CC, 0x01CC, 0x01CC, 0x01CC, 0x01CC, 0x01CC, 0x01CC, 0x01CC, 0x01CC, 0x01CC, 0x01CC,
  0x01CC, 0x01CC, 0x01CC, 0x01CC, 0x01CC, 0x01CC, 0x01CC, 0x01CC, 0x01CC, 0x01CC, 0x01CC, 0x01CC,
  0x01CC, 0x01CC, 0x01CC, 0x01CC, 0x01CC, 0x01CC, 0x01CC, 0x01CC, 0x01CC, 0x01CC, 0x01CC, 0x01CC,
  0x01CC, 0x01CC, 0x01CC, 0x01CC, 0x01CC, 0x01CC, 0x01CC, 0x01CC, 0x01CC, 0x01CC, 0x01CC, 0x01CC,
  0x01CC, 0x01CC, 0x01CC, 0x01CC, 0x01CC, 0x01CC, 0x01CC, 0x01CC, 0x01CC, 0x01CC, 0x01CC, 0x01CC,
  0x01CC, 0x01CC, 0x01CC, 0x01CC, 0x01CC, 0x01CC, 0x01CC, 0x01CC, 0x01CC, 0x01CC, 0x01CC, 0x01CC,
  0x01CC, 0x01CC, 0x01CC, 0x01CC, 0x01CC, 0x01CC, 0x01CC, 0x01CC, 0x01CC, 0x01CC, 0x01CC, 0x01CC,
  0x01CC, 0x01CC, 0x01CC, 0x01CC, 0x01CC, 0x01CC, 0x01CC, 0x01CC, 0x01CC, 0x0A0D, 0x3B30, 0x84D5,
  0xE75D, 0xFFFF, 0xFFDF, 0xFFFF, 0xFFFF, 0xFFFF, 0xFFFF, 0xFFFF, 0xFFFF, 0xFFFF, 0xADD8, 0x4371,
  0x0A0D, 0x01CC, 0x01CC, 0x01CC, 0x01CC, 0x01CC, 0x01CC, 0x01CC, 0x01CC, 0x01CC, 0x01CC, 0x01CC,
  0x01CC, 0x01CC, 0x01CC, 0x01CC, 0x01CC, 0x01CC, 0x01CC, 0x01CC, 0x01CC, 0x01CC, 0x01CC, 0x01CC,
  0x0A0D, 0x3310, 0x7495, 0xE73D, 0xFFDF, 0xFFDF, 0xFFFF, 0xFFFF, 0xFFFF, 0xFFFF, 0xFFFF, 0xFFFF,
  0xFFFF, 0xFFFF, 0xFFFF, 0xFFFF, 0xFFFF, 0xFFFF, 0xFFFF, 0xFFFF, 0xFFFF, 0xFFFF, 0xFFFF, 0xFFFF,
  0xFFFF, 0xFFFF, 0xFFFF, 0xFFFF, 0xFFFF, 0xFFFF, 0xFFFF, 0xFFFF, 0xF7BE, 0xCEBB, 0x84F5, 0x3310,
  0x0A0D, 0x01CC, 0x01CC, 0x01CC, 0x01CC, 0x01CC, 0x01CC, 0x3B10, 0x8CF5, 0xE75D, 0xFFFF, 0xFFFF,
  0xFFFF, 0xFFFF, 0xFFFF, 0xFFFF, 0xFFFF, 0xFFFF, 0xFFFF, 0xFFFF, 0xFFFF, 0xFFFF, 0xFFFF, 0xFFFF,
  0xFFFF, 0xFFFF, 0xFFFF, 0xFFFF, 0xFFFF, 0xFFFF, 0xFFFF, 0xFFFF, 0xFFFF, 0xFFFF, 0xFFFF, 0xFFFF,
  0xFFFF, 0xFFFF, 0xFFFF, 0xFFDF, 0xDF1D, 0xA5D8, 0x4B91, 0x1A4E, 0x01CC, 0x01CC, 0x01CC, 0x0A0D,
  0x4350, 0x9D98, 0xF7BE, 0xFFDF, 0xFFFF, 0xFFFF, 0xFFFF, 0xFFFF, 0xFFFF, 0xFFFF, 0xFFFF, 0xFFFF,
  0xFFFF, 0xC67A, 0x6C74, 0x1A4E, 0x01CC, 0x01CC, 0x01CC, 0x01CC, 0x01CC, 0x01CC, 0x01CC, 0x01CC,
  0x01CC, 0x01CC, 0x0A2D, 0x3B51, 0x7CD5, 0xBE5A, 0xF79E, 0xFFFF, 0xFFDF, 0xFFFF, 0xFFFF, 0xFFFF,
  0xFFFF, 0xFFDF, 0xEF9E, 0xC69B, 0x8D36, 0x4BB2, 0x122D, 0x01CC, 0x01CC, 0x01CC, 0x01CC, 0x01CC,
  0x01CC, 0x01CC, 0x01CC, 0x01CC, 0x01CC, 0x01CC, 0x01CC, 0x01CC, 0x01CC, 0x01CC, 0x01CC, 0x01CC,
  0x01CC, 0x01CC, 0x01CC, 0x01CC, 0x01CC, 0x0A0D, 0x3B51, 0x9557, 0xE73D, 0xF7DF, 0xFFFF, 0xFFFF,
  0xFFFF, 0xFFFF, 0xFFFF, 0xFFFF, 0xFFFF, 0xFFFF, 0xFFFF, 0xFFFF, 0xFFFF, 0xFFFF, 0xFFFF, 0xFFFF,
  0xFFFF, 0xFFFF, 0xFFFF, 0xFFFF, 0xFFFF, 0xFFFF, 0xFFFF, 0xFFFF, 0xFFFF, 0xFFFF, 0xFFFF, 0xFFFF,
  0xFFFF, 0xFFFF, 0xFFFF, 0xFFDF, 0xDF1D, 0xA5D8, 0x4BB2, 0x1A6E, 0x01CC, 0x01CC, 0x1A4D, 0x5BD2,
  0xDF1D, 0xFFFF, 0xFFFF, 0xFFFF, 0xFFFF, 0xFFFF, 0xFFFF, 0xFFFF, 0xFFFF, 0xFFFF, 0xFFFF, 0xFFFF,
  0xFFFF, 0xFFFF, 0xFFFF, 0xFFFF, 0xFFFF, 0xFFFF, 0xFFFF, 0xFFFF, 0xFFFF, 0xFFFF, 0xFFFF, 0xFFFF,
  0xFFFF, 0xFFFF, 0xFFFF, 0xFFFF, 0xFFFF, 0xFFFF, 0xFFDF, 0xE75D, 0xBE7A, 0x7494, 0x32EF, 0x01CC,
  0x01CC, 0x01CC, 0x01CC, 0x01CC, 0x01CC, 0x01CC, 0x01CC, 0x01CC, 0x01CC, 0x01CC, 0x01CC, 0x01CC,
  0x01CC, 0x01CC, 0x01CC, 0x01CC, 0x01CC, 0x01CC, 0x01CC, 0x2ACF, 0x6C74, 0xD6DC, 0xF7BF, 0xFFFF,
  0xFFFF, 0xFFFF, 0xFFFF, 0xFFFF, 0xFFFF, 0xFFFF, 0xFFFF, 0xDF1C, 0x9D77, 0x228E, 0x01CC, 0x01CC,
  0x01CC, 0x01CC, 0x01CC, 0x01CC, 0x01CC, 0x01CC, 0x01CC, 0x01CC, 0x01CC, 0x01CC, 0x01CC, 0x01CC,
  0x01CC, 0x01CC, 0x01CC, 0x01CC, 0x01CC, 0x01CC, 0x01CC, 0x01CC, 0x01CC, 0x01CC, 0x01CC, 0x01CC,
  0x01EC, 0x4B91, 0xA5B8, 0xEF7E, 0xFFDF, 0xFFDF, 0xFFFF, 0xFFFF, 0xFFFF, 0xFFFF, 0xFFFF, 0xD6FC,
  0x32EF, 0x01EC, 0x01CC, 0x01CC, 0x01CC, 0x01CC, 0x01CC, 0x01CC, 0x01CC, 0x01CC, 0x01CC, 0x01CC,
  0x01CC, 0x01CC, 0x01CC, 0x01CC, 0x01CC, 0x01CC, 0x09EC, 0x3B50, 0x8D16, 0xE75D, 0xFFDF, 0xFFDF,
  0xFFFF, 0xFFFF, 0xFFFF, 0xFFFF, 0xFFFF, 0xDF1C, 0x4350, 0x0A0D, 0x01CC, 0x01CC, 0x01CC, 0x01CC,
  0x01CC, 0x01CC, 0x01CC, 0x01CC, 0x01CC, 0x01CC, 0x01CC, 0x01CC, 0x01CC, 0x01CC, 0x01CC, 0x01CC,
  0x01CC, 0x01CC, 0x01CC, 0x01CC, 0x01CC, 0x01CC, 0x01CC, 0x01CC, 0x01CC, 0x01CC, 0x01CC, 0x01CC,
  0x01CC, 0x01CC, 0x01CC, 0x01CC, 0x01CC, 0x01CC, 0x01CC, 0x01CC, 0x01CC, 0x01CC, 0x01CC, 0x01CC,
  0x01CC, 0x01CC, 0x01CC, 0x01CC, 0x01CC, 0x01CC, 0x01CC, 0x01CC, 0x01CC, 0x01CC, 0x01CC, 0x01CC,
  0x01CC, 0x01CC, 0x01CC, 0x01CC, 0x01CC, 0x01CC, 0x01CC, 0x01CC, 0x01CC, 0x01CC, 0x01CC, 0x01CC,
  0x01CC, 0x01CC, 0x01CC, 0x01CC, 0x01CC, 0x01CC, 0x01CC, 0x01CC, 0x01CC, 0x01CC, 0x01CC, 0x01CC,
  0x01CC, 0x01CC, 0x01CC, 0x01CC, 0x01CC, 0x01CC, 0x01CC, 0x01CC, 0x01CC, 0x01CC, 0x01CC, 0x01CC,
  0x01CC, 0x01CC, 0x01CC, 0x01CC, 0x01CC, 0x01CC, 0x01CC, 0x01CC, 0x01CC, 0x01CC, 0x01CC, 0x01CC,
  0x01CC, 0x01CC, 0x01CC, 0x01CC, 0x01CC, 0x01CC, 0x01CC, 0x01CC, 0x09ED, 0x2ACF, 0x9D77, 0xFFFF,
  0xF7DF, 0xFFDF, 0xFFFF, 0xFFFF, 0xFFFF, 0xFFFF, 0xFFFF, 0xFFFF, 0xFFFF, 0xFFFF, 0xDF1C, 0x9D97,
  0x1A8E, 0x01CC, 0x01CC, 0x01CC, 0x01CC, 0x01CC, 0x01CC, 0x01CC, 0x01CC, 0x01CC, 0x01CC, 0x01CC,
  0x01CC, 0x01CC, 0x01CC, 0x01CC, 0x01CC, 0x01CC, 0x01CC, 0x01CC, 0x01CC, 0x01CC, 0x01CC, 0x01EC,
  0x1A6E, 0x9537, 0xFFFF, 0xF7DF, 0xFFDF, 0xFFFF, 0xFFFF, 0xFFFF, 0xFFFF, 0xFFFF, 0xFFFF, 0xFFFF,
  0xFFFF, 0xFFFF, 0xFFFF, 0xFFFF, 0xFFFF, 0xFFFF, 0xFFFF, 0xFFFF, 0xFFFF, 0xFFFF, 0xFFFF, 0xFFFF,
  0xFFFF, 0xFFFF, 0xFFFF, 0xFFFF, 0xFFFF, 0xFFFF, 0xFFFF, 0xFFFF, 0xFFFF, 0xFFFF, 0xDF1C, 0x9D98,
  0x228E, 0x01CC, 0x01CC, 0x01CC, 0x01CC, 0x01CC, 0x01CC, 0x6433, 0xD6DB, 0xF7BE, 0xFFFF, 0xFFFF,
  0xFFFF, 0xFFFF, 0xFFFF, 0xFFFF, 0xFFFF, 0xFFFF, 0xFFFF, 0xFFFF, 0xFFFF, 0xFFFF, 0xFFFF, 0xFFFF,
  0xFFFF, 0xFFFF, 0xFFFF, 0xFFFF, 0xFFFF, 0xFFFF, 0xFFFF, 0xFFFF, 0xFFFF, 0xFFFF, 0xFFFF, 0xFFFF,
  0xFFFF, 0xFFDF, 0xF7DF, 0xFFFF, 0x9D77, 0x2ACF, 0x0A0D, 0x01CC, 0x01CC, 0x01CC, 0x01CC, 0x01CC,
  0x01CC, 0x6C74, 0xDF3D, 0xF7BE, 0xFFFF, 0xFFFF, 0xFFFF, 0xFFFF, 0xFFFF, 0xFFFF, 0xFFFF, 0xFFFF,
  0xFFDF, 0xFFDF, 0xD6FC, 0x32EF, 0x01CC, 0x01CC, 0x01CC, 0x01CC, 0x01CC, 0x01CC, 0x01CC, 0x01CC,
  0x01CC, 0x01CC, 0x2ACF, 0xBE5A, 0xEF9E, 0xFFFF, 0xFFDF, 0xFFFF, 0xFFFF, 0xFFFF, 0xFFFF, 0xFFFF,
  0xFFDF, 0xFFDF, 0xDF1C, 0x4B91, 0x124D, 0x01CC, 0x01CC, 0x01CC, 0x01CC, 0x01CC, 0x01CC, 0x01CC,
  0x01CC, 0x01CC, 0x01CC, 0x01CC, 0x01CC, 0x01CC, 0x01CC, 0x01CC, 0x01CC, 0x01CC, 0x01CC, 0x01CC,
  0x01CC, 0x01CC, 0x01CC, 0x01CC, 0x01CC, 0x22AF, 0xBE7B, 0xF79E, 0xFFFF, 0xFFFF, 0xFFFF, 0xFFFF,
  0xFFFF, 0xFFFF, 0xFFFF, 0xFFFF, 0xFFFF, 0xFFFF, 0xFFFF, 0xFFFF, 0xFFFF, 0xFFFF, 0xFFFF, 0xFFFF,
  0xFFFF, 0xFFFF, 0xFFFF, 0xFFFF, 0xFFFF, 0xFFFF, 0xFFFF, 0xFFFF, 0xFFFF, 0xFFFF, 0xFFFF, 0xFFFF,
  0xFFFF, 0xFFDF, 0xFFDF, 0xFFFF, 0x9D77, 0x2AAF, 0x0A0D, 0x01CC, 0x01CC, 0x01CC, 0x3B30, 0x9536,
  0xE75D, 0xFFFF, 0xFFFF, 0xFFFF, 0xFFFF, 0xFFFF, 0xFFFF, 0xFFFF, 0xFFFF, 0xFFFF, 0xFFFF, 0xFFFF,
  0xFFFF, 0xFFFF, 0xFFFF, 0xFFFF, 0xFFFF, 0xFFFF, 0xFFFF, 0xFFFF, 0xFFFF, 0xFFFF, 0xFFFF, 0xFFFF,
  0xFFFF, 0xFFFF, 0xFFFF, 0xFFFF, 0xFFDF, 0xF7DF, 0xFFFF, 0xBE3A, 0x5C13, 0x124E, 0x01CC, 0x01CC,
  0x01CC, 0x01CC, 0x01CC, 0x01CC, 0x01CC, 0x01CC, 0x01CC, 0x01CC, 0x01CC, 0x01CC, 0x01CC, 0x01CC,
  0x01CC, 0x01CC, 0x01CC, 0x01CC, 0x01CC, 0x01CC, 0x01CC, 0x7CD5, 0xFFDF, 0xFFDF, 0xFFFF, 0xFFFF,
  0xFFFF, 0xFFFF, 0xFFFF, 0xFFFF, 0xFFFF, 0xFFFF, 0xFFFF, 0xFFFF, 0xD6DC, 0x2ACF, 0x01CC, 0x01CC,
  0x01CC, 0x01CC, 0x01CC, 0x01CC, 0x01CC, 0x01CC, 0x01CC, 0x01CC, 0x01CC, 0x01CC, 0x01CC, 0x01CC,
  0x01CC, 0x01CC, 0x01CC, 0x01CC, 0x01CC, 0x01CC, 0x01CC, 0x01CC, 0x01CC, 0x01CC, 0x01CC, 0x01CC,
  0x122D, 0x8D16, 0xFFFF, 0xFFDF, 0xFFDF, 0xFFFF, 0xFFFF, 0xFFFF, 0xFFFF, 0xFFFF, 0xFFFF, 0xDF1C,
  0x4330, 0x0A0C, 0x01CC, 0x01CC, 0x01CC, 0x01CC, 0x01CC, 0x01CC, 0x01CC, 0x01CC, 0x01CC, 0x01CC,
  0x01CC, 0x01CC, 0x01CC, 0x01CC, 0x01CC, 0x01EC, 0x1A4D, 0x8D36, 0xFFFF, 0xF7DF, 0xFFDF, 0xFFFF,
  0xFFFF, 0xFFFF, 0xFFFF, 0xFFFF, 0xFFFF, 0xDF1D, 0x4B91, 0x122D, 0x01CC, 0x01CC, 0x01CC, 0x01CC,
  0x01CC, 0x01CC, 0x01CC, 0x01CC, 0x01CC, 0x01CC, 0x01CC, 0x01CC, 0x01CC, 0x01CC, 0x01CC, 0x01CC,
  0x01CC, 0x01CC, 0x01CC, 0x01CC, 0x01CC, 0x01CC, 0x01CC, 0x01CC, 0x01CC, 0x01CC, 0x01CC, 0x01CC,
  0x01CC, 0x01CC, 0x01CC, 0x01CC, 0x01CC, 0x01CC, 0x01CC, 0x01CC, 0x01CC, 0x01CC, 0x01CC, 0x01CC,
  0x01CC, 0x01CC, 0x01CC, 0x01CC, 0x01CC, 0x01CC, 0x01CC, 0x01CC, 0x01CC, 0x01CC, 0x01CC, 0x01CC,
  0x01CC, 0x01CC, 0x01CC, 0x01CC, 0x01CC, 0x01CC, 0x01CC, 0x01CC, 0x01CC, 0x01CC, 0x01CC, 0x01CC,
  0x01CC, 0x01CC, 0x01CC, 0x01CC, 0x01CC, 0x01CC, 0x01CC, 0x01CC, 0x01CC, 0x01CC, 0x01CC, 0x01CC,
  0x01CC, 0x01CC, 0x01CC, 0x01CC, 0x01CC, 0x01CC, 0x01CC, 0x01CC, 0x01CC, 0x01CC, 0x01CC, 0x01CC,
  0x01CC, 0x01CC, 0x01CC, 0x01CC, 0x01CC, 0x01CC, 0x01CC, 0x01CC, 0x01CC, 0x01CC, 0x01CC, 0x01CC,
  0x01CC, 0x01CC, 0x01CC, 0x01CC, 0x01CC, 0x01CC, 0x01CC, 0x122D, 0x4350, 0xA5B8, 0xDF1C, 0xFFDF,
  0xFFFF, 0xFFFF, 0xFFFF, 0xFFFF, 0xFFFF, 0xFFFF, 0xFFFF, 0xFFFF, 0xFFFF, 0xFFFF, 0xF7BE, 0xC67B,
  0x2ACF, 0x01CC, 0x01CC, 0x01CC, 0x01CC, 0x01CC, 0x01CC, 0x01CC, 0x01CC, 0x01CC, 0x01CC, 0x01CC,
  0x01CC, 0x01CC, 0x01CC, 0x01CC, 0x01CC, 0x01CC, 0x01CC, 0x01CC, 0x01CC, 0x01CC, 0x1A4E, 0x4371,
  0x9D98, 0xD6FC, 0xFFDF, 0xFFFF, 0xFFFF, 0xFFFF, 0xFFFF, 0xFFFF, 0xFFFF, 0xFFFF, 0xFFFF, 0xFFFF,
  0xFFFF, 0xFFFF, 0xFFFF, 0xFFFF, 0xFFFF, 0xFFFF, 0xFFFF, 0xFFFF, 0xFFFF, 0xFFFF, 0xFFFF, 0xFFFF,
  0xFFFF, 0xFFFF, 0xFFFF, 0xFFFF, 0xFFFF, 0xFFFF, 0xFFFF, 0xFFFF, 0xFFFF, 0xFFFF, 0xF7BE, 0xC69B,
  0x3B10, 0x09EC, 0x01CC, 0x01CC, 0x01CC, 0x01CC, 0x01CC, 0x7CB5, 0xEF9E, 0xFFDF, 0xFFFF, 0xFFFF,
  0xFFFF, 0xFFFF, 0xFFFF, 0xFFFF, 0xFFFF, 0xFFFF, 0xFFFF, 0xFFFF, 0xFFFF, 0xFFFF, 0xFFFF, 0xFFFF,
  0xFFFF, 0xFFFF, 0xFFFF, 0xFFFF, 0xFFFF, 0xFFFF, 0xFFFF, 0xFFFF, 0xFFFF, 0xFFFF, 0xFFFF, 0xFFFF,
  0xFFDF, 0xFFDF, 0xE75D, 0x7CD5, 0x3B30, 0x0A0D, 0x01CC, 0x01CC, 0x01CC, 0x01CC, 0x01CC, 0x01CC,
  0x01CC, 0x22AF, 0x6C54, 0xE73D, 0xFFDF, 0xFFDF, 0xFFFF, 0xFFFF, 0xFFFF, 0xFFFF, 0xFFFF, 0xFFFF,
  0xFFFF, 0xFFFF, 0xEF7E, 0xADF9, 0x4BB2, 0x01CC, 0x01CC, 0x01CC, 0x01CC, 0x01CC, 0x01CC, 0x01EC,
  0x1A6E, 0x6454, 0xB63A, 0xE75D, 0xF7DF, 0xFFFF, 0xFFFF, 0xFFFF, 0xFFFF, 0xFFDF, 0xFFFF, 0xF7DF,
  0xDF1D, 0x9577, 0x4B92, 0x1A4E, 0x01EC, 0x01CC, 0x01CC, 0x01CC, 0x01CC, 0x01CC, 0x01CC, 0x01CC,
  0x01CC, 0x01CC, 0x01CC, 0x01CC, 0x01CC, 0x01CC, 0x01CC, 0x01CC, 0x01CC, 0x01CC, 0x01CC, 0x01CC,
  0x01CC, 0x01CC, 0x01CC, 0x01CC, 0x53D2, 0xB619, 0xE75D, 0xFFDF, 0xFFFF, 0xFFFF, 0xFFFF, 0xFFFF,
  0xFFFF, 0xFFFF, 0xFFFF, 0xFFFF, 0xFFFF, 0xFFFF, 0xFFFF, 0xFFFF, 0xFFFF, 0xFFFF, 0xFFFF, 0xFFFF,
  0xFFFF, 0xFFFF, 0xFFFF, 0xFFFF, 0xFFFF, 0xFFFF, 0xFFFF, 0xFFFF, 0xFFFF, 0xFFFF, 0xFFFF, 0xFFFF,
  0xFFDF, 0xFFDF, 0xE75D, 0x84F5, 0x3B30, 0x0A0D, 0x01CC, 0x01CC, 0x01CC, 0x01CC, 0x6434, 0xD6DC,
  0xF7BE, 0xFFFF, 0xFFFF, 0xFFFF, 0xFFFF, 0xFFFF, 0xFFFF, 0xFFFF, 0xFFFF, 0xFFFF, 0xFFFF, 0xFFFF,
  0xFFFF, 0xFFFF, 0xFFFF, 0xFFFF, 0xFFFF, 0xFFFF, 0xFFFF, 0xFFFF, 0xFFFF, 0xFFFF, 0xFFFF, 0xFFFF,
  0xFFFF, 0xFFFF, 0xFFFF, 0xFFDF, 0xFFDF, 0xEF7E, 0x9D77, 0x53D2, 0x228E, 0x01EC, 0x01CC, 0x01CC,
  0x01CC, 0x01CC, 0x01CC, 0x01CC, 0x01CC, 0x01CC, 0x01CC, 0x01CC, 0x01CC, 0x01CC, 0x01CC, 0x01CC,
  0x01CC, 0x01CC, 0x01CC, 0x01CC, 0x01CC, 0x1A6E, 0x8D36, 0xCEDC, 0xFFDF, 0xFFFF, 0xFFFF, 0xFFFF,
  0xFFFF, 0xFFFF, 0xFFFF, 0xFFFF, 0xFFFF, 0xFFFF, 0xFFFF, 0xFFFF, 0xDF1C, 0x4350, 0x120D, 0x01CC,
  0x01CC, 0x01CC, 0x01CC, 0x01CC, 0x01CC, 0x01CC, 0x01CC, 0x01CC, 0x01CC, 0x01CC, 0x01CC, 0x01CC,
  0x01CC, 0x01CC, 0x01CC, 0x01CC, 0x01CC, 0x01CC, 0x01CC, 0x01CC, 0x01CC, 0x01CC, 0x01CC, 0x1A6E,
  0x8516, 0xCEDB, 0xFFDF, 0xFFFF, 0xFFFF, 0xFFFF, 0xFFFF, 0xFFFF, 0xFFFF, 0xFFFF, 0xFFFF, 0xDF3D,
  0x63F2, 0x226E, 0x01CC, 0x01CC, 0x01CC, 0x01CC, 0x01CC, 0x01CC, 0x01CC, 0x01CC, 0x01CC, 0x01CC,
  0x01CC, 0x01CC, 0x01CC, 0x01CC, 0x01CC, 0x228E, 0x9557, 0xD6FC, 0xFFDF, 0xFFFF, 0xFFFF, 0xFFFF,
  0xFFFF, 0xFFFF, 0xFFFF, 0xFFFF, 0xFFFF, 0xDF1C, 0x4330, 0x0A0C, 0x01CC, 0x01CC, 0x01CC, 0x01CC,
  0x01CC, 0x01CC, 0x01CC, 0x01CC, 0x01CC, 0x01CC, 0x01CC, 0x01CC, 0x01CC, 0x01CC, 0x01CC, 0x01CC,
  0x01CC, 0x01CC, 0x01CC, 0x01CC, 0x01CC, 0x01CC, 0x01CC, 0x01CC, 0x01CC, 0x01CC, 0x01CC, 0x01CC,
  0x01CC, 0x01CC, 0x01CC, 0x01CC, 0x01CC, 0x01CC, 0x01CC, 0x01CC, 0x01CC, 0x01CC, 0x01CC, 0x01CC,
  0x01CC, 0x01CC, 0x01CC, 0x01CC, 0x01CC, 0x01CC, 0x01CC, 0x01CC, 0x01CC, 0x01CC, 0x01CC, 0x01CC,
  0x01CC, 0x01CC, 0x01CC, 0x01CC, 0x01CC, 0x01CC, 0x01CC, 0x01CC, 0x01CC, 0x01CC, 0x01CC, 0x01CC,
  0x01CC, 0x01CC, 0x01CC, 0x01CC, 0x01CC, 0x01CC, 0x01CC, 0x01CC, 0x01CC, 0x01CC, 0x01CC, 0x01CC,
  0x01CC, 0x01CC, 0x01CC, 0x01CC, 0x01CC, 0x01CC, 0x01CC, 0x01CC, 0x01CC, 0x01CC, 0x01CC, 0x01CC,
  0x01CC, 0x01CC, 0x01CC, 0x01CC, 0x01CC, 0x01CC, 0x01CC, 0x01CC, 0x01CC, 0x01CC, 0x01CC, 0x01CC,
  0x01CC, 0x01CC, 0x01CC, 0x01CC, 0x01CC, 0x01EC, 0x124E, 0x4B91, 0x9536, 0xE75D, 0xFFDF, 0xFFDF,
  0xFFFF, 0xFFFF, 0xFFFF, 0xFFFF, 0xFFFF, 0xFFFF, 0xFFFF, 0xFFFF, 0xFFFF, 0xFFFF, 0xFFFF, 0xD6FC,
  0x3B30, 0x09EC, 0x01CC, 0x01CC, 0x01CC, 0x01CC, 0x01CC, 0x01CC, 0x01CC, 0x01CC, 0x01CC, 0x01CC,
  0x01CC, 0x01CC, 0x01CC, 0x01CC, 0x01CC, 0x01CC, 0x01CC, 0x01CC, 0x09ED, 0x2ACF, 0x5BF3, 0x9577,
  0xEF7E, 0xFFFF, 0xFFDF, 0xFFFF, 0xFFFF, 0xFFFF, 0xFFFF, 0xFFFF, 0xFFFF, 0xFFFF, 0xFFFF, 0xFFFF,
  0xFFFF, 0xFFFF, 0xFFFF, 0xFFFF, 0xFFFF, 0xFFFF, 0xFFFF, 0xFFFF, 0xFFFF, 0xFFFF, 0xFFFF, 0xFFFF,
  0xFFFF, 0xFFFF, 0xFFFF, 0xFFFF, 0xFFFF, 0xFFFF, 0xFFFF, 0xFFFF, 0xFFFF, 0xFFFF, 0xFFFF, 0xDF3D,
  0x5BF2, 0x1A6E, 0x01CC, 0x01CC, 0x01CC, 0x01EC, 0x122D, 0x8D36, 0xFFFF, 0xFFFF, 0xFFFF, 0xFFFF,
  0xFFFF, 0xFFFF, 0xFFFF, 0xFFFF, 0xFFFF, 0xFFFF, 0xFFFF, 0xFFFF, 0xFFFF, 0xFFFF, 0xFFFF, 0xFFFF,
  0xFFFF, 0xFFFF, 0xFFFF, 0xFFFF, 0xFFFF, 0xFFFF, 0xFFFF, 0xFFFF, 0xFFFF, 0xFFFF, 0xFFFF, 0xFFFF,
  0xFFDF, 0xD6FC, 0x9577, 0x2AAF, 0x01EC, 0x01CC, 0x01CC, 0x01CC, 0x01CC, 0x01CC, 0x01CC, 0x01CC,
  0x01CC, 0x01CC, 0x228E, 0xA5B8, 0xDF1D, 0xFFDF, 0xFFFF, 0xFFFF, 0xFFFF, 0xFFFF, 0xFFFF, 0xFFFF,
  0xFFFF, 0xFFFF, 0xFFDF, 0xF7BE, 0x8D37, 0x22AF, 0x09EC, 0x01CC, 0x01CC, 0x01CC, 0x1A6E, 0x3B50,
  0x6C54, 0xBE5A, 0xFFFF, 0xFFDF, 0xFFFF, 0xFFFF, 0xFFFF, 0xFFFF, 0xFFFF, 0xFFDF, 0xE73D, 0xBE5A,
  0x9557, 0x4371, 0x01CC, 0x01CC, 0x01CC, 0x01CC, 0x01CC, 0x01CC, 0x01CC, 0x01CC, 0x01CC, 0x01CC,
  0x01CC, 0x01CC, 0x01CC, 0x01CC, 0x01CC, 0x01CC, 0x01CC, 0x01CC, 0x01CC, 0x01CC, 0x01CC, 0x01CC,
  0x01CC, 0x01EC, 0x1A6E, 0x4B91, 0xADD9, 0xFFFF, 0xFFDF, 0xFFFF, 0xFFFF, 0xFFFF, 0xFFFF, 0xFFFF,
  0xFFFF, 0xFFFF, 0xFFFF, 0xFFFF, 0xFFFF, 0xFFFF, 0xFFFF, 0xFFFF, 0xFFFF, 0xFFFF, 0xFFFF, 0xFFFF,
  0xFFFF, 0xFFFF, 0xFFFF, 0xFFFF, 0xFFFF, 0xFFFF, 0xFFFF, 0xFFFF, 0xFFFF, 0xFFFF, 0xFFFF, 0xFFFF,
  0xFFDF, 0xD6FC, 0x9577, 0x2ACF, 0x09EC, 0x01CC, 0x01CC, 0x01CC, 0x01CC, 0x01EC, 0x7CD6, 0xF7DF,
  0xFFFF, 0xFFFF, 0xFFFF, 0xFFFF, 0xFFFF, 0xFFFF, 0xFFFF, 0xFFFF, 0xFFFF, 0xFFFF, 0xFFFF, 0xFFFF,
  0xFFFF, 0xFFFF, 0xFFFF, 0xFFFF, 0xFFFF, 0xFFFF, 0xFFFF, 0xFFFF, 0xFFFF, 0xFFFF, 0xFFFF, 0xFFFF,
  0xFFFF, 0xFFFF, 0xFFFF, 0xFFDF, 0xDF1C, 0xA5D8, 0x4371, 0x1A4E, 0x01CC, 0x01CC, 0x01CC, 0x01CC,
  0x01CC, 0x01CC, 0x01CC, 0x01CC, 0x01CC, 0x01CC, 0x01CC, 0x01CC, 0x01CC, 0x01CC, 0x01CC, 0x01CC,
  0x01CC, 0x01CC, 0x01CC, 0x01CC, 0x2ACF, 0x7474, 0xE73D, 0xFFDF, 0xFFDF, 0xFFFF, 0xFFFF, 0xFFFF,
  0xFFFF, 0xFFFF, 0xFFFF, 0xFFFF, 0xFFFF, 0xFFFF, 0xFFFF, 0xFFFF, 0xE75D, 0x7C94, 0x2ACF, 0x01CC,
  0x01CC, 0x01CC, 0x01CC, 0x01CC, 0x01CC, 0x01CC, 0x01CC, 0x01CC, 0x01CC, 0x01CC, 0x01CC, 0x01CC,
  0x01CC, 0x01CC, 0x01CC, 0x01CC, 0x01CC, 0x01CC, 0x01CC, 0x01CC, 0x01CC, 0x01CC, 0x122D, 0x4371,
  0xD6DC, 0xF7DF, 0xFFDF, 0xFFFF, 0xFFFF, 0xFFFF, 0xFFFF, 0xFFFF, 0xFFFF, 0xFFFF, 0xFFFF, 0xE75D,
  0x8CF5, 0x3B0F, 0x01CC, 0x01CC, 0x01CC, 0x01CC, 0x01CC, 0x01CC, 0x01CC, 0x01CC, 0x01CC, 0x01CC,
  0x01CC, 0x01CC, 0x01CC, 0x01CC, 0x2ACF, 0x7474, 0xE73D, 0xFFDF, 0xFFDF, 0xFFFF, 0xFFFF, 0xFFFF,
  0xFFFF, 0xFFFF, 0xFFFF, 0xFFFF, 0xFFFF, 0xD6FC, 0x32EF, 0x01CC, 0x01CC, 0x01CC, 0x01CC, 0x01CC,
  0x01CC, 0x01CC, 0x01CC, 0x01CC, 0x01CC, 0x01CC, 0x01CC, 0x01CC, 0x01CC, 0x01CC, 0x01CC, 0x01CC,
  0x01CC, 0x01CC, 0x01CC, 0x01CC, 0x01CC, 0x01CC, 0x01CC, 0x01CC, 0x01CC, 0x01CC, 0x01CC, 0x01CC,
  0x01CC, 0x01CC, 0x01CC, 0x01CC, 0x01CC, 0x01CC, 0x01CC, 0x01CC, 0x01CC, 0x01CC, 0x01CC, 0x01CC,
  0x01CC, 0x01CC, 0x01CC, 0x01CC, 0x01CC, 0x01CC, 0x01CC, 0x01CC, 0x01CC, 0x01CC, 0x01CC, 0x01CC,
  0x01CC, 0x01CC, 0x01CC, 0x01CC, 0x01CC, 0x01CC, 0x01CC, 0x01CC, 0x01CC, 0x01CC, 0x01CC, 0x01CC,
  0x01CC, 0x01CC, 0x01CC, 0x01CC, 0x01CC, 0x01CC, 0x01CC, 0x01CC, 0x01CC, 0x01CC, 0x01CC, 0x01CC,
  0x01CC, 0x01CC, 0x01CC, 0x01CC, 0x01CC, 0x01CC, 0x01CC, 0x01CC, 0x01CC, 0x01CC, 0x01CC, 0x01CC,
  0x01CC, 0x01CC, 0x01CC, 0x01CC, 0x01CC, 0x01CC, 0x01CC, 0x01CC, 0x01CC, 0x01CC, 0x01CC, 0x01CC,
  0x01CC, 0x01CC, 0x01CC, 0x01CC, 0x01CC, 0x0A0D, 0x4371, 0xADD9, 0xFFDF, 0xF7DF, 0xFFDF, 0xFFFF,
  0xFFFF, 0xFFFF, 0xFFFF, 0xFFFF, 0xFFFF, 0xFFFF, 0xFFFF, 0xFFFF, 0xFFFF, 0xFFFF, 0xFFFF, 0xDF3D,
  0x5BD2, 0x1A6D, 0x01CC, 0x01CC, 0x01CC, 0x01CC, 0x01CC, 0x01CC, 0x01CC, 0x01CC, 0x01CC, 0x01CC,
  0x01CC, 0x01CC, 0x01CC, 0x01CC, 0x01CC, 0x01CC, 0x01CC, 0x01CC, 0x1A6E, 0x84D5, 0xCEBB, 0xFFFF,
  0xFFFF, 0xFFFF, 0xFFFF, 0xFFFF, 0xFFFF, 0xFFFF, 0xFFFF, 0xFFFF, 0xFFFF, 0xFFFF, 0xFFFF, 0xFFFF,
  0xFFFF, 0xFFFF, 0xFFFF, 0xFFFF, 0xFFFF, 0xFFFF, 0xFFFF, 0xFFFF, 0xFFFF, 0xFFFF, 0xFFFF, 0xFFFF,
  0xFFFF, 0xFFFF, 0xFFFF, 0xFFFF, 0xFFFF, 0xFFFF, 0xFFFF, 0xFFFF, 0xFFFF, 0xFFFF, 0xFFFF, 0xE75D,
  0x8D16, 0x3B30, 0x01CC, 0x01CC, 0x01CC, 0x0A0D, 0x3B0F, 0xA5B8, 0xFFFF, 0xFFFF, 0xFFFF, 0xFFFF,
  0xFFFF, 0xFFFF, 0xFFFF, 0xFFFF, 0xFFFF, 0xFFFF, 0xFFFF, 0xFFFF, 0xFFFF, 0xFFFF, 0xFFFF, 0xFFFF,
  0xFFFF, 0xFFFF, 0xFFFF, 0xFFFF, 0xFFFF, 0xFFFF, 0xFFFF, 0xFFFF, 0xFFFF, 0xFFFF, 0xFFFF, 0xFFFF,
  0xFFFF, 0x84F6, 0x0A0D, 0x01CC, 0x01CC, 0x01CC, 0x01CC, 0x01CC, 0x01CC, 0x01CC, 0x01CC, 0x01CC,
  0x01CC, 0x01CC, 0x0A0D, 0x2ACF, 0x9D97, 0xFFFF, 0xFFFF, 0xFFFF, 0xFFFF, 0xFFFF, 0xFFFF, 0xFFFF,
  0xFFFF, 0xFFFF, 0xFFFF, 0xFFFF, 0xC67A, 0x7474, 0x124E, 0x01CC, 0x01CC, 0x01CC, 0x4BB2, 0xADF9,
  0xEF7E, 0xFFDF, 0xFFDF, 0xFFFF, 0xFFFF, 0xFFFF, 0xFFFF, 0xFFFF, 0xFFDF, 0xFFFF, 0xADD9, 0x4B71,
  0x122D, 0x01CC, 0x01CC, 0x01CC, 0x01CC, 0x01CC, 0x01CC, 0x01CC, 0x01CC, 0x01CC, 0x01CC, 0x01CC,
  0x01CC, 0x01CC, 0x01CC, 0x01CC, 0x01CC, 0x01CC, 0x01CC, 0x01CC, 0x01CC, 0x01CC, 0x01CC, 0x01CC,
  0x01CC, 0x124D, 0x4B91, 0xDF1C, 0xFFFF, 0xFFFF, 0xFFFF, 0xFFFF, 0xFFFF, 0xFFFF, 0xFFFF, 0xFFFF,
  0xFFFF, 0xFFFF, 0xFFFF, 0xFFFF, 0xFFDF, 0xFFDF, 0xFFFF, 0xFFFF, 0xFFFF, 0xFFFF, 0xFFFF, 0xFFFF,
  0xFFDF, 0xFFFF, 0xFFFF, 0xFFFF, 0xFFFF, 0xFFFF, 0xFFFF, 0xFFFF, 0xFFFF, 0xFFFF, 0xFFFF, 0xFFFF,
  0xFFDF, 0x84F6, 0x09EC, 0x01CC, 0x01CC, 0x01CC, 0x01CC, 0x01CC, 0x01EC, 0x122D, 0x8D36, 0xFFFF,
  0xFFFF, 0xFFFF, 0xFFFF, 0xFFFF, 0xFFFF, 0xFFFF, 0xFFFF, 0xFFFF, 0xFFFF, 0xFFFF, 0xFFFF, 0xFFFF,
  0xFFFF, 0xFFFF, 0xFFFF, 0xFFFF, 0xFFFF, 0xFFFF, 0xFFFF, 0xFFFF, 0xFFFF, 0xFFFF, 0xFFFF, 0xFFFF,
  0xFFFF, 0xFFFF, 0xFFFF, 0xFFFF, 0x9577, 0x22AF, 0x0A0D, 0x01CC, 0x01CC, 0x01CC, 0x01CC, 0x01CC,
  0x01CC, 0x01CC, 0x01CC, 0x01CC, 0x01CC, 0x01CC, 0x01CC, 0x01CC, 0x01CC, 0x01CC, 0x01CC, 0x01CC,
  0x01CC, 0x01CC, 0x01CC, 0x0A0C, 0x84F6, 0xFFDF, 0xF7DF, 0xFFDF, 0xFFFF, 0xFFFF, 0xFFFF, 0xFFFF,
  0xFFFF, 0xFFFF, 0xFFFF, 0xFFFF, 0xFFFF, 0xFFFF, 0xFFFF, 0xFFFF, 0xF79E, 0xC67A, 0x5BF3, 0x01CC,
  0x01CC, 0x01CC, 0x01CC, 0x01CC, 0x01CC, 0x01CC, 0x01CC, 0x01CC, 0x01CC, 0x01CC, 0x01CC, 0x01CC,
  0x01CC, 0x01CC, 0x01CC, 0x01CC, 0x01CC, 0x01CC, 0x01CC, 0x01CC, 0x01CC, 0x01CC, 0x3B10, 0x8CF6,
  0xE75D, 0xFFFF, 0xFFFF, 0xFFFF, 0xFFFF, 0xFFFF, 0xFFFF, 0xFFFF, 0xFFFF, 0xFFFF, 0xFFFF, 0xF79E,
  0xBE39, 0x53D2, 0x01CC, 0x01CC, 0x01CC, 0x01CC, 0x01CC, 0x01CC, 0x01CC, 0x01CC, 0x01CC, 0x01CC,
  0x01CC, 0x01CC, 0x01CC, 0x01CC, 0x7CD5, 0xFFDF, 0xF7BF, 0xFFDF, 0xFFFF, 0xFFFF, 0xFFFF, 0xFFFF,
  0xFFFF, 0xFFFF, 0xFFFF, 0xFFFF, 0xFFFF, 0xD6FC, 0x32EF, 0x01CC, 0x01CC, 0x01CC, 0x01CC, 0x01CC,
  0x01CC, 0x01CC, 0x01CC, 0x01CC, 0x01CC, 0x01CC, 0x01CC, 0x01CC, 0x01CC, 0x01CC, 0x01CC, 0x01CC,
  0x01CC, 0x01CC, 0x01CC, 0x01CC, 0x01CC, 0x01CC, 0x01CC, 0x01CC, 0x01CC, 0x01CC, 0x01CC, 0x01CC,
  0x01CC, 0x01CC, 0x01CC, 0x01CC, 0x01CC, 0x01CC, 0x01CC, 0x01CC, 0x01CC, 0x01CC, 0x01CC, 0x01CC,
  0x01CC, 0x01CC, 0x01CC, 0x01CC, 0x01CC, 0x01CC, 0x01CC, 0x01CC, 0x01CC, 0x01CC, 0x01CC, 0x01CC,
  0x01CC, 0x01CC, 0x01CC, 0x01CC, 0x01CC, 0x01CC, 0x01CC, 0x01CC, 0x01CC, 0x01CC, 0x01CC, 0x01CC,
  0x01CC, 0x01CC, 0x01CC, 0x01CC, 0x01CC, 0x01CC, 0x01CC, 0x01CC, 0x01CC, 0x01CC, 0x01CC, 0x01CC,
  0x01CC, 0x01CC, 0x01CC, 0x01CC, 0x01CC, 0x01CC, 0x01CC, 0x01CC, 0x01CC, 0x01CC, 0x01CC, 0x01CC,
  0x01CC, 0x01CC, 0x01CC, 0x01CC, 0x01CC, 0x01CC, 0x01CC, 0x01CC, 0x01CC, 0x01CC, 0x01CC, 0x01CC,
  0x01CC, 0x01CC, 0x01CC, 0x01CC, 0x22AF, 0x5C13, 0xAE19, 0xDF3D, 0xFFDF, 0xFFFF, 0xFFFF, 0xFFFF,
  0xFFFF, 0xFFFF, 0xFFFF, 0xFFFF, 0xFFFF, 0xFFFF, 0xFFFF, 0xFFFF, 0xFFFF, 0xFFFF, 0xFFFF, 0xEF7E,
  0xA5B8, 0x4B91, 0x01CC, 0x01CC, 0x01CC, 0x01CC, 0x01CC, 0x01CC, 0x01CC, 0x01CC, 0x01CC, 0x01CC,
  0x01CC, 0x01CC, 0x01CC, 0x01CC, 0x01CC, 0x01CC, 0x01CC, 0x01CC, 0x122D, 0x5391, 0x6412, 0x6C53,
  0x6C53, 0x6C53, 0x6C53, 0x6C53, 0x6C53, 0x6C53, 0x6C53, 0x6C53, 0x6C53, 0x6C53, 0x6C53, 0x6C53,
  0x6C53, 0x6C53, 0x6C53, 0x6C53, 0x6C53, 0x6C53, 0x6C53, 0x6C53, 0x6C53, 0x6C53, 0x6C33, 0x6C53,
  0x7474, 0xB619, 0xF7BE, 0xFFDF, 0xFFFF, 0xFFFF, 0xFFFF, 0xFFFF, 0xFFFF, 0xFFFF, 0xFFFF, 0xEF7D,
  0x9516, 0x3B30, 0x01CC, 0x01CC, 0x01CC, 0x1A6E, 0x84D5, 0xCEBB, 0xFFFF, 0xFFFF, 0xFFFF, 0xFFFF,
  0xFFFF, 0xFFFF, 0xF7BE, 0xCEBB, 0x9556, 0x6C33, 0x6C53, 0x6C53, 0x6C53, 0x6C53, 0x6C53, 0x6C53,
  0x6C53, 0x6C53, 0x6C53, 0x6C53, 0x6C53, 0x6C53, 0x6C53, 0x6C53, 0x6C53, 0x6C53, 0x7453, 0x7453,
  0x5C13, 0x2AEF, 0x01CC, 0x01CC, 0x01CC, 0x01CC, 0x01CC, 0x01CC, 0x01CC, 0x01CC, 0x01CC, 0x01CC,
  0x01CC, 0x01CC, 0x01CC, 0x122D, 0x6C54, 0xCEBB, 0xF7BE, 0xFFFF, 0xFFFF, 0xFFFF, 0xFFFF, 0xFFFF,
  0xFFFF, 0xFFFF, 0xFFFF, 0xFFFF, 0xEF7E, 0xB63A, 0x3B10, 0x0A0D, 0x1A6E, 0x84F6, 0xBE5A, 0xE73D,
  0xF7DF, 0xFFFF, 0xFFFF, 0xFFFF, 0xFFFF, 0xFFFF, 0xFFFF, 0xF7BF, 0xD6FC, 0x7CB5, 0x3B51, 0x1A4E,
  0x01EC, 0x01CC, 0x01CC, 0x01CC, 0x01CC, 0x01CC, 0x01CC, 0x01CC, 0x01CC, 0x01CC, 0x01CC, 0x01CC,
  0x01CC, 0x01CC, 0x01CC, 0x01CC, 0x01CC, 0x01CC, 0x01CC, 0x01CC, 0x01CC, 0x01CC, 0x01CC, 0x01CC,
  0x01CC, 0x1A4D, 0x430F, 0x6412, 0x6C53, 0x6C53, 0x6C53, 0x6C53, 0x6C53, 0x6C53, 0x6C53, 0x6C53,
  0x6C53, 0x6C53, 0x6C53, 0x6C33, 0xADF9, 0xF7BF, 0xFFFF, 0xFFFF, 0xFFFF, 0xFFFF, 0xFFFF, 0xFFFF,
  0xFFFF, 0xD6FC, 0xA597, 0x7474, 0x6C33, 0x6C53, 0x6C53, 0x6C53, 0x6C53, 0x6C53, 0x7453, 0x7453,
  0x5C13, 0x2ACF, 0x01CC, 0x01CC, 0x01CC, 0x01CC, 0x01CC, 0x01CC, 0x122D, 0x53D2, 0xB619, 0xFFFF,
  0xFFFF, 0xFFFF, 0xFFFF, 0xFFFF, 0xFFFF, 0xFFDF, 0xEF7E, 0xA5D8, 0x6433, 0x6C53, 0x6C53, 0x6C53,
  0x6C53, 0x6C53, 0x6C53, 0x6C53, 0x6C53, 0x6C53, 0x6C53, 0x6C53, 0x6C53, 0x6C53, 0x6C53, 0x6C53,
  0x6C53, 0x7453, 0x6C53, 0x6433, 0x3B10, 0x0A0D, 0x01CC, 0x01CC, 0x01CC, 0x01CC, 0x01CC, 0x01CC,
  0x01CC, 0x01CC, 0x01CC, 0x01CC, 0x01CC, 0x01CC, 0x01CC, 0x01CC, 0x01CC, 0x01CC, 0x01CC, 0x01CC,
  0x01CC, 0x01EC, 0x2AAF, 0x9557, 0xD6DC, 0xFFDF, 0xFFFF, 0xFFFF, 0xFFFF, 0xFFFF, 0xFFFF, 0xFFFF,
  0xFFFF, 0xFFFF, 0xFFFF, 0xFFFF, 0xFFFF, 0xFFFF, 0xFFFF, 0xFFFF, 0xFFDF, 0xEF7E, 0x7495, 0x01CC,
  0x01CC, 0x01CC, 0x01CC, 0x01CC, 0x01CC, 0x01CC, 0x01CC, 0x01CC, 0x01CC, 0x01CC, 0x01CC, 0x01CC,
  0x01CC, 0x01CC, 0x01CC, 0x01CC, 0x01CC, 0x01CC, 0x01CC, 0x01CC, 0x01CC, 0x01CC, 0x6C54, 0xD6FC,
  0xF7BE, 0xFFFF, 0xFFFF, 0xFFFF, 0xFFFF, 0xFFFF, 0xFFFF, 0xFFFF, 0xFFFF, 0xFFFF, 0xFFFF, 0xF7DF,
  0xDF1C, 0x6C54, 0x01CC, 0x01CC, 0x01CC, 0x01CC, 0x01CC, 0x01CC, 0x01CC, 0x01CC, 0x01CC, 0x01CC,
  0x01CC, 0x01CC, 0x1A6E, 0x7CD5, 0xCEBB, 0xFFDF, 0xFFFF, 0xFFFF, 0xFFFF, 0xFFFF, 0xFFFF, 0xFFFF,
  0xFFFF, 0xFFFF, 0xFFFF, 0xFFFF, 0xFFFF, 0xD6FC, 0x32EF, 0x01CC, 0x01CC, 0x01CC, 0x01CC, 0x01CC,
  0x01CC, 0x01CC, 0x01CC, 0x01CC, 0x01CC, 0x01CC, 0x01CC, 0x01CC, 0x01CC, 0x01CC, 0x01CC, 0x01CC,
  0x01CC, 0x01CC, 0x01CC, 0x01CC, 0x01CC, 0x01CC, 0x01CC, 0x01CC, 0x01CC, 0x01CC, 0x01CC, 0x01CC,
  0x01CC, 0x01CC, 0x01CC, 0x01CC, 0x01CC, 0x01CC, 0x01CC, 0x01CC, 0x01CC, 0x01CC, 0x01CC, 0x01CC,
  0x01CC, 0x01CC, 0x01CC, 0x01CC, 0x01CC, 0x01CC, 0x01CC, 0x01CC, 0x01CC, 0x01CC, 0x01CC, 0x01CC,
  0x01CC, 0x01CC, 0x01CC, 0x01CC, 0x01CC, 0x01CC, 0x01CC, 0x01CC, 0x01CC, 0x01CC, 0x01CC, 0x01CC,
  0x01CC, 0x01CC, 0x01CC, 0x01CC, 0x01CC, 0x01CC, 0x01CC, 0x01CC, 0x01CC, 0x01CC, 0x01CC, 0x01CC,
  0x01CC, 0x01CC, 0x01CC, 0x01CC, 0x01CC, 0x01CC, 0x01CC, 0x01CC, 0x01CC, 0x01CC, 0x01CC, 0x01CC,
  0x01CC, 0x01CC, 0x01CC, 0x01CC, 0x01CC, 0x01CC, 0x01CC, 0x01CC, 0x01CC, 0x01CC, 0x01CC, 0x01CC,
  0x01CC, 0x01CC, 0x01EC, 0x228E, 0x6433, 0xADF9, 0xEF9E, 0xFFFF, 0xFFDF, 0xFFFF, 0xFFFF, 0xFFFF,
  0xFFFF, 0xFFFF, 0xFFFF, 0xFFFF, 0xFFFF, 0xFFFF, 0xFFFF, 0xFFFF, 0xFFFF, 0xFFFF, 0xFFFF, 0xF7BF,
  0xDF3D, 0x6C74, 0x01CC, 0x01CC, 0x01CC, 0x01CC, 0x01CC, 0x01CC, 0x01CC, 0x01CC, 0x01CC, 0x01CC,
  0x01CC, 0x01CC, 0x01CC, 0x01CC, 0x01CC, 0x01CC, 0x01CC, 0x01CC, 0x09EC, 0x226D, 0x224D, 0x120C,
  0x120C, 0x120C, 0x120C, 0x120C, 0x120C, 0x120C, 0x120C, 0x120C, 0x120C, 0x120C, 0x120C, 0x120C,
  0x120C, 0x120C, 0x120C, 0x120C, 0x120C, 0x120C, 0x120C, 0x120C, 0x120C, 0x120C, 0x120C, 0x120C,
  0x1A4D, 0x5C13, 0xB619, 0xEF7E, 0xFFFF, 0xFFFF, 0xFFFF, 0xFFFF, 0xFFFF, 0xFFFF, 0xFFFF, 0xE75D,
  0x8CF5, 0x3B0F, 0x01CC, 0x01CC, 0x01CC, 0x2AAF, 0xBE3A, 0xEF7E, 0xFFFF, 0xFFFF, 0xFFFF, 0xFFFF,
  0xFFFF, 0xFFFF, 0xEF7D, 0x9536, 0x4350, 0x09EC, 0x120C, 0x120C, 0x120C, 0x120C, 0x120C, 0x120C,
  0x120C, 0x120C, 0x120C, 0x120C, 0x120C, 0x120C, 0x120C, 0x120C, 0x120C, 0x120C, 0x1A2D, 0x1A2D,
  0x01EC, 0x01CC, 0x01CC, 0x01CC, 0x01CC, 0x01CC, 0x01CC, 0x01CC, 0x01CC, 0x01CC, 0x01CC, 0x01CC,
  0x01CC, 0x01CC, 0x01CC, 0x01CC, 0x3B10, 0x84F6, 0xE75D, 0xFFDF, 0xFFFF, 0xFFFF, 0xFFFF, 0xFFFF,
  0xFFFF, 0xFFFF, 0xFFFF, 0xFFFF, 0xFFFF, 0xE75D, 0x84D5, 0x5C13, 0x6C74, 0xDF1C, 0xFFDF, 0xFFFF,
  0xFFFF, 0xFFFF, 0xFFFF, 0xFFFF, 0xFFFF, 0xF7BF, 0xE73D, 0xBE5A, 0x8516, 0x228E, 0x01CC, 0x01CC,
  0x01CC, 0x01CC, 0x01CC, 0x01CC, 0x01CC, 0x01CC, 0x01CC, 0x01CC, 0x01CC, 0x01CC, 0x01CC, 0x01CC,
  0x01CC, 0x01CC, 0x01CC, 0x01CC, 0x01CC, 0x01CC, 0x01CC, 0x01CC, 0x01CC, 0x01CC, 0x01CC, 0x01CC,
  0x01CC, 0x122D, 0x228D, 0x1A2C, 0x120C, 0x120C, 0x120C, 0x120C, 0x120C, 0x120C, 0x120C, 0x120C,
  0x120C, 0x122C, 0x122C, 0x120C, 0x84F5, 0xF7DF, 0xFFFF, 0xFFFF, 0xFFFF, 0xFFFF, 0xFFFF, 0xFFFF,
  0xFFFF, 0xADF9, 0x5391, 0x1A4D, 0x120C, 0x120C, 0x120C, 0x120C, 0x120C, 0x120C, 0x1A2C, 0x1A2D,
  0x01EC, 0x01CC, 0x01CC, 0x01CC, 0x01CC, 0x01CC, 0x01CC, 0x01CC, 0x1A6E, 0x9557, 0xD6FC, 0xFFFF,
  0xFFFF, 0xFFFF, 0xFFFF, 0xFFFF, 0xFFFF, 0xF7BE, 0xBE5A, 0x63F2, 0x09EC, 0x120C, 0x120C, 0x120C,
  0x120C, 0x120C, 0x120C, 0x120C, 0x120C, 0x120C, 0x120C, 0x120C, 0x120C, 0x120C, 0x120C, 0x120C,
  0x120C, 0x1A2C, 0x122C, 0x09EC, 0x01CC, 0x01CC, 0x01CC, 0x01CC, 0x01CC, 0x01CC, 0x01CC, 0x01CC,
  0x01CC, 0x01CC, 0x01CC, 0x01CC, 0x01CC, 0x01CC, 0x01CC, 0x01CC, 0x01CC, 0x01CC, 0x01CC, 0x01CC,
  0x09EC, 0x3310, 0x7CB5, 0xE73D, 0xFFDF, 0xFFDF, 0xFFFF, 0xFFFF, 0xFFFF, 0xFFFF, 0xFFFF, 0xFFFF,
  0xFFFF, 0xFFFF, 0xFFFF, 0xFFFF, 0xFFFF, 0xFFFF, 0xFFFF, 0xFFFF, 0xFFFF, 0xFFFF, 0x8D36, 0x122D,
  0x01CC, 0x01CC, 0x01CC, 0x01CC, 0x01CC, 0x01CC, 0x01CC, 0x01CC, 0x01CC, 0x01CC, 0x01CC, 0x01CC,
  0x01CC, 0x01CC, 0x01CC, 0x01CC, 0x01CC, 0x01CC, 0x01CC, 0x01CC, 0x0A0D, 0x3B30, 0xA5B8, 0xFFFF,
  0xFFDF, 0xFFFF, 0xFFFF, 0xFFFF, 0xFFFF, 0xFFFF, 0xFFFF, 0xFFFF, 0xFFFF, 0xFFFF, 0xFFFF, 0xFFFF,
  0xF7BE, 0x7CB5, 0x01CC, 0x01CC, 0x01CC, 0x01CC, 0x01CC, 0x01CC, 0x01CC, 0x01CC, 0x01CC, 0x01CC,
  0x01CC, 0x1A8E, 0x5C13, 0xCEDC, 0xF7BE, 0xFFFF, 0xFFFF, 0xFFFF, 0xFFFF, 0xFFFF, 0xFFFF, 0xFFFF,
  0xFFFF, 0xFFFF, 0xFFFF, 0xFFFF, 0xFFFF, 0xD6FC, 0x32EF, 0x01CC, 0x01CC, 0x01CC, 0x01CC, 0x01CC,
  0x01CC, 0x01CC, 0x01CC, 0x01CC, 0x01CC, 0x01CC, 0x01CC, 0x01CC, 0x01CC, 0x01CC, 0x01CC, 0x01CC,
  0x01CC, 0x01CC, 0x01CC, 0x01CC, 0x01CC, 0x01CC, 0x01CC, 0x01CC, 0x01CC, 0x01CC, 0x01CC, 0x01CC,
  0x01CC, 0x01CC, 0x01CC, 0x01CC, 0x01CC, 0x01CC, 0x01CC, 0x01CC, 0x01CC, 0x01CC, 0x01CC, 0x01CC,
  0x01CC, 0x01CC, 0x01CC, 0x01CC, 0x01CC, 0x01CC, 0x01CC, 0x01CC, 0x01CC, 0x01CC, 0x01CC, 0x01CC,
  0x01CC, 0x01CC, 0x01CC, 0x01CC, 0x01CC, 0x01CC, 0x01CC, 0x01CC, 0x01CC, 0x01CC, 0x01CC, 0x01CC,
  0x01CC, 0x01CC, 0x01CC, 0x01CC, 0x01CC, 0x01CC, 0x01CC, 0x01CC, 0x01CC, 0x01CC, 0x01CC, 0x01CC,
  0x01CC, 0x01CC, 0x01CC, 0x01CC, 0x01CC, 0x01CC, 0x01CC, 0x01CC, 0x01CC, 0x01CC, 0x01CC, 0x01CC,
  0x01CC, 0x01CC, 0x01CC, 0x01CC, 0x01CC, 0x01CC, 0x01CC, 0x01CC, 0x01CC, 0x01CC, 0x01CC, 0x01CC,
  0x01CC, 0x01CC, 0x124D, 0x6433, 0xBE5A, 0xFFFF, 0xFFDF, 0xFFFF, 0xFFFF, 0xFFFF, 0xFFFF, 0xFFFF,
  0xFFDF, 0xFFFF, 0xFFFF, 0xFFDF, 0xFFFF, 0xFFFF, 0xFFFF, 0xFFFF, 0xFFFF, 0xFFFF, 0xFFFF, 0xFFFF,
  0xFFFF, 0x84F6, 0x01EC, 0x01CC, 0x01CC, 0x01CC, 0x01CC, 0x01CC, 0x01CC, 0x01CC, 0x01CC, 0x01CC,
  0x01CC, 0x01CC, 0x01CC, 0x01CC, 0x01CC, 0x01CC, 0x01CC, 0x01CC, 0x01CC, 0x01CC, 0x01CC, 0x01CC,
  0x01CC, 0x01CC, 0x01CC, 0x01CC, 0x01CC, 0x01CC, 0x01CC, 0x01CC, 0x01CC, 0x01CC, 0x01CC, 0x01CC,
  0x01CC, 0x01CC, 0x01CC, 0x01CC, 0x01CC, 0x01CC, 0x01CC, 0x01CC, 0x01CC, 0x01CC, 0x01CC, 0x01CC,
  0x01CC, 0x01EC, 0x32F0, 0xD6FC, 0xFFFF, 0xFFFF, 0xFFFF, 0xFFFF, 0xFFFF, 0xFFFF, 0xFFFF, 0xE75D,
  0x7473, 0x2AAF, 0x01CC, 0x01CC, 0x01EC, 0x32EF, 0xD6FC, 0xFFFF, 0xFFFF, 0xFFFF, 0xFFFF, 0xFFFF,
  0xFFFF, 0xFFFF, 0xDF1C, 0x4350, 0x0A0D, 0x01CC, 0x01CC, 0x01CC, 0x01CC, 0x01CC, 0x01CC, 0x01CC,
  0x01CC, 0x01CC, 0x01CC, 0x01CC, 0x01CC, 0x01CC, 0x01CC, 0x01CC, 0x01CC, 0x01CC, 0x01CC, 0x01CC,
  0x01CC, 0x01CC, 0x01CC, 0x01CC, 0x01CC, 0x01CC, 0x01CC, 0x01CC, 0x01CC, 0x01CC, 0x01CC, 0x01CC,
  0x01CC, 0x01CC, 0x01CC, 0x01CC, 0x01CC, 0x2ACF, 0xCEBC, 0xF7BF, 0xFFDF, 0xFFFF, 0xFFFF, 0xFFFF,
  0xFFFF, 0xFFFF, 0xFFFF, 0xFFFF, 0xFFDF, 0xF7BE, 0xF7DF, 0xF7DF, 0xF7DF, 0xF7DF, 0xFFDF, 0xFFFF,
  0xFFFF, 0xFFFF, 0xFFFF, 0xFFDF, 0xFFFF, 0xEF9E, 0xA5B8, 0x4B91, 0x01EC, 0x01CC, 0x01CC, 0x01CC,
  0x01CC, 0x01CC, 0x01CC, 0x01CC, 0x01CC, 0x01CC, 0x01CC, 0x01CC, 0x01CC, 0x01CC, 0x01CC, 0x01CC,
  0x01CC, 0x01CC, 0x01CC, 0x01CC, 0x01CC, 0x01CC, 0x01CC, 0x01CC, 0x01CC, 0x01CC, 0x01CC, 0x01CC,
  0x01CC, 0x01CC, 0x01CC, 0x01CC, 0x01CC, 0x01CC, 0x01CC, 0x01CC, 0x01CC, 0x01CC, 0x01CC, 0x01CC,
  0x01CC, 0x01CC, 0x01CC, 0x09EC, 0x84F6, 0xFFFF, 0xFFFF, 0xFFFF, 0xFFFF, 0xFFFF, 0xFFFF, 0xFFFF,
  0xFFFF, 0x84F6, 0x09EC, 0x01CC, 0x01CC, 0x01CC, 0x01CC, 0x01CC, 0x01CC, 0x01CC, 0x01CC, 0x01CC,
  0x01CC, 0x01CC, 0x01CC, 0x01CC, 0x01CC, 0x01CC, 0x01CC, 0x01CC, 0x2ACF, 0xCEBB, 0xF7DF, 0xFFFF,
  0xFFFF, 0xFFFF, 0xFFFF, 0xFFFF, 0xFFFF, 0xE75D, 0x7474, 0x2ACF, 0x01CC, 0x01CC, 0x01CC, 0x01CC,
  0x01CC, 0x01CC, 0x01CC, 0x01CC, 0x01CC, 0x01CC, 0x01CC, 0x01CC, 0x01CC, 0x01CC, 0x01CC, 0x01CC,
  0x01CC, 0x01CC, 0x01CC, 0x01CC, 0x01CC, 0x01CC, 0x01CC, 0x01CC, 0x01CC, 0x01CC, 0x01CC, 0x01CC,
  0x01CC, 0x01CC, 0x01CC, 0x01CC, 0x01CC, 0x01CC, 0x01CC, 0x01CC, 0x01CC, 0x01CC, 0x01CC, 0x01EC,
  0x1A4D, 0x8D16, 0xFFDF, 0xF7BE, 0xFFDF, 0xFFFF, 0xFFFF, 0xFFFF, 0xFFFF, 0xF7DF, 0xFFDF, 0xFFFF,
  0xFFFF, 0xFFFF, 0xFFFF, 0xFFFF, 0xFFFF, 0xFFFF, 0xFFFF, 0xFFFF, 0xFFFF, 0xFFFF, 0xA597, 0x3AEF,
  0x0A0D, 0x01CC, 0x01CC, 0x01CC, 0x01CC, 0x01CC, 0x01CC, 0x01CC, 0x01CC, 0x01CC, 0x01CC, 0x01CC,
  0x01CC, 0x01CC, 0x01CC, 0x01CC, 0x01CC, 0x01CC, 0x01CC, 0x01CC, 0x228F, 0xADD8, 0xE73D, 0xFFDF,
  0xFFFF, 0xFFFF, 0xFFFF, 0xFFFF, 0xFFFF, 0xFFFF, 0xFFFF, 0xFFFF, 0xFFFF, 0xFFFF, 0xFFFF, 0xFFFF,
  0xFFFF, 0x84F6, 0x01CC, 0x01CC, 0x01CC, 0x01CC, 0x01CC, 0x01CC, 0x01CC, 0x01CC, 0x01CC, 0x01CC,
  0x01CC, 0x6433, 0xCEBB, 0xF79E, 0xFFFF, 0xFFFF, 0xFFFF, 0xFFFF, 0xFFFF, 0xFFFF, 0xFFFF, 0xFFFF,
  0xFFFF, 0xFFFF, 0xFFFF, 0xFFFF, 0xFFFF, 0xD6FC, 0x32EF, 0x01CC, 0x01CC, 0x01CC, 0x01CC, 0x01CC,
  0x01CC, 0x01CC, 0x01CC, 0x01CC, 0x01CC, 0x01CC, 0x01CC, 0x01CC, 0x01CC, 0x01CC, 0x01CC, 0x01CC,
  0x01CC, 0x01CC, 0x01CC, 0x01CC, 0x01CC, 0x01CC, 0x01CC, 0x01CC, 0x01CC, 0x01CC, 0x01CC, 0x01CC,
  0x01CC, 0x01CC, 0x01CC, 0x01CC, 0x01CC, 0x01CC, 0x01CC, 0x01CC, 0x01CC, 0x01CC, 0x01CC, 0x01CC,
  0x01CC, 0x01CC, 0x01CC, 0x01CC, 0x01CC, 0x01CC, 0x01CC, 0x01CC, 0x01CC, 0x01CC, 0x01CC, 0x01CC,
  0x01CC, 0x01CC, 0x01CC, 0x01CC, 0x01CC, 0x01CC, 0x01CC, 0x01CC, 0x01CC, 0x01CC, 0x01CC, 0x01CC,
  0x01CC, 0x01CC, 0x01CC, 0x01CC, 0x01CC, 0x01CC, 0x01CC, 0x01CC, 0x01CC, 0x01CC, 0x01CC, 0x01CC,
  0x01CC, 0x01CC, 0x01CC, 0x01CC, 0x01CC, 0x01CC, 0x01CC, 0x01CC, 0x01CC, 0x01CC, 0x01CC, 0x01CC,
  0x01CC, 0x01CC, 0x01CC, 0x01CC, 0x01CC, 0x01CC, 0x01CC, 0x01CC, 0x01CC, 0x01CC, 0x01CC, 0x01CC,
  0x01CC, 0x2ACF, 0x6C54, 0xBE5A, 0xE75D, 0xFFDF, 0xFFFF, 0xFFFF, 0xFFFF, 0xFFFF, 0xFFFF, 0xFFDF,
  0xF7BE, 0xADD9, 0x7CB5, 0xE73D, 0xFFFF, 0xFFFF, 0xFFFF, 0xFFFF, 0xFFFF, 0xFFFF, 0xFFFF, 0xFFFF,
  0xFFFF, 0x9D77, 0x2ACF, 0x09ED, 0x01CC, 0x01CC, 0x01CC, 0x01CC, 0x01CC, 0x01CC, 0x01CC, 0x01CC,
  0x01CC, 0x01CC, 0x01CC, 0x01CC, 0x01CC, 0x01CC, 0x01CC, 0x01CC, 0x01CC, 0x01CC, 0x01CC, 0x01CC,
  0x01CC, 0x01CC, 0x01CC, 0x01CC, 0x01CC, 0x01CC, 0x01CC, 0x01CC, 0x01CC, 0x01CC, 0x01CC, 0x01CC,
  0x01CC, 0x01CC, 0x01CC, 0x01CC, 0x01CC, 0x01CC, 0x01CC, 0x01CC, 0x01CC, 0x01CC, 0x01CC, 0x01CC,
  0x01CC, 0x01CC, 0x32EF, 0xD6FC, 0xFFFF, 0xFFFF, 0xFFFF, 0xFFFF, 0xFFFF, 0xFFFF, 0xFFFF, 0xDF1C,
  0x4B91, 0x122D, 0x01CC, 0x01CC, 0x226E, 0x63F2, 0xDF3D, 0xFFFF, 0xFFFF, 0xFFFF, 0xFFFF, 0xFFFF,
  0xFFFF, 0xFFDF, 0xCEBB, 0x32EF, 0x01EC, 0x01CC, 0x01CC, 0x01CC, 0x01CC, 0x01CC, 0x01CC, 0x01CC,
  0x01CC, 0x01CC, 0x01CC, 0x01CC, 0x01CC, 0x01CC, 0x01CC, 0x01CC, 0x01CC, 0x01CC, 0x01CC, 0x01CC,
  0x01CC, 0x01CC, 0x01CC, 0x01CC, 0x01CC, 0x01CC, 0x01CC, 0x01CC, 0x01CC, 0x01CC, 0x01CC, 0x01CC,
  0x01CC, 0x01CC, 0x01CC, 0x01CC, 0x01CC, 0x122D, 0x53B2, 0xADF9, 0xFFFF, 0xFFDF, 0xFFFF, 0xFFFF,
  0xFFFF, 0xFFFF, 0xFFFF, 0xFFFF, 0xFFFF, 0xFFFF, 0xFFFF, 0xFFFF, 0xFFFF, 0xFFFF, 0xFFFF, 0xFFFF,
  0xFFFF, 0xFFFF, 0xFFFF, 0xFFDF, 0xB63A, 0x6433, 0x3B30, 0x1A6E, 0x01CC, 0x01CC, 0x01CC, 0x01CC,
  0x01CC, 0x01CC, 0x01CC, 0x01CC, 0x01CC, 0x01CC, 0x01CC, 0x01CC, 0x01CC, 0x01CC, 0x01CC, 0x01CC,
  0x01CC, 0x01CC, 0x01CC, 0x01CC, 0x01CC, 0x01CC, 0x01CC, 0x01CC, 0x01CC, 0x01CC, 0x01CC, 0x01CC,
  0x01CC, 0x01CC, 0x01CC, 0x01CC, 0x01CC, 0x01CC, 0x01CC, 0x01CC, 0x01CC, 0x01CC, 0x01CC, 0x01CC,
  0x01CC, 0x01CC, 0x0A0D, 0x4350, 0xADD8, 0xFFFF, 0xFFFF, 0xFFFF, 0xFFFF, 0xFFFF, 0xFFFF, 0xFFDF,
  0xEF7D, 0x7495, 0x01CC, 0x01CC, 0x01CC, 0x01CC, 0x01CC, 0x01CC, 0x01CC, 0x01CC, 0x01CC, 0x01CC,
  0x01CC, 0x01CC, 0x01CC, 0x01CC, 0x01CC, 0x01CC, 0x01CC, 0x09EC, 0x3B10, 0xD6FC, 0xFFFF, 0xFFFF,
  0xFFFF, 0xFFFF, 0xFFFF, 0xFFFF, 0xFFFF, 0xDF1C, 0x4371, 0x122D, 0x01CC, 0x01CC, 0x01CC, 0x01CC,
  0x01CC, 0x01CC, 0x01CC, 0x01CC, 0x01CC, 0x01CC, 0x01CC, 0x01CC, 0x01CC, 0x01CC, 0x01CC, 0x01CC,
  0x01CC, 0x01CC, 0x01CC, 0x01CC, 0x01CC, 0x01CC, 0x01CC, 0x01CC, 0x01CC, 0x01CC, 0x01CC, 0x01CC,
  0x01CC, 0x01CC, 0x01CC, 0x01CC, 0x01CC, 0x01CC, 0x01CC, 0x01CC, 0x01CC, 0x01CC, 0x0A0D, 0x32CF,
  0x9557, 0xD6DC, 0xFFDF, 0xFFDF, 0xFFFF, 0xFFFF, 0xFFFF, 0xFFFF, 0xFFDF, 0xFFFF, 0xAE19, 0x7495,
  0xC67A, 0xEF7E, 0xFFFF, 0xFFFF, 0xFFFF, 0xFFFF, 0xFFFF, 0xFFFF, 0xFFFF, 0xFFFF, 0xD6DB, 0x84F5,
  0x1A6E, 0x01CC, 0x01CC, 0x01CC, 0x01CC, 0x01CC, 0x01CC, 0x01CC, 0x01CC, 0x01CC, 0x01CC, 0x01CC,
  0x01CC, 0x01CC, 0x01CC, 0x01CC, 0x01CC, 0x01CC, 0x01CC, 0x1A4E, 0x53B2, 0xCEDB, 0xF7BE, 0xFFFF,
  0xFFFF, 0xFFFF, 0xFFFF, 0xFFFF, 0xFFFF, 0xFFFF, 0xFFFF, 0xFFFF, 0xFFFF, 0xFFFF, 0xFFFF, 0xFFFF,
  0xFFFF, 0x8D16, 0x120C, 0x01CC, 0x01CC, 0x01CC, 0x01CC, 0x01CC, 0x01CC, 0x01CC, 0x01CC, 0x122D,
  0x53D2, 0xADD8, 0xEF9E, 0xFFDF, 0xFFFF, 0xFFFF, 0xFFFF, 0xFFFF, 0xFFFF, 0xFFFF, 0xFFFF, 0xFFFF,
  0xFFFF, 0xFFFF, 0xFFFF, 0xFFFF, 0xFFFF, 0xD6FC, 0x2ACF, 0x01CC, 0x01CC, 0x01CC, 0x01CC, 0x01CC,
  0x01CC, 0x01CC, 0x01CC, 0x01CC, 0x01CC, 0x01CC, 0x01CC, 0x01CC, 0x01CC, 0x01CC, 0x01CC, 0x01CC,
  0x01CC, 0x01CC, 0x01CC, 0x01CC, 0x01CC, 0x01CC, 0x01CC, 0x01CC, 0x01CC, 0x01CC, 0x01CC, 0x01CC,
  0x01CC, 0x01CC, 0x01CC, 0x01CC, 0x01CC, 0x01CC, 0x01CC, 0x01CC, 0x01CC, 0x01CC, 0x01CC, 0x01CC,
  0x01CC, 0x01CC, 0x01CC, 0x01CC, 0x01CC, 0x01CC, 0x01CC, 0x01CC, 0x01CC, 0x01CC, 0x01CC, 0x01CC,
  0x01CC, 0x01CC, 0x01CC, 0x01CC, 0x01CC, 0x01CC, 0x01CC, 0x01CC, 0x01CC, 0x01CC, 0x01CC, 0x01CC,
  0x01CC, 0x01CC, 0x01CC, 0x01CC, 0x01CC, 0x01CC, 0x01CC, 0x01CC, 0x01CC, 0x01CC, 0x01CC, 0x01CC,
  0x01CC, 0x01CC, 0x01CC, 0x01CC, 0x01CC, 0x01CC, 0x01CC, 0x01CC, 0x01CC, 0x01CC, 0x01CC, 0x01CC,
  0x01CC, 0x01CC, 0x01CC, 0x01CC, 0x01CC, 0x01CC, 0x01CC, 0x01CC, 0x01CC, 0x01CC, 0x01CC, 0x09EC,
  0x22AF, 0x6C54, 0xBE3A, 0xEF9E, 0xFFFF, 0xFFDF, 0xFFFF, 0xFFFF, 0xFFFF, 0xFFFF, 0xF7DF, 0xE75D,
  0xB619, 0x53D2, 0x2ACF, 0xCE9B, 0xF7DF, 0xFFFF, 0xFFFF, 0xFFFF, 0xFFFF, 0xFFFF, 0xFFFF, 0xFFFF,
  0xFFFF, 0xBE5A, 0x6C33, 0x124D, 0x01CC, 0x01CC, 0x01CC, 0x01CC, 0x01CC, 0x01CC, 0x01CC, 0x01CC,
  0x01CC, 0x01CC, 0x01CC, 0x01CC, 0x01CC, 0x01CC, 0x01CC, 0x01CC, 0x01CC, 0x01CC, 0x01CC, 0x01CC,
  0x01CC, 0x01CC, 0x01CC, 0x01CC, 0x01CC, 0x01CC, 0x01CC, 0x01CC, 0x01CC, 0x01CC, 0x01CC, 0x01CC,
  0x01CC, 0x01CC, 0x01CC, 0x01CC, 0x01CC, 0x01CC, 0x01CC, 0x01CC, 0x01CC, 0x01CC, 0x01CC, 0x01CC,
  0x01CC, 0x228E, 0x5C13, 0xDF3D, 0xFFFF, 0xFFFF, 0xFFFF, 0xFFFF, 0xFFFF, 0xFFFF, 0xF7BF, 0xCEBB,
  0x32EF, 0x01EC, 0x01CC, 0x01CC, 0x4351, 0x9D57, 0xEF7E, 0xFFFF, 0xFFFF, 0xFFFF, 0xFFFF, 0xFFFF,
  0xFFFF, 0xF7DF, 0xD6DC, 0x6C54, 0x4BB2, 0x4BB2, 0x4BB2, 0x4BB2, 0x4BB2, 0x4BB2, 0x4BB2, 0x4BB2,
  0x4BB2, 0x4BB2, 0x4BB2, 0x4BB2, 0x4BB2, 0x4BB2, 0x4BB2, 0x4BB2, 0x4BB2, 0x4BB2, 0x4BB2, 0x4BB2,
  0x4BB2, 0x4371, 0x32EF, 0x09ED, 0x01CC, 0x01CC, 0x01CC, 0x01CC, 0x01CC, 0x01CC, 0x01CC, 0x01CC,
  0x01CC, 0x01CC, 0x01CC, 0x01CC, 0x01CC, 0x01CC, 0x09EC, 0x6C54, 0xD6FC, 0xF7BE, 0xFFFF, 0xFFFF,
  0xFFFF, 0xFFFF, 0xFFFF, 0xFFFF, 0xFFFF, 0xFFFF, 0xFFFF, 0xFFFF, 0xFFFF, 0xFFFF, 0xFFFF, 0xFFFF,
  0xFFFF, 0xF7BE, 0xE73D, 0xBE5A, 0x6433, 0x122D, 0x01EC, 0x01CC, 0x01CC, 0x01CC, 0x01CC, 0x01CC,
  0x01CC, 0x01CC, 0x01CC, 0x01CC, 0x01CC, 0x01CC, 0x01CC, 0x01CC, 0x01CC, 0x01CC, 0x01CC, 0x01CC,
  0x01CC, 0x01CC, 0x01CC, 0x01CC, 0x01CC, 0x01CC, 0x01CC, 0x01CC, 0x01CC, 0x01CC, 0x01CC, 0x01CC,
  0x01CC, 0x01CC, 0x01CC, 0x01CC, 0x01CC, 0x01CC, 0x01CC, 0x01CC, 0x01CC, 0x01CC, 0x01CC, 0x01CC,
  0x01CC, 0x01CC, 0x1A6E, 0x84D5, 0xCEBB, 0xFFFF, 0xFFFF, 0xFFFF, 0xFFFF, 0xFFFF, 0xFFFF, 0xF79E,
  0xBE5A, 0x5BD2, 0x01CC, 0x01CC, 0x01CC, 0x01CC, 0x01CC, 0x01CC, 0x01CC, 0x01CC, 0x01CC, 0x01CC,
  0x01CC, 0x01CC, 0x01CC, 0x01CC, 0x01CC, 0x01CC, 0x01CC, 0x228E, 0x6413, 0xDF3D, 0xFFFF, 0xFFFF,
  0xFFFF, 0xFFFF, 0xFFFF, 0xFFFF, 0xFFFF, 0xDF3D, 0x6C74, 0x4BB2, 0x4BB2, 0x4BB2, 0x4BB2, 0x4BB2,
  0x4BB2, 0x4BB2, 0x4BB2, 0x4BB2, 0x4BB2, 0x4BB2, 0x4BB2, 0x4BB2, 0x4BB2, 0x4BB2, 0x4BB2, 0x4BB2,
  0x4BB2, 0x4BB2, 0x4BB2, 0x4BB2, 0x4B92, 0x3B30, 0x0A0D, 0x01CC, 0x01CC, 0x01CC, 0x01CC, 0x01CC,
  0x01CC, 0x01CC, 0x01CC, 0x01CC, 0x01CC, 0x01CC, 0x01CC, 0x01CC, 0x01CC, 0x0A0D, 0x3B30, 0x84D5,
  0xE75D, 0xFFDF, 0xFFDF, 0xFFFF, 0xFFFF, 0xFFFF, 0xFFFF, 0xFFDF, 0xEF9E, 0xC67B, 0x6413, 0x228E,
  0x8CF5, 0xCEBB, 0xFFFF, 0xFFFF, 0xFFFF, 0xFFFF, 0xFFFF, 0xFFFF, 0xFFFF, 0xFFFF, 0xEF9E, 0xBE5A,
  0x2AAF, 0x01CC, 0x01CC, 0x01CC, 0x01CC, 0x01CC, 0x01CC, 0x01CC, 0x01CC, 0x01CC, 0x01CC, 0x01CC,
  0x01CC, 0x01CC, 0x01CC, 0x01CC, 0x01CC, 0x01CC, 0x01CC, 0x4371, 0x9D77, 0xEF7E, 0xFFFF, 0xFFFF,
  0xFFFF, 0xFFFF, 0xFFFF, 0xFFFF, 0xFFFF, 0xFFFF, 0xFFFF, 0xFFFF, 0xFFFF, 0xFFFF, 0xFFFF, 0xFFFF,
  0xFFFF, 0x9D57, 0x2A8E, 0x09EC, 0x01CC, 0x01CC, 0x01CC, 0x01CC, 0x01CC, 0x01CC, 0x122D, 0x3B30,
  0xA5B8, 0xDF1C, 0xFFFF, 0xFFFF, 0xFFFF, 0xFFFF, 0xFFFF, 0xFFFF, 0xFFFF, 0xFFFF, 0xFFFF, 0xFFFF,
  0xFFFF, 0xFFFF, 0xFFFF, 0xFFFF, 0xFFFF, 0xD6FC, 0x2ACF, 0x01CC, 0x01CC, 0x01CC, 0x01CC, 0x01CC,
  0x01CC, 0x01CC, 0x01CC, 0x01CC, 0x01CC, 0x01CC, 0x01CC, 0x01CC, 0x01CC, 0x01CC, 0x01CC, 0x01CC,
  0x01CC, 0x01CC, 0x01CC, 0x01CC, 0x01CC, 0x01CC, 0x01CC, 0x01CC, 0x01CC, 0x01CC, 0x01CC, 0x01CC,
  0x01CC, 0x01CC, 0x01CC, 0x01CC, 0x01CC, 0x01CC, 0x01CC, 0x01CC, 0x01CC, 0x01CC, 0x01CC, 0x01CC,
  0x01CC, 0x01CC, 0x01CC, 0x01CC, 0x01CC, 0x01CC, 0x01CC, 0x01CC, 0x01CC, 0x01CC, 0x01CC, 0x01CC,
  0x01CC, 0x01CC, 0x01CC, 0x01CC, 0x01CC, 0x01CC, 0x01CC, 0x01CC, 0x01CC, 0x01CC, 0x01CC, 0x01CC,
  0x01CC, 0x01CC, 0x01CC, 0x01CC, 0x01CC, 0x01CC, 0x01CC, 0x01CC, 0x01CC, 0x01CC, 0x01CC, 0x01CC,
  0x01CC, 0x01CC, 0x01CC, 0x01CC, 0x01CC, 0x01CC, 0x01CC, 0x01CC, 0x01CC, 0x01CC, 0x01CC, 0x01CC,
  0x01CC, 0x01CC, 0x01CC, 0x01CC, 0x01CC, 0x01CC, 0x01CC, 0x01CC, 0x01CC, 0x01CC, 0x01CC, 0x1A4E,
  0x7C94, 0xC69B, 0xFFFF, 0xFFDF, 0xFFFF, 0xFFFF, 0xFFFF, 0xFFFF, 0xFFFF, 0xFFFF, 0xEF7E, 0xBE3A,
  0x2ACF, 0x01EC, 0x22AF, 0xADF9, 0xE75D, 0xFFFF, 0xFFFF, 0xFFFF, 0xFFFF, 0xFFFF, 0xFFFF, 0xFFFF,
  0xFFFF, 0xEF7E, 0xB619, 0x22AF, 0x01CC, 0x01CC, 0x01CC, 0x01CC, 0x01CC, 0x01CC, 0x01CC, 0x01CC,
  0x01CC, 0x01CC, 0x01CC, 0x01CC, 0x01CC, 0x01CC, 0x01CC, 0x01CC, 0x01CC, 0x01CC, 0x01CC, 0x01CC,
  0x01CC, 0x01CC, 0x01CC, 0x01CC, 0x01CC, 0x01CC, 0x01CC, 0x01CC, 0x01CC, 0x01CC, 0x01CC, 0x01CC,
  0x01CC, 0x01CC, 0x01CC, 0x01CC, 0x01CC, 0x01CC, 0x01CC, 0x01CC, 0x01CC, 0x01CC, 0x01CC, 0x01CC,
  0x01CC, 0x5BF3, 0xBE5A, 0xF79E, 0xFFFF, 0xFFFF, 0xFFFF, 0xFFFF, 0xFFFF, 0xFFFF, 0xE75D, 0xADF9,
  0x22AF, 0x01CC, 0x01CC, 0x01CC, 0x6C54, 0xDF1D, 0xF7DF, 0xFFFF, 0xFFFF, 0xFFFF, 0xFFFF, 0xFFFF,
  0xFFFF, 0xFFDF, 0xF7BE, 0xF79E, 0xF7BE, 0xF7BE, 0xF7BE, 0xF7BE, 0xF7BE, 0xF7BE, 0xF7BE, 0xF7BE,
  0xF7BE, 0xF7BE, 0xF7BE, 0xF7BE, 0xF7BE, 0xF7BE, 0xF7BE, 0xF7BE, 0xF7BE, 0xF7BE, 0xF7BE, 0xF7BE,
  0xF7DF, 0xCEDC, 0x8D16, 0x1A6E, 0x01CC, 0x01CC, 0x01CC, 0x01CC, 0x01CC, 0x01CC, 0x01CC, 0x01CC,
  0x01CC, 0x01CC, 0x01CC, 0x01CC, 0x01CC, 0x01CC, 0x01CC, 0x32EF, 0x7CB5, 0xE75D, 0xFFFF, 0xFFFF,
  0xFFFF, 0xFFFF, 0xFFFF, 0xFFFF, 0xFFFF, 0xFFFF, 0xFFFF, 0xFFFF, 0xFFFF, 0xFFFF, 0xFFDF, 0xFFDF,
  0xFFFF, 0xE75D, 0xA5D8, 0x2AAF, 0x01EC, 0x01CC, 0x01CC, 0x01CC, 0x01CC, 0x01CC, 0x01CC, 0x01CC,
  0x01CC, 0x01CC, 0x01CC, 0x01CC, 0x01CC, 0x01CC, 0x01CC, 0x01CC, 0x01CC, 0x01CC, 0x01CC, 0x01CC,
  0x01CC, 0x01CC, 0x01CC, 0x01CC, 0x01CC, 0x01CC, 0x01CC, 0x01CC, 0x01CC, 0x01CC, 0x01CC, 0x01CC,
  0x01CC, 0x01CC, 0x01CC, 0x01CC, 0x01CC, 0x01CC, 0x01CC, 0x01CC, 0x01CC, 0x01CC, 0x01CC, 0x01CC,
  0x01CC, 0x01CC, 0x22AF, 0xC67B, 0xF7BE, 0xFFFF, 0xFFFF, 0xFFFF, 0xFFFF, 0xFFFF, 0xFFFF, 0xE75D,
  0x7C94, 0x2ACF, 0x01CC, 0x01CC, 0x01CC, 0x01CC, 0x01CC, 0x01CC, 0x01CC, 0x01CC, 0x01CC, 0x01CC,
  0x01CC, 0x01CC, 0x01CC, 0x01CC, 0x01CC, 0x01CC, 0x01CC, 0x4B91, 0xA5B8, 0xEF7E, 0xFFFF, 0xFFFF,
  0xFFFF, 0xFFFF, 0xFFFF, 0xFFFF, 0xFFDF, 0xF7BE, 0xF79E, 0xF7BE, 0xF7BE, 0xF7BE, 0xF7BE, 0xF7BE,
  0xF7BE, 0xF7BE, 0xF7BE, 0xF7BE, 0xF7BE, 0xF7BE, 0xF7BE, 0xF7BE, 0xF7BE, 0xF7BE, 0xF7BE, 0xF7BE,
  0xF7BE, 0xF7BE, 0xF7BE, 0xF7BF, 0xE75D, 0xB619, 0x22AF, 0x01CC, 0x01CC, 0x01CC, 0x01CC, 0x01CC,
  0x01CC, 0x01CC, 0x01CC, 0x01CC, 0x01CC, 0x01CC, 0x01CC, 0x01CC, 0x01EC, 0x228E, 0x9537, 0xFFDF,
  0xF7BE, 0xFFDF, 0xFFFF, 0xFFFF, 0xFFFF, 0xFFFF, 0xFFDF, 0xFFDF, 0xDF1C, 0x4371, 0x122D, 0x0A0D,
  0x4330, 0xADB8, 0xFFFF, 0xFFFF, 0xFFFF, 0xFFFF, 0xFFFF, 0xFFFF, 0xFFFF, 0xFFFF, 0xFFFF, 0xD6FC,
  0x32EF, 0x01CC, 0x01CC, 0x01CC, 0x01CC, 0x01CC, 0x01CC, 0x01CC, 0x01CC, 0x01CC, 0x01CC, 0x01CC,
  0x01CC, 0x01CC, 0x01CC, 0x01CC, 0x01CC, 0x01CC, 0x01CC, 0x7CD5, 0xFFDF, 0xFFDF, 0xFFFF, 0xFFFF,
  0xFFFF, 0xFFFF, 0xFFFF, 0xFFFF, 0xFFFF, 0xFFFF, 0xFFFF, 0xFFFF, 0xFFFF, 0xFFFF, 0xFFFF, 0xFFFF,
  0xFFFF, 0xADD8, 0x4B50, 0x0A0D, 0x01CC, 0x01CC, 0x01CC, 0x01CC, 0x01CC, 0x01CC, 0x3B10, 0x8CF6,
  0xE75D, 0xFFDF, 0xFFDF, 0xFFFF, 0xFFFF, 0xFFFF, 0xFFFF, 0xFFFF, 0xFFDF, 0xFFFF, 0xFFFF, 0xFFFF,
  0xFFFF, 0xFFFF, 0xFFFF, 0xFFFF, 0xFFFF, 0xCEDC, 0x2ACF, 0x01CC, 0x01CC, 0x01CC, 0x01CC, 0x01CC,
  0x01CC, 0x01CC, 0x01CC, 0x01CC, 0x01CC, 0x01CC, 0x01CC, 0x01CC, 0x01CC, 0x01CC, 0x01CC, 0x01CC,
  0x01CC, 0x01CC, 0x01CC, 0x01CC, 0x01CC, 0x01CC, 0x01CC, 0x01CC, 0x01CC, 0x01CC, 0x01CC, 0x01CC,
  0x01CC, 0x01CC, 0x01CC, 0x01CC, 0x01CC, 0x01CC, 0x01CC, 0x01CC, 0x01CC, 0x01CC, 0x01CC, 0x01CC,
  0x01CC, 0x01CC, 0x01CC, 0x01CC, 0x01CC, 0x01CC, 0x01CC, 0x01CC, 0x01CC, 0x01CC, 0x01CC, 0x01CC,
  0x01CC, 0x01CC, 0x01CC, 0x01CC, 0x01CC, 0x01CC, 0x01CC, 0x01CC, 0x01CC, 0x01CC, 0x01CC, 0x01CC,
  0x01CC, 0x01CC, 0x01CC, 0x01CC, 0x01CC, 0x01CC, 0x01CC, 0x01CC, 0x01CC, 0x01CC, 0x01CC, 0x01CC,
  0x01CC, 0x01CC, 0x01CC, 0x01CC, 0x01CC, 0x01CC, 0x01CC, 0x01CC, 0x01CC, 0x01CC, 0x01CC, 0x01CC,
  0x01CC, 0x01CC, 0x01CC, 0x01CC, 0x01CC, 0x01CC, 0x01CC, 0x01CC, 0x01CC, 0x01CC, 0x3B30, 0x84F6,
  0xCE9B, 0xEF7E, 0xFFFF, 0xFFFF, 0xFFFF, 0xFFFF, 0xFFFF, 0xFFFF, 0xFFDF, 0xE75D, 0x9577, 0x4351,
  0x0A0D, 0x01CC, 0x122D, 0x63F2, 0xBE39, 0xFFFF, 0xFFFF, 0xFFFF, 0xFFFF, 0xFFFF, 0xFFFF, 0xFFFF,
  0xFFFF, 0xFFDF, 0xCEBB, 0x2ACF, 0x01CC, 0x01CC, 0x01CC, 0x01CC, 0x01CC, 0x01CC, 0x01CC, 0x01CC,
  0x01CC, 0x01CC, 0x01CC, 0x01CC, 0x01CC, 0x01CC, 0x01CC, 0x01CC, 0x01CC, 0x01CC, 0x01CC, 0x01CC,
  0x01CC, 0x01CC, 0x01CC, 0x01CC, 0x01CC, 0x01CC, 0x01CC, 0x01CC, 0x01CC, 0x01CC, 0x01CC, 0x01CC,
  0x01CC, 0x01CC, 0x01CC, 0x01CC, 0x01CC, 0x01CC, 0x01CC, 0x01CC, 0x01CC, 0x01CC, 0x01CC, 0x1A6E,
  0x6454, 0xAE19, 0xE77D, 0xFFDF, 0xFFFF, 0xFFFF, 0xFFFF, 0xFFFF, 0xFFFF, 0xFFFF, 0xB619, 0x53B2,
  0x122D, 0x01CC, 0x01CC, 0x01EC, 0x7CD5, 0xF7BE, 0xFFFF, 0xFFFF, 0xFFFF, 0xFFFF, 0xFFFF, 0xFFFF,
  0xFFFF, 0xFFFF, 0xFFFF, 0xFFFF, 0xFFFF, 0xFFFF, 0xFFFF, 0xFFFF, 0xFFFF, 0xFFFF, 0xFFFF, 0xFFFF,
  0xFFFF, 0xFFFF, 0xFFFF, 0xFFFF, 0xFFFF, 0xFFFF, 0xFFFF, 0xFFFF, 0xFFFF, 0xFFDF, 0xFFDF, 0xEF7E,
  0xADD9, 0x6C54, 0x3310, 0x0A0D, 0x01CC, 0x01CC, 0x01CC, 0x01CC, 0x01CC, 0x01CC, 0x01CC, 0x01CC,
  0x01CC, 0x01CC, 0x01CC, 0x01CC, 0x01CC, 0x01CC, 0x01CC, 0x122D, 0x3B30, 0xADD8, 0xE73D, 0xFFFF,
  0xFFFF, 0xFFFF, 0xFFFF, 0xFFFF, 0xFFFF, 0xFFFF, 0xFFFF, 0xFFFF, 0xFFFF, 0xFFFF, 0xFFFF, 0xEF7E,
  0xA5B8, 0x6C74, 0x3B30, 0x0A0D, 0x01CC, 0x01CC, 0x01CC, 0x01CC, 0x01CC, 0x01CC, 0x01CC, 0x01CC,
  0x01CC, 0x01CC, 0x01CC, 0x01CC, 0x01CC, 0x01CC, 0x01CC, 0x01CC, 0x01CC, 0x01CC, 0x01CC, 0x01CC,
  0x01CC, 0x01CC, 0x01CC, 0x01CC, 0x01CC, 0x01CC, 0x01CC, 0x01CC, 0x01CC, 0x01CC, 0x01CC, 0x01CC,
  0x01CC, 0x01CC, 0x01CC, 0x01CC, 0x01CC, 0x01CC, 0x01CC, 0x01CC, 0x01CC, 0x01CC, 0x01CC, 0x01CC,
  0x01CC, 0x01EC, 0x32EF, 0xD6DC, 0xFFFF, 0xFFFF, 0xFFFF, 0xFFFF, 0xFFFF, 0xFFFF, 0xFFFF, 0xDF1C,
  0x4B71, 0x122D, 0x01CC, 0x01CC, 0x01CC, 0x01CC, 0x01CC, 0x01CC, 0x01CC, 0x01CC, 0x01CC, 0x01CC,
  0x01CC, 0x01CC, 0x01CC, 0x01CC, 0x01CC, 0x01CC, 0x01CC, 0x6C54, 0xDF1C, 0xF7DF, 0xFFFF, 0xFFFF,
  0xFFFF, 0xFFFF, 0xFFFF, 0xFFFF, 0xFFFF, 0xFFDF, 0xFFFF, 0xFFFF, 0xFFFF, 0xFFFF, 0xFFFF, 0xFFFF,
  0xFFFF, 0xFFFF, 0xFFFF, 0xFFFF, 0xFFFF, 0xFFFF, 0xFFFF, 0xFFFF, 0xFFFF, 0xFFFF, 0xFFFF, 0xFFFF,
  0xFFDF, 0xFFDF, 0xF7BE, 0xCEBB, 0x8D16, 0x4371, 0x0A0D, 0x01CC, 0x01CC, 0x01CC, 0x01CC, 0x01CC,
  0x01CC, 0x01CC, 0x01CC, 0x01CC, 0x01CC, 0x01CC, 0x01CC, 0x1A4E, 0x4371, 0x9D98, 0xD6FC, 0xFFDF,
  0xFFDF, 0xFFFF, 0xFFFF, 0xFFFF, 0xFFFF, 0xFFDF, 0xFFFF, 0xADF9, 0x53B2, 0x1A4D, 0x01CC, 0x01EC,
  0x1A4D, 0x8D36, 0xFFFF, 0xFFFF, 0xFFFF, 0xFFFF, 0xFFFF, 0xFFFF, 0xFFFF, 0xFFFF, 0xFFFF, 0xDF3D,
  0x63F2, 0x226E, 0x01CC, 0x01CC, 0x01CC, 0x01CC, 0x01CC, 0x01CC, 0x01CC, 0x01CC, 0x01CC, 0x01CC,
  0x01CC, 0x01CC, 0x01CC, 0x01CC, 0x01CC, 0x124D, 0x6413, 0xBE3A, 0xFFFF, 0xFFFF, 0xFFFF, 0xFFFF,
  0xFFFF, 0xFFFF, 0xEF9E, 0xBE5A, 0xADD8, 0xB619, 0xF79E, 0xFFFF, 0xFFFF, 0xFFFF, 0xFFFF, 0xFFFF,
  0xFFFF, 0xC69A, 0x7494, 0x1A4E, 0x01CC, 0x01CC, 0x01CC, 0x01CC, 0x09ED, 0x2AAF, 0x7CD5, 0xD6FC,
  0xF7BE, 0xFFFF, 0xFFFF, 0xFFFF, 0xFFFF, 0xF7BE, 0xDEFC, 0xA5B8, 0x9557, 0xEF7E, 0xFFFF, 0xFFFF,
  0xFFFF, 0xFFFF, 0xFFFF, 0xFFFF, 0xFFFF, 0xCEDC, 0x2ACF, 0x01CC, 0x01CC, 0x01CC, 0x01CC, 0x01CC,
  0x01CC, 0x01CC, 0x01CC, 0x01CC, 0x01CC, 0x01CC, 0x01CC, 0x01CC, 0x01CC, 0x01CC, 0x01CC, 0x01CC,
  0x01CC, 0x01CC, 0x01CC, 0x01CC, 0x01CC, 0x01CC, 0x01CC, 0x01CC, 0x01CC, 0x01CC, 0x01CC, 0x01CC,
  0x01CC, 0x01CC, 0x01CC, 0x01CC, 0x01CC, 0x01CC, 0x01CC, 0x01CC, 0x01CC, 0x01CC, 0x01CC, 0x01CC,
  0x01CC, 0x01CC, 0x01CC, 0x01CC, 0x01CC, 0x01CC, 0x01CC, 0x01CC, 0x01CC, 0x01CC, 0x01CC, 0x01CC,
  0x01CC, 0x01CC, 0x01CC, 0x01CC, 0x01CC, 0x01CC, 0x01CC, 0x01CC, 0x01CC, 0x01CC, 0x01CC, 0x01CC,
  0x01CC, 0x01CC, 0x01CC, 0x01CC, 0x01CC, 0x01CC, 0x01CC, 0x01CC, 0x01CC, 0x01CC, 0x01CC, 0x01CC,
  0x01CC, 0x01CC, 0x01CC, 0x01CC, 0x01CC, 0x01CC, 0x01CC, 0x01CC, 0x01CC, 0x01CC, 0x01CC, 0x01CC,
  0x01CC, 0x01CC, 0x01CC, 0x01CC, 0x01CC, 0x01CC, 0x01CC, 0x01CC, 0x0A0D, 0x32F0, 0x84F6, 0xD6FC,
  0xF7BF, 0xFFFF, 0xFFFF, 0xFFFF, 0xFFFF, 0xFFFF, 0xFFFF, 0xF7BF, 0xDF3D, 0x9D98, 0x4B71, 0x01CC,
  0x01CC, 0x01CC, 0x09EC, 0x228E, 0x9557, 0xFFFF, 0xFFFF, 0xFFFF, 0xFFFF, 0xFFFF, 0xFFFF, 0xFFFF,
  0xFFFF, 0xFFFF, 0xDF1D, 0x4B91, 0x122D, 0x01CC, 0x01CC, 0x01CC, 0x01CC, 0x01CC, 0x01CC, 0x01CC,
  0x01CC, 0x01CC, 0x01CC, 0x01CC, 0x01CC, 0x122D, 0x4371, 0x4BB2, 0x4BB2, 0x4BB2, 0x4BB2, 0x4BB2,
  0x4BB2, 0x4BB2, 0x4BB2, 0x4BB2, 0x4BB2, 0x4BB2, 0x4BB2, 0x4BB2, 0x4BB2, 0x4BB2, 0x4BB2, 0x4BB2,
  0x4BB2, 0x4BB2, 0x4BB2, 0x4BB2, 0x4BB2, 0x4BB2, 0x4BB2, 0x4BB2, 0x4BB2, 0x4BB2, 0x53B2, 0x6C54,
  0xBE5A, 0xEF7D, 0xFFFF, 0xFFFF, 0xFFFF, 0xFFFF, 0xFFFF, 0xFFFF, 0xF7DF, 0xE75D, 0x7CD5, 0x122D,
  0x01CC, 0x01CC, 0x01EC, 0x1A6D, 0x9557, 0xFFFF, 0xFFFF, 0xFFFF, 0xFFFF, 0xFFFF, 0xFFFF, 0xFFFF,
  0xFFFF, 0xFFFF, 0xFFFF, 0xFFFF, 0xFFFF, 0xFFFF, 0xFFFF, 0xFFFF, 0xFFFF, 0xFFFF, 0xFFFF, 0xFFFF,
  0xFFFF, 0xFFFF, 0xFFFF, 0xFFFF, 0xFFFF, 0xFFFF, 0xFFFF, 0xFFFF, 0xFFFF, 0xFFDF, 0xDF1D, 0xADF9,
  0x53D2, 0x228E, 0x01CC, 0x01CC, 0x01CC, 0x01CC, 0x01CC, 0x01CC, 0x01CC, 0x01CC, 0x01CC, 0x01CC,
  0x01CC, 0x01CC, 0x01CC, 0x01CC, 0x01CC, 0x01CC, 0x01CC, 0x01CC, 0x1A6E, 0x84F5, 0xCEBB, 0xFFFF,
  0xFFFF, 0xFFFF, 0xFFFF, 0xFFFF, 0xFFFF, 0xFFFF, 0xFFFF, 0xFFFF, 0xFFFF, 0xFFFF, 0xFFDF, 0xD6FC,
  0x5BF2, 0x1A6E, 0x01CC, 0x01CC, 0x01CC, 0x01CC, 0x01CC, 0x01CC, 0x01CC, 0x01CC, 0x01CC, 0x01CC,
  0x01CC, 0x01CC, 0x01CC, 0x01CC, 0x01CC, 0x01CC, 0x01CC, 0x01CC, 0x01CC, 0x01CC, 0x01CC, 0x01CC,
  0x01CC, 0x01CC, 0x01CC, 0x01CC, 0x01CC, 0x01CC, 0x01CC, 0x01CC, 0x01CC, 0x01CC, 0x01CC, 0x01CC,
  0x01CC, 0x01CC, 0x01CC, 0x01CC, 0x01CC, 0x01CC, 0x01CC, 0x01CC, 0x01CC, 0x01CC, 0x01CC, 0x01CC,
  0x01CC, 0x1A4D, 0x53B2, 0xDF1D, 0xFFFF, 0xFFFF, 0xFFFF, 0xFFFF, 0xFFFF, 0xFFFF, 0xFFDF, 0xCEBB,
  0x2ACF, 0x01CC, 0x01CC, 0x01CC, 0x01CC, 0x01CC, 0x01CC, 0x01CC, 0x01CC, 0x01CC, 0x01CC, 0x01CC,
  0x01CC, 0x01CC, 0x01CC, 0x01CC, 0x01CC, 0x01CC, 0x09EC, 0x84F6, 0xFFFF, 0xFFFF, 0xFFFF, 0xFFFF,
  0xFFFF, 0xFFFF, 0xFFFF, 0xFFFF, 0xFFFF, 0xFFFF, 0xFFFF, 0xFFFF, 0xFFFF, 0xFFFF, 0xFFFF, 0xFFFF,
  0xFFFF, 0xFFFF, 0xFFFF, 0xFFFF, 0xFFFF, 0xFFFF, 0xFFFF, 0xFFFF, 0xFFFF, 0xFFFF, 0xFFFF, 0xFFFF,
  0xFFDF, 0xE75D, 0xC67A, 0x7CD5, 0x3310, 0x01CC, 0x01CC, 0x01CC, 0x01CC, 0x01CC, 0x01CC, 0x01CC,
  0x01CC, 0x01CC, 0x01CC, 0x01CC, 0x01CC, 0x01EC, 0x124E, 0x4BB2, 0x9577, 0xE77E, 0xFFDF, 0xFFDF,
  0xFFFF, 0xFFFF, 0xFFFF, 0xFFFF, 0xFFDF, 0xEF9E, 0xBE7A, 0x5BF3, 0x01CC, 0x01CC, 0x01CC, 0x01CC,
  0x01CC, 0x7CB5, 0xF79E, 0xFFFF, 0xFFFF, 0xFFFF, 0xFFFF, 0xFFFF, 0xFFFF, 0xFFFF, 0xFFFF, 0xEF7E,
  0x9D77, 0x4351, 0x01CC, 0x01CC, 0x01CC, 0x01CC, 0x01CC, 0x01CC, 0x01CC, 0x01CC, 0x01CC, 0x01CC,
  0x01CC, 0x01CC, 0x01CC, 0x01CC, 0x01EC, 0x2ACF, 0xADF9, 0xE75D, 0xFFFF, 0xFFFF, 0xFFFF, 0xFFFF,
  0xFFFF, 0xFFFF, 0xE73D, 0x7494, 0x6412, 0x8CD5, 0xE75D, 0xFFFF, 0xFFFF, 0xFFFF, 0xFFFF, 0xFFFF,
  0xFFFF, 0xDF3D, 0xA597, 0x228E, 0x01CC, 0x01CC, 0x01CC, 0x01EC, 0x1A6E, 0x6C74, 0xBE7A, 0xFFFF,
  0xFFDF, 0xFFFF, 0xFFFF, 0xFFFF, 0xFFDF, 0xE75D, 0x9557, 0x6433, 0x6C53, 0xE73D, 0xFFFF, 0xFFFF,
  0xFFFF, 0xFFFF, 0xFFFF, 0xFFFF, 0xFFDF, 0xCEBB, 0x2ACF, 0x01CC, 0x01CC, 0x01CC, 0x01CC, 0x01CC,
  0x01CC, 0x01CC, 0x01CC, 0x01CC, 0x01CC, 0x01CC, 0x01CC, 0x01CC, 0x01CC, 0x01CC, 0x01CC, 0x01CC,
  0x01CC, 0x01CC, 0x01CC, 0x01CC, 0x01CC, 0x01CC, 0x01CC, 0x01CC, 0x01CC, 0x01CC, 0x01CC, 0x01CC,
  0x01CC, 0x01CC, 0x01CC, 0x01CC, 0x01CC, 0x01CC, 0x01CC, 0x01CC, 0x01CC, 0x01CC, 0x01CC, 0x01CC,
  0x01CC, 0x01CC, 0x01CC, 0x01CC, 0x01CC, 0x01CC, 0x01CC, 0x01CC, 0x01CC, 0x01CC, 0x01CC, 0x01CC,
  0x01CC, 0x01CC, 0x01CC, 0x01CC, 0x01CC, 0x01CC, 0x01CC, 0x01CC, 0x01CC, 0x01CC, 0x01CC, 0x01CC,
  0x01CC, 0x01CC, 0x01CC, 0x01CC, 0x01CC, 0x01CC, 0x01CC, 0x01CC, 0x01CC, 0x01CC, 0x01CC, 0x01CC,
  0x01CC, 0x01CC, 0x01CC, 0x01CC, 0x01CC, 0x01CC, 0x01CC, 0x01CC, 0x01CC, 0x01CC, 0x01CC, 0x01CC,
  0x01CC, 0x01CC, 0x01CC, 0x01CC, 0x01CC, 0x01CC, 0x01CC, 0x01CC, 0x1A8E, 0x9D77, 0xDF1C, 0xFFFF,
  0xFFFF, 0xFFFF, 0xFFFF, 0xFFFF, 0xFFFF, 0xFFFF, 0xFFFF, 0xE73D, 0xADD8, 0x22AF, 0x01CC, 0x01CC,
  0x01CC, 0x01CC, 0x01CC, 0x01CC, 0x84F6, 0xFFFF, 0xFFFF, 0xFFFF, 0xFFFF, 0xFFFF, 0xFFFF, 0xFFFF,
  0xFFFF, 0xFFFF, 0xE75D, 0x84D5, 0x32EF, 0x01CC, 0x01CC, 0x01CC, 0x01CC, 0x01CC, 0x01CC, 0x01CC,
  0x01CC, 0x01CC, 0x01CC, 0x01CC, 0x09EC, 0x330F, 0xD6DC, 0xF7BF, 0xF7BE, 0xF7BE, 0xF7BE, 0xF7BE,
  0xF7BE, 0xF7BE, 0xF7BE, 0xF7BE, 0xF7BE, 0xF7BE, 0xF7BE, 0xF7BE, 0xF7BE, 0xF7BE, 0xF7BE, 0xF7BE,
  0xF7BE, 0xF7BE, 0xF7BE, 0xF7BE, 0xF7BE, 0xF7BE, 0xF7BE, 0xF7BE, 0xF7BE, 0xF7BE, 0xF7BF, 0xFFDF,
  0xFFDF, 0xFFFF, 0xFFFF, 0xFFFF, 0xFFFF, 0xFFFF, 0xFFFF, 0xFFFF, 0xEF9E, 0xB619, 0x53B2, 0x01CC,
  0x01CC, 0x01CC, 0x122D, 0x4B91, 0xADF8, 0xFFFF, 0xFFFF, 0xFFFF, 0xFFFF, 0xFFFF, 0xFFFF, 0xFFFF,
  0xFFFF, 0xFFFF, 0xFFFF, 0xFFFF, 0xFFFF, 0xFFFF, 0xFFFF, 0xFFFF, 0xFFFF, 0xFFFF, 0xFFFF, 0xFFFF,
  0xFFFF, 0xFFFF, 0xFFFF, 0xFFFF, 0xFFFF, 0xFFFF, 0xFFFF, 0xFFDF, 0xF7BF, 0xFFFF, 0x9D98, 0x32EF,
  0x0A0D, 0x01CC, 0x01CC, 0x01CC, 0x01CC, 0x01CC, 0x01CC, 0x01CC, 0x01CC, 0x01CC, 0x01CC, 0x01CC,
  0x01CC, 0x01CC, 0x01CC, 0x01CC, 0x01CC, 0x01CC, 0x01CC, 0x01CC, 0x1A4E, 0x7C94, 0xC69B, 0xFFFF,
  0xFFFF, 0xFFFF, 0xFFFF, 0xFFFF, 0xFFFF, 0xFFFF, 0xFFFF, 0xFFFF, 0xFFFF, 0xFFFF, 0xF7BE, 0xBE5A,
  0x2ACF, 0x01CC, 0x01AC, 0x01CC, 0x01CC, 0x01CC, 0x01CC, 0x01CC, 0x01CC, 0x01CC, 0x01CC, 0x01CC,
  0x01CC, 0x01CC, 0x01CC, 0x01CC, 0x01CC, 0x01CC, 0x01CC, 0x01CC, 0x01CC, 0x01CC, 0x01CC, 0x01CC,
  0x01CC, 0x01CC, 0x01CC, 0x01CC, 0x01CC, 0x01CC, 0x01CC, 0x01CC, 0x01CC, 0x01CC, 0x01CC, 0x01CC,
  0x01CC, 0x01CC, 0x01CC, 0x01CC, 0x01CC, 0x01CC, 0x01CC, 0x01CC, 0x01CC, 0x01CC, 0x01CC, 0x01CC,
  0x01CC, 0x3B30, 0x8D16, 0xE75D, 0xFFFF, 0xFFFF, 0xFFFF, 0xFFFF, 0xFFFF, 0xFFFF, 0xEF7E, 0xB619,
  0x22AF, 0x01CC, 0x01CC, 0x01CC, 0x01CC, 0x01CC, 0x01CC, 0x01CC, 0x01CC, 0x01CC, 0x01CC, 0x01CC,
  0x01CC, 0x01CC, 0x01CC, 0x01CC, 0x01CC, 0x01EC, 0x1A4D, 0x8D36, 0xFFFF, 0xFFFF, 0xFFFF, 0xFFFF,
  0xFFFF, 0xFFFF, 0xFFFF, 0xFFFF, 0xFFFF, 0xFFFF, 0xFFFF, 0xFFFF, 0xFFFF, 0xFFFF, 0xFFFF, 0xFFFF,
  0xFFFF, 0xFFFF, 0xFFFF, 0xFFFF, 0xFFFF, 0xFFFF, 0xFFFF, 0xFFFF, 0xFFFF, 0xFFFF, 0xFFDF, 0xF7BF,
  0xFFFF, 0xBE5A, 0x6413, 0x1A4E, 0x01CC, 0x01CC, 0x01CC, 0x01CC, 0x01CC, 0x01CC, 0x01CC, 0x01CC,
  0x01CC, 0x01CC, 0x01CC, 0x01CC, 0x01CC, 0x0A0D, 0x4371, 0xA5D8, 0xFFDF, 0xF7DF, 0xFFDF, 0xFFFF,
  0xFFFF, 0xFFFF, 0xFFFF, 0xFFDF, 0xFFDF, 0xD6FC, 0x3310, 0x09EC, 0x01CC, 0x01CC, 0x01CC, 0x01CC,
  0x01CC, 0x6433, 0xD6DC, 0xF7BF, 0xFFFF, 0xFFFF, 0xFFFF, 0xFFFF, 0xFFFF, 0xFFFF, 0xFFFF, 0xFFDF,
  0xEF7D, 0x7495, 0x01CC, 0x01CC, 0x01CC, 0x01CC, 0x01CC, 0x01CC, 0x01CC, 0x01CC, 0x01CC, 0x01CC,
  0x01CC, 0x01CC, 0x01CC, 0x01CC, 0x122D, 0x4B91, 0xDF1C, 0xFFFF, 0xFFFF, 0xFFFF, 0xFFFF, 0xFFFF,
  0xFFDF, 0xFFDF, 0xD6FC, 0x2AF0, 0x32CF, 0x7473, 0xE75D, 0xFFFF, 0xFFFF, 0xFFFF, 0xFFFF, 0xFFFF,
  0xFFFF, 0xF7BE, 0xC67B, 0x22AF, 0x01CC, 0x01CC, 0x01CC, 0x122D, 0x4350, 0xD6FC, 0xF7DF, 0xF7DF,
  0xFFFF, 0xFFFF, 0xFFFF, 0xFFDF, 0xF7DF, 0xCEDC, 0x2AF0, 0x4350, 0x9556, 0xEF7E, 0xFFFF, 0xFFFF,
  0xFFFF, 0xFFFF, 0xFFFF, 0xFFFF, 0xF7DF, 0xC69B, 0x2ACF, 0x01CC, 0x01CC, 0x01CC, 0x01CC, 0x01CC,
  0x01CC, 0x01CC, 0x01CC, 0x01CC, 0x01CC, 0x01CC, 0x01CC, 0x01CC, 0x01CC, 0x01CC, 0x01CC, 0x01CC,
  0x01CC, 0x01CC, 0x01CC, 0x01CC, 0x01CC, 0x01CC, 0x01CC, 0x01CC, 0x01CC, 0x01CC, 0x01CC, 0x01CC,
  0x01CC, 0x01CC, 0x01CC, 0x01CC, 0x01CC, 0x01CC, 0x01CC, 0x01CC, 0x01CC, 0x01CC, 0x01CC, 0x01CC,
  0x01CC, 0x01CC, 0x01CC, 0x01CC, 0x01CC, 0x01CC, 0x01CC, 0x01CC, 0x01CC, 0x01CC, 0x01CC, 0x01CC,
  0x01CC, 0x01CC, 0x01CC, 0x01CC, 0x01CC, 0x01CC, 0x01CC, 0x01CC, 0x01CC, 0x01CC, 0x01CC, 0x01CC,
  0x01CC, 0x01CC, 0x01CC, 0x01CC, 0x01CC, 0x01CC, 0x01CC, 0x01CC, 0x01CC, 0x01CC, 0x01CC, 0x01CC,
  0x01CC, 0x01CC, 0x01CC, 0x01CC, 0x01CC, 0x01CC, 0x01CC, 0x01CC, 0x01CC, 0x01CC, 0x01CC, 0x01CC,
  0x01CC, 0x01CC, 0x01CC, 0x01CC, 0x01CC, 0x01CC, 0x01CC, 0x3B51, 0x8D37, 0xD6FC, 0xF7BE, 0xFFFF,
  0xFFFF, 0xFFFF, 0xFFFF, 0xFFFF, 0xFFFF, 0xF7DF, 0xDF1C, 0x8D37, 0x3B30, 0x0A0D, 0x01CC, 0x01CC,
  0x01CC, 0x01CC, 0x01CC, 0x01CC, 0x6433, 0xD6DC, 0xF7BE, 0xFFFF, 0xFFFF, 0xFFFF, 0xFFFF, 0xFFFF,
  0xFFFF, 0xFFFF, 0xF79E, 0xCE9B, 0x5C13, 0x01CC, 0x01CC, 0x01CC, 0x01CC, 0x01CC, 0x01CC, 0x01CC,
  0x01CC, 0x01CC, 0x01CC, 0x01CC, 0x2AAF, 0x7474, 0xE73D, 0xFFFF, 0xFFFF, 0xFFFF, 0xFFFF, 0xFFFF,
  0xFFFF, 0xFFFF, 0xFFFF, 0xFFFF, 0xFFFF, 0xFFFF, 0xFFFF, 0xFFFF, 0xFFFF, 0xFFFF, 0xFFFF, 0xFFFF,
  0xFFFF, 0xFFFF, 0xFFFF, 0xFFFF, 0xFFFF, 0xFFFF, 0xFFFF, 0xFFFF, 0xFFFF, 0xFFFF, 0xFFFF, 0xFFFF,
  0xFFFF, 0xFFFF, 0xFFFF, 0xFFFF, 0xFFFF, 0xFFFF, 0xFFFF, 0xEF7E, 0xBE5A, 0x53D2, 0x1A6E, 0x01CC,
  0x01CC, 0x01CC, 0x1A6E, 0x9556, 0xD6FC, 0xFFFF, 0xFFFF, 0xFFFF, 0xFFFF, 0xFFFF, 0xFFFF, 0xFFFF,
  0xFFFF, 0xFFFF, 0xFFFF, 0xFFFF, 0xFFFF, 0xFFFF, 0xFFFF, 0xFFFF, 0xFFFF, 0xFFFF, 0xFFFF, 0xFFFF,
  0xFFFF, 0xFFFF, 0xFFFF, 0xFFFF, 0xFFFF, 0xFFFF, 0xFFFF, 0xFFFF, 0xE75D, 0x84F6, 0x3B50, 0x0A2D,
  0x01CC, 0x01CC, 0x01CC, 0x01CC, 0x01CC, 0x01CC, 0x01CC, 0x01CC, 0x01CC, 0x01CC, 0x01CC, 0x01CC,
  0x01CC, 0x01CC, 0x01CC, 0x01CC, 0x01CC, 0x01CC, 0x09EC, 0x53D2, 0xA5D9, 0xCEBB, 0xEF7D, 0xFFFF,
  0xFFFF, 0xFFFF, 0xFFFF, 0xFFFF, 0xFFFF, 0xFFFF, 0xFFFF, 0xFFFF, 0xFFFF, 0xFFFF, 0xFFDF, 0xDF1C,
  0x7CB5, 0x32EF, 0x01CC, 0x01CC, 0x01CC, 0x01CC, 0x01CC, 0x01CC, 0x01CC, 0x01CC, 0x01CC, 0x01CC,
  0x01CC, 0x01CC, 0x01CC, 0x01CC, 0x01CC, 0x01CC, 0x01CC, 0x01CC, 0x01CC, 0x01CC, 0x01CC, 0x01CC,
  0x01CC, 0x01CC, 0x01CC, 0x01CC, 0x01CC, 0x01CC, 0x01CC, 0x01CC, 0x01CC, 0x01CC, 0x01CC, 0x01CC,
  0x01CC, 0x01CC, 0x01CC, 0x01CC, 0x01CC, 0x01CC, 0x01CC, 0x01CC, 0x01CC, 0x01CC, 0x01CC, 0x01CC,
  0x01CC, 0x6433, 0xCEDB, 0xF7BE, 0xFFFF, 0xFFFF, 0xFFFF, 0xFFFF, 0xFFFF, 0xFFFF, 0xC65A, 0x6C53,
  0x124E, 0x01CC, 0x01CC, 0x01CC, 0x01CC, 0x01CC, 0x01CC, 0x01CC, 0x01CC, 0x01CC, 0x01CC, 0x01CC,
  0x01CC, 0x01CC, 0x01CC, 0x01CC, 0x01CC, 0x122D, 0x5BF2, 0xB619, 0xFFFF, 0xFFFF, 0xFFFF, 0xFFFF,
  0xFFFF, 0xFFFF, 0xFFFF, 0xFFFF, 0xFFFF, 0xFFFF, 0xFFFF, 0xFFFF, 0xFFFF, 0xFFFF, 0xFFFF, 0xFFFF,
  0xFFFF, 0xFFFF, 0xFFFF, 0xFFFF, 0xFFFF, 0xFFFF, 0xFFFF, 0xFFFF, 0xFFFF, 0xFFFF, 0xFFFF, 0xE77D,
  0x9577, 0x53D2, 0x228E, 0x01EC, 0x01CC, 0x01CC, 0x01CC, 0x01CC, 0x01CC, 0x01CC, 0x01CC, 0x01CC,
  0x01CC, 0x01CC, 0x01CC, 0x01CC, 0x1A8E, 0x53D2, 0xADF9, 0xDF1D, 0xFFDF, 0xFFFF, 0xFFFF, 0xFFFF,
  0xFFFF, 0xFFFF, 0xFFDF, 0xFFDF, 0xADF9, 0x4BB2, 0x122D, 0x01CC, 0x01CC, 0x01CC, 0x01CC, 0x01CC,
  0x01CC, 0x32EF, 0x84D5, 0xE75D, 0xFFFF, 0xFFFF, 0xFFFF, 0xFFFF, 0xFFFF, 0xFFFF, 0xFFFF, 0xFFFF,
  0xFFDF, 0x7CD5, 0x01CC, 0x01CC, 0x01CC, 0x01CC, 0x01CC, 0x01CC, 0x01CC, 0x01CC, 0x01CC, 0x01CC,
  0x01CC, 0x01CC, 0x01CC, 0x01CC, 0x5BF3, 0xBE5A, 0xEF9E, 0xFFFF, 0xFFFF, 0xFFFF, 0xFFFF, 0xFFFF,
  0xFFFF, 0xC67A, 0x7474, 0x124E, 0x1A4D, 0x53B1, 0xDF1D, 0xFFFF, 0xFFFF, 0xFFFF, 0xFFFF, 0xFFFF,
  0xFFFF, 0xFFFF, 0xCEDC, 0x2ACF, 0x01CC, 0x01CC, 0x01CC, 0x5BF3, 0xBE5A, 0xEF7E, 0xFFDF, 0xFFFF,
  0xFFFF, 0xFFFF, 0xFFDF, 0xFFFF, 0xADF9, 0x4B92, 0x122D, 0x4350, 0x9D76, 0xEF7E, 0xFFFF, 0xFFFF,
  0xFFFF, 0xFFFF, 0xFFFF, 0xFFFF, 0xEF9E, 0xBE3A, 0x22AF, 0x01CC, 0x01CC, 0x01CC, 0x01CC, 0x01CC,
  0x01CC, 0x01CC, 0x01CC, 0x01CC, 0x01CC, 0x01CC, 0x01CC, 0x01CC, 0x01CC, 0x01CC, 0x01CC, 0x01CC,
  0x01CC, 0x01CC, 0x01CC, 0x01CC, 0x01CC, 0x01CC, 0x01CC, 0x01CC, 0x01CC, 0x01CC, 0x01CC, 0x01CC,
  0x01CC, 0x01CC, 0x01CC, 0x01CC, 0x01CC, 0x01CC, 0x01CC, 0x01CC, 0x01CC, 0x01CC, 0x01CC, 0x01CC,
  0x01CC, 0x01CC, 0x01CC, 0x01CC, 0x01CC, 0x01CC, 0x01CC, 0x01CC, 0x01CC, 0x01CC, 0x01CC, 0x01CC,
  0x01CC, 0x01CC, 0x01CC, 0x01CC, 0x01CC, 0x01CC, 0x01CC, 0x01CC, 0x01CC, 0x01CC, 0x01CC, 0x01CC,
  0x01CC, 0x01CC, 0x01CC, 0x01CC, 0x01CC, 0x01CC, 0x01CC, 0x01CC, 0x01CC, 0x01CC, 0x01CC, 0x01CC,
  0x01CC, 0x01CC, 0x01CC, 0x01CC, 0x01CC, 0x01CC, 0x01CC, 0x01CC, 0x01CC, 0x01CC, 0x01CC, 0x01CC,
  0x01CC, 0x01CC, 0x01CC, 0x01CC, 0x01CC, 0x0A0D, 0x3310, 0x8D16, 0xDF1C, 0xF7DF, 0xFFFF, 0xFFFF,
  0xFFFF, 0xFFFF, 0xFFFF, 0xFFFF, 0xF7BE, 0xD6FC, 0x9557, 0x4351, 0x01CC, 0x01CC, 0x01CC, 0x01CC,
  0x01CC, 0x01CC, 0x01CC, 0x01CC, 0x4351, 0x9D77, 0xEF7E, 0xFFFF, 0xFFFF, 0xFFFF, 0xFFFF, 0xFFFF,
  0xFFFF, 0xFFFF, 0xFFDF, 0xF7BE, 0x7CB5, 0x01CC, 0x01CC, 0x01CC, 0x01CC, 0x01CC, 0x01CC, 0x01CC,
  0x01CC, 0x01CC, 0x01CC, 0x01CC, 0x53B2, 0xADF8, 0xEF9E, 0xFFFF, 0xFFFF, 0xFFFF, 0xFFFF, 0xFFFF,
  0xFFFF, 0xFFFF, 0xFFFF, 0xFFFF, 0xFFFF, 0xFFFF, 0xFFFF, 0xFFFF, 0xFFFF, 0xFFFF, 0xFFFF, 0xFFFF,
  0xFFFF, 0xFFFF, 0xFFFF, 0xFFFF, 0xFFFF, 0xFFFF, 0xFFFF, 0xFFFF, 0xFFFF, 0xFFFF, 0xFFFF, 0xFFFF,
  0xFFFF, 0xFFFF, 0xFFFF, 0xFFFF, 0xFFFF, 0xF7DF, 0xE75D, 0xB619, 0x6C74, 0x124E, 0x01CC, 0x01CC,
  0x01CC, 0x01CC, 0x2ACF, 0xC67A, 0xF7BE, 0xFFFF, 0xFFFF, 0xFFFF, 0xFFFF, 0xFFFF, 0xFFFF, 0xF7BF,
  0xE75D, 0xDF1C, 0xDF1C, 0xDF1C, 0xDF1C, 0xDF1C, 0xDF1C, 0xDF1C, 0xDF1C, 0xDF1C, 0xDF1C, 0xDF1C,
  0xDF1C, 0xDF1C, 0xDF1C, 0xDF1C, 0xDF1C, 0xDF1C, 0xE73D, 0xCEBB, 0x9D77, 0x2ACF, 0x09EC, 0x01CC,
  0x01CC, 0x01CC, 0x01CC, 0x01CC, 0x01CC, 0x01CC, 0x01CC, 0x01CC, 0x01CC, 0x01CC, 0x01CC, 0x01CC,
  0x01CC, 0x01CC, 0x01CC, 0x01CC, 0x122D, 0x2ACF, 0x53B2, 0xA5D8, 0xF7BF, 0xFFDF, 0xFFFF, 0xFFFF,
  0xFFFF, 0xFFFF, 0xFFFF, 0xFFFF, 0xFFFF, 0xFFFF, 0xFFFF, 0xFFFF, 0xFFFF, 0xFFFF, 0xFFFF, 0xF79E,
  0xC69B, 0x6433, 0x0A0D, 0x01CC, 0x01CC, 0x01CC, 0x01CC, 0x01CC, 0x01CC, 0x01CC, 0x01CC, 0x01CC,
  0x01CC, 0x01CC, 0x01CC, 0x01CC, 0x01CC, 0x01CC, 0x01CC, 0x01CC, 0x01CC, 0x01CC, 0x01CC, 0x01CC,
  0x01CC, 0x01CC, 0x01CC, 0x01CC, 0x01CC, 0x01CC, 0x01CC, 0x01CC, 0x01CC, 0x01CC, 0x01CC, 0x01CC,
  0x01CC, 0x01CC, 0x01CC, 0x01CC, 0x01CC, 0x01CC, 0x01CC, 0x01CC, 0x01CC, 0x01CC, 0x01CC, 0x01CC,
  0x01EC, 0x7CD5, 0xF7DF, 0xFFFF, 0xFFFF, 0xFFFF, 0xFFFF, 0xFFFF, 0xFFFF, 0xFFFF, 0x9D97, 0x32CF,
  0x0A0D, 0x01CC, 0x01CC, 0x01CC, 0x01CC, 0x01CC, 0x01CC, 0x01CC, 0x01CC, 0x01CC, 0x01CC, 0x01CC,
  0x01CC, 0x01CC, 0x01CC, 0x01CC, 0x01CC, 0x1A8E, 0x9D77, 0xDF1C, 0xFFFF, 0xFFFF, 0xFFFF, 0xFFFF,
  0xFFFF, 0xFFFF, 0xFFDF, 0xEF7E, 0xE73D, 0xDEFC, 0xDF1C, 0xDF1C, 0xDF1C, 0xDF1C, 0xDF1C, 0xDF1C,
  0xDF1C, 0xDF1C, 0xDF1C, 0xDF1C, 0xDF1C, 0xDF1C, 0xDF1C, 0xDF1C, 0xDF1C, 0xDF3D, 0xCEBB, 0xA5B8,
  0x4351, 0x124D, 0x01CC, 0x01CC, 0x01CC, 0x01CC, 0x01CC, 0x01CC, 0x01CC, 0x01CC, 0x01CC, 0x01CC,
  0x01CC, 0x01CC, 0x01EC, 0x1A6E, 0x5BF2, 0xA5B8, 0xEF7E, 0xFFDF, 0xFFDF, 0xFFFF, 0xFFFF, 0xFFFF,
  0xFFFF, 0xFFDF, 0xEF9E, 0xBE7A, 0x5BF3, 0x01CC, 0x01CC, 0x01CC, 0x01CC, 0x01CC, 0x01CC, 0x01CC,
  0x01CC, 0x122D, 0x4B71, 0xDF1C, 0xFFFF, 0xFFFF, 0xFFFF, 0xFFFF, 0xFFFF, 0xFFFF, 0xFFFF, 0xFFFF,
  0xFFFF, 0x9557, 0x228E, 0x01EC, 0x01CC, 0x01CC, 0x01CC, 0x01CC, 0x01CC, 0x01CC, 0x01CC, 0x01CC,
  0x01CC, 0x01CC, 0x09ED, 0x22AF, 0x9577, 0xFFFF, 0xFFDF, 0xFFFF, 0xFFFF, 0xFFFF, 0xFFFF, 0xFFDF,
  0xF7BE, 0x9536, 0x2AAE, 0x09EC, 0x09EC, 0x3B30, 0xDF1C, 0xFFFF, 0xFFFF, 0xFFFF, 0xFFFF, 0xFFFF,
  0xFFFF, 0xFFFF, 0xD6FC, 0x3310, 0x01EC, 0x0A0D, 0x4371, 0xADD8, 0xFFDF, 0xFFDF, 0xFFDF, 0xFFFF,
  0xFFFF, 0xFFDF, 0xEF9E, 0xC67B, 0x5C13, 0x01CC, 0x01CC, 0x4B91, 0xADB7, 0xEF9E, 0xFFFF, 0xFFFF,
  0xFFFF, 0xFFFF, 0xFFFF, 0xFFFF, 0xEF7D, 0xB5F9, 0x22AF, 0x01CC, 0x01CC, 0x01CC, 0x01CC, 0x01CC,
  0x01CC, 0x01CC, 0x01CC, 0x01CC, 0x01CC, 0x01CC, 0x01CC, 0x01CC, 0x01CC, 0x01CC, 0x01CC, 0x01CC,
  0x01CC, 0x01CC, 0x01CC, 0x01CC, 0x01CC, 0x01CC, 0x01CC, 0x01CC, 0x01CC, 0x01CC, 0x01CC, 0x01CC,
  0x01CC, 0x01CC, 0x01CC, 0x01CC, 0x01CC, 0x01CC, 0x01CC, 0x01CC, 0x01CC, 0x01CC, 0x01CC, 0x01CC,
  0x01CC, 0x01CC, 0x01CC, 0x01CC, 0x01CC, 0x01CC, 0x01CC, 0x01CC, 0x01CC, 0x01CC, 0x01CC, 0x01CC,
  0x01CC, 0x01CC, 0x01CC, 0x01CC, 0x01CC, 0x01CC, 0x01CC, 0x01CC, 0x01CC, 0x01CC, 0x01CC, 0x01CC,
  0x01CC, 0x01CC, 0x01CC, 0x01CC, 0x01CC, 0x01CC, 0x01CC, 0x01CC, 0x01CC, 0x01CC, 0x01CC, 0x01CC,
  0x01CC, 0x01CC, 0x01CC, 0x01CC, 0x01CC, 0x01CC, 0x01CC, 0x01CC, 0x01CC, 0x01CC, 0x01CC, 0x01CC,
  0x01CC, 0x01CC, 0x01CC, 0x01CC, 0x01CC, 0x228E, 0xA5B8, 0xE73D, 0xFFFF, 0xFFFF, 0xFFFF, 0xFFFF,
  0xFFFF, 0xFFFF, 0xFFDF, 0xFFFF, 0xDF1C, 0x9577, 0x22AF, 0x01CC, 0x01CC, 0x01CC, 0x01CC, 0x01CC,
  0x01CC, 0x01CC, 0x01CC, 0x01CC, 0x1A4D, 0x53B1, 0xDF1D, 0xFFFF, 0xFFFF, 0xFFFF, 0xFFFF, 0xFFFF,
  0xFFFF, 0xFFFF, 0xFFFF, 0xFFFF, 0x8CF6, 0x09EC, 0x01CC, 0x01CC, 0x01CC, 0x01CC, 0x01CC, 0x01CC,
  0x01CC, 0x01CC, 0x01CC, 0x01CC, 0x74B5, 0xEF9E, 0xFFDF, 0xFFFF, 0xFFFF, 0xFFFF, 0xFFFF, 0xFFFF,
  0xFFFF, 0xFFFF, 0xFFFF, 0xFFFF, 0xFFFF, 0xFFFF, 0xFFFF, 0xFFFF, 0xFFFF, 0xFFFF, 0xFFFF, 0xFFFF,
  0xFFFF, 0xFFFF, 0xFFFF, 0xFFFF, 0xFFFF, 0xFFFF, 0xFFFF, 0xFFFF, 0xFFFF, 0xFFFF, 0xFFFF, 0xFFFF,
  0xFFFF, 0xFFFF, 0xFFFF, 0xFFFF, 0xFFFF, 0xEF9E, 0xADD8, 0x4BB2, 0x01EC, 0x01CC, 0x01CC, 0x01CC,
  0x01CC, 0x01EC, 0x32EF, 0xD6FC, 0xFFFF, 0xFFFF, 0xFFFF, 0xFFFF, 0xFFFF, 0xFFFF, 0xFFFF, 0xEF9E,
  0xADD8, 0x8D16, 0x84D5, 0x84D5, 0x84F5, 0x84F5, 0x84F5, 0x84F5, 0x84F5, 0x84F5, 0x8CF5, 0x8CF5,
  0x8CF5, 0x8CF5, 0x8CF5, 0x8CF5, 0x8CF5, 0x8D16, 0xA597, 0x5BD2, 0x0A0D, 0x01CC, 0x01CC, 0x01CC,
  0x01CC, 0x01CC, 0x01CC, 0x01CC, 0x01CC, 0x01CC, 0x01CC, 0x01CC, 0x01CC, 0x01CC, 0x01CC, 0x01CC,
  0x01CC, 0x01CC, 0x01CC, 0x01CC, 0x32F0, 0x7CD5, 0xDF3D, 0xF7DF, 0xFFDF, 0xFFFF, 0xFFFF, 0xFFFF,
  0xFFFF, 0xFFFF, 0xFFFF, 0xFFFF, 0xFFFF, 0xFFFF, 0xFFFF, 0xFFFF, 0xFFFF, 0xFFFF, 0xFFFF, 0xFFDF,
  0xFFFF, 0x9577, 0x2AAE, 0x09ED, 0x01CC, 0x01CC, 0x01CC, 0x01CC, 0x01CC, 0x01CC, 0x01CC, 0x01CC,
  0x01CC, 0x01CC, 0x01CC, 0x01CC, 0x01CC, 0x01CC, 0x01CC, 0x01CC, 0x01CC, 0x01CC, 0x01CC, 0x01CC,
  0x01CC, 0x01CC, 0x01CC, 0x01CC, 0x01CC, 0x01CC, 0x01CC, 0x01CC, 0x01CC, 0x01CC, 0x01CC, 0x01CC,
  0x01CC, 0x01CC, 0x01CC, 0x01CC, 0x01CC, 0x01CC, 0x01CC, 0x01CC, 0x01CC, 0x01CC, 0x01CC, 0x01EC,
  0x122D, 0x8D16, 0xFFFF, 0xFFFF, 0xFFFF, 0xFFFF, 0xFFFF, 0xFFFF, 0xFFFF, 0xFFFF, 0x84F6, 0x09EC,
  0x01CC, 0x01CC, 0x01CC, 0x01CC, 0x01CC, 0x01CC, 0x01CC, 0x01CC, 0x01CC, 0x01CC, 0x01CC, 0x01CC,
  0x01CC, 0x01CC, 0x01CC, 0x01CC, 0x01CC, 0x2ACF, 0xCEDC, 0xFFDF, 0xFFFF, 0xFFFF, 0xFFFF, 0xFFFF,
  0xFFFF, 0xFFFF, 0xF79E, 0xC67A, 0x9D77, 0x84D5, 0x84D5, 0x84F5, 0x84F5, 0x84F5, 0x84F5, 0x84F5,
  0x84F5, 0x84F5, 0x84F5, 0x84F5, 0x8CF5, 0x8CF5, 0x84F5, 0x84F5, 0x8D16, 0x9D77, 0x6413, 0x226E,
  0x09ED, 0x01CC, 0x01CC, 0x01CC, 0x01CC, 0x01CC, 0x01CC, 0x01CC, 0x01CC, 0x01CC, 0x01CC, 0x01CC,
  0x01CC, 0x01CC, 0x122D, 0x5BD2, 0xB619, 0xFFDF, 0xF7DF, 0xFFDF, 0xFFFF, 0xFFFF, 0xFFFF, 0xFFFF,
  0xFFDF, 0xFFDF, 0xD6DC, 0x3310, 0x01EC, 0x01CC, 0x01CC, 0x01CC, 0x01CC, 0x01CC, 0x01CC, 0x01CC,
  0x01CC, 0x01CC, 0x2AEF, 0xD6FC, 0xFFFF, 0xFFFF, 0xFFFF, 0xFFFF, 0xFFFF, 0xFFFF, 0xFFFF, 0xFFFF,
  0xFFFF, 0xBE39, 0x63F2, 0x122D, 0x01CC, 0x01CC, 0x01CC, 0x01CC, 0x01CC, 0x01CC, 0x01CC, 0x01CC,
  0x01CC, 0x01CC, 0x1A4E, 0x7CB5, 0xC69B, 0xFFFF, 0xFFFF, 0xFFFF, 0xFFFF, 0xFFFF, 0xFFFF, 0xF7BE,
  0xDF1C, 0x6C54, 0x01CC, 0x01CC, 0x01CC, 0x32EF, 0xD6FC, 0xFFFF, 0xFFFF, 0xFFFF, 0xFFFF, 0xFFFF,
  0xFFFF, 0xFFFF, 0xDF1C, 0x4350, 0x120D, 0x2ACF, 0xCEDC, 0xF7BF, 0xFFDF, 0xFFFF, 0xFFFF, 0xFFFF,
  0xF7DF, 0xFFDF, 0xDF1C, 0x3B30, 0x09EC, 0x01CC, 0x01CC, 0x5BD2, 0xBE5A, 0xF7BE, 0xFFFF, 0xFFFF,
  0xFFFF, 0xFFFF, 0xFFFF, 0xFFFF, 0xE75D, 0xADD8, 0x228F, 0x01CC, 0x01CC, 0x01CC, 0x01CC, 0x01CC,
  0x01CC, 0x01CC, 0x01CC, 0x01CC, 0x01CC, 0x01CC, 0x01CC, 0x01CC, 0x01CC, 0x01CC, 0x01CC, 0x01CC,
  0x01CC, 0x01CC, 0x01CC, 0x01CC, 0x01CC, 0x01CC, 0x01CC, 0x01CC, 0x01CC, 0x01CC, 0x01CC, 0x01CC,
  0x01CC, 0x01CC, 0x01CC, 0x01CC, 0x01CC, 0x01CC, 0x01CC, 0x01CC, 0x01CC, 0x01CC, 0x01CC, 0x01CC,
  0x01CC, 0x01CC, 0x01CC, 0x01CC, 0x01CC, 0x01CC, 0x01CC, 0x01CC, 0x01CC, 0x01CC, 0x01CC, 0x01CC,
  0x01CC, 0x01CC, 0x01CC, 0x01CC, 0x01CC, 0x01CC, 0x01CC, 0x01CC, 0x01CC, 0x01CC, 0x01CC, 0x01CC,
  0x01CC, 0x01CC, 0x01CC, 0x01CC, 0x01CC, 0x01CC, 0x01CC, 0x01CC, 0x01CC, 0x01CC, 0x01CC, 0x01CC,
  0x01CC, 0x01CC, 0x01CC, 0x01CC, 0x01CC, 0x01CC, 0x01CC, 0x01CC, 0x01CC, 0x01CC, 0x01CC, 0x01CC,
  0x01CC, 0x01CC, 0x01CC, 0x01CC, 0x4B92, 0xA5B8, 0xDF1C, 0xF7BE, 0xFFFF, 0xFFFF, 0xFFFF, 0xFFFF,
  0xFFDF, 0xFFFF, 0xF7BE, 0xC67A, 0x7CD5, 0x3310, 0x0A0D, 0x01CC, 0x01CC, 0x01CC, 0x01CC, 0x01CC,
  0x01CC, 0x01CC, 0x01CC, 0x01CC, 0x09EC, 0x3B10, 0xD6FC, 0xFFFF, 0xFFFF, 0xFFFF, 0xFFFF, 0xFFFF,
  0xFFFF, 0xFFFF, 0xFFFF, 0xFFFF, 0xADF9, 0x4B91, 0x122D, 0x01CC, 0x01CC, 0x01CC, 0x01CC, 0x01CC,
  0x01CC, 0x01CC, 0x01CC, 0x0A0D, 0x84F6, 0xFFDF, 0xFFFF, 0xFFFF, 0xFFFF, 0xFFFF, 0xFFFF, 0xFFFF,
  0xFFFF, 0xFFFF, 0xFFFF, 0xFFFF, 0xFFFF, 0xFFFF, 0xFFFF, 0xFFFF, 0xFFFF, 0xFFFF, 0xFFFF, 0xFFFF,
  0xFFFF, 0xFFFF, 0xFFFF, 0xFFFF, 0xFFFF, 0xFFFF, 0xFFFF, 0xFFFF, 0xFFFF, 0xFFFF, 0xFFFF, 0xFFFF,
  0xFFFF, 0xFFFF, 0xFFDF, 0xEF7E, 0xADF9, 0x6C33, 0x4351, 0x1A6E, 0x01CC, 0x01CC, 0x01CC, 0x01CC,
  0x01CC, 0x228E, 0x6413, 0xDF3D, 0xFFFF, 0xFFFF, 0xFFFF, 0xFFFF, 0xFFFF, 0xFFFF, 0xFFDF, 0xD6FC,
  0x53D2, 0x32EF, 0x2AEF, 0x32EF, 0x32EF, 0x32EF, 0x32EF, 0x32EF, 0x32EF, 0x32EF, 0x32EF, 0x32EF,
  0x32EF, 0x32EF, 0x32EF, 0x32EF, 0x32EF, 0x32EF, 0x3B30, 0x1A8E, 0x01CC, 0x01CC, 0x01CC, 0x01CC,
  0x01CC, 0x01CC, 0x01CC, 0x01CC, 0x01CC, 0x01CC, 0x01CC, 0x01CC, 0x01CC, 0x01CC, 0x01CC, 0x01CC,
  0x01CC, 0x01CC, 0x1A4E, 0x7495, 0xADD9, 0xD6DC, 0xF7BE, 0xFFFF, 0xFFFF, 0xFFFF, 0xFFFF, 0xFFFF,
  0xFFFF, 0xFFFF, 0xFFFF, 0xFFDF, 0xFFFF, 0xFFFF, 0xFFFF, 0xFFFF, 0xFFFF, 0xFFFF, 0xFFFF, 0xFFFF,
  0xFFDF, 0xD6FC, 0x9577, 0x228E, 0x01CC, 0x01CC, 0x01CC, 0x01CC, 0x01CC, 0x01CC, 0x01CC, 0x01CC,
  0x01CC, 0x01CC, 0x01CC, 0x01CC, 0x01CC, 0x01CC, 0x01CC, 0x01CC, 0x01CC, 0x01CC, 0x01CC, 0x01CC,
  0x01CC, 0x01CC, 0x01CC, 0x01CC, 0x01CC, 0x01CC, 0x01CC, 0x01CC, 0x01CC, 0x01CC, 0x01CC, 0x01CC,
  0x01CC, 0x01CC, 0x01CC, 0x01CC, 0x01CC, 0x01CC, 0x01CC, 0x01CC, 0x01CC, 0x01CC, 0x01CC, 0x122D,
  0x53B2, 0xB619, 0xFFFF, 0xFFFF, 0xFFFF, 0xFFFF, 0xFFFF, 0xFFFF, 0xFFDF, 0xE75D, 0x7494, 0x01CC,
  0x01CC, 0x01CC, 0x01CC, 0x01CC, 0x01CC, 0x01CC, 0x01CC, 0x01CC, 0x01CC, 0x01CC, 0x01CC, 0x01CC,
  0x01CC, 0x01CC, 0x01CC, 0x01CC, 0x0A0C, 0x3B30, 0xD6FC, 0xFFFF, 0xFFFF, 0xFFFF, 0xFFFF, 0xFFFF,
  0xFFFF, 0xFFFF, 0xDF3D, 0x6413, 0x3B10, 0x2ACF, 0x32EF, 0x32EF, 0x32EF, 0x32EF, 0x32EF, 0x32EF,
  0x32EF, 0x32EF, 0x32EF, 0x32EF, 0x32EF, 0x32EF, 0x32EF, 0x32EF, 0x32EF, 0x3B10, 0x228E, 0x09ED,
  0x01CC, 0x01CC, 0x01CC, 0x01CC, 0x01CC, 0x01CC, 0x01CC, 0x01CC, 0x01CC, 0x01CC, 0x01CC, 0x01CC,
  0x01CC, 0x2ACF, 0x6C54, 0xB639, 0xE73D, 0xFFDF, 0xFFFF, 0xFFFF, 0xFFFF, 0xFFFF, 0xFFFF, 0xFFDF,
  0xF7BE, 0xA5D9, 0x4BB2, 0x122D, 0x01CC, 0x01CC, 0x01CC, 0x01CC, 0x01CC, 0x01CC, 0x01CC, 0x01CC,
  0x01CC, 0x01CC, 0x22AF, 0xADF9, 0xE75D, 0xFFFF, 0xFFFF, 0xFFFF, 0xFFFF, 0xFFFF, 0xFFFF, 0xFFFF,
  0xFFFF, 0xE73D, 0xA5B8, 0x228E, 0x01CC, 0x01CC, 0x01CC, 0x01CC, 0x01CC, 0x01CC, 0x01CC, 0x01CC,
  0x01CC, 0x09EC, 0x32EF, 0xBE3A, 0xEF7E, 0xFFDF, 0xFFFF, 0xFFFF, 0xFFFF, 0xFFFF, 0xFFFF, 0xE73D,
  0x7474, 0x2AAF, 0x01CC, 0x01CC, 0x01CC, 0x2ACF, 0xCEBC, 0xFFDF, 0xFFFF, 0xFFFF, 0xFFFF, 0xFFFF,
  0xFFFF, 0xFFFF, 0xDF1C, 0x53B1, 0x5BD2, 0x9557, 0xE75D, 0xFFDF, 0xFFFF, 0xFFFF, 0xFFFF, 0xFFDF,
  0xFFDF, 0xBE3A, 0x6413, 0x1A4D, 0x01CC, 0x01CC, 0x01CC, 0x6433, 0xCEBB, 0xF7BF, 0xFFFF, 0xFFFF,
  0xFFFF, 0xFFFF, 0xFFFF, 0xFFFF, 0xE73D, 0xA5B8, 0x228E, 0x01CC, 0x01CC, 0x01CC, 0x01CC, 0x01CC,
  0x01CC, 0x01CC, 0x01CC, 0x01CC, 0x01CC, 0x01CC, 0x01CC, 0x01CC, 0x01CC, 0x01CC, 0x01CC, 0x01CC,
  0x01CC, 0x01CC, 0x01CC, 0x01CC, 0x01CC, 0x01CC, 0x01CC, 0x01CC, 0x01CC, 0x01CC, 0x01CC, 0x01CC,
  0x01CC, 0x01CC, 0x01CC, 0x01CC, 0x01CC, 0x01CC, 0x01CC, 0x01CC, 0x01CC, 0x01CC, 0x01CC, 0x01CC,
  0x01CC, 0x01CC, 0x01CC, 0x01CC, 0x01CC, 0x01CC, 0x01CC, 0x01CC, 0x01CC, 0x01CC, 0x01CC, 0x01CC,
  0x01CC, 0x01CC, 0x01CC, 0x01CC, 0x01CC, 0x01CC, 0x01CC, 0x01CC, 0x01CC, 0x01CC, 0x01CC, 0x01CC,
  0x01CC, 0x01CC, 0x01CC, 0x01CC, 0x01CC, 0x01CC, 0x01CC, 0x01CC, 0x01CC, 0x01CC, 0x01CC, 0x01CC,
  0x01CC, 0x01CC, 0x01CC, 0x01CC, 0x01CC, 0x01CC, 0x01CC, 0x01CC, 0x01CC, 0x01CC, 0x01CC, 0x01CC,
  0x01CC, 0x01CC, 0x0A0D, 0x3B31, 0x9D98, 0xF79E, 0xFFDF, 0xFFFF, 0xFFFF, 0xFFFF, 0xFFFF, 0xFFFF,
  0xFFDF, 0xEF7E, 0xCE9B, 0x7CB5, 0x32F0, 0x01CC, 0x01CC, 0x01CC, 0x01CC, 0x01CC, 0x01CC, 0x01CC,
  0x01CC, 0x01CC, 0x01CC, 0x01CC, 0x01CC, 0x22AF, 0xB619, 0xEF7D, 0xFFFF, 0xFFFF, 0xFFFF, 0xFFFF,
  0xFFFF, 0xFFFF, 0xFFFF, 0xFFFF, 0xD6DC, 0x8D16, 0x1A6E, 0x01CC, 0x01CC, 0x01CC, 0x01CC, 0x01CC,
  0x01CC, 0x01CC, 0x0A0D, 0x32CF, 0x9D97, 0xFFFF, 0xFFFF, 0xFFFF, 0xFFFF, 0xFFFF, 0xFFFF, 0xFFFF,
  0xFFFF, 0xFFFF, 0xFFFF, 0xFFFF, 0xFFFF, 0xFFFF, 0xFFFF, 0xFFFF, 0xFFFF, 0xFFFF, 0xFFFF, 0xFFFF,
  0xFFFF, 0xFFFF, 0xFFFF, 0xFFFF, 0xFFFF, 0xFFFF, 0xFFFF, 0xFFFF, 0xFFFF, 0xFFFF, 0xFFDF, 0xF7BE,
  0xE73D, 0xCEBB, 0xB63A, 0xA5B8, 0x5BF2, 0x122D, 0x01CC, 0x01CC, 0x01CC, 0x01CC, 0x01CC, 0x01CC,
  0x01CC, 0x4371, 0x9D77, 0xEF7E, 0xFFFF, 0xFFFF, 0xFFFF, 0xFFFF, 0xFFFF, 0xFFFF, 0xDF3D, 0x9D98,
  0x228E, 0x01CC, 0x01CC, 0x01CC, 0x01CC, 0x01CC, 0x01CC, 0x01CC, 0x01CC, 0x01CC, 0x01CC, 0x01CC,
  0x01CC, 0x01CC, 0x01CC, 0x01CC, 0x01CC, 0x01CC, 0x01CC, 0x01CC, 0x01CC, 0x01CC, 0x01CC, 0x01CC,
  0x01CC, 0x01CC, 0x01CC, 0x01CC, 0x01CC, 0x01CC, 0x01CC, 0x01CC, 0x01CC, 0x01CC, 0x01CC, 0x01CC,
  0x122D, 0x32F0, 0x6454, 0xCE9B, 0xEF9E, 0xFFFF, 0xFFDF, 0xFFFF, 0xFFFF, 0xFFFF, 0xFFFF, 0xF7DF,
  0xE75D, 0xCEBB, 0xC67B, 0xEF9E, 0xFFDF, 0xFFFF, 0xFFFF, 0xFFFF, 0xFFFF, 0xFFFF, 0xFFFF, 0xFFFF,
  0xFFDF, 0xFFDF, 0xDF3D, 0x6433, 0x228E, 0x01CC, 0x01CC, 0x01CC, 0x01CC, 0x01CC, 0x01CC, 0x01CC,
  0x01CC, 0x01CC, 0x01CC, 0x01CC, 0x01CC, 0x01CC, 0x01CC, 0x01CC, 0x01CC, 0x01CC, 0x01CC, 0x01CC,
  0x01CC, 0x01CC, 0x01CC, 0x01CC, 0x01CC, 0x01CC, 0x01CC, 0x01CC, 0x01CC, 0x01CC, 0x01CC, 0x01CC,
  0x01CC, 0x01CC, 0x01CC, 0x01CC, 0x01CC, 0x01CC, 0x01CC, 0x01CC, 0x01CC, 0x01CC, 0x01CC, 0x1A6E,
  0x9536, 0xD6FC, 0xFFFF, 0xFFFF, 0xFFFF, 0xFFFF, 0xFFFF, 0xFFFF, 0xEF9E, 0xBE39, 0x53D2, 0x01CC,
  0x01CC, 0x01CC, 0x01CC, 0x01CC, 0x01CC, 0x01CC, 0x01CC, 0x01CC, 0x01CC, 0x01CC, 0x01CC, 0x01CC,
  0x01CC, 0x01CC, 0x01CC, 0x01CC, 0x22AE, 0x6C33, 0xE73D, 0xFFFF, 0xFFFF, 0xFFFF, 0xFFFF, 0xFFFF,
  0xFFFF, 0xF7BE, 0xBE7A, 0x2AAF, 0x01CC, 0x01CC, 0x01CC, 0x01CC, 0x01CC, 0x01CC, 0x01CC, 0x01CC,
  0x01CC, 0x01CC, 0x01CC, 0x01CC, 0x01CC, 0x01CC, 0x01CC, 0x01CC, 0x01CC, 0x01CC, 0x01CC, 0x01CC,
  0x01CC, 0x01CC, 0x01CC, 0x01CC, 0x01CC, 0x01CC, 0x01CC, 0x01CC, 0x01CC, 0x01CC, 0x01CC, 0x09EC,
  0x22AF, 0x6C74, 0xBE3A, 0xF79E, 0xFFDF, 0xFFDF, 0xFFFF, 0xFFFF, 0xFFFF, 0xFFFF, 0xFFDF, 0xE77D,
  0xB63A, 0x53D2, 0x01CC, 0x01CC, 0x01CC, 0x01CC, 0x01CC, 0x01CC, 0x01CC, 0x01CC, 0x01CC, 0x01CC,
  0x01CC, 0x01CC, 0x124E, 0x6C54, 0xC67A, 0xFFFF, 0xFFFF, 0xFFFF, 0xFFFF, 0xFFFF, 0xFFFF, 0xFFFF,
  0xFFFF, 0xFFDF, 0xCEBB, 0x2AEF, 0x01CC, 0x01CC, 0x01CC, 0x01CC, 0x01CC, 0x01CC, 0x01CC, 0x01CC,
  0x01CC, 0x2ACF, 0x7494, 0xE73D, 0xFFFF, 0xFFFF, 0xFFFF, 0xFFFF, 0xFFFF, 0xFFDF, 0xEF7E, 0xB639,
  0x2AAF, 0x01CC, 0x01CC, 0x01CC, 0x01CC, 0x22AF, 0xBE5A, 0xF79E, 0xFFFF, 0xFFFF, 0xFFFF, 0xFFFF,
  0xFFFF, 0xFFFF, 0xE75D, 0x8D15, 0xADB8, 0xDF1C, 0xF7BE, 0xFFFF, 0xFFFF, 0xFFFF, 0xFFDF, 0xF79E,
  0xD6FC, 0x7494, 0x122D, 0x01EC, 0x01CC, 0x01CC, 0x01CC, 0x6C54, 0xDF1C, 0xFFDF, 0xFFFF, 0xFFFF,
  0xFFFF, 0xFFFF, 0xFFFF, 0xFFFF, 0xDF3D, 0xA598, 0x228E, 0x01CC, 0x01CC, 0x01CC, 0x01CC, 0x01CC,
  0x01CC, 0x01CC, 0x01CC, 0x01CC, 0x01CC, 0x01CC, 0x01CC, 0x01CC, 0x01CC, 0x01CC, 0x01CC, 0x01CC,
  0x01CC, 0x01CC, 0x01CC, 0x01CC, 0x01CC, 0x01CC, 0x01CC, 0x01CC, 0x01CC, 0x01CC, 0x01CC, 0x01CC,
  0x01CC, 0x01CC, 0x01CC, 0x01CC, 0x01CC, 0x01CC, 0x01CC, 0x01CC, 0x01CC, 0x01CC, 0x01CC, 0x01CC,
  0x01CC, 0x01CC, 0x01CC, 0x01CC, 0x01CC, 0x01CC, 0x01CC, 0x01CC, 0x01CC, 0x01CC, 0x01CC, 0x01CC,
  0x01CC, 0x01CC, 0x01CC, 0x01CC, 0x01CC, 0x01CC, 0x01CC, 0x01CC, 0x01CC, 0x01CC, 0x01CC, 0x01CC,
  0x01CC, 0x01CC, 0x01CC, 0x01CC, 0x01CC, 0x01CC, 0x01CC, 0x01CC, 0x01CC, 0x01CC, 0x01CC, 0x01CC,
  0x01CC, 0x01CC, 0x01CC, 0x01CC, 0x01CC, 0x01CC, 0x01CC, 0x01CC, 0x01CC, 0x01CC, 0x01CC, 0x01CC,
  0x01CC, 0x01CC, 0x2AAF, 0xC67B, 0xF79E, 0xFFDF, 0xFFFF, 0xFFFF, 0xFFFF, 0xFFFF, 0xFFFF, 0xFFDF,
  0xFFFF, 0xC69B, 0x7494, 0x1A6E, 0x01CC, 0x01CC, 0x01CC, 0x01CC, 0x01CC, 0x01CC, 0x01CC, 0x01CC,
  0x01CC, 0x01CC, 0x01CC, 0x01CC, 0x01CC, 0x124D, 0x6C13, 0xBE5A, 0xFFFF, 0xFFFF, 0xFFFF, 0xFFFF,
  0xFFFF, 0xFFFF, 0xFFFF, 0xFFFF, 0xF7BF, 0xCE9B, 0x2ACF, 0x01CC, 0x01CC, 0x01CC, 0x01CC, 0x01CC,
  0x01CC, 0x01CC, 0x124E, 0x6C53, 0xC67A, 0xFFFF, 0xFFFF, 0xFFFF, 0xFFFF, 0xFFFF, 0xFFDF, 0xFFDF,
  0xFFFF, 0xFFFF, 0xFFFF, 0xFFFF, 0xFFFF, 0xFFFF, 0xFFFF, 0xFFFF, 0xFFFF, 0xFFFF, 0xFFFF, 0xFFFF,
  0xFFFF, 0xFFFF, 0xFFFF, 0xFFFF, 0xFFFF, 0xFFFF, 0xFFFF, 0xFFFF, 0xFFFF, 0xFFFF, 0xF7BE, 0xDF1C,
  0x9D77, 0x5BD2, 0x1A6D, 0x0A0D, 0x01EC, 0x01CC, 0x01CC, 0x01CC, 0x01CC, 0x01CC, 0x01CC, 0x01CC,
  0x01CC, 0x6C74, 0xE73D, 0xF7DF, 0xFFFF, 0xFFFF, 0xFFFF, 0xFFFF, 0xFFFF, 0xFFFF, 0xADD8, 0x4350,
  0x0A0D, 0x01CC, 0x01CC, 0x01CC, 0x01CC, 0x01CC, 0x01CC, 0x01CC, 0x01CC, 0x01CC, 0x01CC, 0x01CC,
  0x01CC, 0x01CC, 0x01CC, 0x01CC, 0x01CC, 0x01CC, 0x01CC, 0x01CC, 0x01CC, 0x01CC, 0x01CC, 0x01CC,
  0x01CC, 0x01CC, 0x01CC, 0x01CC, 0x01CC, 0x01CC, 0x01CC, 0x01CC, 0x01CC, 0x01CC, 0x01CC, 0x0A0D,
  0x32EF, 0x9D77, 0xF7DF, 0xF7DF, 0xFFDF, 0xFFFF, 0xFFFF, 0xFFFF, 0xFFFF, 0xFFDF, 0xFFDF, 0xF79E,
  0xB639, 0x5BF3, 0x3B30, 0xD71C, 0xFFDF, 0xFFDF, 0xFFFF, 0xFFFF, 0xFFFF, 0xFFFF, 0xFFFF, 0xFFFF,
  0xFFFF, 0xFFDF, 0xF79E, 0xDEFC, 0x6C54, 0x01CC, 0x01CC, 0x01CC, 0x01CC, 0x01CC, 0x01CC, 0x01CC,
  0x01CC, 0x01CC, 0x01CC, 0x01CC, 0x01CC, 0x01CC, 0x01CC, 0x01CC, 0x01CC, 0x01CC, 0x01CC, 0x01CC,
  0x01CC, 0x01CC, 0x01CC, 0x01CC, 0x01CC, 0x01CC, 0x01CC, 0x01CC, 0x01CC, 0x01CC, 0x01CC, 0x01CC,
  0x01CC, 0x01CC, 0x01CC, 0x01CC, 0x01CC, 0x01CC, 0x01CC, 0x01CC, 0x01CC, 0x01CC, 0x01CC, 0x2ACF,
  0xCEBB, 0xF7DF, 0xFFFF, 0xFFFF, 0xFFFF, 0xFFFF, 0xFFFF, 0xFFFF, 0xE73D, 0x7453, 0x2AAF, 0x01CC,
  0x01CC, 0x01CC, 0x01CC, 0x01CC, 0x01CC, 0x01CC, 0x01CC, 0x01CC, 0x01CC, 0x01CC, 0x01CC, 0x01CC,
  0x01CC, 0x01CC, 0x01CC, 0x01CC, 0x53D2, 0xB619, 0xEF9E, 0xFFFF, 0xFFFF, 0xFFFF, 0xFFFF, 0xFFFF,
  0xFFFF, 0xD6FC, 0x9536, 0x1A6E, 0x01CC, 0x01CC, 0x01CC, 0x01CC, 0x01CC, 0x01CC, 0x01CC, 0x01CC,
  0x01CC, 0x01CC, 0x01CC, 0x01CC, 0x01CC, 0x01CC, 0x01CC, 0x01CC, 0x01CC, 0x01CC, 0x01CC, 0x01CC,
  0x01CC, 0x01CC, 0x01CC, 0x01CC, 0x01CC, 0x01CC, 0x01CC, 0x01CC, 0x01CC, 0x01CC, 0x01CC, 0x1A6E,
  0x7CB5, 0xCE9B, 0xFFDF, 0xFFDF, 0xFFFF, 0xFFFF, 0xFFFF, 0xFFFF, 0xFFFF, 0xFFFF, 0xF79E, 0xC67B,
  0x2AF0, 0x01EC, 0x01CC, 0x01CC, 0x01CC, 0x01CC, 0x01CC, 0x01CC, 0x01CC, 0x01CC, 0x01CC, 0x01CC,
  0x01CC, 0x01CC, 0x01CC, 0x120D, 0x8D16, 0xFFFF, 0xFFFF, 0xFFFF, 0xFFFF, 0xFFFF, 0xFFFF, 0xFFFF,
  0xFFFF, 0xFFFF, 0xD6FC, 0x3B2F, 0x09EC, 0x01CC, 0x01CC, 0x01CC, 0x01CC, 0x01CC, 0x01CC, 0x01CC,
  0x01CC, 0x7495, 0xEF7E, 0xF7BE, 0xFFFF, 0xFFFF, 0xFFFF, 0xFFFF, 0xFFFF, 0xFFFF, 0xC67A, 0x6C53,
  0x124E, 0x01CC, 0x01CC, 0x01CC, 0x01CC, 0x228E, 0xA5B8, 0xE73D, 0xFFFF, 0xFFFF, 0xFFFF, 0xFFFF,
  0xFFFF, 0xFFDF, 0xF7BF, 0xFFDF, 0xFFDF, 0xFFDF, 0xFFFF, 0xFFFF, 0xFFFF, 0xFFDF, 0xFFDF, 0xE75D,
  0x7494, 0x2ACF, 0x01CC, 0x01CC, 0x01CC, 0x01CC, 0x01CC, 0x6C54, 0xDF1C, 0xFFDF, 0xFFFF, 0xFFFF,
  0xFFFF, 0xFFFF, 0xFFFF, 0xFFFF, 0xDF1D, 0x9D77, 0x1A8E, 0x01CC, 0x01CC, 0x01CC, 0x01CC, 0x01CC,
  0x01CC, 0x01CC, 0x01CC, 0x01CC, 0x01CC, 0x01CC, 0x01CC, 0x01CC, 0x01CC, 0x01CC, 0x01CC, 0x01CC,
  0x01CC, 0x01CC, 0x01CC, 0x01CC, 0x01CC, 0x01CC, 0x01CC, 0x01CC, 0x01CC, 0x01CC, 0x01CC, 0x01CC,
  0x01CC, 0x01CC, 0x01CC, 0x01CC, 0x01CC, 0x01CC, 0x01CC, 0x01CC, 0x01CC, 0x01CC, 0x01CC, 0x01CC,
  0x01CC, 0x01CC, 0x01CC, 0x01CC, 0x01CC, 0x01CC, 0x01CC, 0x01CC, 0x01CC, 0x01CC, 0x01CC, 0x01CC,
  0x01CC, 0x01CC, 0x01CC, 0x01CC, 0x01CC, 0x01CC, 0x01CC, 0x01CC, 0x01CC, 0x01CC, 0x01CC, 0x01CC,
  0x01CC, 0x01CC, 0x01CC, 0x01CC, 0x01CC, 0x01CC, 0x01CC, 0x01CC, 0x01CC, 0x01CC, 0x01CC, 0x01CC,
  0x01CC, 0x01CC, 0x01CC, 0x01CC, 0x01CC, 0x01CC, 0x01CC, 0x01CC, 0x01CC, 0x01CC, 0x01CC, 0x01CC,
  0x01CC, 0x4BB2, 0xADF9, 0xE77E, 0xFFDF, 0xFFFF, 0xFFFF, 0xFFFF, 0xFFFF, 0xFFDF, 0xFFFF, 0xEF9E,
  0xBE5A, 0x6C74, 0x2ACF, 0x09ED, 0x228E, 0x4B91, 0x7474, 0x7495, 0x7494, 0x7494, 0x7494, 0x7494,
  0x7494, 0x7494, 0x7494, 0x7494, 0x7494, 0x7CB5, 0xA597, 0xD6DC, 0xFFFF, 0xFFFF, 0xFFFF, 0xFFFF,
  0xFFFF, 0xFFFF, 0xFFFF, 0xFFFF, 0xFFFF, 0xD6FC, 0x3B0F, 0x09EC, 0x01CC, 0x01CC, 0x01CC, 0x01CC,
  0x01CC, 0x01CC, 0x228F, 0xADD9, 0xE75D, 0xFFFF, 0xFFFF, 0xFFFF, 0xFFFF, 0xFFFF, 0xFFFF, 0xEF9E,
  0xB619, 0x8CF6, 0x6C53, 0x7453, 0x7473, 0x7473, 0x7473, 0x7473, 0x7473, 0x7473, 0x7473, 0x7473,
  0x7473, 0x7473, 0x7473, 0x7473, 0x7473, 0x7473, 0x6C54, 0x6C54, 0x6C54, 0x6433, 0x5BF3, 0x53B2,
  0x3B30, 0x1A6E, 0x09EC, 0x01CC, 0x01CC, 0x01CC, 0x01CC, 0x01CC, 0x01CC, 0x01CC, 0x01CC, 0x01CC,
  0x01EC, 0x7CD5, 0xF7BF, 0xFFFF, 0xFFFF, 0xFFFF, 0xFFFF, 0xFFFF, 0xFFFF, 0xFFFF, 0xC69B, 0x8D15,
  0x7494, 0x7474, 0x7474, 0x7474, 0x7474, 0x7474, 0x7474, 0x7474, 0x7474, 0x7474, 0x7474, 0x7474,
  0x7474, 0x7474, 0x7474, 0x7474, 0x7474, 0x7474, 0x7474, 0x7474, 0x7474, 0x7474, 0x7CB5, 0x7CB5,
  0x53B2, 0x228E, 0x01CC, 0x01CC, 0x01CC, 0x01CC, 0x01CC, 0x01CC, 0x01CC, 0x01CC, 0x3B10, 0x7CB5,
  0xADF9, 0xDF1C, 0xFFDF, 0xFFFF, 0xFFFF, 0xFFFF, 0xFFFF, 0xFFFF, 0xFFDF, 0xFFFF, 0xC67A, 0x7CD5,
  0x4B91, 0x228E, 0x1A6E, 0x7494, 0xC69B, 0xFFFF, 0xFFFF, 0xFFFF, 0xFFFF, 0xFFFF, 0xFFFF, 0xFFFF,
  0xFFFF, 0xFFFF, 0xFFDF, 0xF7BE, 0x9D97, 0x3B30, 0x0A0D, 0x01CC, 0x01CC, 0x01CC, 0x01CC, 0x01CC,
  0x01CC, 0x01CC, 0x01CC, 0x01CC, 0x01CC, 0x01CC, 0x01CC, 0x01CC, 0x01CC, 0x01CC, 0x01CC, 0x01CC,
  0x01CC, 0x01CC, 0x01CC, 0x01CC, 0x01CC, 0x01CC, 0x01CC, 0x01CC, 0x01CC, 0x01CC, 0x01CC, 0x01CC,
  0x01CC, 0x01CC, 0x01CC, 0x01CC, 0x01CC, 0x01CC, 0x01CC, 0x01CC, 0x01CC, 0x01CC, 0x09EC, 0x3B10,
  0xD6FC, 0xFFFF, 0xFFFF, 0xFFFF, 0xFFFF, 0xFFFF, 0xFFFF, 0xFFFF, 0xDF1C, 0x4371, 0x122D, 0x01CC,
  0x01CC, 0x01CC, 0x01CC, 0x01CC, 0x01CC, 0x01CC, 0x01CC, 0x01CC, 0x01CC, 0x01CC, 0x01CC, 0x01CC,
  0x01CC, 0x01CC, 0x01CC, 0x01CC, 0x7474, 0xE75D, 0xFFDF, 0xFFFF, 0xFFFF, 0xFFFF, 0xFFFF, 0xFFFF,
  0xFFFF, 0xDF3C, 0xB5F9, 0x7CB5, 0x6C74, 0x7474, 0x7474, 0x7474, 0x7474, 0x7474, 0x7474, 0x7474,
  0x7474, 0x7474, 0x7474, 0x7474, 0x7474, 0x7474, 0x7474, 0x7474, 0x7474, 0x7474, 0x7474, 0x7474,
  0x7474, 0x7494, 0x7495, 0x7474, 0x3B10, 0x01CC, 0x01CC, 0x01CC, 0x01CC, 0x01CC, 0x3310, 0x7CB5,
  0xC69B, 0xEF7E, 0xFFFF, 0xFFFF, 0xFFFF, 0xFFFF, 0xFFFF, 0xFFFF, 0xFFDF, 0xEF7E, 0x9D98, 0x4371,
  0x0A2D, 0x09EC, 0x22AE, 0x7474, 0x7CB5, 0x7494, 0x7494, 0x7494, 0x7494, 0x7494, 0x7494, 0x7494,
  0x7494, 0x7494, 0x7494, 0x7494, 0xBE3A, 0xFFFF, 0xFFFF, 0xFFFF, 0xFFFF, 0xFFFF, 0xFFFF, 0xFFFF,
  0xFFFF, 0xFFFF, 0xE75D, 0x7C94, 0x32CF, 0x01CC, 0x01CC, 0x01CC, 0x01CC, 0x01CC, 0x01CC, 0x0A0D,
  0x3B30, 0xA5B8, 0xFFDF, 0xFFFF, 0xFFFF, 0xFFFF, 0xFFFF, 0xFFFF, 0xFFDF, 0xFFDF, 0x9557, 0x22AF,
  0x09ED, 0x01CC, 0x01CC, 0x01CC, 0x01CC, 0x1A4E, 0x7C94, 0xCE9B, 0xFFFF, 0xFFFF, 0xFFFF, 0xFFFF,
  0xFFFF, 0xFFFF, 0xFFFF, 0xFFFF, 0xFFFF, 0xFFFF, 0xFFFF, 0xFFFF, 0xFFDF, 0xFFFF, 0xD6DC, 0x9557,
  0x3310, 0x0A2D, 0x01CC, 0x01CC, 0x01CC, 0x01CC, 0x01CC, 0x7495, 0xEF7E, 0xFFDF, 0xFFFF, 0xFFFF,
  0xFFFF, 0xFFFF, 0xFFFF, 0xFFFF, 0xD6DB, 0x84F5, 0x1A6E, 0x01CC, 0x01CC, 0x01CC, 0x01CC, 0x01CC,
  0x01CC, 0x01CC, 0x01CC, 0x01CC, 0x01CC, 0x01CC, 0x01CC, 0x01CC, 0x01CC, 0x01CC, 0x01CC, 0x01CC,
  0x01CC, 0x01CC, 0x01CC, 0x01CC, 0x01CC, 0x01CC, 0x01CC, 0x01CC, 0x01CC, 0x01CC, 0x01CC, 0x01CC,
  0x01CC, 0x01CC, 0x01CC, 0x01CC, 0x01CC, 0x01CC, 0x01CC, 0x01CC, 0x01CC, 0x01CC, 0x01CC, 0x01CC,
  0x01CC, 0x01CC, 0x01CC, 0x01CC, 0x01CC, 0x01CC, 0x01CC, 0x01CC, 0x01CC, 0x01CC, 0x01CC, 0x01CC,
  0x01CC, 0x01CC, 0x01CC, 0x01CC, 0x01CC, 0x01CC, 0x01CC, 0x01CC, 0x01CC, 0x01CC, 0x01CC, 0x01CC,
  0x01CC, 0x01CC, 0x01CC, 0x01CC, 0x01CC, 0x01CC, 0x01CC, 0x01CC, 0x01CC, 0x01CC, 0x01CC, 0x01CC,
  0x01CC, 0x01CC, 0x01CC, 0x01CC, 0x01CC, 0x01CC, 0x01CC, 0x01CC, 0x01CC, 0x01CC, 0x01CC, 0x0A0D,
  0x3B51, 0xA5B8, 0xFFDF, 0xFFDF, 0xFFFF, 0xFFFF, 0xFFFF, 0xFFFF, 0xFFFF, 0xFFDF, 0xE75D, 0xBE7A,
  0x6C54, 0x2ACF, 0x01ED, 0x228E, 0x6413, 0xA5B8, 0xCEBB, 0xD6DB, 0xCEBB, 0xCEBB, 0xCEBB, 0xCEBB,
  0xCEBB, 0xCEBB, 0xCEBB, 0xCEBB, 0xCEBB, 0xCEBB, 0xD6DC, 0xEF7E, 0xFFFF, 0xFFFF, 0xFFFF, 0xFFFF,
  0xFFFF, 0xFFFF, 0xFFFF, 0xFFFF, 0xFFFF, 0xDF3D, 0x6412, 0x228E, 0x01CC, 0x01CC, 0x01CC, 0x01CC,
  0x01CC, 0x01CC, 0x32EF, 0xCEDC, 0xFFDF, 0xFFFF, 0xFFFF, 0xFFFF, 0xFFFF, 0xFFFF, 0xFFFF, 0xE73D,
  0x6C53, 0x32CF, 0x120C, 0x120C, 0x122C, 0x122C, 0x122C, 0x122C, 0x122C, 0x122C, 0x122C, 0x122C,
  0x122C, 0x122C, 0x122C, 0x122C, 0x122C, 0x120C, 0x120C, 0x0A0C, 0x0A0C, 0x01CC, 0x01CC, 0x01CC,
  0x01CC, 0x01CC, 0x01CC, 0x01CC, 0x01CC, 0x01CC, 0x01CC, 0x01CC, 0x01CC, 0x01CC, 0x01CC, 0x09EC,
  0x228E, 0x9557, 0xFFFF, 0xFFFF, 0xFFFF, 0xFFFF, 0xFFFF, 0xFFFF, 0xFFFF, 0xFFFF, 0xE75D, 0xCEBB,
  0xCE9B, 0xCE9B, 0xCE9B, 0xCE9B, 0xCE9B, 0xCE9B, 0xCE9B, 0xCE9B, 0xCE9B, 0xCEBB, 0xCE9B, 0xCE9B,
  0xCEBB, 0xCEBB, 0xCEBB, 0xCEBB, 0xCEBB, 0xCEBB, 0xCEBB, 0xCE9B, 0xCE9B, 0xCE9B, 0xC67A, 0xADF8,
  0x6413, 0x22AF, 0x01CC, 0x01CC, 0x01CC, 0x01CC, 0x01CC, 0x01CC, 0x122D, 0x3B51, 0x8D16, 0xD6DC,
  0xF7BF, 0xFFFF, 0xFFDF, 0xFFFF, 0xFFFF, 0xFFFF, 0xFFFF, 0xFFDF, 0xEF7E, 0xC67B, 0x7494, 0x2AAE,
  0x09ED, 0x01CC, 0x09EC, 0x2AAF, 0x8D36, 0xEF9E, 0xFFDF, 0xFFFF, 0xFFFF, 0xFFFF, 0xFFFF, 0xFFFF,
  0xFFFF, 0xFFFF, 0xFFFF, 0xFFFF, 0xCEBB, 0x84D5, 0x228E, 0x01CC, 0x01CC, 0x01CC, 0x01CC, 0x01CC,
  0x01CC, 0x01CC, 0x01CC, 0x01CC, 0x01CC, 0x01CC, 0x01CC, 0x01CC, 0x01CC, 0x01CC, 0x01CC, 0x01CC,
  0x01CC, 0x01CC, 0x01CC, 0x01CC, 0x01CC, 0x01CC, 0x01CC, 0x01CC, 0x01CC, 0x01CC, 0x01CC, 0x01CC,
  0x01CC, 0x01CC, 0x01CC, 0x01CC, 0x01CC, 0x01CC, 0x01CC, 0x01CC, 0x01CC, 0x01CC, 0x1A6E, 0x5BF2,
  0xDF3D, 0xFFFF, 0xFFFF, 0xFFFF, 0xFFFF, 0xFFFF, 0xFFFF, 0xF7BF, 0xC69B, 0x2ACF, 0x01CC, 0x01CC,
  0x01CC, 0x01CC, 0x01CC, 0x01CC, 0x01CC, 0x01CC, 0x01CC, 0x01CC, 0x01CC, 0x01CC, 0x01CC, 0x01CC,
  0x01CC, 0x01CC, 0x01CC, 0x0A0C, 0x84F6, 0xFFFF, 0xFFFF, 0xFFFF, 0xFFFF, 0xFFFF, 0xFFFF, 0xFFFF,
  0xFFFF, 0xEF7E, 0xD6FC, 0xCE9B, 0xC69B, 0xCE9B, 0xCE9B, 0xCE9B, 0xCE9B, 0xCEBB, 0xCEBB, 0xCEBB,
  0xCEBB, 0xCEBB, 0xCEBB, 0xCE9B, 0xCE9B, 0xCEBB, 0xCE9B, 0xCE9B, 0xCEBB, 0xCEBB, 0xCE9B, 0xCE9B,
  0xCE9B, 0xC69B, 0xBE39, 0x8D16, 0x3B51, 0x01CC, 0x01CC, 0x01CC, 0x09ED, 0x2ACF, 0x7CB5, 0xCEBB,
  0xF7BE, 0xFFFF, 0xFFFF, 0xFFFF, 0xFFFF, 0xFFFF, 0xFFFF, 0xF7DF, 0xE73D, 0xADF9, 0x4BB2, 0x01CC,
  0x09EC, 0x3310, 0x7494, 0xCE9B, 0xD6FC, 0xCEBB, 0xCEBB, 0xCEBB, 0xCEBB, 0xCEBB, 0xCEBB, 0xCEBB,
  0xCEBB, 0xD6BB, 0xCEBB, 0xCE9B, 0xE73D, 0xFFFF, 0xFFFF, 0xFFFF, 0xFFFF, 0xFFFF, 0xFFFF, 0xFFFF,
  0xFFFF, 0xFFFF, 0xF79E, 0xBE39, 0x53D2, 0x01CC, 0x01CC, 0x01CC, 0x01CC, 0x01CC, 0x01CC, 0x1A6E,
  0x84D5, 0xCEBB, 0xFFFF, 0xFFFF, 0xFFFF, 0xFFFF, 0xFFFF, 0xFFDF, 0xEF9E, 0xC67B, 0x5C13, 0x01CC,
  0x01CC, 0x01CC, 0x01CC, 0x01CC, 0x01CC, 0x122D, 0x5391, 0xB5F9, 0xFFFF, 0xFFFF, 0xFFFF, 0xFFFF,
  0xFFFF, 0xFFFF, 0xFFFF, 0xFFFF, 0xFFFF, 0xFFFF, 0xFFFF, 0xFFFF, 0xF7BF, 0xEF7E, 0x9D97, 0x4371,
  0x0A0D, 0x01CC, 0x01CC, 0x01CC, 0x01CC, 0x01CC, 0x01CC, 0x7CB5, 0xF7BF, 0xFFFF, 0xFFFF, 0xFFFF,
  0xFFFF, 0xFFFF, 0xFFFF, 0xFFFF, 0xC67A, 0x7473, 0x1A4E, 0x01CC, 0x01CC, 0x01CC, 0x01CC, 0x01CC,
  0x01CC, 0x01CC, 0x01CC, 0x01CC, 0x01CC, 0x01CC, 0x01CC, 0x01CC, 0x01CC, 0x01CC, 0x01CC, 0x01CC,
  0x01CC, 0x01CC, 0x01CC, 0x01CC, 0x01CC, 0x01CC, 0x01CC, 0x01CC, 0x01CC, 0x01CC, 0x01CC, 0x01CC,
  0x01CC, 0x01CC, 0x01CC, 0x01CC, 0x01CC, 0x01CC, 0x01CC, 0x01CC, 0x01CC, 0x01CC, 0x01CC, 0x01CC,
  0x01CC, 0x01CC, 0x01CC, 0x01CC, 0x01CC, 0x01CC, 0x01CC, 0x01CC, 0x01CC, 0x01CC, 0x01CC, 0x01CC,
  0x01CC, 0x01CC, 0x01CC, 0x01CC, 0x01CC, 0x01CC, 0x01CC, 0x01CC, 0x01CC, 0x01CC, 0x01CC, 0x01CC,
  0x01CC, 0x01CC, 0x01CC, 0x01CC, 0x01CC, 0x01CC, 0x01CC, 0x01CC, 0x01CC, 0x01CC, 0x01CC, 0x01CC,
  0x01CC, 0x01CC, 0x01CC, 0x01CC, 0x01CC, 0x01CC, 0x01CC, 0x01CC, 0x01CC, 0x01CC, 0x01CC, 0x2ACF,
  0xCEBB, 0xF7BE, 0xFFDF, 0xFFFF, 0xFFFF, 0xFFFF, 0xFFFF, 0xFFDF, 0xFFDF, 0xFFFF, 0xBE5A, 0x6413,
  0x1A4E, 0x01CC, 0x124E, 0x6C53, 0xBE5A, 0xFFDF, 0xFFDF, 0xFFFF, 0xFFFF, 0xFFFF, 0xFFFF, 0xFFFF,
  0xFFFF, 0xFFFF, 0xFFFF, 0xFFFF, 0xFFFF, 0xFFFF, 0xFFFF, 0xFFFF, 0xFFFF, 0xFFFF, 0xFFFF, 0xFFFF,
  0xFFFF, 0xFFFF, 0xFFFF, 0xFFFF, 0xFFFF, 0xEF9E, 0xADD8, 0x4B91, 0x01CC, 0x01CC, 0x01CC, 0x01CC,
  0x01CC, 0x0A0C, 0x3B30, 0xDF1C, 0xFFFF, 0xFFFF, 0xFFFF, 0xFFFF, 0xFFFF, 0xFFFF, 0xFFFF, 0xD6FC,
  0x32EF, 0x01EC, 0x01CC, 0x01CC, 0x01CC, 0x01CC, 0x01CC, 0x01CC, 0x01CC, 0x01CC, 0x01CC, 0x01CC,
  0x01CC, 0x01CC, 0x01CC, 0x01CC, 0x01CC, 0x01CC, 0x01CC, 0x01CC, 0x01CC, 0x01CC, 0x01CC, 0x01CC,
  0x01CC, 0x01CC, 0x01CC, 0x01CC, 0x01CC, 0x01CC, 0x01CC, 0x01CC, 0x01CC, 0x01CC, 0x01CC, 0x122D,
  0x63F2, 0xBE39, 0xFFFF, 0xFFFF, 0xFFFF, 0xFFFF, 0xFFFF, 0xFFFF, 0xFFFF, 0xFFFF, 0xFFFF, 0xFFDF,
  0xFFDF, 0xFFFF, 0xFFFF, 0xFFFF, 0xFFFF, 0xFFFF, 0xFFFF, 0xFFFF, 0xFFFF, 0xFFFF, 0xFFFF, 0xFFFF,
  0xFFFF, 0xFFFF, 0xFFFF, 0xFFFF, 0xFFFF, 0xFFFF, 0xFFFF, 0xFFDF, 0xFFDF, 0xFFFF, 0xCEBB, 0x84D5,
  0x1A8E, 0x01CC, 0x01CC, 0x01CC, 0x01CC, 0x01CC, 0x01CC, 0x0A0D, 0x3B30, 0xCEBB, 0xF7BE, 0xFFDF,
  0xFFDF, 0xFFFF, 0xFFFF, 0xFFFF, 0xFFFF, 0xFFDF, 0xFFFF, 0xF7BF, 0xC69B, 0x3310, 0x0A0D, 0x01CC,
  0x01CC, 0x01CC, 0x01CC, 0x01CC, 0x5C13, 0xC67A, 0xF79E, 0xFFFF, 0xFFFF, 0xFFFF, 0xFFFF, 0xFFFF,
  0xFFFF, 0xFFFF, 0xFFFF, 0xFFDF, 0xFFDF, 0xD6FC, 0x3B30, 0x0A0D, 0x01CC, 0x01CC, 0x01CC, 0x01CC,
  0x01CC, 0x01CC, 0x01CC, 0x01CC, 0x01CC, 0x01CC, 0x01CC, 0x01CC, 0x01CC, 0x01CC, 0x01CC, 0x01CC,
  0x01CC, 0x01CC, 0x01CC, 0x01CC, 0x01CC, 0x01CC, 0x01CC, 0x01CC, 0x01CC, 0x01CC, 0x01CC, 0x01CC,
  0x01CC, 0x01CC, 0x01CC, 0x01CC, 0x01CC, 0x01CC, 0x01CC, 0x01CC, 0x01CC, 0x01CC, 0x4B71, 0xA597,
  0xEF7E, 0xFFFF, 0xFFFF, 0xFFFF, 0xFFFF, 0xFFFF, 0xFFFF, 0xE73D, 0xA5B8, 0x228E, 0x01CC, 0x01CC,
  0x01CC, 0x01CC, 0x01CC, 0x01CC, 0x01CC, 0x01CC, 0x01CC, 0x01CC, 0x01CC, 0x01CC, 0x01CC, 0x01CC,
  0x01CC, 0x01CC, 0x01EC, 0x226E, 0x9557, 0xFFFF, 0xFFFF, 0xFFFF, 0xFFFF, 0xFFFF, 0xFFFF, 0xFFFF,
  0xFFFF, 0xFFFF, 0xFFFF, 0xFFFF, 0xFFFF, 0xFFFF, 0xFFFF, 0xFFFF, 0xFFFF, 0xFFFF, 0xFFFF, 0xFFFF,
  0xFFFF, 0xFFFF, 0xFFFF, 0xFFFF, 0xFFFF, 0xFFFF, 0xFFFF, 0xFFFF, 0xFFFF, 0xFFFF, 0xFFDF, 0xFFDF,
  0xFFDF, 0xE75D, 0xB619, 0x2ACF, 0x01EC, 0x01CC, 0x01CC, 0x01CC, 0x1A6E, 0x8D16, 0xD6DB, 0xFFFF,
  0xFFDF, 0xFFFF, 0xFFFF, 0xFFFF, 0xFFFF, 0xFFDF, 0xFFFF, 0xEF7E, 0xB619, 0x2ACF, 0x01EC, 0x01EC,
  0x1A4D, 0x8D16, 0xF7DF, 0xF7DF, 0xFFDF, 0xFFFF, 0xFFFF, 0xFFFF, 0xFFFF, 0xFFFF, 0xFFFF, 0xFFFF,
  0xFFFF, 0xFFFF, 0xFFFF, 0xFFFF, 0xFFFF, 0xFFFF, 0xFFFF, 0xFFFF, 0xFFFF, 0xFFFF, 0xFFFF, 0xFFFF,
  0xFFFF, 0xFFFF, 0xFFDF, 0xF7BF, 0x7CB5, 0x01CC, 0x01CC, 0x01CC, 0x01CC, 0x01CC, 0x01CC, 0x32EF,
  0xD6DC, 0xFFDF, 0xFFDF, 0xFFFF, 0xFFFF, 0xFFFF, 0xFFFF, 0xFFFF, 0xDF1D, 0x5391, 0x122D, 0x01CC,
  0x01CC, 0x01CC, 0x01CC, 0x01CC, 0x01CC, 0x09EC, 0x2A8E, 0x9D77, 0xFFFF, 0xFFFF, 0xFFFF, 0xFFFF,
  0xFFFF, 0xFFFF, 0xFFFF, 0xFFFF, 0xFFFF, 0xFFFF, 0xFFFF, 0xFFFF, 0xF79E, 0xBE39, 0x53D2, 0x01EC,
  0x01CC, 0x01CC, 0x01CC, 0x01CC, 0x01CC, 0x01CC, 0x01CC, 0x7CD5, 0xFFDF, 0xFFFF, 0xFFFF, 0xFFFF,
  0xFFFF, 0xFFFF, 0xFFFF, 0xFFFF, 0xBE59, 0x6C12, 0x124D, 0x01CC, 0x01CC, 0x01CC, 0x01CC, 0x01CC,
  0x01CC, 0x01CC, 0x01CC, 0x01CC, 0x01CC, 0x01CC, 0x01CC, 0x01CC, 0x01CC, 0x01CC, 0x01CC, 0x01CC,
  0x01CC, 0x01CC, 0x01CC, 0x01CC, 0x01CC, 0x01CC, 0x01CC, 0x01CC, 0x01CC, 0x01CC, 0x01CC, 0x01CC,
  0x01CC, 0x01CC, 0x01CC, 0x01CC, 0x01CC, 0x01CC, 0x01CC, 0x01CC, 0x01CC, 0x01CC, 0x01CC, 0x01CC,
  0x01CC, 0x01CC, 0x01CC, 0x01CC, 0x01CC, 0x01CC, 0x01CC, 0x01CC, 0x01CC, 0x01CC, 0x01CC, 0x01CC,
  0x01CC, 0x01CC, 0x01CC, 0x01CC, 0x01CC, 0x01CC, 0x01CC, 0x01CC, 0x01CC, 0x01CC, 0x01CC, 0x01CC,
  0x01CC, 0x01CC, 0x01CC, 0x01CC, 0x01CC, 0x01CC, 0x01CC, 0x01CC, 0x01CC, 0x01CC, 0x01CC, 0x01CC,
  0x01CC, 0x01CC, 0x01CC, 0x01CC, 0x01CC, 0x01CC, 0x01CC, 0x01CC, 0x01CC, 0x01CC, 0x53D2, 0xAE19,
  0xEF7E, 0xFFDF, 0xFFFF, 0xFFFF, 0xFFFF, 0xFFFF, 0xFFDF, 0xFFDF, 0xEF7E, 0xA5D8, 0x5C13, 0x228F,
  0x01ED, 0x32F0, 0x7494, 0xBE7A, 0xE75D, 0xFFDF, 0xFFFF, 0xFFFF, 0xFFFF, 0xFFFF, 0xFFFF, 0xFFFF,
  0xFFFF, 0xFFFF, 0xFFFF, 0xFFFF, 0xFFFF, 0xFFFF, 0xFFFF, 0xFFFF, 0xFFFF, 0xFFFF, 0xFFFF, 0xFFFF,
  0xFFFF, 0xFFFF, 0xFFFF, 0xFFFF, 0xFFFF, 0xF7DF, 0xDF3D, 0x6C74, 0x01CC, 0x01CC, 0x01CC, 0x01CC,
  0x01CC, 0x32EF, 0x7CB5, 0xE75D, 0xFFFF, 0xFFFF, 0xFFFF, 0xFFFF, 0xFFFF, 0xFFFF, 0xEF9E, 0xBE3A,
  0x22AF, 0x01CC, 0x01CC, 0x01CC, 0x01CC, 0x01CC, 0x01CC, 0x01CC, 0x01CC, 0x01CC, 0x01CC, 0x01CC,
  0x01CC, 0x01CC, 0x01CC, 0x01CC, 0x01CC, 0x01CC, 0x01CC, 0x01CC, 0x01CC, 0x01CC, 0x01CC, 0x01CC,
  0x01CC, 0x01CC, 0x01CC, 0x01CC, 0x01CC, 0x01CC, 0x01CC, 0x01CC, 0x01CC, 0x01CC, 0x01CC, 0x228E,
  0x9D98, 0xDF3D, 0xFFFF, 0xFFFF, 0xFFFF, 0xFFFF, 0xFFFF, 0xFFFF, 0xFFFF, 0xFFFF, 0xFFFF, 0xFFFF,
  0xFFFF, 0xFFFF, 0xFFFF, 0xFFFF, 0xFFFF, 0xFFFF, 0xFFFF, 0xFFFF, 0xFFFF, 0xFFFF, 0xFFFF, 0xFFFF,
  0xFFFF, 0xFFFF, 0xFFFF, 0xFFFF, 0xFFFF, 0xFFFF, 0xFFDF, 0xFFFF, 0xEF9E, 0xBE5A, 0x7494, 0x32EF,
  0x0A0D, 0x01CC, 0x01CC, 0x01CC, 0x01CC, 0x0A0D, 0x4350, 0x7CB5, 0xB63A, 0xEF7E, 0xFFDF, 0xFFFF,
  0xFFFF, 0xFFFF, 0xFFFF, 0xFFDF, 0xFFDF, 0xF7BE, 0xC69B, 0x8D16, 0x4B92, 0x122D, 0x01CC, 0x01CC,
  0x01CC, 0x01CC, 0x01CC, 0x01CC, 0x228E, 0x6433, 0xDF1D, 0xFFDF, 0xFFDF, 0xFFFF, 0xFFFF, 0xFFFF,
  0xFFFF, 0xFFFF, 0xFFFF, 0xFFFF, 0xFFFF, 0xEF7E, 0xB619, 0x53D2, 0x01CC, 0x01CC, 0x01CC, 0x01CC,
  0x01CC, 0x01CC, 0x01CC, 0x01CC, 0x01CC, 0x01CC, 0x01CC, 0x01CC, 0x01CC, 0x01CC, 0x01CC, 0x01CC,
  0x01CC, 0x01CC, 0x01CC, 0x01CC, 0x01CC, 0x01CC, 0x01CC, 0x01CC, 0x01CC, 0x01CC, 0x01CC, 0x01CC,
  0x01CC, 0x01CC, 0x01CC, 0x01CC, 0x01CC, 0x01CC, 0x01CC, 0x01CC, 0x01CC, 0x01CC, 0x6C54, 0xDF1C,
  0xF7BF, 0xFFFF, 0xFFFF, 0xFFFF, 0xFFFF, 0xFFFF, 0xFFFF, 0xBE39, 0x63F2, 0x122D, 0x01CC, 0x01CC,
  0x01CC, 0x01CC, 0x01CC, 0x01CC, 0x01CC, 0x01CC, 0x01CC, 0x01CC, 0x01CC, 0x01CC, 0x01CC, 0x01CC,
  0x01CC, 0x01CC, 0x124D, 0x6433, 0xBE5A, 0xFFFF, 0xFFFF, 0xFFFF, 0xFFFF, 0xFFFF, 0xFFFF, 0xFFFF,
  0xFFFF, 0xFFFF, 0xFFFF, 0xFFFF, 0xFFFF, 0xFFFF, 0xFFFF, 0xFFFF, 0xFFFF, 0xFFFF, 0xFFFF, 0xFFFF,
  0xFFFF, 0xFFFF, 0xFFFF, 0xFFFF, 0xFFFF, 0xFFFF, 0xFFFF, 0xFFFF, 0xFFFF, 0xFFFF, 0xFFFF, 0xF7DF,
  0xDF1D, 0x9557, 0x4371, 0x0A0D, 0x01CC, 0x01CC, 0x01CC, 0x3B30, 0x84F6, 0xD6DB, 0xEF9E, 0xFFFF,
  0xFFFF, 0xFFFF, 0xFFFF, 0xFFFF, 0xFFFF, 0xF7BE, 0xDEFC, 0x9557, 0x4371, 0x0A0D, 0x0A0D, 0x32EF,
  0x9557, 0xD6DC, 0xFFDF, 0xFFFF, 0xFFFF, 0xFFFF, 0xFFFF, 0xFFFF, 0xFFFF, 0xFFFF, 0xFFFF, 0xFFFF,
  0xFFFF, 0xFFFF, 0xFFFF, 0xFFFF, 0xFFFF, 0xFFFF, 0xFFFF, 0xFFFF, 0xFFFF, 0xFFFF, 0xFFFF, 0xFFFF,
  0xFFFF, 0xFFFF, 0xFFFF, 0xFFFF, 0x8D16, 0x122D, 0x01CC, 0x01CC, 0x01CC, 0x01CC, 0x4371, 0x9D77,
  0xEF7D, 0xFFFF, 0xFFFF, 0xFFFF, 0xFFFF, 0xFFFF, 0xFFFF, 0xE75D, 0xADF9, 0x2ACF, 0x01EC, 0x01CC,
  0x01CC, 0x01CC, 0x01CC, 0x01CC, 0x01CC, 0x01CC, 0x122D, 0x8D16, 0xFFFF, 0xFFFF, 0xFFFF, 0xFFFF,
  0xFFFF, 0xFFFF, 0xFFFF, 0xFFFF, 0xFFFF, 0xFFFF, 0xFFFF, 0xEF9E, 0xC69B, 0x5BF3, 0x228E, 0x01CC,
  0x01CC, 0x01CC, 0x01CC, 0x01CC, 0x01CC, 0x01CC, 0x01CC, 0x7CD5, 0xFFFF, 0xFFFF, 0xFFFF, 0xFFFF,
  0xFFFF, 0xFFFF, 0xFFFF, 0xFFFF, 0xBE39, 0x63F2, 0x122D, 0x01CC, 0x01CC, 0x01CC, 0x01CC, 0x01CC,
  0x01CC, 0x01CC, 0x01CC, 0x01CC, 0x01CC, 0x01CC, 0x01CC, 0x01CC, 0x01CC, 0x01CC, 0x01CC, 0x01CC,
  0x01CC, 0x01CC, 0x01CC, 0x01CC, 0x01CC, 0x01CC, 0x01CC, 0x01CC, 0x01CC, 0x01CC, 0x01CC, 0x01CC,
  0x01CC, 0x01CC, 0x01CC, 0x01CC, 0x01CC, 0x01CC, 0x01CC, 0x01CC, 0x01CC, 0x01CC, 0x01CC, 0x01CC,
  0x01CC, 0x01CC, 0x01CC, 0x01CC, 0x01CC, 0x01CC, 0x01CC, 0x01CC, 0x01CC, 0x01CC, 0x01CC, 0x01CC,
  0x01CC, 0x01CC, 0x01CC, 0x01CC, 0x01CC, 0x01CC, 0x01CC, 0x01CC, 0x01CC, 0x01CC, 0x01CC, 0x01CC,
  0x01CC, 0x01CC, 0x01CC, 0x01CC, 0x01CC, 0x01CC, 0x01CC, 0x01CC, 0x01CC, 0x01CC, 0x01CC, 0x01CC,
  0x01CC, 0x01CC, 0x01CC, 0x01CC, 0x01CC, 0x01CC, 0x01CC, 0x01CC, 0x122D, 0x4371, 0xA5D9, 0xFFFF,
  0xFFDF, 0xFFFF, 0xFFFF, 0xFFFF, 0xFFFF, 0xFFFF, 0xFFDF, 0xE73D, 0xB619, 0x53D2, 0x1A6E, 0x0A0D,
  0x2ACF, 0x74B5, 0xC69B, 0xF7BE, 0xFFFF, 0xFFDF, 0xFFFF, 0xFFFF, 0xFFFF, 0xFFFF, 0xFFFF, 0xFFFF,
  0xFFFF, 0xFFFF, 0xFFFF, 0xFFFF, 0xFFFF, 0xFFFF, 0xFFFF, 0xFFFF, 0xFFFF, 0xFFFF, 0xFFFF, 0xFFFF,
  0xFFFF, 0xFFFF, 0xFFFF, 0xFFFF, 0xFFFF, 0xFFFF, 0xFFFF, 0x84F6, 0x0A0C, 0x01CC, 0x01CC, 0x01CC,
  0x01CC, 0x53D2, 0xBE3A, 0xEF9E, 0xFFFF, 0xFFFF, 0xFFFF, 0xFFFF, 0xFFFF, 0xFFFF, 0xD6DB, 0x84F5,
  0x1A6E, 0x01CC, 0x01CC, 0x01CC, 0x01CC, 0x01CC, 0x01CC, 0x01CC, 0x01CC, 0x01CC, 0x01CC, 0x01CC,
  0x01CC, 0x01CC, 0x01CC, 0x01CC, 0x01CC, 0x01CC, 0x01CC, 0x01CC, 0x01CC, 0x01CC, 0x01CC, 0x01CC,
  0x01CC, 0x01CC, 0x01CC, 0x01CC, 0x01CC, 0x01CC, 0x01CC, 0x01CC, 0x01CC, 0x01CC, 0x01CC, 0x2ACF,
  0xCEBB, 0xF7DF, 0xFFFF, 0xFFFF, 0xFFFF, 0xFFFF, 0xFFFF, 0xFFFF, 0xFFFF, 0xFFFF, 0xFFFF, 0xFFFF,
  0xFFFF, 0xFFFF, 0xFFFF, 0xFFFF, 0xFFFF, 0xFFFF, 0xFFFF, 0xFFFF, 0xFFFF, 0xFFFF, 0xFFFF, 0xFFFF,
  0xFFFF, 0xFFFF, 0xFFFF, 0xFFFF, 0xFFFF, 0xFFFF, 0xFFDF, 0xE75D, 0xBE5A, 0x6C54, 0x2ACF, 0x01CC,
  0x01CC, 0x01CC, 0x01CC, 0x01CC, 0x228E, 0x53D2, 0x9556, 0xD6DB, 0xFFFF, 0xFFDF, 0xFFFF, 0xFFFF,
  0xFFFF, 0xFFFF, 0xFFFF, 0xFFDF, 0xDF1D, 0xB619, 0x7495, 0x32F0, 0x01CC, 0x01CC, 0x01CC, 0x01CC,
  0x01CC, 0x01CC, 0x01CC, 0x01CC, 0x01CC, 0x1A8E, 0x9D77, 0xDF1C, 0xFFDF, 0xFFFF, 0xFFFF, 0xFFFF,
  0xFFFF, 0xFFFF, 0xFFFF, 0xFFFF, 0xFFFF, 0xFFDF, 0xFFDF, 0x9577, 0x2ACF, 0x09ED, 0x01CC, 0x01CC,
  0x01CC, 0x01CC, 0x01CC, 0x01CC, 0x01CC, 0x01CC, 0x01CC, 0x01CC, 0x01CC, 0x01CC, 0x01CC, 0x01CC,
  0x01CC, 0x01CC, 0x01CC, 0x01CC, 0x01CC, 0x01CC, 0x01CC, 0x01CC, 0x01CC, 0x01CC, 0x01CC, 0x01CC,
  0x01CC, 0x01CC, 0x01CC, 0x01CC, 0x01CC, 0x01CC, 0x01CC, 0x01CC, 0x01CC, 0x01EC, 0x84F6, 0xFFFF,
  0xFFFF, 0xFFFF, 0xFFFF, 0xFFFF, 0xFFFF, 0xFFFF, 0xFFFF, 0x9557, 0x228E, 0x09EC, 0x01CC, 0x01CC,
  0x01CC, 0x01CC, 0x01CC, 0x01CC, 0x01CC, 0x01CC, 0x01CC, 0x01CC, 0x01CC, 0x01CC, 0x01CC, 0x01CC,
  0x01CC, 0x01CC, 0x228E, 0xA5B8, 0xE73D, 0xFFFF, 0xFFFF, 0xFFFF, 0xFFFF, 0xFFFF, 0xFFFF, 0xFFFF,
  0xFFFF, 0xFFFF, 0xFFFF, 0xFFFF, 0xFFFF, 0xFFFF, 0xFFFF, 0xFFFF, 0xFFFF, 0xFFFF, 0xFFFF, 0xFFFF,
  0xFFFF, 0xFFFF, 0xFFFF, 0xFFFF, 0xFFFF, 0xFFFF, 0xFFFF, 0xFFFF, 0xFFFF, 0xFFDF, 0xEF9E, 0xD6DC,
  0x9557, 0x4371, 0x01CC, 0x01CC, 0x01CC, 0x0A0D, 0x3310, 0x8516, 0xD6FC, 0xF7BF, 0xFFFF, 0xFFFF,
  0xFFFF, 0xFFFF, 0xFFFF, 0xFFFF, 0xF79E, 0xD6FC, 0x9557, 0x4351, 0x01EC, 0x122D, 0x4350, 0x84D5,
  0xE75D, 0xFFDF, 0xFFDF, 0xFFFF, 0xFFFF, 0xFFFF, 0xFFFF, 0xFFFF, 0xFFFF, 0xFFFF, 0xFFFF, 0xFFFF,
  0xFFFF, 0xFFFF, 0xFFFF, 0xFFFF, 0xFFFF, 0xFFFF, 0xFFFF, 0xFFFF, 0xFFFF, 0xFFFF, 0xFFFF, 0xFFFF,
  0xFFFF, 0xFFFF, 0xFFFF, 0xFFFF, 0xA5B8, 0x3B0F, 0x0A0D, 0x01CC, 0x01CC, 0x122D, 0x7CB5, 0xE75D,
  0xF7BF, 0xFFFF, 0xFFFF, 0xFFFF, 0xFFFF, 0xFFFF, 0xFFFF, 0xBE5A, 0x6433, 0x124D, 0x01CC, 0x01CC,
  0x01CC, 0x01CC, 0x01CC, 0x01CC, 0x01CC, 0x01CC, 0x09EC, 0x84F6, 0xFFFF, 0xFFFF, 0xFFFF, 0xFFFF,
  0xFFFF, 0xFFFF, 0xFFFF, 0xFFFF, 0xFFFF, 0xFFFF, 0xF7DF, 0xC69B, 0x7CB5, 0x1A6E, 0x01CC, 0x01CC,
  0x01CC, 0x01CC, 0x01CC, 0x01CC, 0x01CC, 0x01CC, 0x01CC, 0x84D5, 0xFFFF, 0xFFFF, 0xFFFF, 0xFFFF,
  0xFFFF, 0xFFFF, 0xFFFF, 0xFFFF, 0xB619, 0x5BD1, 0x122D, 0x01CC, 0x01CC, 0x01CC, 0x01CC, 0x01CC,
  0x01CC, 0x01CC, 0x01CC, 0x01CC, 0x01CC, 0x01CC, 0x01CC, 0x01CC, 0x01CC, 0x01CC, 0x01CC, 0x01CC,
  0x01CC, 0x01CC, 0x01CC, 0x01CC, 0x01CC, 0x01CC, 0x01CC, 0x01CC, 0x01CC, 0x01CC, 0x01CC, 0x01CC,
  0x01CC, 0x01CC, 0x01CC, 0x01CC, 0x01CC, 0x01CC, 0x01CC, 0x01CC, 0x01CC, 0x01CC, 0x01CC, 0x01CC,
  0x01CC, 0x01CC, 0x01CC, 0x01CC, 0x01CC, 0x01CC, 0x01CC, 0x01CC, 0x01CC, 0x01CC, 0x01CC, 0x01CC,
  0x01CC, 0x01CC, 0x01CC, 0x01CC, 0x01CC, 0x01CC, 0x01CC, 0x01CC, 0x01CC, 0x01CC, 0x01CC, 0x01CC,
  0x01CC, 0x01CC, 0x01CC, 0x01CC, 0x01CC, 0x01CC, 0x01CC, 0x01CC, 0x01CC, 0x01CC, 0x01CC, 0x01CC,
  0x01CC, 0x01CC, 0x01CC, 0x01CC, 0x01CC, 0x01CC, 0x01CC, 0x09EC, 0x32EF, 0xCEBB, 0xF7BF, 0xFFDF,
  0xFFFF, 0xFFFF, 0xFFFF, 0xFFFF, 0xFFDF, 0xF7DF, 0xFFFF, 0xA5B8, 0x3B30, 0x0A2D, 0x01CC, 0x1A6E,
  0x9557, 0xD6FC, 0xFFDF, 0xFFDF, 0xFFFF, 0xFFFF, 0xFFFF, 0xFFFF, 0xFFFF, 0xFFFF, 0xFFFF, 0xFFFF,
  0xFFFF, 0xFFFF, 0xFFFF, 0xFFFF, 0xFFFF, 0xFFFF, 0xFFFF, 0xFFFF, 0xFFFF, 0xFFFF, 0xFFFF, 0xFFFF,
  0xFFFF, 0xFFFF, 0xFFFF, 0xFFFF, 0xFFFF, 0xFFFF, 0xFFFF, 0x9557, 0x226D, 0x01EC, 0x01CC, 0x01CC,
  0x01CC, 0x7CB5, 0xF7BF, 0xFFDF, 0xFFFF, 0xFFFF, 0xFFFF, 0xFFFF, 0xFFFF, 0xFFFF, 0xA5B8, 0x3B2F,
  0x0A0D, 0x01CC, 0x01CC, 0x01CC, 0x01CC, 0x01CC, 0x01CC, 0x01CC, 0x01CC, 0x01CC, 0x01CC, 0x01CC,
  0x01CC, 0x01CC, 0x01CC, 0x01CC, 0x01CC, 0x01CC, 0x01CC, 0x01CC, 0x01CC, 0x01CC, 0x01CC, 0x01CC,
  0x01CC, 0x01CC, 0x01CC, 0x01CC, 0x01CC, 0x01CC, 0x01CC, 0x01CC, 0x01CC, 0x01CC, 0x09EC, 0x3B10,
  0xD6FC, 0xFFFF, 0xFFFF, 0xFFFF, 0xFFFF, 0xFFFF, 0xFFFF, 0xFFFF, 0xFFFF, 0xFFFF, 0xFFFF, 0xFFFF,
  0xFFFF, 0xFFFF, 0xFFFF, 0xFFFF, 0xFFFF, 0xFFFF, 0xFFFF, 0xFFFF, 0xFFFF, 0xFFFF, 0xFFFF, 0xFFFF,
  0xFFFF, 0xFFFF, 0xFFFF, 0xFFFF, 0xFFDF, 0xF7DF, 0xFFFF, 0xADF9, 0x4B91, 0x124D, 0x01CC, 0x01CC,
  0x01CC, 0x01CC, 0x01CC, 0x01EC, 0x7474, 0xDF1C, 0xF7BE, 0xFFDF, 0xFFDF, 0xFFFF, 0xFFFF, 0xFFFF,
  0xFFFF, 0xFFFF, 0xFFDF, 0xFFFF, 0x9D77, 0x2ACF, 0x0A2D, 0x01CC, 0x01CC, 0x01CC, 0x01CC, 0x01CC,
  0x01CC, 0x01CC, 0x01CC, 0x01CC, 0x01CC, 0x01EC, 0x1A6E, 0x9537, 0xFFFF, 0xFFDF, 0xFFFF, 0xFFFF,
  0xFFFF, 0xFFFF, 0xFFFF, 0xFFFF, 0xFFFF, 0xFFFF, 0xFFFF, 0xD6DC, 0x8D16, 0x1A6E, 0x01CC, 0x01CC,
  0x01CC, 0x01CC, 0x01CC, 0x01CC, 0x01CC, 0x01CC, 0x01CC, 0x01CC, 0x01CC, 0x01CC, 0x01CC, 0x01CC,
  0x01CC, 0x01CC, 0x01CC, 0x01CC, 0x01CC, 0x01CC, 0x01CC, 0x01CC, 0x01CC, 0x01CC, 0x01CC, 0x01CC,
  0x01CC, 0x01CC, 0x01CC, 0x01CC, 0x01CC, 0x01CC, 0x01CC, 0x01CC, 0x01EC, 0x1A4D, 0x8D36, 0xFFFF,
  0xFFFF, 0xFFFF, 0xFFFF, 0xFFFF, 0xFFFF, 0xFFFF, 0xFFFF, 0x84F6, 0x01CC, 0x01CC, 0x01CC, 0x01CC,
  0x01CC, 0x01CC, 0x01CC, 0x01CC, 0x01CC, 0x01CC, 0x01CC, 0x01CC, 0x01CC, 0x01CC, 0x01CC, 0x01CC,
  0x01CC, 0x01CC, 0x2ACF, 0xD6DC, 0xFFFF, 0xFFFF, 0xFFFF, 0xFFFF, 0xFFFF, 0xFFFF, 0xFFFF, 0xFFFF,
  0xFFFF, 0xFFFF, 0xFFFF, 0xFFFF, 0xFFFF, 0xFFFF, 0xFFFF, 0xFFFF, 0xFFFF, 0xFFFF, 0xFFFF, 0xFFFF,
  0xFFFF, 0xFFFF, 0xFFFF, 0xFFFF, 0xFFFF, 0xFFFF, 0xFFFF, 0xFFFF, 0xFFDF, 0xFFFF, 0xCEBB, 0x84D5,
  0x228E, 0x01EC, 0x01CC, 0x01CC, 0x01CC, 0x22AF, 0xADF9, 0xE75D, 0xFFDF, 0xFFFF, 0xFFFF, 0xFFFF,
  0xFFFF, 0xFFFF, 0xFFDF, 0xFFFF, 0xD6FC, 0x9536, 0x22AF, 0x01EC, 0x0A0D, 0x3B30, 0xA5B8, 0xF7BF,
  0xF7BE, 0xFFDF, 0xFFFF, 0xFFFF, 0xFFFF, 0xFFFF, 0xFFFF, 0xFFFF, 0xFFFF, 0xFFFF, 0xFFFF, 0xFFFF,
  0xFFFF, 0xFFFF, 0xFFFF, 0xFFFF, 0xFFFF, 0xFFFF, 0xFFFF, 0xFFFF, 0xFFFF, 0xFFFF, 0xFFFF, 0xFFFF,
  0xFFFF, 0xFFFF, 0xFFFF, 0xFFFF, 0xCEBB, 0x84D5, 0x1A6E, 0x01CC, 0x0A0D, 0x4330, 0xA5B8, 0xFFFF,
  0xFFFF, 0xFFFF, 0xFFFF, 0xFFFF, 0xFFDF, 0xFFDF, 0xFFFF, 0x84F6, 0x09EC, 0x01CC, 0x01CC, 0x01CC,
  0x01CC, 0x01CC, 0x01CC, 0x01CC, 0x01CC, 0x01CC, 0x01CC, 0x7CD6, 0xFFFF, 0xFFFF, 0xFFFF, 0xFFFF,
  0xFFFF, 0xFFFF, 0xFFFF, 0xFFFF, 0xFFFF, 0xFFDF, 0xEF7E, 0x7CB5, 0x09ED, 0x01CC, 0x01CC, 0x01CC,
  0x01CC, 0x01CC, 0x01CC, 0x01CC, 0x01CC, 0x01CC, 0x01CC, 0x84F6, 0xFFFF, 0xFFFF, 0xFFFF, 0xFFFF,
  0xFFFF, 0xFFFF, 0xFFFF, 0xFFFF, 0xB619, 0x53B1, 0x122D, 0x01CC, 0x01CC, 0x01CC, 0x01CC, 0x01CC,
  0x01CC, 0x01CC, 0x01CC, 0x01CC, 0x01CC, 0x01CC, 0x01CC, 0x01CC, 0x01CC, 0x01CC, 0x01CC, 0x01CC,
  0x01CC, 0x01CC, 0x01CC, 0x01CC, 0x01CC, 0x01CC, 0x01CC, 0x01CC, 0x01CC, 0x01CC, 0x01CC, 0x01CC,
  0x01CC, 0x01CC, 0x01CC, 0x01CC, 0x01CC, 0x01CC, 0x01CC, 0x01CC, 0x01CC, 0x01CC, 0x01CC, 0x01CC,
  0x01CC, 0x01CC, 0x01CC, 0x01CC, 0x01CC, 0x01CC, 0x01CC, 0x01CC, 0x01CC, 0x01CC, 0x01CC, 0x01CC,
  0x01CC, 0x01CC, 0x01CC, 0x01CC, 0x01CC, 0x01CC, 0x01CC, 0x01CC, 0x01CC, 0x01CC, 0x01CC, 0x01CC,
  0x01CC, 0x01CC, 0x01CC, 0x01CC, 0x01CC, 0x01CC, 0x01CC, 0x01CC, 0x01CC, 0x01CC, 0x01CC, 0x01CC,
  0x01CC, 0x01CC, 0x01CC, 0x01CC, 0x01CC, 0x01CC, 0x0A0D, 0x5BF2, 0xB619, 0xEF9E, 0xFFFF, 0xFFFF,
  0xFFFF, 0xFFFF, 0xFFFF, 0xFFFF, 0xFFFF, 0xE75D, 0x9D77, 0x4B92, 0x122D, 0x01EC, 0x3B51, 0x8D36,
  0xD6DC, 0xF79E, 0xFFFF, 0xFFFF, 0xFFFF, 0xFFFF, 0xFFFF, 0xFFFF, 0xFFFF, 0xFFFF, 0xFFFF, 0xFFFF,
  0xFFFF, 0xFFFF, 0xFFFF, 0xFFFF, 0xFFFF, 0xFFFF, 0xFFFF, 0xFFFF, 0xFFFF, 0xFFFF, 0xFFFF, 0xFFFF,
  0xFFFF, 0xFFFF, 0xFFFF, 0xFFFF, 0xFFFF, 0xFFFF, 0xFFFF, 0xC67A, 0x6C53, 0x124E, 0x01CC, 0x01CC,
  0x122D, 0x8D16, 0xFFFF, 0xFFFF, 0xFFFF, 0xFFFF, 0xFFFF, 0xFFFF, 0xFFFF, 0xFFFF, 0x8D36, 0x1A4D,
  0x01EC, 0x01CC, 0x01CC, 0x01CC, 0x01CC, 0x01CC, 0x01CC, 0x01CC, 0x01CC, 0x01CC, 0x01CC, 0x01CC,
  0x01CC, 0x01CC, 0x01CC, 0x01CC, 0x01CC, 0x01CC, 0x01CC, 0x01CC, 0x01CC, 0x01CC, 0x01CC, 0x01CC,
  0x01CC, 0x01CC, 0x01CC, 0x01CC, 0x01CC, 0x01CC, 0x01CC, 0x01CC, 0x01CC, 0x01CC, 0x2ACF, 0x7C94,
  0xE75D, 0xFFFF, 0xFFFF, 0xFFFF, 0xFFFF, 0xFFFF, 0xFFFF, 0xFFFF, 0xFFFF, 0xFFFF, 0xFFFF, 0xFFFF,
  0xFFFF, 0xFFFF, 0xFFFF, 0xFFFF, 0xFFFF, 0xFFFF, 0xFFFF, 0xFFFF, 0xFFFF, 0xFFFF, 0xFFFF, 0xFFFF,
  0xFFFF, 0xFFFF, 0xFFFF, 0xFFFF, 0xFFFF, 0xE77D, 0x9D77, 0x53D2, 0x1A6E, 0x01EC, 0x01CC, 0x01CC,
  0x01CC, 0x1A6E, 0x4B91, 0x8D37, 0xCEBB, 0xF7BE, 0xFFFF, 0xFFFF, 0xFFFF, 0xFFFF, 0xFFFF, 0xFFFF,
  0xFFFF, 0xEF9E, 0xCEBB, 0x7CB5, 0x3B30, 0x0A0D, 0x01CC, 0x01CC, 0x01CC, 0x01CC, 0x01CC, 0x01CC,
  0x01CC, 0x01CC, 0x01CC, 0x01CC, 0x01CC, 0x01CC, 0x01EC, 0x5BD2, 0xB639, 0xEF9E, 0xFFFF, 0xFFFF,
  0xFFFF, 0xFFFF, 0xFFFF, 0xFFFF, 0xFFFF, 0xFFFF, 0xFFFF, 0xEF9E, 0xC67B, 0x4BB2, 0x1A4E, 0x01CC,
  0x01CC, 0x01CC, 0x01CC, 0x01CC, 0x01CC, 0x01CC, 0x01CC, 0x01CC, 0x01CC, 0x01CC, 0x01CC, 0x01CC,
  0x01CC, 0x01CC, 0x01CC, 0x01CC, 0x01CC, 0x01CC, 0x01CC, 0x01CC, 0x01CC, 0x01CC, 0x01CC, 0x01CC,
  0x01CC, 0x01CC, 0x01CC, 0x01CC, 0x01CC, 0x01CC, 0x01CC, 0x01CC, 0x122D, 0x5BF2, 0xBE3A, 0xFFFF,
  0xFFFF, 0xFFFF, 0xFFFF, 0xFFFF, 0xFFFF, 0xFFDF, 0xE73D, 0x6C74, 0x01CC, 0x01CC, 0x01CC, 0x01CC,
  0x01CC, 0x01CC, 0x01CC, 0x01CC, 0x01CC, 0x01CC, 0x01CC, 0x01CC, 0x01CC, 0x01CC, 0x01CC, 0x01CC,
  0x01CC, 0x122D, 0x4B71, 0xDF1C, 0xFFFF, 0xFFFF, 0xFFFF, 0xFFFF, 0xFFFF, 0xFFFF, 0xFFFF, 0xFFFF,
  0xFFFF, 0xFFFF, 0xFFFF, 0xFFFF, 0xFFFF, 0xFFFF, 0xFFFF, 0xFFFF, 0xFFFF, 0xFFFF, 0xFFFF, 0xFFFF,
  0xFFFF, 0xFFFF, 0xFFFF, 0xFFFF, 0xFFFF, 0xFFFF, 0xFFFF, 0xFFFF, 0xEF9E, 0xB639, 0x7474, 0x32EF,
  0x09ED, 0x01CC, 0x01CC, 0x01CC, 0x4B91, 0x9DB8, 0xE73D, 0xF7DF, 0xFFFF, 0xFFFF, 0xFFFF, 0xFFFF,
  0xFFFF, 0xFFFF, 0xF7BE, 0xCEBB, 0x84F6, 0x3310, 0x0A0D, 0x1A8E, 0x53D2, 0xA5D8, 0xDF1D, 0xFFFF,
  0xFFDF, 0xFFFF, 0xFFFF, 0xFFFF, 0xFFFF, 0xFFFF, 0xFFFF, 0xFFFF, 0xFFFF, 0xFFFF, 0xFFFF, 0xFFFF,
  0xFFFF, 0xFFFF, 0xFFFF, 0xFFFF, 0xFFFF, 0xFFFF, 0xFFFF, 0xFFFF, 0xFFFF, 0xFFFF, 0xFFFF, 0xFFFF,
  0xFFFF, 0xFFFF, 0xFFFF, 0xFFFF, 0xEF7E, 0xB639, 0x22AF, 0x01CC, 0x228E, 0x9D98, 0xDF3D, 0xFFFF,
  0xFFFF, 0xFFFF, 0xFFFF, 0xFFFF, 0xFFFF, 0xEF7D, 0xA597, 0x4371, 0x01CC, 0x01CC, 0x01CC, 0x01CC,
  0x01CC, 0x01CC, 0x01CC, 0x01CC, 0x01CC, 0x01CC, 0x01CC, 0x6C74, 0xE73D, 0xF7DF, 0xFFFF, 0xFFFF,
  0xFFFF, 0xFFFF, 0xFFFF, 0xFFFF, 0xF7BE, 0xD6FC, 0x7495, 0x2ACF, 0x01CC, 0x01CC, 0x01CC, 0x01CC,
  0x01CC, 0x01CC, 0x01CC, 0x01CC, 0x01CC, 0x01CC, 0x09EC, 0x84F6, 0xFFFF, 0xFFFF, 0xFFFF, 0xFFFF,
  0xFFFF, 0xFFFF, 0xFFFF, 0xFFFF, 0xA5B8, 0x432F, 0x0A0D, 0x01CC, 0x01CC, 0x01CC, 0x01CC, 0x01CC,
  0x01CC, 0x01CC, 0x01CC, 0x01CC, 0x01CC, 0x01CC, 0x01CC, 0x01CC, 0x01CC, 0x01CC, 0x01CC, 0x01CC,
  0x01CC, 0x01CC, 0x01CC, 0x01CC, 0x01CC, 0x01CC, 0x01CC, 0x01CC, 0x01CC, 0x01CC, 0x01CC, 0x01CC,
  0x01CC, 0x01CC, 0x01CC, 0x01CC, 0x01CC, 0x01CC, 0x01CC, 0x01CC, 0x01CC, 0x01CC, 0x01CC, 0x01CC,
  0x01CC, 0x01CC, 0x01CC, 0x01CC, 0x01CC, 0x01CC, 0x01CC, 0x01CC, 0x01CC, 0x01CC, 0x01CC, 0x01CC,
  0x01CC, 0x01CC, 0x01CC, 0x01CC, 0x01CC, 0x01CC, 0x01CC, 0x01CC, 0x01CC, 0x01CC, 0x01CC, 0x01CC,
  0x01CC, 0x01CC, 0x01CC, 0x01CC, 0x01CC, 0x01CC, 0x01CC, 0x01CC, 0x01CC, 0x01CC, 0x01CC, 0x01CC,
  0x01CC, 0x01CC, 0x01CC, 0x01CC, 0x01CC, 0x0A0D, 0x4350, 0x9557, 0xE73C, 0xE73C, 0xE73D, 0xE73D,
  0xE73D, 0xE73D, 0xE73D, 0xE75D, 0xD6DC, 0xADD9, 0x4351, 0x122D, 0x01EC, 0x1A6E, 0x7474, 0xC67A,
  0xDF1C, 0xE73D, 0xE73D, 0xE73D, 0xE73D, 0xE73D, 0xE73D, 0xE73D, 0xE73D, 0xE73D, 0xE73D, 0xE73D,
  0xE73D, 0xE73D, 0xE73D, 0xE73D, 0xE73D, 0xE73D, 0xE73D, 0xE73D, 0xE73D, 0xE73D, 0xE73D, 0xE73D,
  0xE73D, 0xE73D, 0xE73D, 0xE73D, 0xE73D, 0xE73D, 0xE73D, 0xCEBB, 0x9D77, 0x228E, 0x01CC, 0x09EC,
  0x2AAE, 0x8D16, 0xE73D, 0xE73D, 0xE73D, 0xE73D, 0xE73D, 0xE73D, 0xE73D, 0xDF1C, 0x6C74, 0x01CC,
  0x01CC, 0x01CC, 0x01CC, 0x01CC, 0x01CC, 0x01CC, 0x01CC, 0x01CC, 0x01CC, 0x01CC, 0x01CC, 0x01CC,
  0x01CC, 0x01CC, 0x01CC, 0x01CC, 0x01CC, 0x01CC, 0x01CC, 0x01CC, 0x01CC, 0x01CC, 0x01CC, 0x01CC,
  0x01CC, 0x01CC, 0x01CC, 0x01CC, 0x01CC, 0x01CC, 0x01CC, 0x01CC, 0x01CC, 0x01CC, 0x4B71, 0x9D97,
  0xD6DC, 0xE73D, 0xE73D, 0xE73D, 0xE73D, 0xE73D, 0xE73D, 0xE73D, 0xE73D, 0xE73D, 0xE73D, 0xE73D,
  0xE73D, 0xE73D, 0xE73D, 0xE73D, 0xE73D, 0xE73D, 0xE73D, 0xE73D, 0xE73D, 0xE73D, 0xE73D, 0xE73D,
  0xE73D, 0xE73D, 0xE73D, 0xE75D, 0xD6DC, 0xA5D8, 0x4351, 0x124D, 0x01CC, 0x01CC, 0x01CC, 0x01EC,
  0x1A6E, 0x4B91, 0x8D16, 0xCEBB, 0xE73C, 0xE73C, 0xE73D, 0xE73D, 0xE73D, 0xE73D, 0xE73D, 0xE73D,
  0xD6FC, 0xB619, 0x7CD5, 0x1A6E, 0x01CC, 0x01CC, 0x01CC, 0x01CC, 0x01CC, 0x01CC, 0x01CC, 0x01CC,
  0x01CC, 0x01CC, 0x01CC, 0x01CC, 0x01CC, 0x01CC, 0x01CC, 0x2AAF, 0x6C53, 0xCEBB, 0xE73D, 0xE73D,
  0xE73D, 0xE73D, 0xE73D, 0xE73D, 0xE73D, 0xE73D, 0xE73D, 0xDF3C, 0xCEBB, 0x84D5, 0x3B10, 0x01CC,
  0x01CC, 0x01CC, 0x01CC, 0x01CC, 0x01CC, 0x01CC, 0x01CC, 0x01CC, 0x01CC, 0x01CC, 0x01CC, 0x01CC,
  0x01CC, 0x01CC, 0x01CC, 0x01CC, 0x01CC, 0x01CC, 0x01CC, 0x01CC, 0x01CC, 0x01CC, 0x01CC, 0x01CC,
  0x01CC, 0x01CC, 0x01CC, 0x01CC, 0x01CC, 0x01CC, 0x01CC, 0x01CC, 0x1A6E, 0x8D16, 0xC67A, 0xE73D,
  0xE73D, 0xE73D, 0xE73D, 0xE73D, 0xE75D, 0xDF1C, 0xA5B8, 0x4B91, 0x01CC, 0x01CC, 0x01CC, 0x01CC,
  0x01CC, 0x01CC, 0x01CC, 0x01CC, 0x01CC, 0x01CC, 0x01CC, 0x01CC, 0x01CC, 0x01CC, 0x01CC, 0x01CC,
  0x01CC, 0x228E, 0x63F2, 0xCE9B, 0xE73D, 0xE73D, 0xE73D, 0xE73D, 0xE73D, 0xE73D, 0xE73D, 0xE73D,
  0xE73D, 0xE73D, 0xE73D, 0xE73D, 0xE73D, 0xE73D, 0xE73D, 0xE73D, 0xE73D, 0xE73D, 0xE73D, 0xE73D,
  0xE73D, 0xE73D, 0xE73D, 0xE73D, 0xE73D, 0xE73D, 0xE75D, 0xD6FC, 0xB619, 0x6433, 0x2AAF, 0x01CC,
  0x01CC, 0x01CC, 0x01EC, 0x22AE, 0x84D5, 0xD6DC, 0xDF1C, 0xE73D, 0xE73D, 0xE73D, 0xE73D, 0xE73D,
  0xE73D, 0xDF1C, 0xCE9B, 0x84F6, 0x3B30, 0x01CC, 0x09EC, 0x4371, 0x9536, 0xCEBB, 0xDF1C, 0xDF1C,
  0xE73D, 0xE73D, 0xE73D, 0xE73D, 0xE73D, 0xE73D, 0xE73D, 0xE73D, 0xE73D, 0xE73D, 0xE73D, 0xE73D,
  0xE73D, 0xE73D, 0xE73D, 0xE73D, 0xE73D, 0xE73D, 0xE73D, 0xE73D, 0xE73D, 0xE73D, 0xE73D, 0xE73D,
  0xE73D, 0xE73D, 0xE73D, 0xE73D, 0xE75D, 0xC67A, 0x2ACF, 0x122D, 0x4330, 0xC67A, 0xE73D, 0xE73D,
  0xE73D, 0xE73D, 0xE73D, 0xE73D, 0xE73D, 0xC67A, 0x5391, 0x1A4D, 0x01CC, 0x01CC, 0x01CC, 0x01CC,
  0x01CC, 0x01CC, 0x01CC, 0x01CC, 0x01CC, 0x01CC, 0x01CC, 0x4371, 0x9D98, 0xE73D, 0xF7DF, 0xFFFF,
  0xFFFF, 0xFFDF, 0xF7BE, 0xDF1C, 0xBE5A, 0x8516, 0x1A6E, 0x01CC, 0x01CC, 0x01CC, 0x01CC, 0x01CC,
  0x01CC, 0x01CC, 0x01CC, 0x01CC, 0x01CC, 0x01CC, 0x09EC, 0x7CB5, 0xEF7D, 0xE73D, 0xE73D, 0xE73D,
  0xE73D, 0xE73D, 0xE73D, 0xEF5D, 0x8D16, 0x2A8E, 0x09EC, 0x01CC, 0x01CC, 0x01CC, 0x01CC, 0x01CC,
  0x01CC, 0x01CC, 0x01CC, 0x01CC, 0x01CC, 0x01CC, 0x01CC, 0x01CC, 0x01CC, 0x01CC, 0x01CC, 0x01CC,
  0x01CC, 0x01CC, 0x01CC, 0x01CC, 0x01CC, 0x01CC, 0x01CC, 0x01CC, 0x01CC, 0x01CC, 0x01CC, 0x01CC,
  0x01CC, 0x01CC, 0x01CC, 0x01CC, 0x01CC, 0x01CC, 0x01CC, 0x01CC, 0x01CC, 0x01CC, 0x01CC, 0x01CC,
  0x01CC, 0x01CC, 0x01CC, 0x01CC, 0x01CC, 0x01CC, 0x01CC, 0x01CC, 0x01CC, 0x01CC, 0x01CC, 0x01CC,
  0x01CC, 0x01CC, 0x01CC, 0x01CC, 0x01CC, 0x01CC, 0x01CC, 0x01CC, 0x01CC, 0x01CC, 0x01CC, 0x01CC,
  0x01CC, 0x01CC, 0x01CC, 0x01CC, 0x01CC, 0x01CC, 0x01CC, 0x01CC, 0x01CC, 0x01CC, 0x01CC, 0x01CC,
  0x01CC, 0x01CC, 0x01CC, 0x01CC, 0x01CC, 0x228E, 0xA5B8, 0xADD8, 0x9D36, 0x9D56, 0x9D56, 0x9D56,
  0x9D56, 0x9D56, 0xA576, 0xADD8, 0x7474, 0x2ACF, 0x0A0D, 0x01CC, 0x122D, 0x63F2, 0x8CF5, 0xA597,
  0x9D56, 0x9D56, 0x9D56, 0x9D56, 0x9D56, 0x9D56, 0x9D56, 0x9D56, 0x9D56, 0x9D56, 0x9D56, 0x9D56,
  0x9D56, 0x9D56, 0x9D56, 0x9D56, 0x9D56, 0x9D56, 0x9D56, 0x9D56, 0x9D56, 0x9D56, 0x9D56, 0x9D56,
  0x9D56, 0x9D56, 0x9D56, 0x9D56, 0x9D56, 0x9D56, 0x9D56, 0xADB7, 0x9D57, 0x228E, 0x01CC, 0x0A0D,
  0x4330, 0x7C74, 0xA577, 0x9D56, 0x9D56, 0x9D56, 0x9D56, 0x9D76, 0x9D56, 0x8CF5, 0x4350, 0x01CC,
  0x01CC, 0x01CC, 0x01CC, 0x01CC, 0x01CC, 0x01CC, 0x01CC, 0x01CC, 0x01CC, 0x01CC, 0x01CC, 0x01CC,
  0x01CC, 0x01CC, 0x01CC, 0x01CC, 0x01CC, 0x01CC, 0x01CC, 0x01CC, 0x01CC, 0x01CC, 0x01CC, 0x01CC,
  0x01CC, 0x01CC, 0x01CC, 0x01CC, 0x01CC, 0x01CC, 0x01CC, 0x01CC, 0x01CC, 0x01CC, 0x53B2, 0xA597,
  0x9D56, 0x9D56, 0x9D56, 0x9D56, 0x9D56, 0x9D56, 0x9D56, 0x9D56, 0x9D56, 0x9D56, 0x9D56, 0x9D56,
  0x9D56, 0x9D56, 0x9D56, 0x9D56, 0x9D56, 0x9D56, 0x9D56, 0x9D56, 0x9D56, 0x9D56, 0x9D56, 0x9D56,
  0x9D56, 0x9D56, 0xA576, 0xADD8, 0x6C53, 0x228E, 0x0A0D, 0x01CC, 0x01CC, 0x01CC, 0x01CC, 0x122D,
  0x5BD2, 0x9536, 0xB5F8, 0x9D56, 0x9D56, 0x9D56, 0x9D56, 0x9D56, 0x9D56, 0x9D56, 0xA577, 0x9D76,
  0x7474, 0x3B10, 0x0A0D, 0x01CC, 0x01CC, 0x01CC, 0x01CC, 0x01CC, 0x01CC, 0x01CC, 0x01CC, 0x01CC,
  0x01CC, 0x01CC, 0x01CC, 0x01CC, 0x01CC, 0x01CC, 0x01CC, 0x01CC, 0x228E, 0x8CF5, 0xA577, 0x9D56,
  0x9D56, 0x9D56, 0x9D56, 0x9D56, 0x9D56, 0x9D56, 0x9D56, 0x9D56, 0x9D56, 0xB5F8, 0x5BF2, 0x01CC,
  0x01CC, 0x01CC, 0x01CC, 0x01CC, 0x01CC, 0x01CC, 0x01CC, 0x01CC, 0x01CC, 0x01CC, 0x01CC, 0x01CC,
  0x01CC, 0x01CC, 0x01CC, 0x01CC, 0x01CC, 0x01CC, 0x01CC, 0x01CC, 0x01CC, 0x01CC, 0x01CC, 0x01CC,
  0x01CC, 0x01CC, 0x01CC, 0x01CC, 0x01CC, 0x01CC, 0x01CC, 0x01CC, 0x1A6E, 0x9536, 0xA597, 0x9D56,
  0x9D56, 0x9D56, 0x9D56, 0x9D56, 0xADB7, 0x9D77, 0x4350, 0x124D, 0x01CC, 0x01CC, 0x01CC, 0x01CC,
  0x01CC, 0x01CC, 0x01CC, 0x01CC, 0x01CC, 0x01CC, 0x01CC, 0x01CC, 0x01CC, 0x01CC, 0x01CC, 0x01CC,
  0x01CC, 0x32EF, 0x7453, 0x9536, 0x9D76, 0x9D56, 0x9D56, 0x9D56, 0x9D56, 0x9D56, 0x9D56, 0x9D56,
  0x9D56, 0x9D56, 0x9D56, 0x9D56, 0x9D56, 0x9D56, 0x9D56, 0x9D56, 0x9D56, 0x9D56, 0x9D56, 0x9D56,
  0x9D56, 0x9D56, 0x9D56, 0x9D56, 0x9D56, 0xA576, 0xADB7, 0x7C94, 0x4330, 0x122D, 0x01CC, 0x01CC,
  0x01CC, 0x01CC, 0x1A4E, 0x7CB4, 0x9D56, 0xA576, 0x9D56, 0x9D56, 0x9D56, 0x9D56, 0x9D56, 0x9D76,
  0xA597, 0x9536, 0x6C53, 0x1A6E, 0x01EC, 0x01EC, 0x1A2D, 0x7453, 0xBE39, 0x9D76, 0x9D56, 0x9D56,
  0x9D56, 0x9D56, 0x9D56, 0x9D56, 0x9D56, 0x9D56, 0x9D56, 0x9D56, 0x9D56, 0x9D56, 0x9D56, 0x9D56,
  0x9D56, 0x9D56, 0x9D56, 0x9D56, 0x9D56, 0x9D56, 0x9D56, 0x9D56, 0x9D56, 0x9D56, 0x9D56, 0x9D56,
  0x9D56, 0x9D56, 0x9D56, 0x9D56, 0xADB7, 0x9D56, 0x2AAE, 0x32EF, 0x6C12, 0x9536, 0x9D76, 0x9D56,
  0x9D56, 0x9D56, 0x9D56, 0x9D76, 0x9D56, 0x7CB4, 0x1A6E, 0x01CC, 0x01CC, 0x01CC, 0x01CC, 0x01CC,
  0x01CC, 0x01CC, 0x01CC, 0x01CC, 0x01CC, 0x01CC, 0x01CC, 0x01EC, 0x32EF, 0xB63A, 0xEF7E, 0xFFFF,
  0xFFFF, 0xF7BF, 0xDEFC, 0x8CF5, 0x3B30, 0x0A0D, 0x01CC, 0x01CC, 0x01CC, 0x01CC, 0x01CC, 0x01CC,
  0x01CC, 0x01CC, 0x01CC, 0x01CC, 0x01CC, 0x01CC, 0x09EC, 0x63F2, 0xB5F8, 0xA577, 0x9D56, 0x9D56,
  0x9D56, 0x9D56, 0xA577, 0xB5F8, 0x6C32, 0x1A2C, 0x01CC, 0x01CC, 0x01CC, 0x01CC, 0x01CC, 0x01CC,
  0x01CC, 0x01CC, 0x01CC, 0x01CC, 0x01CC, 0x01CC, 0x01CC, 0x01CC, 0x01CC, 0x01CC, 0x01CC, 0x01CC,
  0x01CC, 0x01CC, 0x01CC, 0x01CC, 0x01CC, 0x01CC, 0x01CC, 0x01CC, 0x01CC, 0x01CC, 0x01CC, 0x01CC,
  0x01CC, 0x01CC, 0x01CC, 0x01CC, 0x01CC, 0x01CC, 0x01CC, 0x01CC, 0x01CC, 0x01CC, 0x01CC, 0x01CC,
  0x01CC, 0x01CC, 0x01CC, 0x01CC, 0x01CC, 0x01CC, 0x01CC, 0x01CC, 0x01CC, 0x01CC, 0x01CC, 0x01CC,
  0x01CC, 0x01CC, 0x01CC, 0x01CC, 0x01CC, 0x01CC, 0x01CC, 0x01CC, 0x01CC, 0x01CC, 0x01CC, 0x01CC,
  0x01CC, 0x01CC, 0x01CC, 0x01CC, 0x01CC, 0x01CC, 0x01CC, 0x01CC, 0x01CC, 0x01CC, 0x01CC, 0x01CC,
  0x01CC, 0x01CC, 0x01CC, 0x01CC, 0x01CC, 0x0A0D, 0x4351, 0x4371, 0x3B10, 0x3B10, 0x3B10, 0x3B10,
  0x3B10, 0x3B10, 0x3B30, 0x4350, 0x2AAF, 0x0A0D, 0x01CC, 0x01CC, 0x09EC, 0x2AAE, 0x3B10, 0x3B30,
  0x3B10, 0x3B10, 0x3B10, 0x3B10, 0x3B10, 0x3B10, 0x3B10, 0x3B10, 0x3B10, 0x3B10, 0x3B10, 0x3B10,
  0x3B10, 0x3B10, 0x3B10, 0x3B10, 0x3B10, 0x3B10, 0x3B10, 0x3B10, 0x3B10, 0x3B10, 0x3B10, 0x3B10,
  0x3B10, 0x3B10, 0x3B10, 0x3B10, 0x3B10, 0x3B10, 0x3B10, 0x4350, 0x3B30, 0x0A0D, 0x01CC, 0x01EC,
  0x1A4D, 0x2ACF, 0x3B30, 0x3B10, 0x3B10, 0x3B10, 0x3B10, 0x3B30, 0x3B10, 0x32EF, 0x1A4E, 0x01CC,
  0x01CC, 0x01CC, 0x01CC, 0x01CC, 0x01CC, 0x01CC, 0x01CC, 0x01CC, 0x01CC, 0x01CC, 0x01CC, 0x01CC,
  0x01CC, 0x01CC, 0x01CC, 0x01CC, 0x01CC, 0x01CC, 0x01CC, 0x01CC, 0x01CC, 0x01CC, 0x01CC, 0x01CC,
  0x01CC, 0x01CC, 0x01CC, 0x01CC, 0x01CC, 0x01CC, 0x01CC, 0x01CC, 0x01CC, 0x01CC, 0x228E, 0x3B30,
  0x3B30, 0x3B10, 0x3B10, 0x3B10, 0x3B10, 0x3B10, 0x3B10, 0x3B10, 0x3B10, 0x3B10, 0x3B10, 0x3B10,
  0x3B10, 0x3B10, 0x3B10, 0x3B10, 0x3B10, 0x3B10, 0x3B10, 0x3B10, 0x3B10, 0x3B10, 0x3B10, 0x3B10,
  0x3B10, 0x3B10, 0x3B30, 0x4350, 0x2AAF, 0x0A0D, 0x01CC, 0x01CC, 0x01CC, 0x01CC, 0x01CC, 0x01EC,
  0x228E, 0x3B30, 0x4371, 0x3B10, 0x3B10, 0x3B10, 0x3B10, 0x3B10, 0x3B10, 0x3B10, 0x3B30, 0x3B30,
  0x2AAF, 0x122D, 0x01CC, 0x01CC, 0x01CC, 0x01CC, 0x01CC, 0x01CC, 0x01CC, 0x01CC, 0x01CC, 0x01CC,
  0x01CC, 0x01CC, 0x01CC, 0x01CC, 0x01CC, 0x01CC, 0x01CC, 0x01CC, 0x0A0D, 0x32EF, 0x3B30, 0x3B10,
  0x3B10, 0x3B10, 0x3B10, 0x3B10, 0x3B10, 0x3B10, 0x3B10, 0x3B10, 0x3B10, 0x4371, 0x22AF, 0x01CC,
  0x01CC, 0x01CC, 0x01CC, 0x01CC, 0x01CC, 0x01CC, 0x01CC, 0x01CC, 0x01CC, 0x01CC, 0x01CC, 0x01CC,
  0x01CC, 0x01CC, 0x01CC, 0x01CC, 0x01CC, 0x01CC, 0x01CC, 0x01CC, 0x01CC, 0x01CC, 0x01CC, 0x01CC,
  0x01CC, 0x01CC, 0x01CC, 0x01CC, 0x01CC, 0x01CC, 0x01CC, 0x01CC, 0x0A0D, 0x3B10, 0x3B30, 0x3B10,
  0x3B10, 0x3B10, 0x3B10, 0x3B10, 0x4330, 0x3B30, 0x1A4D, 0x01EC, 0x01CC, 0x01CC, 0x01CC, 0x01CC,
  0x01CC, 0x01CC, 0x01CC, 0x01CC, 0x01CC, 0x01CC, 0x01CC, 0x01CC, 0x01CC, 0x01CC, 0x01CC, 0x01CC,
  0x01CC, 0x122D, 0x2ACF, 0x3B10, 0x3B30, 0x3B10, 0x3B10, 0x3B10, 0x3B10, 0x3B10, 0x3B10, 0x3B10,
  0x3B10, 0x3B10, 0x3B10, 0x3B10, 0x3B10, 0x3B10, 0x3B10, 0x3B10, 0x3B10, 0x3B10, 0x3B10, 0x3B10,
  0x3B10, 0x3B10, 0x3B10, 0x3B10, 0x3B10, 0x3B30, 0x4350, 0x2ACF, 0x122D, 0x01CC, 0x01CC, 0x01CC,
  0x01CC, 0x01CC, 0x0A0D, 0x32EF, 0x3B30, 0x3B30, 0x3B10, 0x3B10, 0x3B10, 0x3B10, 0x3B10, 0x3B30,
  0x3B30, 0x3310, 0x22AF, 0x09EC, 0x01CC, 0x01CC, 0x09EC, 0x2ACF, 0x4B91, 0x3B30, 0x3B10, 0x3B10,
  0x3B10, 0x3B10, 0x3B10, 0x3B10, 0x3B10, 0x3B10, 0x3B10, 0x3B10, 0x3B10, 0x3B10, 0x3B10, 0x3B10,
  0x3B10, 0x3B10, 0x3B10, 0x3B10, 0x3B10, 0x3B10, 0x3B10, 0x3B10, 0x3B10, 0x3B10, 0x3B10, 0x3B10,
  0x3B10, 0x3B10, 0x3B10, 0x3B10, 0x4350, 0x3B30, 0x120D, 0x122D, 0x2AAF, 0x3B10, 0x3B30, 0x3B10,
  0x3B10, 0x3B10, 0x3B10, 0x3B30, 0x3B10, 0x2ACF, 0x09EC, 0x01CC, 0x01CC, 0x01CC, 0x01CC, 0x01CC,
  0x01CC, 0x01CC, 0x01CC, 0x01CC, 0x01CC, 0x01CC, 0x01CC, 0x01CC, 0x0A2D, 0x4371, 0x5BF3, 0x6433,
  0x6433, 0x5C13, 0x53D2, 0x32EF, 0x124D, 0x01CC, 0x01CC, 0x01CC, 0x01CC, 0x01CC, 0x01CC, 0x01CC,
  0x01CC, 0x01CC, 0x01CC, 0x01CC, 0x01CC, 0x01CC, 0x01CC, 0x228E, 0x4351, 0x3B30, 0x3B10, 0x3B10,
  0x3B10, 0x3B10, 0x3B30, 0x4351, 0x2AAE, 0x09EC, 0x01CC, 0x01CC, 0x01CC, 0x01CC, 0x01CC, 0x01CC,
  0x01CC, 0x01CC, 0x01CC, 0x01CC, 0x01CC, 0x01CC, 0x01CC, 0x01CC, 0x01CC, 0x01CC, 0x01CC, 0x01CC,
  0x01CC, 0x01CC, 0x01CC, 0x01CC, 0x01CC, 0x01CC, 0x01CC, 0x01CC, 0x01CC, 0x01CC, 0x01CC, 0x01CC,
  0x01CC, 0x01CC, 0x01CC, 0x01CC, 0x01CC, 0x01CC, 0x01CC, 0x01CC, 0x01CC, 0x01CC, 0x01CC, 0x01CC,
  0x01CC, 0x01CC, 0x01CC, 0x01CC, 0x01CC, 0x01CC, 0x01CC, 0x01CC, 0x01CC, 0x01CC, 0x01CC, 0x01CC,
  0x01CC, 0x01CC, 0x01CC, 0x01CC, 0x01CC, 0x01CC, 0x01CC, 0x01CC, 0x01CC, 0x01CC, 0x01CC, 0x01CC,
  0x01CC, 0x01CC, 0x01CC, 0x01CC, 0x01CC, 0x01CC, 0x01CC, 0x01CC, 0x01CC, 0x01CC, 0x01CC, 0x01CC,
  0x01CC, 0x01CC, 0x01CC, 0x01CC, 0x01CC, 0x01CC, 0x01CC, 0x01CC, 0x01CC, 0x01CC, 0x01CC, 0x01CC,
  0x01CC, 0x01CC, 0x01CC, 0x01CC, 0x01CC, 0x01CC, 0x01CC, 0x01CC, 0x01CC, 0x01CC, 0x01CC, 0x01CC,
  0x01CC, 0x01CC, 0x01CC, 0x01CC, 0x01CC, 0x01CC, 0x01CC, 0x01CC, 0x01CC, 0x01CC, 0x01CC, 0x01CC,
  0x01CC, 0x01CC, 0x01CC, 0x01CC, 0x01CC, 0x01CC, 0x01CC, 0x01CC, 0x01CC, 0x01CC, 0x01CC, 0x01CC,
  0x01CC, 0x01CC, 0x01CC, 0x01CC, 0x01CC, 0x01CC, 0x01CC, 0x01CC, 0x01CC, 0x01CC, 0x01CC, 0x01CC,
  0x01CC, 0x01CC, 0x01CC, 0x01CC, 0x01CC, 0x01CC, 0x01CC, 0x01CC, 0x01CC, 0x01CC, 0x01CC, 0x01CC,
  0x01CC, 0x01CC, 0x01CC, 0x01CC, 0x01CC, 0x01CC, 0x01CC, 0x01CC, 0x01CC, 0x01CC, 0x01CC, 0x01CC,
  0x01CC, 0x01CC, 0x01CC, 0x01CC, 0x01CC, 0x01CC, 0x01CC, 0x01CC, 0x01CC, 0x01CC, 0x01CC, 0x01CC,
  0x01CC, 0x01CC, 0x01CC, 0x01CC, 0x01CC, 0x01CC, 0x01CC, 0x01CC, 0x01CC, 0x01CC, 0x01CC, 0x01CC,
  0x01CC, 0x01CC, 0x01CC, 0x01CC, 0x01CC, 0x01CC, 0x01CC, 0x01CC, 0x01CC, 0x01CC, 0x01CC, 0x01CC,
  0x01CC, 0x01CC, 0x01CC, 0x01CC, 0x01CC, 0x01CC, 0x01CC, 0x01CC, 0x01CC, 0x01CC, 0x01CC, 0x01CC,
  0x01CC, 0x01CC, 0x01CC, 0x01CC, 0x01CC, 0x01CC, 0x01CC, 0x01CC, 0x01CC, 0x01CC, 0x01CC, 0x01CC,
  0x01CC, 0x01CC, 0x01CC, 0x01CC, 0x01CC, 0x01CC, 0x01CC, 0x01CC, 0x01CC, 0x01CC, 0x01CC, 0x01CC,
  0x01CC, 0x01CC, 0x01CC, 0x01CC, 0x01CC, 0x01CC, 0x01CC, 0x01CC, 0x01CC, 0x01CC, 0x01CC, 0x01CC,
  0x01CC, 0x01CC, 0x01CC, 0x01CC, 0x01CC, 0x01CC, 0x01CC, 0x01CC, 0x01CC, 0x01CC, 0x01CC, 0x01CC,
  0x01CC, 0x01CC, 0x01CC, 0x01CC, 0x01CC, 0x01CC, 0x01CC, 0x01CC, 0x01CC, 0x01CC, 0x01CC, 0x01CC,
  0x01CC, 0x01CC, 0x01CC, 0x01CC, 0x01CC, 0x01CC, 0x01CC, 0x01CC, 0x01CC, 0x01CC, 0x01CC, 0x01CC,
  0x01CC, 0x01CC, 0x01CC, 0x01CC, 0x01CC, 0x01CC, 0x01CC, 0x01CC, 0x01CC, 0x01CC, 0x01CC, 0x01CC,
  0x01CC, 0x01CC, 0x01CC, 0x01CC, 0x01CC, 0x01CC, 0x01CC, 0x01CC, 0x01CC, 0x01CC, 0x01CC, 0x01CC,
  0x01CC, 0x01CC, 0x01CC, 0x01CC, 0x01CC, 0x01CC, 0x01CC, 0x01CC, 0x01CC, 0x01CC, 0x01CC, 0x01CC,
  0x01CC, 0x01CC, 0x01CC, 0x01CC, 0x01CC, 0x01CC, 0x01CC, 0x01CC, 0x01CC, 0x01CC, 0x01CC, 0x01CC,
  0x01CC, 0x01CC, 0x01CC, 0x01CC, 0x01CC, 0x01CC, 0x01CC, 0x01CC, 0x01CC, 0x01CC, 0x01CC, 0x01CC,
  0x01CC, 0x01CC, 0x01CC, 0x01CC, 0x01CC, 0x01CC, 0x01CC, 0x01CC, 0x01CC, 0x01CC, 0x01CC, 0x01CC,
  0x01CC, 0x01CC, 0x01CC, 0x01CC, 0x01CC, 0x01CC, 0x01CC, 0x01CC, 0x01CC, 0x01CC, 0x01CC, 0x01CC,
  0x01CC, 0x01CC, 0x01CC, 0x01CC, 0x01CC, 0x01CC, 0x01CC, 0x01CC, 0x01CC, 0x01CC, 0x01CC, 0x01CC,
  0x01CC, 0x01CC, 0x01CC, 0x01CC, 0x01CC, 0x01CC, 0x01CC, 0x01CC, 0x01CC, 0x01CC, 0x01CC, 0x01CC,
  0x01CC, 0x01CC, 0x01CC, 0x01CC, 0x01CC, 0x01CC, 0x01CC, 0x01CC, 0x01CC, 0x01CC, 0x01CC, 0x01CC,
  0x01CC, 0x01CC, 0x01CC, 0x01CC, 0x01CC, 0x01CC, 0x01CC, 0x01CC, 0x01CC, 0x01CC, 0x01CC, 0x01CC,
  0x01CC, 0x01CC, 0x01CC, 0x01CC, 0x01CC, 0x01CC, 0x01CC, 0x01CC, 0x01CC, 0x01CC, 0x01CC, 0x01CC,
  0x01CC, 0x01CC, 0x01CC, 0x01CC, 0x01CC, 0x01CC, 0x01CC, 0x01CC, 0x01CC, 0x01CC, 0x01CC, 0x01CC,
  0x01CC, 0x01CC, 0x01CC, 0x01CC, 0x01CC, 0x01CC, 0x01CC, 0x01CC, 0x01CC, 0x01CC, 0x01CC, 0x01CC,
  0x01CC, 0x01CC, 0x01CC, 0x01CC, 0x01CC, 0x01CC, 0x01CC, 0x01CC, 0x01CC, 0x01CC, 0x01CC, 0x01CC,
  0x01CC, 0x01CC, 0x01CC, 0x01CC, 0x01CC, 0x01CC, 0x01CC, 0x01CC, 0x01CC, 0x01CC, 0x01CC, 0x01CC,
  0x01CC, 0x01CC, 0x01CC, 0x01CC, 0x01CC, 0x01CC, 0x01CC, 0x01CC, 0x01CC, 0x01CC, 0x01CC, 0x01CC,
  0x01CC, 0x01CC, 0x01CC, 0x01CC, 0x01CC, 0x01CC, 0x01CC, 0x01CC, 0x01CC, 0x01CC, 0x01CC, 0x01CC,
  0x01CC, 0x01CC, 0x01CC, 0x01CC, 0x01CC, 0x01CC, 0x01CC, 0x01CC, 0x01CC, 0x01CC, 0x01CC, 0x01CC,
  0x01CC, 0x01CC, 0x01CC, 0x01CC, 0x01CC, 0x01CC, 0x01CC, 0x01CC, 0x01CC, 0x01CC, 0x01CC, 0x01CC,
  0x01CC, 0x01CC, 0x01CC, 0x01CC, 0x01CC, 0x01CC, 0x01CC, 0x01CC, 0x01CC, 0x01CC, 0x01CC, 0x01CC,
  0x01CC, 0x01CC, 0x01CC, 0x01CC, 0x01CC, 0x01CC, 0x01CC, 0x01CC, 0x01CC, 0x01CC, 0x01CC, 0x01CC,
  0x01CC, 0x01CC, 0x01CC, 0x01CC, 0x01CC, 0x01CC, 0x01CC, 0x01CC, 0x01CC, 0x01CC, 0x01CC, 0x01CC,
  0x01CC, 0x01CC, 0x01CC, 0x01CC, 0x01CC, 0x01CC, 0x01CC, 0x01CC, 0x01CC, 0x01CC, 0x01CC, 0x01CC,
  0x01CC, 0x01CC, 0x01CC, 0x01CC, 0x01CC, 0x01CC, 0x01CC, 0x01CC, 0x01CC, 0x01CC, 0x01CC, 0x01CC,
  0x01CC, 0x01CC, 0x01CC, 0x01CC, 0x01CC, 0x01CC, 0x01CC, 0x01CC, 0x01CC, 0x01CC, 0x01CC, 0x01CC,
  0x01CC, 0x01CC, 0x01CC, 0x01CC, 0x01CC, 0x01CC, 0x01CC, 0x01CC, 0x01CC, 0x01CC, 0x01CC, 0x01CC,
  0x01CC, 0x01CC, 0x01CC, 0x01CC, 0x01CC, 0x01CC, 0x01CC, 0x01CC, 0x01CC, 0x01CC, 0x01CC, 0x01CC,
  0x01CC, 0x01CC, 0x01CC, 0x01CC, 0x01CC, 0x01CC, 0x01CC, 0x01CC, 0x01CC, 0x01CC, 0x01CC, 0x01CC,
  0x01CC, 0x01CC, 0x01CC, 0x01CC, 0x01CC, 0x01CC, 0x01CC, 0x01CC, 0x01CC, 0x01CC, 0x01CC, 0x01CC,
  0x01CC, 0x01CC, 0x01CC, 0x01CC, 0x01CC, 0x01CC, 0x01CC, 0x01CC, 0x01CC, 0x01CC, 0x01CC, 0x01CC,
  0x01CC, 0x01CC, 0x01CC, 0x01CC, 0x01CC, 0x01CC, 0x01CC, 0x01CC, 0x01CC, 0x01CC, 0x01CC, 0x01CC,
  0x01CC, 0x01CC, 0x01CC, 0x01CC, 0x01CC, 0x01CC, 0x01CC, 0x01CC, 0x01CC, 0x01CC, 0x01CC, 0x01CC,
  0x01CC, 0x01CC, 0x01CC, 0x01CC, 0x01CC, 0x01CC, 0x01CC, 0x01CC, 0x01CC, 0x01CC, 0x01CC, 0x01CC,
  0x01CC, 0x01CC, 0x01CC, 0x01CC, 0x01CC, 0x01CC, 0x01CC, 0x01CC, 0x01CC, 0x01CC, 0x01CC, 0x01CC,
  0x01CC, 0x01CC, 0x01CC, 0x01CC, 0x01CC, 0x01CC, 0x01CC, 0x01CC, 0x01CC, 0x01CC, 0x01CC, 0x01CC,
  0x01CC, 0x01CC, 0x01CC, 0x01CC, 0x01CC, 0x01CC, 0x01CC, 0x01CC, 0x01CC, 0x01CC, 0x01CC, 0x01CC,
  0x01CC, 0x01CC, 0x01CC, 0x01CC, 0x01CC, 0x01CC, 0x01CC, 0x01CC, 0x01CC, 0x01CC, 0x01CC, 0x01CC,
  0x01CC, 0x01CC, 0x01CC, 0x01CC, 0x01CC, 0x01CC, 0x01CC, 0x01CC, 0x01CC, 0x01CC, 0x01CC, 0x01CC,
  0x01CC, 0x01CC, 0x01CC, 0x01CC, 0x01CC, 0x01CC, 0x01CC, 0x01CC, 0x01CC, 0x01CC, 0x01CC, 0x01CC,
  0x01CC, 0x01CC, 0x01CC, 0x01CC, 0x01CC, 0x01CC, 0x01CC, 0x01CC, 0x01CC, 0x01CC, 0x01CC, 0x01CC,
  0x01CC, 0x01CC, 0x01CC, 0x01CC, 0x01CC, 0x01CC, 0x01CC, 0x01CC, 0x01CC, 0x01CC, 0x01CC, 0x01CC,
  0x01CC, 0x01CC, 0x01CC, 0x01CC, 0x01CC, 0x01CC, 0x01CC, 0x01CC, 0x01CC, 0x01CC, 0x01CC, 0x01CC,
  0x01CC, 0x01CC, 0x01CC, 0x01CC, 0x01CC, 0x01CC, 0x01CC, 0x01CC, 0x01CC, 0x01CC, 0x01CC, 0x01CC,
  0x01CC, 0x01CC, 0x01CC, 0x01CC, 0x01CC, 0x01CC, 0x01CC, 0x01CC, 0x01CC, 0x01CC, 0x01CC, 0x01CC,
  0x01CC, 0x01CC, 0x01CC, 0x01CC, 0x01CC, 0x01CC, 0x01CC, 0x01CC, 0x01CC, 0x01CC, 0x01CC, 0x01CC,
  0x01CC, 0x01CC, 0x01CC, 0x01CC, 0x01CC, 0x01CC, 0x01CC, 0x01CC, 0x01CC, 0x01CC, 0x01CC, 0x01CC,
  0x01CC, 0x01CC, 0x01CC, 0x01CC, 0x01CC, 0x01CC, 0x01CC, 0x01CC, 0x01CC, 0x01CC, 0x01CC, 0x01CC,
  0x01CC, 0x01CC, 0x01CC, 0x01CC, 0x01CC, 0x01CC, 0x01CC, 0x01CC, 0x01CC, 0x01CC, 0x01CC, 0x01CC,
  0x01CC, 0x01CC, 0x01CC, 0x01CC, 0x01CC, 0x01CC, 0x01CC, 0x01CC, 0x01CC, 0x01CC, 0x01CC, 0x01CC,
  0x01CC, 0x01CC, 0x01CC, 0x01CC, 0x01CC, 0x01CC, 0x01CC, 0x01CC, 0x01CC, 0x01CC, 0x01CC, 0x01CC,
  0x01CC, 0x01CC, 0x01CC, 0x01CC, 0x01CC, 0x01CC, 0x01CC, 0x01CC, 0x01CC, 0x01CC, 0x01CC, 0x01CC,
  0x01CC, 0x01CC, 0x01CC, 0x01CC, 0x01CC, 0x01CC, 0x01CC, 0x01CC, 0x01CC, 0x01CC, 0x01CC, 0x01CC,
  0x01CC, 0x01CC, 0x01CC, 0x01CC, 0x01CC, 0x01CC, 0x01CC, 0x01CC, 0x01CC, 0x01CC, 0x01CC, 0x01CC,
  0x01CC, 0x01CC, 0x01CC, 0x01CC, 0x01CC, 0x01CC, 0x01CC, 0x01CC, 0x01CC, 0x01CC, 0x01CC, 0x01CC,
  0x01CC, 0x01CC, 0x01CC, 0x01CC, 0x01CC, 0x01CC, 0x01CC, 0x01CC, 0x01CC, 0x01CC, 0x01CC, 0x01CC,
  0x01CC, 0x01CC, 0x01CC, 0x01CC, 0x01CC, 0x01CC, 0x01CC, 0x01CC, 0x01CC, 0x01CC, 0x01CC, 0x01CC,
  0x01CC, 0x01CC, 0x01CC, 0x01CC, 0x01CC, 0x01CC, 0x01CC, 0x01CC, 0x01CC, 0x01CC, 0x01CC, 0x01CC,
  0x01CC, 0x01CC, 0x01CC, 0x01CC, 0x01CC, 0x01CC, 0x01CC, 0x01CC, 0x01CC, 0x01CC, 0x01CC, 0x01CC,
  0x01CC, 0x01CC, 0x01CC, 0x01CC, 0x01CC, 0x01CC, 0x01CC, 0x01CC, 0x01CC, 0x01CC, 0x01CC, 0x01CC,
  0x01CC, 0x01CC, 0x01CC, 0x01CC, 0x01CC, 0x01CC, 0x01CC, 0x01CC, 0x01CC, 0x01CC, 0x01CC, 0x01CC,
  0x01CC, 0x01CC, 0x01CC, 0x01CC, 0x01CC, 0x01CC, 0x01CC, 0x01CC, 0x01CC, 0x01CC, 0x01CC, 0x01CC,
  0x01CC, 0x01CC, 0x01CC, 0x01CC, 0x01CC, 0x01CC, 0x01CC, 0x01CC, 0x01CC, 0x01CC, 0x01CC, 0x01CC,
  0x01CC, 0x01CC, 0x01CC, 0x01CC, 0x01CC, 0x01CC, 0x01CC, 0x01CC, 0x01CC, 0x01CC, 0x01CC, 0x01CC,
  0x01CC, 0x01CC, 0x01CC, 0x01CC, 0x01CC, 0x01CC, 0x01CC, 0x01CC, 0x01CC, 0x01CC, 0x01CC, 0x01CC,
  0x01CC, 0x01CC, 0x01CC, 0x01CC, 0x01CC, 0x01CC, 0x01CC, 0x01CC, 0x01CC, 0x01CC, 0x01CC, 0x01CC,
  0x01CC, 0x01CC, 0x01CC, 0x01CC, 0x01CC, 0x01CC, 0x01CC, 0x01CC, 0x01CC, 0x01CC, 0x01CC, 0x01CC,
  0x01CC, 0x01CC, 0x01CC, 0x01CC, 0x01CC, 0x01CC, 0x01CC, 0x01CC, 0x01CC, 0x01CC, 0x01CC, 0x01CC,
  0x01CC, 0x01CC, 0x01CC, 0x01CC, 0x01CC, 0x01CC, 0x01CC, 0x01CC, 0x01CC, 0x01CC, 0x01CC, 0x01CC,
  0x01CC, 0x01CC, 0x01CC, 0x01CC, 0x01CC, 0x01CC, 0x01CC, 0x01CC, 0x01CC, 0x01CC, 0x01CC, 0x01CC,
  0x01CC, 0x01CC, 0x01CC, 0x01CC, 0x01CC, 0x01CC, 0x01CC, 0x01CC, 0x01CC, 0x01CC, 0x01CC, 0x01CC,
  0x01CC, 0x01CC, 0x01CC, 0x01CC, 0x01CC, 0x01CC, 0x01CC, 0x01CC, 0x01CC, 0x01CC, 0x01CC, 0x01CC,
  0x01CC, 0x01CC, 0x01CC, 0x01CC, 0x01CC, 0x01CC, 0x01CC, 0x01CC, 0x01CC, 0x01CC, 0x01CC, 0x01CC,
  0x01CC, 0x01CC, 0x01CC, 0x01CC, 0x01CC, 0x01CC, 0x01CC, 0x01CC, 0x01CC, 0x01CC, 0x01CC, 0x01CC,
  0x01CC, 0x01CC, 0x01CC, 0x01CC, 0x01CC, 0x01CC, 0x01CC, 0x01CC, 0x01CC, 0x01CC, 0x01CC, 0x01CC,
  0x01CC, 0x01CC, 0x01CC, 0x01CC, 0x01CC, 0x01CC, 0x01CC, 0x01CC, 0x01CC, 0x01CC, 0x01CC, 0x01CC,
  0x01CC, 0x01CC, 0x01CC, 0x01CC, 0x01CC, 0x01CC, 0x01CC, 0x01CC, 0x01CC, 0x01CC, 0x01CC, 0x01CC,
  0x01CC, 0x01CC, 0x01CC, 0x01CC, 0x01CC, 0x01CC, 0x01CC, 0x01CC, 0x01CC, 0x01CC, 0x01CC, 0x01CC,
  0x01CC, 0x01CC, 0x01CC, 0x01CC, 0x01CC, 0x01CC, 0x01CC, 0x01CC, 0x01CC, 0x01CC, 0x01CC, 0x01CC,
  0x01CC, 0x01CC, 0x01CC, 0x01CC, 0x01CC, 0x01CC, 0x01CC, 0x01CC, 0x01CC, 0x01CC, 0x01CC, 0x01CC,
  0x01CC, 0x01CC, 0x01CC, 0x01CC, 0x01CC, 0x01CC, 0x01CC, 0x01CC, 0x01CC, 0x01CC, 0x01CC, 0x01CC,
  0x01CC, 0x01CC, 0x01CC, 0x01CC, 0x01CC, 0x01CC, 0x01CC, 0x01CC, 0x01CC, 0x01CC, 0x01CC, 0x01CC,
  0x01CC, 0x01CC, 0x01CC, 0x01CC, 0x01CC, 0x01CC, 0x01CC, 0x01CC, 0x01CC, 0x01CC, 0x01CC, 0x01CC,
  0x01CC, 0x01CC, 0x01CC, 0x01CC, 0x01CC, 0x01CC, 0x01CC, 0x01CC, 0x01CC, 0x01CC, 0x01CC, 0x01CC,
  0x01CC, 0x01CC, 0x01CC, 0x01CC, 0x01CC, 0x01CC, 0x01CC, 0x01CC, 0x01CC, 0x01CC, 0x01CC, 0x01CC,
  0x01CC, 0x01CC, 0x01CC, 0x01CC, 0x01CC, 0x01CC, 0x01CC, 0x01CC, 0x01CC, 0x01CC, 0x01CC, 0x01CC,
  0x01CC, 0x01CC, 0x01CC, 0x01CC, 0x01CC, 0x01CC, 0x01CC, 0x01CC, 0x01CC, 0x01CC, 0x01CC, 0x01CC,
  0x01CC, 0x01CC, 0x01CC, 0x01CC, 0x01CC, 0x01CC, 0x01CC, 0x01CC, 0x01CC, 0x01CC, 0x01CC, 0x01CC,
  0x01CC, 0x01CC, 0x01CC, 0x01CC, 0x01CC, 0x01CC, 0x01CC, 0x01CC, 0x01CC, 0x01CC, 0x01CC, 0x01CC,
  0x01CC, 0x01CC, 0x01CC, 0x01CC, 0x01CC, 0x01CC, 0x01CC, 0x01CC, 0x01CC, 0x01CC, 0x01CC, 0x01CC,
  0x01CC, 0x01CC, 0x01CC, 0x01CC, 0x01CC, 0x01CC, 0x01CC, 0x01CC, 0x01CC, 0x01CC, 0x01CC, 0x01CC,
  0x01CC, 0x01CC, 0x01CC, 0x01CC, 0x01CC, 0x01CC, 0x01CC, 0x01CC, 0x01CC, 0x01CC, 0x01CC, 0x01CC,
  0x01CC, 0x01CC, 0x01CC, 0x01CC, 0x01CC, 0x01CC, 0x01CC, 0x01CC, 0x01CC, 0x01CC, 0x01CC, 0x01CC,
  0x01CC, 0x01CC, 0x01CC, 0x01CC, 0x01CC, 0x01CC, 0x01CC, 0x01CC, 0x01CC, 0x01CC, 0x01CC, 0x01CC,
  0x01CC, 0x01CC, 0x01CC, 0x01CC, 0x01CC, 0x01CC, 0x01CC, 0x01CC, 0x01CC, 0x01CC, 0x01CC, 0x01CC,
  0x01CC, 0x01CC, 0x01CC, 0x01CC, 0x01CC, 0x01CC, 0x01CC, 0x01CC, 0x01CC, 0x01CC, 0x01CC, 0x01CC,
  0x01CC, 0x01CC, 0x01CC, 0x01CC, 0x01CC, 0x01CC, 0x01CC, 0x01CC, 0x01CC, 0x01CC, 0x01CC, 0x01CC,
  0x01CC, 0x01CC, 0x01CC, 0x01CC, 0x01CC, 0x01CC, 0x01CC, 0x01CC, 0x01CC, 0x01CC, 0x01CC, 0x01CC,
  0x01CC, 0x01CC, 0x01CC, 0x01CC, 0x01CC, 0x01CC, 0x01CC, 0x01CC, 0x01CC, 0x01CC, 0x01CC, 0x01CC,
  0x01CC, 0x01CC, 0x01CC, 0x01CC, 0x01CC, 0x01CC, 0x01CC, 0x01CC, 0x01CC, 0x01CC, 0x01CC, 0x01CC,
  0x01CC, 0x01CC, 0x01CC, 0x01CC, 0x01CC, 0x01CC, 0x01CC, 0x01CC, 0x01CC, 0x01CC, 0x01CC, 0x01CC,
  0x01CC, 0x01CC, 0x01CC, 0x01CC, 0x01CC, 0x01CC, 0x01CC, 0x01CC, 0x01CC, 0x01CC, 0x01CC, 0x01CC,
  0x01CC, 0x01CC, 0x01CC, 0x01CC, 0x01CC, 0x01CC, 0x01CC, 0x01CC, 0x01CC, 0x01CC, 0x01CC, 0x01CC,
  0x01CC, 0x01CC, 0x01CC, 0x01CC, 0x01CC, 0x01CC, 0x01CC, 0x01CC, 0x01CC, 0x01CC, 0x01CC, 0x01CC,
  0x01CC, 0x01CC, 0x01CC, 0x01CC, 0x01CC, 0x01CC, 0x01CC, 0x01CC, 0x01CC, 0x01CC, 0x01CC, 0x01CC,
  0x01CC, 0x01CC, 0x01CC, 0x01CC, 0x01CC, 0x01CC, 0x01CC, 0x01CC, 0x01CC, 0x01CC, 0x01CC, 0x01CC,
  0x01CC, 0x01CC, 0x01CC, 0x01CC, 0x01CC, 0x01CC, 0x01CC, 0x01CC, 0x01CC, 0x01CC, 0x01CC, 0x01CC,
  0x01CC, 0x01CC, 0x01CC, 0x01CC, 0x01CC, 0x01CC, 0x01CC, 0x01CC, 0x01CC, 0x01CC, 0x01CC, 0x01CC,
  0x01CC, 0x01CC, 0x01CC, 0x01CC, 0x01CC, 0x01CC, 0x01CC, 0x01CC, 0x01CC, 0x01CC, 0x01CC, 0x01CC,
  0x01CC, 0x01CC, 0x01CC, 0x01CC, 0x01CC, 0x01CC, 0x01CC, 0x01CC, 0x01CC, 0x01CC, 0x01CC, 0x01CC,
  0x01CC, 0x01CC, 0x01CC, 0x01CC, 0x01CC, 0x01CC, 0x01CC, 0x01CC, 0x01CC, 0x01CC, 0x01CC, 0x01CC,
  0x01CC, 0x01CC, 0x01CC, 0x01CC, 0x01CC, 0x01CC, 0x01CC, 0x01CC, 0x01CC, 0x01CC, 0x01CC, 0x01CC,
  0x01CC, 0x01CC, 0x01CC, 0x01CC, 0x01CC, 0x01CC, 0x01CC, 0x01CC, 0x01CC, 0x01CC, 0x01CC, 0x01CC,
  0x01CC, 0x01CC, 0x01CC, 0x01CC, 0x01CC, 0x01CC, 0x01CC, 0x01CC, 0x01CC, 0x01CC, 0x01CC, 0x01CC,
  0x01CC, 0x01CC, 0x01CC, 0x01CC, 0x01CC, 0x01CC, 0x01CC, 0x01CC, 0x01CC, 0x01CC, 0x01CC, 0x01CC,
  0x01CC, 0x01CC, 0x01CC, 0x01CC, 0x01CC, 0x01CC, 0x01CC, 0x01CC, 0x01CC, 0x01CC, 0x01CC, 0x01CC,
  0x01CC, 0x01CC, 0x01CC, 0x01CC, 0x01CC, 0x01CC, 0x01CC, 0x01CC, 0x01CC, 0x01CC, 0x01CC, 0x01CC,
  0x01CC, 0x01CC, 0x01CC, 0x01CC, 0x01CC, 0x01CC, 0x01CC, 0x01CC, 0x01CC, 0x01CC, 0x01CC, 0x01CC,
  0x01CC, 0x01CC, 0x01CC, 0x01CC, 0x01CC, 0x01CC, 0x01CC, 0x01CC, 0x01CC, 0x01CC, 0x01CC, 0x01CC,
  0x01CC, 0x01CC, 0x01CC, 0x01CC, 0x01CC, 0x01CC, 0x01CC, 0x01CC, 0x01CC, 0x01CC, 0x01CC, 0x01CC,
  0x01CC, 0x01CC, 0x01CC, 0x01CC, 0x01CC, 0x01CC, 0x01CC, 0x01CC, 0x01CC, 0x01CC, 0x01CC, 0x01CC,
  0x01CC, 0x01CC, 0x01CC, 0x01CC, 0x01CC, 0x01CC, 0x01CC, 0x01CC, 0x01CC, 0x01CC, 0x01CC, 0x01CC,
  0x01CC, 0x01CC, 0x01CC, 0x01CC, 0x01CC, 0x01CC, 0x01CC, 0x01CC, 0x01CC, 0x01CC, 0x01CC, 0x01CC,
  0x01CC, 0x01CC, 0x01CC, 0x01CC, 0x01CC, 0x01CC, 0x01CC, 0x01CC, 0x01CC, 0x01CC, 0x01CC, 0x01CC,
  0x01CC, 0x01CC, 0x01CC, 0x01CC, 0x01CC, 0x01CC, 0x01CC, 0x01CC, 0x01CC, 0x01CC, 0x01CC, 0x01CC,
  0x01CC, 0x01CC, 0x01CC, 0x01CC, 0x01CC, 0x01CC, 0x01CC, 0x01CC, 0x01CC, 0x01CC, 0x01CC, 0x01CC,
  0x01CC, 0x01CC, 0x01CC, 0x01CC, 0x01CC, 0x01CC, 0x01CC, 0x01CC, 0x01CC, 0x01CC, 0x01CC, 0x01CC,
  0x01CC, 0x01CC, 0x01CC, 0x01CC, 0x01CC, 0x01CC, 0x01CC, 0x01CC, 0x01CC, 0x01CC, 0x01CC, 0x01CC,
  0x01CC, 0x01CC, 0x01CC, 0x01CC, 0x01CC, 0x01CC, 0x01CC, 0x01CC, 0x01CC, 0x01CC, 0x01CC, 0x01CC,
  0x01CC, 0x01CC, 0x01CC, 0x01CC, 0x01CC, 0x01CC, 0x01CC, 0x01CC, 0x01CC, 0x01CC, 0x01CC, 0x01CC,
  0x01CC, 0x01CC, 0x01CC, 0x01CC, 0x01CC, 0x01CC, 0x01CC, 0x01CC, 0x01CC, 0x01CC, 0x01CC, 0x01CC,
  0x01CC, 0x01CC, 0x01CC, 0x01CC, 0x01CC, 0x01CC, 0x01CC, 0x01CC, 0x01CC, 0x01CC, 0x01CC, 0x01CC,
  0x01CC, 0x01CC, 0x01CC, 0x01CC, 0x01CC, 0x01CC, 0x01CC, 0x01CC, 0x01CC, 0x01CC, 0x01CC, 0x01CC,
  0x01CC, 0x01CC, 0x01CC, 0x01CC, 0x01CC, 0x01CC, 0x01CC, 0x01CC, 0x01CC, 0x01CC, 0x01CC, 0x01CC,
  0x01CC, 0x01CC, 0x01CC, 0x01CC, 0x01CC, 0x01CC, 0x01CC, 0x01CC, 0x01CC, 0x01CC, 0x01CC, 0x01CC,
  0x01CC, 0x01CC, 0x01CC, 0x01CC, 0x01CC, 0x01CC, 0x01CC, 0x01CC, 0x01CC, 0x01CC, 0x01CC, 0x01CC,
  0x01CC, 0x01CC, 0x01CC, 0x01CC, 0x01CC, 0x01CC, 0x01CC, 0x01CC, 0x01CC, 0x01CC, 0x01CC, 0x01CC,
  0x01CC, 0x01CC, 0x01CC, 0x01CC, 0x01CC, 0x01CC, 0x01CC, 0x01CC, 0x01CC, 0x01CC, 0x01CC, 0x01CC,
  0x01CC, 0x01CC, 0x01CC, 0x01CC, 0x01CC, 0x01CC, 0x01CC, 0x01CC, 0x01CC, 0x01CC, 0x01CC, 0x01CC,
  0x01CC, 0x01CC, 0x01CC, 0x01CC, 0x01CC, 0x01CC, 0x01CC, 0x01CC, 0x01CC, 0x01CC, 0x01CC, 0x01CC,
  0x01CC, 0x01CC, 0x01CC, 0x01CC, 0x01CC, 0x01CC, 0x01CC, 0x01CC, 0x01CC, 0x01CC, 0x01CC, 0x01CC,
  0x01CC, 0x01CC, 0x01CC, 0x01CC, 0x01CC, 0x01CC, 0x01CC, 0x01CC, 0x01CC, 0x01CC, 0x01CC, 0x01CC,
  0x01CC, 0x01CC, 0x01CC, 0x01CC, 0x01CC, 0x01CC, 0x01CC, 0x01CC, 0x01CC, 0x01CC, 0x01CC, 0x01CC,
  0x01CC, 0x01CC, 0x01CC, 0x01CC, 0x01CC, 0x01CC, 0x01CC, 0x01CC, 0x01CC, 0x01CC, 0x01CC, 0x01CC,
  0x01CC, 0x01CC, 0x01CC, 0x01CC, 0x01CC, 0x01CC, 0x01CC, 0x01CC, 0x01CC, 0x01CC, 0x01CC, 0x01CC,
  0x01CC, 0x01CC, 0x01CC, 0x01CC, 0x01CC, 0x01CC, 0x01CC, 0x01CC, 0x01CC, 0x01CC, 0x01CC, 0x01CC,
  0x01CC, 0x01CC, 0x01CC, 0x01CC, 0x01CC, 0x01CC, 0x01CC, 0x01CC, 0x01CC, 0x01CC, 0x01CC, 0x01CC,
  0x01CC, 0x01CC, 0x01CC, 0x01CC, 0x01CC, 0x01CC, 0x01CC, 0x01CC, 0x01CC, 0x01CC, 0x01CC, 0x01CC,
  0x01CC, 0x01CC, 0x01CC, 0x01CC, 0x01CC, 0x01CC, 0x01CC, 0x01CC, 0x01CC, 0x01CC, 0x01CC, 0x01CC,
  0x01CC, 0x01CC, 0x01CC, 0x01CC, 0x01CC, 0x01CC, 0x01CC, 0x01CC, 0x01CC, 0x01CC, 0x01CC, 0x01CC,
  0x01CC, 0x01CC, 0x01CC, 0x01CC, 0x01CC, 0x01CC, 0x01CC, 0x01CC, 0x01CC, 0x01CC, 0x01CC, 0x01CC,
  0x01CC, 0x01CC, 0x01CC, 0x01CC, 0x01CC, 0x01CC, 0x01CC, 0x01CC, 0x01CC, 0x01CC, 0x01CC, 0x01CC,
  0x01CC, 0x01CC, 0x01CC, 0x01CC, 0x01CC, 0x01CC, 0x01CC, 0x01CC, 0x01CC, 0x01CC, 0x01CC, 0x01CC,
  0x01CC, 0x01CC, 0x01CC, 0x01CC, 0x01CC, 0x01CC, 0x01CC, 0x01CC, 0x01CC, 0x01CC, 0x01CC, 0x01CC,
  0x01CC, 0x01CC, 0x01CC, 0x01CC, 0x01CC, 0x01CC, 0x01CC, 0x01CC, 0x01CC, 0x01CC, 0x01CC, 0x01CC,
  0x01CC, 0x01CC, 0x01CC, 0x01CC, 0x01CC, 0x01CC, 0x01CC, 0x01CC, 0x01CC, 0x01CC, 0x01CC, 0x01CC,
  0x01CC, 0x01CC, 0x01CC, 0x01CC, 0x01CC, 0x01CC, 0x01CC, 0x01CC, 0x01CC, 0x01CC, 0x01CC, 0x01CC,
  0x01CC, 0x01CC, 0x01CC, 0x01CC, 0x01CC, 0x01CC, 0x01CC, 0x01CC, 0x01CC, 0x01CC, 0x01CC, 0x01CC,
  0x01CC, 0x01CC, 0x01CC, 0x01CC, 0x01CC, 0x01CC, 0x01CC, 0x01CC, 0x01CC, 0x01CC, 0x01CC, 0x01CC,
  0x01CC, 0x01CC, 0x01CC, 0x01CC, 0x01CC, 0x01CC, 0x01CC, 0x01CC, 0x01CC, 0x01CC, 0x01CC, 0x01CC,
  0x01CC, 0x01CC, 0x01CC, 0x01CC, 0x01CC, 0x01CC, 0x01CC, 0x01CC, 0x01CC, 0x01CC, 0x01CC, 0x01CC,
  0x01CC, 0x01CC, 0x01CC, 0x01CC, 0x01CC, 0x01CC, 0x01CC, 0x01CC, 0x01CC, 0x01CC, 0x01CC, 0x01CC,
  0x01CC, 0x01CC, 0x01CC, 0x01CC, 0x01CC, 0x01CC, 0x01CC, 0x01CC, 0x01CC, 0x01CC, 0x01CC, 0x01CC,
  0x01CC, 0x01CC, 0x01CC, 0x01CC, 0x01CC, 0x01CC, 0x01CC, 0x01CC, 0x01CC, 0x01CC, 0x01CC, 0x01CC,
  0x01CC, 0x01CC, 0x01CC, 0x01CC, 0x01CC, 0x01CC, 0x01CC, 0x01CC, 0x01CC, 0x01CC, 0x01CC, 0x01CC,
  0x01CC, 0x01CC, 0x01CC, 0x01CC, 0x01CC, 0x01CC, 0x01CC, 0x01CC, 0x01CC, 0x01CC, 0x01CC, 0x01CC,
  0x01CC, 0x01CC, 0x01CC, 0x01CC, 0x01CC, 0x01CC, 0x01CC, 0x01CC, 0x01CC, 0x01CC, 0x01CC, 0x01CC,
  0x01CC, 0x01CC, 0x01CC, 0x01CC, 0x01CC, 0x01CC, 0x01CC, 0x01CC, 0x01CC, 0x01CC, 0x01CC, 0x01CC,
  0x01CC, 0x01CC, 0x01CC, 0x01CC, 0x01CC, 0x01CC, 0x01CC, 0x01CC, 0x01CC, 0x01CC, 0x01CC, 0x01CC,
  0x01CC, 0x01CC, 0x01CC, 0x01CC, 0x01CC, 0x01CC, 0x01CC, 0x01CC, 0x01CC, 0x01CC, 0x01CC, 0x01CC,
  0x01CC, 0x01CC, 0x01CC, 0x01CC, 0x01CC, 0x01CC, 0x01CC, 0x01CC, 0x01CC, 0x01CC, 0x01CC, 0x01CC,
  0x01CC, 0x01CC, 0x01CC, 0x01CC, 0x01CC, 0x01CC, 0x01CC, 0x01CC, 0x01CC, 0x01CC, 0x01CC, 0x01CC,
  0x01CC, 0x01CC, 0x01CC, 0x01CC, 0x01CC, 0x01CC, 0x01CC, 0x01CC, 0x01CC, 0x01CC, 0x01CC, 0x01CC,
  0x01CC, 0x01CC, 0x01CC, 0x01CC, 0x01CC, 0x01CC, 0x01CC, 0x01CC, 0x01CC, 0x01CC, 0x01CC, 0x01CC,
  0x01CC, 0x01CC, 0x01CC, 0x01CC, 0x01CC, 0x01CC, 0x01CC, 0x01CC, 0x01CC, 0x01CC, 0x01CC, 0x01CC,
  0x01CC, 0x01CC, 0x01CC, 0x01CC, 0x01CC, 0x01CC, 0x01CC, 0x01CC, 0x01CC, 0x01CC, 0x01CC, 0x01CC,
  0x01CC, 0x01CC, 0x01CC, 0x01CC, 0x01CC, 0x01CC, 0x01CC, 0x01CC, 0x01CC, 0x01CC, 0x01CC, 0x01CC,
  0x01CC, 0x01CC, 0x01CC, 0x01CC, 0x01CC, 0x01CC, 0x01CC, 0x01CC, 0x01CC, 0x01CC, 0x01CC, 0x01CC,
  0x01CC, 0x01CC, 0x01CC, 0x01CC, 0x01CC, 0x01CC, 0x01CC, 0x01CC, 0x01CC, 0x01CC, 0x01CC, 0x01CC,
  0x01CC, 0x01CC, 0x01CC, 0x01CC, 0x01CC, 0x01CC, 0x01CC, 0x01CC, 0x01CC, 0x01CC, 0x01CC, 0x01CC,
  0x01CC, 0x01CC, 0x01CC, 0x01CC, 0x01CC, 0x01CC, 0x01CC, 0x01CC, 0x01CC, 0x01CC, 0x01CC, 0x01CC,
  0x01CC, 0x01CC, 0x01CC, 0x01CC, 0x01CC, 0x01CC, 0x01CC, 0x01CC, 0x01CC, 0x01CC, 0x01CC, 0x01CC,
  0x01CC, 0x01CC, 0x01CC, 0x01CC, 0x01CC, 0x01CC, 0x01CC, 0x01CC, 0x01CC, 0x01CC, 0x01CC, 0x01CC,
  0x01CC, 0x01CC, 0x01CC, 0x01CC, 0x01CC, 0x01CC, 0x01CC, 0x01CC, 0x01CC, 0x01CC, 0x01CC, 0x01CC,
  0x01CC, 0x01CC, 0x01CC, 0x01CC, 0x01CC, 0x01CC, 0x01CC, 0x01CC, 0x01CC, 0x01CC, 0x01CC, 0x01CC,
  0x01CC, 0x01CC, 0x01CC, 0x01CC, 0x01CC, 0x01CC, 0x01CC, 0x01CC, 0x01CC, 0x01CC, 0x01CC, 0x01CC,
  0x01CC, 0x01CC, 0x01CC, 0x01CC, 0x01CC, 0x01CC, 0x01CC, 0x01CC, 0x01CC, 0x01CC, 0x01CC, 0x01CC,
  0x01CC, 0x01CC, 0x01CC, 0x01CC, 0x01CC, 0x01CC, 0x01CC, 0x01CC, 0x01CC, 0x01CC, 0x01CC, 0x01CC,
  0x01CC, 0x01CC, 0x01CC, 0x01CC, 0x01CC, 0x01CC, 0x01CC, 0x01CC, 0x01CC, 0x01CC, 0x01CC, 0x01CC,
  0x01CC, 0x01CC, 0x01CC, 0x01CC, 0x01CC, 0x01CC, 0x01CC, 0x01CC, 0x01CC, 0x01CC, 0x01CC, 0x01CC,
  0x01CC, 0x01CC, 0x01CC, 0x01CC, 0x01CC, 0x01CC, 0x01CC, 0x01CC, 0x01CC, 0x01CC, 0x01CC, 0x01CC,
  0x01CC, 0x01CC, 0x01CC, 0x01CC, 0x01CC, 0x01CC, 0x01CC, 0x01CC, 0x01CC, 0x01CC, 0x01CC, 0x01CC,
  0x01CC, 0x01CC, 0x01CC, 0x01CC, 0x01CC, 0x01CC, 0x01CC, 0x01CC, 0x01CC, 0x01CC, 0x01CC, 0x01CC,
  0x01CC, 0x01CC, 0x01CC, 0x01CC, 0x01CC, 0x01CC, 0x01CC, 0x01CC, 0x01CC, 0x01CC, 0x01CC, 0x01CC,
  0x01CC, 0x01CC, 0x01CC, 0x01CC, 0x01CC, 0x01CC, 0x01CC, 0x01CC, 0x01CC, 0x01CC, 0x01CC, 0x01CC,
  0x01CC, 0x01CC, 0x01CC, 0x01CC, 0x01CC, 0x01CC, 0x01CC, 0x01CC, 0x01CC, 0x01CC, 0x01CC, 0x01CC,
  0x01CC, 0x01CC, 0x01CC, 0x01CC, 0x01CC, 0x01CC, 0x01CC, 0x01CC, 0x01CC, 0x01CC, 0x01CC, 0x01CC,
  0x01CC, 0x01CC, 0x01CC, 0x01CC, 0x01CC, 0x01CC, 0x01CC, 0x01CC, 0x01CC, 0x01CC, 0x01CC, 0x01CC,
  0x01CC, 0x01CC, 0x01CC, 0x01CC, 0x01CC, 0x01CC, 0x01CC, 0x01CC, 0x01CC, 0x01CC, 0x01CC, 0x01CC,
  0x01CC, 0x01CC, 0x01CC, 0x01CC, 0x01CC, 0x01CC, 0x01CC, 0x01CC, 0x01CC, 0x01CC, 0x01CC, 0x01CC,
  0x01CC, 0x01CC, 0x01CC, 0x01CC, 0x01CC, 0x01CC, 0x01CC, 0x01CC, 0x01CC, 0x01CC, 0x01CC, 0x01CC,
  0x01CC, 0x01CC, 0x01CC, 0x01CC, 0x01CC, 0x01CC, 0x01CC, 0x01CC, 0x01CC, 0x01CC, 0x01CC, 0x01CC,
  0x01CC, 0x01CC, 0x01CC, 0x01CC, 0x01CC, 0x01CC, 0x01CC, 0x01CC, 0x01CC, 0x01CC, 0x01CC, 0x01CC,
  0x01CC, 0x01CC, 0x01CC, 0x01CC, 0x01CC, 0x01CC, 0x01CC, 0x01CC, 0x01CC, 0x01CC, 0x01CC, 0x01CC,
  0x01CC, 0x01CC, 0x01CC, 0x01CC, 0x01CC, 0x01CC, 0x01CC, 0x01CC, 0x01CC, 0x01CC, 0x01CC, 0x01CC,
  0x01CC, 0x01CC, 0x01CC, 0x01CC, 0x01CC, 0x01CC, 0x01CC, 0x01CC, 0x01CC, 0x01CC, 0x01CC, 0x01CC,
  0x01CC, 0x01CC, 0x01CC, 0x01CC, 0x01CC, 0x01CC, 0x01CC, 0x01CC, 0x01CC, 0x01CC, 0x01CC, 0x01CC,
  0x01CC, 0x01CC, 0x01CC, 0x01CC, 0x01CC, 0x01CC, 0x01CC, 0x01CC, 0x01CC, 0x01CC, 0x01CC, 0x01CC,
  0x01CC, 0x01CC, 0x01CC, 0x01CC, 0x01CC, 0x01CC, 0x01CC, 0x01CC, 0x01CC, 0x01CC, 0x01CC, 0x01CC,
  0x01CC, 0x01CC, 0x01CC, 0x01CC, 0x01CC, 0x01CC, 0x01CC, 0x01CC, 0x01CC, 0x01CC, 0x01CC, 0x01CC,
  0x01CC, 0x01CC, 0x01CC, 0x01CC, 0x01CC, 0x01CC, 0x01CC, 0x01CC, 0x01CC, 0x01CC, 0x01CC, 0x01CC,
  0x01CC, 0x01CC, 0x01CC, 0x01CC, 0x01CC, 0x01CC, 0x01CC, 0x01CC, 0x01CC, 0x01CC, 0x01CC, 0x01CC,
  0x01CC, 0x01CC, 0x01CC, 0x01CC, 0x01CC, 0x01CC, 0x01CC, 0x01CC, 0x01CC, 0x01CC, 0x01CC, 0x01CC,
  0x01CC, 0x01CC, 0x01CC, 0x01CC, 0x01CC, 0x01CC, 0x01CC, 0x01CC, 0x01CC, 0x01CC, 0x01CC, 0x01CC,
  0x01CC, 0x01CC, 0x01CC, 0x01CC, 0x01CC, 0x01CC, 0x01CC, 0x01CC, 0x01CC, 0x01CC, 0x01CC, 0x01CC,
  0x01CC, 0x01CC, 0x01CC, 0x01CC, 0x01CC, 0x01CC, 0x01CC, 0x01CC, 0x01CC, 0x01CC, 0x01CC, 0x01CC,
  0x01CC, 0x01CC, 0x01CC, 0x01CC, 0x01CC, 0x01CC, 0x01CC, 0x01CC, 0x01CC, 0x01CC, 0x01CC, 0x01CC,
  0x01CC, 0x01CC, 0x01CC, 0x01CC, 0x01CC, 0x01CC, 0x01CC, 0x01CC, 0x01CC, 0x01CC, 0x01CC, 0x01CC,
  0x01CC, 0x01CC, 0x01CC, 0x01CC, 0x01CC, 0x01CC, 0x01CC, 0x01CC, 0x01CC, 0x01CC, 0x01CC, 0x01CC,
  0x01CC, 0x01CC, 0x01CC, 0x01CC, 0x01CC, 0x01CC, 0x01CC, 0x01CC, 0x01CC, 0x01CC, 0x01CC, 0x01CC,
  0x01CC, 0x01CC, 0x01CC, 0x01CC, 0x01CC, 0x01CC, 0x01CC, 0x01CC, 0x01CC, 0x01CC, 0x01CC, 0x01CC,
  0x01CC, 0x01CC, 0x01CC, 0x01CC, 0x01CC, 0x01CC, 0x01CC, 0x01CC, 0x01CC, 0x01CC, 0x01CC, 0x01CC,
  0x01CC, 0x01CC, 0x01CC, 0x01CC, 0x01CC, 0x01CC, 0x01CC, 0x01CC, 0x01CC, 0x01CC, 0x01CC, 0x01CC,
  0x01CC, 0x01CC, 0x01CC, 0x01CC, 0x01CC, 0x01CC, 0x01CC, 0x01CC, 0x01CC, 0x01CC, 0x01CC, 0x01CC,
  0x01CC, 0x01CC, 0x01CC, 0x01CC, 0x01CC, 0x01CC, 0x01CC, 0x01CC, 0x01CC, 0x01CC, 0x01CC, 0x01CC,
  0x01CC, 0x01CC, 0x01CC, 0x01CC, 0x01CC, 0x01CC, 0x01CC, 0x01CC, 0x01CC, 0x01CC, 0x01CC, 0x01CC,
  0x01CC, 0x01CC, 0x01CC, 0x01CC, 0x01CC, 0x01CC, 0x01CC, 0x01CC, 0x01CC, 0x01CC, 0x01CC, 0x01CC,
  0x01CC, 0x01CC, 0x01CC, 0x01CC, 0x01CC, 0x01CC, 0x01CC, 0x01CC, 0x01CC, 0x01CC, 0x01CC, 0x01CC,
  0x01CC, 0x01CC, 0x01CC, 0x01CC, 0x01CC, 0x01CC, 0x01CC, 0x01CC, 0x01CC, 0x01CC, 0x01CC, 0x01CC,
  0x01CC, 0x01CC, 0x01CC, 0x01CC, 0x01CC, 0x01CC, 0x01CC, 0x01CC, 0x01CC, 0x01CC, 0x01CC, 0x01CC,
  0x01CC, 0x01CC, 0x01CC, 0x01CC, 0x01CC, 0x01CC, 0x01CC, 0x01CC, 0x01CC, 0x01CC, 0x01CC, 0x01CC,
  0x01CC, 0x01CC, 0x01CC, 0x01CC, 0x01CC, 0x01CC, 0x01CC, 0x01CC, 0x01CC, 0x01CC, 0x01CC, 0x01CC,
  0x01CC, 0x01CC, 0x01CC, 0x01CC, 0x01CC, 0x01CC, 0x01CC, 0x01CC, 0x01CC, 0x01CC, 0x01CC, 0x01CC,
  0x01CC, 0x01CC, 0x01CC, 0x01CC, 0x01CC, 0x01CC, 0x01CC, 0x01CC, 0x01CC, 0x01CC, 0x01CC, 0x01CC,
  0x01CC, 0x01CC, 0x01CC, 0x01CC, 0x01CC, 0x01CC, 0x01CC, 0x01CC, 0x01CC, 0x01CC, 0x01CC, 0x01CC,
  0x01CC, 0x01CC, 0x01CC, 0x01CC, 0x01CC, 0x01CC, 0x01CC, 0x01CC, 0x01CC, 0x01CC, 0x01CC, 0x01CC,
  0x01CC, 0x01CC, 0x01CC, 0x01CC, 0x01CC, 0x01CC, 0x01CC, 0x01CC, 0x01CC, 0x01CC, 0x01CC, 0x01CC,
  0x01CC, 0x01CC, 0x01CC, 0x01CC, 0x01CC, 0x01CC, 0x01CC, 0x01CC, 0x01CC, 0x01CC, 0x01CC, 0x01CC,
  0x01CC, 0x01CC, 0x01CC, 0x01CC, 0x01CC, 0x01CC, 0x01CC, 0x01CC, 0x01CC, 0x01CC, 0x01CC, 0x01CC,
  0x01CC, 0x01CC, 0x01CC, 0x01CC, 0x01CC, 0x01CC, 0x01CC, 0x01CC, 0x01CC, 0x01CC, 0x01CC, 0x01CC,
  0x01CC, 0x01CC, 0x01CC, 0x01CC, 0x01CC, 0x01CC, 0x01CC, 0x01CC, 0x01CC, 0x01CC, 0x01CC, 0x01CC,
  0x01CC, 0x01CC, 0x01CC, 0x01CC, 0x01CC, 0x01CC, 0x01CC, 0x01CC, 0x01CC, 0x01CC, 0x01CC, 0x01CC,
  0x01CC, 0x01CC, 0x01CC, 0x01CC, 0x01CC, 0x01CC, 0x01CC, 0x01CC, 0x01CC, 0x01CC, 0x01CC, 0x01CC,
  0x01CC, 0x01CC, 0x01CC, 0x01CC, 0x01CC, 0x01CC, 0x01CC, 0x01CC, 0x01CC, 0x01CC, 0x01CC, 0x01CC,
  0x01CC, 0x01CC, 0x01CC, 0x01CC, 0x01CC, 0x01CC, 0x01CC, 0x01CC, 0x01CC, 0x01CC, 0x01CC, 0x01CC,
  0x01CC, 0x01CC, 0x01CC, 0x01CC, 0x01CC, 0x01CC, 0x01CC, 0x01CC, 0x01CC, 0x01CC, 0x01CC, 0x01CC,
  0x01CC, 0x01CC, 0x01CC, 0x01CC, 0x01CC, 0x01CC, 0x01CC, 0x01CC, 0x01CC, 0x01CC, 0x01CC, 0x01CC,
  0x01CC, 0x01CC, 0x01CC, 0x01CC, 0x01CC, 0x01CC, 0x01CC, 0x01CC, 0x01CC, 0x01CC, 0x01CC, 0x01CC,
  0x01CC, 0x01CC, 0x01CC, 0x01CC, 0x01CC, 0x01CC, 0x01CC, 0x01CC, 0x01CC, 0x01CC, 0x01CC, 0x01CC,
  0x01CC, 0x01CC, 0x01CC, 0x01CC, 0x01CC, 0x01CC, 0x01CC, 0x01CC, 0x01CC, 0x01CC, 0x01CC, 0x01CC,
  0x01CC, 0x01CC, 0x01CC, 0x01CC, 0x01CC, 0x01CC, 0x01CC, 0x01CC, 0x01CC, 0x01CC, 0x01CC, 0x01CC,
  0x01CC, 0x01CC, 0x01CC, 0x01CC, 0x01CC, 0x01CC, 0x01CC, 0x01CC, 0x01CC, 0x01CC, 0x01CC, 0x01CC,
  0x01CC, 0x01CC, 0x01CC, 0x01CC, 0x01CC, 0x01CC, 0x01CC, 0x01CC, 0x01CC, 0x01CC, 0x01CC, 0x01CC,
  0x01CC, 0x01CC, 0x01CC, 0x01CC, 0x01CC, 0x01CC, 0x01CC, 0x01CC, 0x01CC, 0x01CC, 0x01CC, 0x01CC,
  0x01CC, 0x01CC, 0x01CC, 0x01CC, 0x01CC, 0x01CC, 0x01CC, 0x01CC, 0x01CC, 0x01CC, 0x01CC, 0x01CC,
  0x01CC, 0x01CC, 0x01CC, 0x01CC, 0x01CC, 0x01CC, 0x01CC, 0x01CC, 0x01CC, 0x01CC, 0x01CC, 0x01CC,
  0x01CC, 0x01CC, 0x01CC, 0x01CC, 0x01CC, 0x01CC, 0x01CC, 0x01CC, 0x01CC, 0x01CC, 0x01CC, 0x01CC,
  0x01CC, 0x01CC, 0x01CC, 0x01CC, 0x01CC, 0x01CC, 0x01CC, 0x01CC, 0x01CC, 0x01CC, 0x01CC, 0x01CC,
  0x01CC, 0x01CC, 0x01CC, 0x01CC, 0x01CC, 0x01CC, 0x01CC, 0x01CC, 0x01CC, 0x01CC, 0x01CC, 0x01CC,
  0x01CC, 0x01CC, 0x01CC, 0x01CC, 0x01CC, 0x01CC, 0x01CC, 0x01CC, 0x01CC, 0x01CC, 0x01CC, 0x01CC,
  0x01CC, 0x01CC, 0x01CC, 0x01CC, 0x01CC, 0x01CC, 0x01CC, 0x01CC, 0x01CC, 0x01CC, 0x01CC, 0x01CC,
  0x01CC, 0x01CC, 0x01CC, 0x01CC, 0x01CC, 0x01CC, 0x01CC, 0x01CC, 0x01CC, 0x01CC, 0x01CC, 0x01CC,
  0x01CC, 0x01CC, 0x01CC, 0x01CC, 0x01CC, 0x01CC, 0x01CC, 0x01CC, 0x01CC, 0x01CC, 0x01CC, 0x01CC,
  0x01CC, 0x01CC, 0x01CC, 0x01CC, 0x01CC, 0x01CC, 0x01CC, 0x01CC, 0x01CC, 0x01CC, 0x01CC, 0x01CC,
  0x01CC, 0x01CC, 0x01CC, 0x01CC, 0x01CC, 0x01CC, 0x01CC, 0x01CC, 0x01CC, 0x01CC, 0x01CC, 0x01CC,
  0x01CC, 0x01CC, 0x01CC, 0x01CC, 0x01CC, 0x01CC, 0x01CC, 0x01CC, 0x01CC, 0x01CC, 0x01CC, 0x01CC,
  0x01CC, 0x01CC, 0x01CC, 0x01CC, 0x01CC, 0x01CC, 0x01CC, 0x01CC, 0x01CC, 0x01CC, 0x01CC, 0x01CC,
  0x01CC, 0x01CC, 0x01CC, 0x01CC, 0x01CC, 0x01CC, 0x01CC, 0x01CC, 0x01CC, 0x01CC, 0x01CC, 0x01CC,
  0x01CC, 0x01CC, 0x01CC, 0x01CC, 0x01CC, 0x01CC, 0x01CC, 0x01CC, 0x01CC, 0x01CC, 0x01CC, 0x01CC,
  0x01CC, 0x01CC, 0x01CC, 0x01CC, 0x01CC, 0x01CC, 0x01CC, 0x01CC, 0x01CC, 0x01CC, 0x01CC, 0x01CC,
  0x01CC, 0x01CC, 0x01CC, 0x01CC, 0x01CC, 0x01CC, 0x01CC, 0x01CC, 0x01CC, 0x01CC, 0x01CC, 0x01CC,
  0x01CC, 0x01CC, 0x01CC, 0x01CC, 0x01CC, 0x01CC, 0x01CC, 0x01CC, 0x01CC, 0x01CC, 0x01CC, 0x01CC,
  0x01CC, 0x01CC, 0x01CC, 0x01CC, 0x01CC, 0x01CC, 0x01CC, 0x01CC, 0x01CC, 0x01CC, 0x01CC, 0x01CC,
  0x01CC, 0x01CC, 0x01CC, 0x01CC, 0x01CC, 0x01CC, 0x01CC, 0x01CC, 0x01CC, 0x01CC, 0x01CC, 0x01CC,
  0x01CC, 0x01CC, 0x01CC, 0x01CC, 0x01CC, 0x01CC, 0x01CC, 0x01CC, 0x01CC, 0x01CC, 0x01CC, 0x01CC,
  0x01CC, 0x01CC, 0x01CC, 0x01CC, 0x01CC, 0x01CC, 0x01CC, 0x01CC, 0x01CC, 0x01CC, 0x01CC, 0x01CC,
  0x01CC, 0x01CC, 0x01CC, 0x01CC, 0x01CC, 0x01CC, 0x01CC, 0x01CC, 0x01CC, 0x01CC, 0x01CC, 0x01CC,
  0x01CC, 0x01CC, 0x01CC, 0x01CC, 0x01CC, 0x01CC, 0x01CC, 0x01CC, 0x01CC, 0x01CC, 0x01CC, 0x01CC,
  0x01CC, 0x01CC, 0x01CC, 0x01CC, 0x01CC, 0x01CC, 0x01CC, 0x01CC, 0x01CC, 0x01CC, 0x01CC, 0x01CC,
  0x01CC, 0x01CC, 0x01CC, 0x01CC, 0x01CC, 0x01CC, 0x01CC, 0x01CC, 0x01CC, 0x01CC, 0x01CC, 0x01CC,
  0x01CC, 0x01CC, 0x01CC, 0x01CC, 0x01CC, 0x01CC, 0x01CC, 0x01CC, 0x01CC, 0x01CC, 0x01CC, 0x01CC,
  0x01CC, 0x01CC, 0x01CC, 0x01CC, 0x01CC, 0x01CC, 0x01CC, 0x01CC, 0x01CC, 0x01CC, 0x01CC, 0x01CC,
  0x01CC, 0x01CC, 0x01CC, 0x01CC, 0x01CC, 0x01CC, 0x01CC, 0x01CC, 0x01CC, 0x01CC, 0x01CC, 0x01CC,
  0x01CC, 0x01CC, 0x01CC, 0x01CC, 0x01CC, 0x01CC, 0x01CC, 0x01CC, 0x01CC, 0x01CC, 0x01CC, 0x01CC,
  0x01CC, 0x01CC, 0x01CC, 0x01CC, 0x01CC, 0x01CC, 0x01CC, 0x01CC, 0x01CC, 0x01CC, 0x01CC, 0x01CC,
  0x01CC, 0x01CC, 0x01CC, 0x01CC, 0x01CC, 0x01CC, 0x01CC, 0x01CC, 0x01CC, 0x01CC, 0x01CC, 0x01CC,
  0x01CC, 0x01CC, 0x01CC, 0x01CC, 0x01CC, 0x01CC, 0x01CC, 0x01CC, 0x01CC, 0x01CC, 0x01CC, 0x01CC,
  0x01CC, 0x01CC, 0x01CC, 0x01CC, 0x01CC, 0x01CC, 0x01CC, 0x01CC, 0x01CC, 0x01CC, 0x01CC, 0x01CC,
  0x01CC, 0x01CC, 0x01CC, 0x01CC, 0x01CC, 0x01CC, 0x01CC, 0x01CC, 0x01CC, 0x01CC, 0x01CC, 0x01CC,
  0x01CC, 0x01CC, 0x01CC, 0x01CC, 0x01CC, 0x01CC, 0x01CC, 0x01CC, 0x01CC, 0x01CC, 0x01CC, 0x01CC,
  0x01CC, 0x01CC, 0x01CC, 0x01CC, 0x01CC, 0x01CC, 0x01CC, 0x01CC, 0x01CC, 0x01CC, 0x01CC, 0x01CC,
  0x01CC, 0x01CC, 0x01CC, 0x01CC, 0x01CC, 0x01CC, 0x01CC, 0x01CC, 0x01CC, 0x01CC, 0x01CC, 0x01CC,
  0x01CC, 0x01CC, 0x01CC, 0x01CC, 0x01CC, 0x01CC, 0x01CC, 0x01CC, 0x01CC, 0x01CC, 0x01CC, 0x01CC,
  0x01CC, 0x01CC, 0x01CC, 0x01CC, 0x01CC, 0x01CC, 0x01CC, 0x01CC, 0x01CC, 0x01CC, 0x01CC, 0x01CC,
  0x01CC, 0x01CC, 0x01CC, 0x01CC, 0x01CC, 0x01CC, 0x01CC, 0x01CC, 0x01CC, 0x01CC, 0x01CC, 0x01CC,
  0x01CC, 0x01CC, 0x01CC, 0x01CC, 0x01CC, 0x01CC, 0x01CC, 0x01CC, 0x01CC, 0x01CC, 0x01CC, 0x01CC,
  0x01CC, 0x01CC, 0x01CC, 0x01CC, 0x01CC, 0x01CC, 0x01CC, 0x01CC, 0x01CC, 0x01CC, 0x01CC, 0x01CC,
  0x01CC, 0x01CC, 0x01CC, 0x01CC, 0x01CC, 0x01CC, 0x01CC, 0x01CC, 0x01CC, 0x01CC, 0x01CC, 0x01CC,
  0x01CC, 0x01CC, 0x01CC, 0x01CC, 0x01CC, 0x01CC, 0x01CC, 0x01CC, 0x01CC, 0x01CC, 0x01CC, 0x01CC,
  0x01CC, 0x01CC, 0x01CC, 0x01CC, 0x01CC, 0x01CC, 0x01CC, 0x01CC, 0x01CC, 0x01CC, 0x01CC, 0x01CC,
  0x01CC, 0x01CC, 0x01CC, 0x01CC, 0x01CC, 0x01CC, 0x01CC, 0x01CC, 0x01CC, 0x01CC, 0x01CC, 0x01CC,
  0x01CC, 0x01CC, 0x01CC, 0x01CC, 0x01CC, 0x01CC, 0x01CC, 0x01CC, 0x01CC, 0x01CC, 0x01CC, 0x01CC,
  0x01CC, 0x01CC, 0x01CC, 0x01CC, 0x01CC, 0x01CC, 0x01CC, 0x01CC, 0x01CC, 0x01CC, 0x01CC, 0x01CC,
  0x01CC, 0x01CC, 0x01CC, 0x01CC, 0x01CC, 0x01CC, 0x01CC, 0x01CC, 0x01CC, 0x01CC, 0x01CC, 0x01CC,
  0x01CC, 0x01CC, 0x01CC, 0x01CC, 0x01CC, 0x01CC, 0x01CC, 0x01CC, 0x01CC, 0x01CC, 0x01CC, 0x01CC,
  0x01CC, 0x01CC, 0x01CC, 0x01CC, 0x01CC, 0x01CC, 0x01CC, 0x01CC, 0x01CC, 0x01CC, 0x01CC, 0x01CC,
  0x01CC, 0x01CC, 0x01CC, 0x01CC, 0x01CC, 0x01CC, 0x01CC, 0x01CC, 0x01CC, 0x01CC, 0x01CC, 0x01CC,
  0x01CC, 0x01CC, 0x01CC, 0x01CC, 0x01CC, 0x01CC, 0x01CC, 0x01CC, 0x01CC, 0x01CC, 0x01CC, 0x01CC,
  0x01CC, 0x01CC, 0x01CC, 0x01CC, 0x01CC, 0x01CC, 0x01CC, 0x01CC, 0x01CC, 0x01CC, 0x01CC, 0x01CC,
  0x01CC, 0x01CC, 0x01CC, 0x01CC, 0x01CC, 0x01CC, 0x01CC, 0x01CC, 0x01CC, 0x01CC, 0x01CC, 0x01CC,
  0x01CC, 0x01CC, 0x01CC, 0x01CC, 0x01CC, 0x01CC, 0x01CC, 0x01CC, 0x01CC, 0x01CC, 0x01CC, 0x01CC,
  0x01CC, 0x01CC, 0x01CC, 0x01CC, 0x01CC, 0x01CC, 0x01CC, 0x01CC, 0x01CC, 0x01CC, 0x01CC, 0x01CC,
  0x01CC, 0x01CC, 0x01CC, 0x01CC, 0x01CC, 0x01CC, 0x01CC, 0x01CC, 0x01CC, 0x01CC, 0x01CC, 0x01CC,
  0x01CC, 0x01CC, 0x01CC, 0x01CC, 0x01CC, 0x01CC, 0x01CC, 0x01CC, 0x01CC, 0x01CC, 0x01CC, 0x01CC,
  0x01CC, 0x01CC, 0x01CC, 0x01CC, 0x01CC, 0x01CC, 0x01CC, 0x01CC, 0x01CC, 0x01CC, 0x01CC, 0x01CC,
  0x01CC, 0x01CC, 0x01CC, 0x01CC, 0x01CC, 0x01CC, 0x01CC, 0x01CC, 0x01CC, 0x01CC, 0x01CC, 0x01CC,
  0x01CC, 0x01CC, 0x01CC, 0x01CC, 0x01CC, 0x01CC, 0x01CC, 0x01CC, 0x01CC, 0x01CC, 0x01CC, 0x01CC,
  0x01CC, 0x01CC, 0x01CC, 0x01CC, 0x01CC, 0x01CC, 0x01CC, 0x01CC, 0x01CC, 0x01CC, 0x01CC, 0x01CC,
  0x01CC, 0x01CC, 0x01CC, 0x01CC, 0x01CC, 0x01CC, 0x01CC, 0x01CC, 0x01CC, 0x01CC, 0x01CC, 0x01CC,
  0x01CC, 0x01CC, 0x01CC, 0x01CC, 0x01CC, 0x01CC, 0x01CC, 0x01CC, 0x01CC, 0x01CC, 0x01CC, 0x01CC,
  0x01CC, 0x01CC, 0x01CC, 0x01CC, 0x01CC, 0x01CC, 0x01CC, 0x01CC, 0x01CC, 0x01CC, 0x01CC, 0x01CC,
  0x01CC, 0x01CC, 0x01CC, 0x01CC, 0x01CC, 0x01CC, 0x01CC, 0x01CC, 0x01CC, 0x01CC, 0x01CC, 0x01CC,
  0x01CC, 0x01CC, 0x01CC, 0x01CC, 0x01CC, 0x01CC, 0x01CC, 0x01CC, 0x01CC, 0x01CC, 0x01CC, 0x01CC,
  0x01CC, 0x01CC, 0x01CC, 0x01CC, 0x01CC, 0x01CC, 0x01CC, 0x01CC, 0x01CC, 0x01CC, 0x01CC, 0x01CC,
  0x01CC, 0x01CC, 0x01CC, 0x01CC, 0x01CC, 0x01CC, 0x01CC, 0x01CC, 0x01CC, 0x01CC, 0x01CC, 0x01CC,
  0x01CC, 0x01CC, 0x01CC, 0x01CC, 0x01CC, 0x01CC, 0x01CC, 0x01CC, 0x01CC, 0x01CC, 0x01CC, 0x01CC,
  0x01CC, 0x01CC, 0x01CC, 0x01CC, 0x01CC, 0x01CC, 0x01CC, 0x01CC, 0x01CC, 0x01CC, 0x01CC, 0x01CC,
  0x01CC, 0x01CC, 0x01CC, 0x01CC, 0x01CC, 0x01CC, 0x01CC, 0x01CC, 0x01CC, 0x01CC, 0x01CC, 0x01CC,
  0x01CC, 0x01CC, 0x01CC, 0x01CC, 0x01CC, 0x01CC, 0x01CC, 0x01CC, 0x01CC, 0x01CC, 0x01CC, 0x01CC,
  0x01CC, 0x01CC, 0x01CC, 0x01CC, 0x01CC, 0x01CC, 0x01CC, 0x01CC, 0x01CC, 0x01CC, 0x01CC, 0x01CC,
  0x01CC, 0x01CC, 0x01CC, 0x01CC, 0x01CC, 0x01CC, 0x01CC, 0x01CC, 0x01CC, 0x01CC, 0x01CC, 0x01CC,
  0x01CC, 0x01CC, 0x01CC, 0x01CC, 0x01CC, 0x01CC, 0x01CC, 0x01CC, 0x01CC, 0x01CC, 0x01CC, 0x01CC,
  0x01CC, 0x01CC, 0x01CC, 0x01CC, 0x01CC, 0x01CC, 0x01CC, 0x01CC, 0x01CC, 0x01CC, 0x01CC, 0x01CC,
  0x01CC, 0x01CC, 0x01CC, 0x01CC, 0x01CC, 0x01CC, 0x01CC, 0x01CC, 0x01CC, 0x01CC, 0x01CC, 0x01CC,
  0x01CC, 0x01CC, 0x01CC, 0x01CC, 0x01CC, 0x01CC, 0x01CC, 0x01CC, 0x01CC, 0x01CC, 0x01CC, 0x01CC,
  0x01CC, 0x01CC, 0x01CC, 0x01CC, 0x01CC, 0x01CC, 0x01CC, 0x01CC, 0x01CC, 0x01CC, 0x01CC, 0x01CC,
  0x01CC, 0x01CC, 0x01CC, 0x01CC, 0x01CC, 0x01CC, 0x01CC, 0x01CC, 0x01CC, 0x01CC, 0x01CC, 0x01CC,
  0x01CC, 0x01CC, 0x01CC, 0x01CC, 0x01CC, 0x01CC, 0x01CC, 0x01CC, 0x01CC, 0x01CC, 0x01CC, 0x01CC,
  0x01CC, 0x01CC, 0x01CC, 0x01CC, 0x01CC, 0x01CC, 0x01CC, 0x01CC, 0x01CC, 0x01CC, 0x01CC, 0x01CC,
  0x01CC, 0x01CC, 0x01CC, 0x01CC, 0x01CC, 0x01CC, 0x01CC, 0x01CC, 0x01CC, 0x01CC, 0x01CC, 0x01CC,
  0x01CC, 0x01CC, 0x01CC, 0x01CC, 0x01CC, 0x01CC, 0x01CC, 0x01CC, 0x01CC, 0x01CC, 0x01CC, 0x01CC,
  0x01CC, 0x01CC, 0x01CC, 0x01CC, 0x01CC, 0x01CC, 0x01CC, 0x01CC, 0x01CC, 0x01CC, 0x01CC, 0x01CC,
  0x01CC, 0x01CC, 0x01CC, 0x01CC, 0x01CC, 0x01CC, 0x01CC, 0x01CC, 0x01CC, 0x01CC, 0x01CC, 0x01CC,
  0x01CC, 0x01CC, 0x01CC, 0x01CC, 0x01CC, 0x01CC, 0x01CC, 0x01CC, 0x01CC, 0x01CC, 0x01CC, 0x01CC,
  0x01CC, 0x01CC, 0x01CC, 0x01CC, 0x01CC, 0x01CC, 0x01CC, 0x01CC, 0x01CC, 0x01CC, 0x01CC, 0x01CC,
  0x01CC, 0x01CC, 0x01CC, 0x01CC, 0x01CC, 0x01CC, 0x01CC, 0x01CC, 0x01CC, 0x01CC, 0x01CC, 0x01CC,
  0x01CC, 0x01CC, 0x01CC, 0x01CC, 0x01CC, 0x01CC, 0x01CC, 0x01CC, 0x01CC, 0x01CC, 0x01CC, 0x01CC,
  0x01CC, 0x01CC, 0x01CC, 0x01CC, 0x01CC, 0x01CC, 0x01CC, 0x01CC, 0x01CC, 0x01CC, 0x01CC, 0x01CC,
  0x01CC, 0x01CC, 0x01CC, 0x01CC, 0x01CC, 0x01CC, 0x01CC, 0x01CC, 0x01CC, 0x01CC, 0x01CC, 0x01CC,
  0x01CC, 0x01CC, 0x01CC, 0x01CC, 0x01CC, 0x01CC, 0x01CC, 0x01CC, 0x01CC, 0x01CC, 0x01CC, 0x01CC,
  0x01CC, 0x01CC, 0x01CC, 0x01CC, 0x01CC, 0x01CC, 0x01CC, 0x01CC, 0x01CC, 0x01CC, 0x01CC, 0x01CC,
  0x01CC, 0x01CC, 0x01CC, 0x01CC, 0x01CC, 0x01CC, 0x01CC, 0x01CC, 0x01CC, 0x01CC, 0x01CC, 0x01CC,
  0x01CC, 0x01CC, 0x01CC, 0x01CC, 0x01CC, 0x01CC, 0x01CC, 0x01CC, 0x01CC, 0x01CC, 0x01CC, 0x01CC,
  0x01CC, 0x01CC, 0x01CC, 0x01CC, 0x01CC, 0x01CC, 0x01CC, 0x01CC, 0x01CC, 0x01CC, 0x01CC, 0x01CC,
  0x01CC, 0x01CC, 0x01CC, 0x01CC, 0x01CC, 0x01CC, 0x01CC, 0x01CC, 0x01CC, 0x01CC, 0x01CC, 0x01CC,
  0x01CC, 0x01CC, 0x01CC, 0x01CC, 0x01CC, 0x01CC, 0x01CC, 0x01CC, 0x01CC, 0x01CC, 0x01CC, 0x01CC,
  0x01CC, 0x01CC, 0x01CC, 0x01CC, 0x01CC, 0x01CC, 0x01CC, 0x01CC, 0x01CC, 0x01CC, 0x01CC, 0x01CC,
  0x01CC, 0x01CC, 0x01CC, 0x01CC, 0x01CC, 0x01CC, 0x01CC, 0x01CC, 0x01CC, 0x01CC, 0x01CC, 0x01CC,
  0x01CC, 0x01CC, 0x01CC, 0x01CC, 0x01CC, 0x01CC, 0x01CC, 0x01CC, 0x01CC, 0x01CC, 0x01CC, 0x01CC,
  0x01CC, 0x01CC, 0x01CC, 0x01CC, 0x01CC, 0x01CC, 0x01CC, 0x01CC, 0x01CC, 0x01CC, 0x01CC, 0x01CC,
  0x01CC, 0x01CC, 0x01CC, 0x01CC, 0x01CC, 0x01CC, 0x01CC, 0x01CC, 0x01CC, 0x01CC, 0x01CC, 0x01CC,
  0x01CC, 0x01CC, 0x01CC, 0x01CC, 0x01CC, 0x01CC, 0x01CC, 0x01CC, 0x01CC, 0x01CC, 0x01CC, 0x01CC,
  0x01CC, 0x01CC, 0x01CC, 0x01CC, 0x01CC, 0x01CC, 0x01CC, 0x01CC, 0x01CC, 0x01CC, 0x01CC, 0x01CC,
  0x01CC, 0x01CC, 0x01CC, 0x01CC, 0x01CC, 0x01CC, 0x01CC, 0x01CC, 0x01CC, 0x01CC, 0x01CC, 0x01CC,
  0x01CC, 0x01CC, 0x01CC, 0x01CC, 0x01CC, 0x01CC, 0x01CC, 0x01CC, 0x01CC, 0x01CC, 0x01CC, 0x01CC,
  0x01CC, 0x01CC, 0x01CC, 0x01CC, 0x01CC, 0x01CC, 0x01CC, 0x01CC, 0x01CC, 0x01CC, 0x01CC, 0x01CC,
  0x01CC, 0x01CC, 0x01CC, 0x01CC, 0x01CC, 0x01CC, 0x01CC, 0x01CC, 0x01CC, 0x01CC, 0x01CC, 0x01CC,
  0x01CC, 0x01CC, 0x01CC, 0x01CC, 0x01CC, 0x01CC, 0x01CC, 0x01CC, 0x01CC, 0x01CC, 0x01CC, 0x01CC,
  0x01CC, 0x01CC, 0x01CC, 0x01CC, 0x01CC, 0x01CC, 0x01CC, 0x01CC, 0x01CC, 0x01CC, 0x01CC, 0x01CC,
  0x01CC, 0x01CC, 0x01CC, 0x01CC, 0x01CC, 0x01CC, 0x01CC, 0x01CC, 0x01CC, 0x01CC, 0x01CC, 0x01CC,
  0x01CC, 0x01CC, 0x01CC, 0x01CC, 0x01CC, 0x01CC, 0x01CC, 0x01CC, 0x01CC, 0x01CC, 0x01CC, 0x01CC,
  0x01CC, 0x01CC, 0x01CC, 0x01CC, 0x01CC, 0x01CC, 0x01CC, 0x01CC, 0x01CC, 0x01CC, 0x01CC, 0x01CC,
  0x01CC, 0x01CC, 0x01CC, 0x01CC, 0x01CC, 0x01CC, 0x01CC, 0x01CC, 0x01CC, 0x01CC, 0x01CC, 0x01CC,
  0x01CC, 0x01CC, 0x01CC, 0x01CC, 0x01CC, 0x01CC, 0x01CC, 0x01CC, 0x01CC, 0x01CC, 0x01CC, 0x01CC,
  0x01CC, 0x01CC, 0x01CC, 0x01CC, 0x01CC, 0x01CC, 0x01CC, 0x01CC, 0x01CC, 0x01CC, 0x01CC, 0x01CC,
  0x01CC, 0x01CC, 0x01CC, 0x01CC, 0x01CC, 0x01CC, 0x01CC, 0x01CC, 0x01CC, 0x01CC, 0x01CC, 0x01CC,
  0x01CC, 0x01CC, 0x01CC, 0x01CC, 0x01CC, 0x01CC, 0x01CC, 0x01CC, 0x01CC, 0x01CC, 0x01CC, 0x01CC,
  0x01CC, 0x01CC, 0x01CC, 0x01CC, 0x01CC, 0x01CC, 0x01CC, 0x01CC, 0x01CC, 0x01CC, 0x01CC, 0x01CC,
  0x01CC, 0x01CC, 0x01CC, 0x01CC, 0x01CC, 0x01CC, 0x01CC, 0x01CC, 0x01CC, 0x01CC, 0x01CC, 0x01CC,
  0x01CC, 0x01CC, 0x01CC, 0x01CC, 0x01CC, 0x01CC, 0x01CC, 0x01CC, 0x01CC, 0x01CC, 0x01CC, 0x01CC,
  0x01CC, 0x01CC, 0x01CC, 0x01CC, 0x01CC, 0x01CC, 0x01CC, 0x01CC, 0x01CC, 0x01CC, 0x01CC, 0x01CC,
  0x01CC, 0x01CC, 0x01CC, 0x01CC, 0x01CC, 0x01CC, 0x01CC, 0x01CC, 0x01CC, 0x01CC, 0x01CC, 0x01CC,
  0x01CC, 0x01CC, 0x01CC, 0x01CC, 0x01CC, 0x01CC, 0x01CC, 0x01CC, 0x01CC, 0x01CC, 0x01CC, 0x01CC,
  0x01CC, 0x01CC, 0x01CC, 0x01CC, 0x01CC, 0x01CC, 0x01CC, 0x01CC, 0x01CC, 0x01CC, 0x01CC, 0x01CC,
  0x01CC, 0x01CC, 0x01CC, 0x01CC, 0x01CC, 0x01CC, 0x01CC, 0x01CC, 0x01CC, 0x01CC, 0x01CC, 0x01CC,
  0x01CC, 0x01CC, 0x01CC, 0x01CC, 0x01CC, 0x01CC, 0x01CC, 0x01CC, 0x01CC, 0x01CC, 0x01CC, 0x01CC,
  0x01CC, 0x01CC, 0x01CC, 0x01CC, 0x01CC, 0x01CC, 0x01CC, 0x01CC, 0x01CC, 0x01CC, 0x01CC, 0x01CC,
  0x01CC, 0x01CC, 0x01CC, 0x01CC, 0x01CC, 0x01CC, 0x01CC, 0x01CC, 0x01CC, 0x01CC, 0x01CC, 0x01CC,
  0x01CC, 0x01CC, 0x01CC, 0x01CC, 0x01CC, 0x01CC, 0x01CC, 0x01CC, 0x01CC, 0x01CC, 0x01CC, 0x01CC,
  0x01CC, 0x01CC, 0x01CC, 0x01CC, 0x01CC, 0x01CC, 0x01CC, 0x01CC, 0x01CC, 0x01CC, 0x01CC, 0x01CC,
  0x01CC, 0x01CC, 0x01CC, 0x01CC, 0x01CC, 0x01CC, 0x01CC, 0x01CC, 0x01CC, 0x01CC, 0x01CC, 0x01CC,
  0x01CC, 0x01CC, 0x01CC, 0x01CC, 0x01CC, 0x01CC, 0x01CC, 0x01CC, 0x01CC, 0x01CC, 0x01CC, 0x01CC,
  0x01CC, 0x01CC, 0x01CC, 0x01CC, 0x01CC, 0x01CC, 0x01CC, 0x01CC, 0x01CC, 0x01CC, 0x01CC, 0x01CC,
  0x01CC, 0x01CC, 0x01CC, 0x01CC, 0x01CC, 0x01CC, 0x01CC, 0x01CC, 0x01CC, 0x01CC, 0x01CC, 0x01CC,
  0x01CC, 0x01CC, 0x01CC, 0x01CC, 0x01CC, 0x01CC, 0x01CC, 0x01CC, 0x01CC, 0x01CC, 0x01CC, 0x01CC,
  0x01CC, 0x01CC, 0x01CC, 0x01CC, 0x01CC, 0x01CC, 0x01CC, 0x01CC, 0x01CC, 0x01CC, 0x01CC, 0x01CC,
  0x01CC, 0x01CC, 0x01CC, 0x01CC, 0x01CC, 0x01CC, 0x01CC, 0x01CC, 0x01CC, 0x01CC, 0x01CC, 0x01CC,
  0x01CC, 0x01CC, 0x01CC, 0x01CC, 0x01CC, 0x01CC, 0x01CC, 0x01CC, 0x01CC, 0x01CC, 0x01CC, 0x01CC,
  0x01CC, 0x01CC, 0x01CC, 0x01CC, 0x01CC, 0x01CC, 0x01CC, 0x01CC, 0x01CC, 0x01CC, 0x01CC, 0x01CC,
  0x01CC, 0x01CC, 0x01CC, 0x01CC, 0x01CC, 0x01CC, 0x01CC, 0x01CC, 0x01CC, 0x01CC, 0x01CC, 0x01CC,
  0x01CC, 0x01CC, 0x01CC, 0x01CC, 0x01CC, 0x01CC, 0x01CC, 0x01CC, 0x01CC, 0x01CC, 0x01CC, 0x01CC,
  0x01CC, 0x01CC, 0x01CC, 0x01CC, 0x01CC, 0x01CC, 0x01CC, 0x01CC, 0x01CC, 0x01CC, 0x01CC, 0x01CC,
  0x01CC, 0x01CC, 0x01CC, 0x01CC, 0x01CC, 0x01CC, 0x01CC, 0x01CC, 0x01CC, 0x01CC, 0x01CC, 0x01CC,
  0x01CC, 0x01CC, 0x01CC, 0x01CC, 0x01CC, 0x01CC, 0x01CC, 0x01CC, 0x01CC, 0x01CC, 0x01CC, 0x01CC,
  0x01CC, 0x01CC, 0x01CC, 0x01CC, 0x01CC, 0x01CC, 0x01CC, 0x01CC, 0x01CC, 0x01CC, 0x01CC, 0x01CC,
  0x01CC, 0x01CC, 0x01CC, 0x01CC, 0x01CC, 0x01CC, 0x01CC, 0x01CC, 0x01CC, 0x01CC, 0x01CC, 0x01CC,
  0x01CC, 0x01CC, 0x01CC, 0x01CC, 0x01CC, 0x01CC, 0x01CC, 0x01CC, 0x01CC, 0x01CC, 0x01CC, 0x01CC,
  0x01CC, 0x01CC, 0x01CC, 0x01CC, 0x01CC, 0x01CC, 0x01CC, 0x01CC, 0x01CC, 0x01CC, 0x01CC, 0x01CC,
  0x01CC, 0x01CC, 0x01CC, 0x01CC, 0x01CC, 0x01CC, 0x01CC, 0x01CC, 0x01CC, 0x01CC, 0x01CC, 0x01CC,
  0x01CC, 0x01CC, 0x01CC, 0x01CC, 0x01CC, 0x01CC, 0x01CC, 0x01CC, 0x01CC, 0x01CC, 0x01CC, 0x01CC,
  0x01CC, 0x01CC, 0x01CC, 0x01CC, 0x01CC, 0x01CC, 0x01CC, 0x01CC, 0x01CC, 0x01CC, 0x01CC, 0x01CC,
  0x01CC, 0x01CC, 0x01CC, 0x01CC, 0x01CC, 0x01CC, 0x01CC, 0x01CC, 0x01CC, 0x01CC, 0x01CC, 0x01CC,
  0x01CC, 0x01CC, 0x01CC, 0x01CC, 0x01CC, 0x01CC, 0x01CC, 0x01CC, 0x01CC, 0x01CC, 0x01CC, 0x01CC,
  0x01CC, 0x01CC, 0x01CC, 0x01CC, 0x01CC, 0x01CC, 0x01CC, 0x01CC, 0x01CC, 0x01CC, 0x01CC, 0x01CC,
  0x01CC, 0x01CC, 0x01CC, 0x01CC, 0x01CC, 0x01CC, 0x01CC, 0x01CC, 0x01CC, 0x01CC, 0x01CC, 0x01CC,
  0x01CC, 0x01CC, 0x01CC, 0x01CC, 0x01CC, 0x01CC, 0x01CC, 0x01CC, 0x01CC, 0x01CC, 0x01CC, 0x01CC,
  0x01CC, 0x01CC, 0x01CC, 0x01CC, 0x01CC, 0x01CC, 0x01CC, 0x01CC, 0x01CC, 0x01CC, 0x01CC, 0x01CC,
  0x01CC, 0x01CC, 0x01CC, 0x01CC, 0x01CC, 0x01CC, 0x01CC, 0x01CC, 0x01CC, 0x01CC, 0x01CC, 0x01CC,
  0x01CC, 0x01CC, 0x01CC, 0x01CC, 0x01CC, 0x01CC, 0x01CC, 0x01CC, 0x01CC, 0x01CC, 0x01CC, 0x01CC,
  0x01CC, 0x01CC, 0x01CC, 0x01CC, 0x01CC, 0x01CC, 0x01CC, 0x01CC, 0x01CC, 0x01CC, 0x01CC, 0x01CC,
  0x01CC, 0x01CC, 0x01CC, 0x01CC, 0x01CC, 0x01CC, 0x01CC, 0x01CC, 0x01CC, 0x01CC, 0x01CC, 0x01CC,
  0x01CC, 0x01CC, 0x01CC, 0x01CC, 0x01CC, 0x01CC, 0x01CC, 0x01CC, 0x01CC, 0x01CC, 0x01CC, 0x01CC,
  0x01CC, 0x01CC, 0x01CC, 0x01CC, 0x01CC, 0x01CC, 0x01CC, 0x01CC, 0x01CC, 0x01CC, 0x01CC, 0x01CC,
  0x01CC, 0x01CC, 0x01CC, 0x01CC, 0x01CC, 0x01CC, 0x01CC, 0x01CC, 0x01CC, 0x01CC, 0x01CC, 0x01CC,
  0x01CC, 0x01CC, 0x01CC, 0x01CC, 0x01CC, 0x01CC, 0x01CC, 0x01CC, 0x01CC, 0x01CC, 0x01CC, 0x01CC,
  0x01CC, 0x01CC, 0x01CC, 0x01CC, 0x01CC, 0x01CC, 0x01CC, 0x01CC, 0x01CC, 0x01CC, 0x01CC, 0x01CC,
  0x01CC, 0x01CC, 0x01CC, 0x01CC, 0x01CC, 0x01CC, 0x01CC, 0x01CC, 0x01CC, 0x01CC, 0x01CC, 0x01CC,
  0x01CC, 0x01CC, 0x01CC, 0x01CC, 0x01CC, 0x01CC, 0x01CC, 0x01CC, 0x01CC, 0x01CC, 0x01CC, 0x01CC,
  0x01CC, 0x01CC, 0x01CC, 0x01CC, 0x01CC, 0x01CC, 0x01CC, 0x01CC, 0x01CC, 0x01CC, 0x01CC, 0x01CC,
  0x01CC, 0x01CC, 0x01CC, 0x01CC, 0x01CC, 0x01CC, 0x01CC, 0x01CC, 0x01CC, 0x01CC, 0x01CC, 0x01CC,
  0x01CC, 0x01CC, 0x01CC, 0x01CC, 0x01CC, 0x01CC, 0x01CC, 0x01CC, 0x01CC, 0x01CC, 0x01CC, 0x01CC,
  0x01CC, 0x01CC, 0x01CC, 0x01CC, 0x01CC, 0x01CC, 0x01CC, 0x01CC, 0x01CC, 0x01CC, 0x01CC, 0x01CC,
  0x01CC, 0x01CC, 0x01CC, 0x01CC, 0x01CC, 0x01CC, 0x01CC, 0x01CC, 0x01CC, 0x01CC, 0x01CC, 0x01CC,
  0x01CC, 0x01CC, 0x01CC, 0x01CC, 0x01CC, 0x01CC, 0x01CC, 0x01CC, 0x01CC, 0x01CC, 0x01CC, 0x01CC,
  0x01CC, 0x01CC, 0x01CC, 0x01CC, 0x01CC, 0x01CC, 0x01CC, 0x01CC, 0x01CC, 0x01CC, 0x01CC, 0x01CC,
  0x01CC, 0x01CC, 0x01CC, 0x01CC, 0x01CC, 0x01CC, 0x01CC, 0x01CC, 0x01CC, 0x01CC, 0x01CC, 0x01CC,
  0x01CC, 0x01CC, 0x01CC, 0x01CC, 0x01CC, 0x01CC, 0x01CC, 0x01CC, 0x01CC, 0x01CC, 0x01CC, 0x01CC,
  0x01CC, 0x01CC, 0x01CC, 0x01CC, 0x01CC, 0x01CC, 0x01CC, 0x01CC, 0x01CC, 0x01CC, 0x01CC, 0x01CC,
  0x01CC, 0x01CC, 0x01CC, 0x01CC, 0x01CC, 0x01CC, 0x01CC, 0x01CC, 0x01CC, 0x01CC, 0x01CC, 0x01CC,
  0x01CC, 0x01CC, 0x01CC, 0x01CC, 0x01CC, 0x01CC, 0x01CC, 0x01CC, 0x01CC, 0x01CC, 0x01CC, 0x01CC,
  0x01CC, 0x01CC, 0x01CC, 0x01CC, 0x01CC, 0x01CC, 0x01CC, 0x01CC, 0x01CC, 0x01CC, 0x01CC, 0x01CC,
  0x01CC, 0x01CC, 0x01CC, 0x01CC, 0x01CC, 0x01CC, 0x01CC, 0x01CC, 0x01CC, 0x01CC, 0x01CC, 0x01CC,
  0x01CC, 0x01CC, 0x01CC, 0x01CC, 0x01CC, 0x01CC, 0x01CC, 0x01CC, 0x01CC, 0x01CC, 0x01CC, 0x01CC,
  0x01CC, 0x01CC, 0x01CC, 0x01CC, 0x01CC, 0x01CC, 0x01CC, 0x01CC, 0x01CC, 0x01CC, 0x01CC, 0x01CC,
  0x01CC, 0x01CC, 0x01CC, 0x01CC, 0x01CC, 0x01CC, 0x01CC, 0x01CC, 0x01CC, 0x01CC, 0x01CC, 0x01CC,
  0x01CC, 0x01CC, 0x01CC, 0x01CC, 0x01CC, 0x01CC, 0x01CC, 0x01CC, 0x01CC, 0x01CC, 0x01CC, 0x01CC,
  0x01CC, 0x01CC, 0x01CC, 0x01CC, 0x01CC, 0x01CC, 0x01CC, 0x01CC, 0x01CC, 0x01CC, 0x01CC, 0x01CC,
  0x01CC, 0x01CC, 0x01CC, 0x01CC, 0x01CC, 0x01CC, 0x01CC, 0x01CC, 0x01CC, 0x01CC, 0x01CC, 0x01CC,
  0x01CC, 0x01CC, 0x01CC, 0x01CC, 0x01CC, 0x01CC, 0x01CC, 0x01CC, 0x01CC, 0x01CC, 0x01CC, 0x01CC,
  0x01CC, 0x01CC, 0x01CC, 0x01CC, 0x01CC, 0x01CC, 0x01CC, 0x01CC, 0x01CC, 0x01CC, 0x01CC, 0x01CC,
  0x01CC, 0x01CC, 0x01CC, 0x01CC, 0x01CC, 0x01CC, 0x01CC, 0x01CC, 0x01CC, 0x01CC, 0x01CC, 0x01CC,
  0x01CC, 0x01CC, 0x01CC, 0x01CC, 0x01CC, 0x01CC, 0x01CC, 0x01CC, 0x01CC, 0x01CC, 0x01CC, 0x01CC,
  0x01CC, 0x01CC, 0x01CC, 0x01CC, 0x01CC, 0x01CC, 0x01CC, 0x01CC, 0x01CC, 0x01CC, 0x01CC, 0x01CC,
  0x01CC, 0x01CC, 0x01CC, 0x01CC, 0x01CC, 0x01CC, 0x01CC, 0x01CC, 0x01CC, 0x01CC, 0x01CC, 0x01CC,
  0x01CC, 0x01CC, 0x01CC, 0x01CC, 0x01CC, 0x01CC, 0x01CC, 0x01CC, 0x01CC, 0x01CC, 0x01CC, 0x01CC,
  0x01CC, 0x01CC, 0x01CC, 0x01CC, 0x01CC, 0x01CC, 0x01CC, 0x01CC, 0x01CC, 0x01CC, 0x01CC, 0x01CC,
  0x01CC, 0x01CC, 0x01CC, 0x01CC, 0x01CC, 0x01CC, 0x01CC, 0x01CC, 0x01CC, 0x01CC, 0x01CC, 0x01CC,
  0x01CC, 0x01CC, 0x01CC, 0x01CC, 0x01CC, 0x01CC, 0x01CC, 0x01CC, 0x01CC, 0x01CC, 0x01CC, 0x01CC,
  0x01CC, 0x01CC, 0x01CC, 0x01CC, 0x01CC, 0x01CC, 0x01CC, 0x01CC, 0x01CC, 0x01CC, 0x01CC, 0x01CC,
  0x01CC, 0x01CC, 0x01CC, 0x01CC, 0x01CC, 0x01CC, 0x01CC, 0x01CC, 0x01CC, 0x01CC, 0x01CC, 0x01CC,
  0x01CC, 0x01CC, 0x01CC, 0x01CC, 0x01CC, 0x01CC, 0x01CC, 0x01CC, 0x01CC, 0x01CC, 0x01CC, 0x01CC,
  0x01CC, 0x01CC, 0x01CC, 0x01CC, 0x01CC, 0x01CC, 0x01CC, 0x01CC, 0x01CC, 0x01CC, 0x01CC, 0x01CC,
  0x01CC, 0x01CC, 0x01CC, 0x01CC, 0x01CC, 0x01CC, 0x01CC, 0x01CC, 0x01CC, 0x01CC, 0x01CC, 0x01CC,
  0x01CC, 0x01CC, 0x01CC, 0x01CC, 0x01CC, 0x01CC, 0x01CC, 0x01CC, 0x01CC, 0x01CC, 0x01CC, 0x01CC,
  0x01CC, 0x01CC, 0x01CC, 0x01CC, 0x01CC, 0x01CC, 0x01CC, 0x01CC, 0x01CC, 0x01CC, 0x01CC, 0x01CC,
  0x01CC, 0x01CC, 0x01CC, 0x01CC, 0x01CC, 0x01CC, 0x01CC, 0x01CC, 0x01CC, 0x01CC, 0x01CC, 0x01CC,
  0x01CC, 0x01CC, 0x01CC, 0x01CC, 0x01CC, 0x01CC, 0x01CC, 0x01CC, 0x01CC, 0x01CC, 0x01CC, 0x01CC,
  0x01CC, 0x01CC, 0x01CC, 0x01CC, 0x01CC, 0x01CC, 0x01CC, 0x01CC, 0x01CC, 0x01CC, 0x01CC, 0x01CC,
  0x01CC, 0x01CC, 0x01CC, 0x01CC, 0x01CC, 0x01CC, 0x01CC, 0x01CC, 0x01CC, 0x01CC, 0x01CC, 0x01CC,
  0x01CC, 0x01CC, 0x01CC, 0x01CC, 0x01CC, 0x01CC, 0x01CC, 0x01CC, 0x01CC, 0x01CC, 0x01CC, 0x01CC,
  0x01CC, 0x01CC, 0x01CC, 0x01CC, 0x01CC, 0x01CC, 0x01CC, 0x01CC, 0x01CC, 0x01CC, 0x01CC, 0x01CC,
  0x01CC, 0x01CC, 0x01CC, 0x01CC, 0x01CC, 0x01CC, 0x01CC, 0x01CC, 0x01CC, 0x01CC, 0x01CC, 0x01CC,
  0x01CC, 0x01CC, 0x01CC, 0x01CC, 0x01CC, 0x01CC, 0x01CC, 0x01CC, 0x01CC, 0x01CC, 0x01CC, 0x01CC,
  0x01CC, 0x01CC, 0x01CC, 0x01CC, 0x01CC, 0x01CC, 0x01CC, 0x01CC, 0x01CC, 0x01CC, 0x01CC, 0x01CC,
  0x01CC, 0x01CC, 0x01CC, 0x01CC, 0x01CC, 0x01CC, 0x01CC, 0x01CC, 0x01CC, 0x01CC, 0x01CC, 0x01CC,
  0x01CC, 0x01CC, 0x01CC, 0x01CC, 0x01CC, 0x01CC, 0x01CC, 0x01CC, 0x01CC, 0x01CC, 0x01CC, 0x01CC,
  0x01CC, 0x01CC, 0x01CC, 0x01CC, 0x01CC, 0x01CC, 0x01CC, 0x01CC, 0x01CC, 0x01CC, 0x01CC, 0x01CC,
  0x01CC, 0x01CC, 0x01CC, 0x01CC, 0x01CC, 0x01CC, 0x01CC, 0x01CC, 0x01CC, 0x01CC, 0x01CC, 0x01CC,
  0x01CC, 0x01CC, 0x01CC, 0x01CC, 0x01CC, 0x01CC, 0x01CC, 0x01CC, 0x01CC, 0x01CC, 0x01CC, 0x01CC,
  0x01CC, 0x01CC, 0x01CC, 0x01CC, 0x01CC, 0x01CC, 0x01CC, 0x01CC, 0x01CC, 0x01CC, 0x01CC, 0x01CC,
  0x01CC, 0x01CC, 0x01CC, 0x01CC, 0x01CC, 0x01CC, 0x01CC, 0x01CC, 0x01CC, 0x01CC, 0x01CC, 0x01CC,
  0x01CC, 0x01CC, 0x01CC, 0x01CC, 0x01CC, 0x01CC, 0x01CC, 0x01CC, 0x01CC, 0x01CC, 0x01CC, 0x01CC,
  0x01CC, 0x01CC, 0x01CC, 0x01CC, 0x01CC, 0x01CC, 0x01CC, 0x01CC, 0x01CC, 0x01CC, 0x01CC, 0x01CC,
  0x01CC, 0x01CC, 0x01CC, 0x01CC, 0x01CC, 0x01CC, 0x01CC, 0x01CC, 0x01CC, 0x01CC, 0x01CC, 0x01CC,
  0x01CC, 0x01CC, 0x01CC, 0x01CC, 0x01CC, 0x01CC, 0x01CC, 0x01CC, 0x01CC, 0x01CC, 0x01CC, 0x01CC,
  0x01CC, 0x01CC, 0x01CC, 0x01CC, 0x01CC, 0x01CC, 0x01CC, 0x01CC, 0x01CC, 0x01CC, 0x01CC, 0x01CC,
  0x01CC, 0x01CC, 0x01CC, 0x01CC, 0x01CC, 0x01CC, 0x01CC, 0x01CC, 0x01CC, 0x01CC, 0x01CC, 0x01CC,
  0x01CC, 0x01CC, 0x01CC, 0x01CC, 0x01CC, 0x01CC, 0x01CC, 0x01CC, 0x01CC, 0x01CC, 0x01CC, 0x01CC,
  0x01CC, 0x01CC, 0x01CC, 0x01CC, 0x01CC, 0x01CC, 0x01CC, 0x01CC, 0x01CC, 0x01CC, 0x01CC, 0x01CC,
  0x01CC, 0x01CC, 0x01CC, 0x01CC, 0x01CC, 0x01CC, 0x01CC, 0x01CC, 0x01CC, 0x01CC, 0x01CC, 0x01CC,
  0x01CC, 0x01CC, 0x01CC, 0x01CC, 0x01CC, 0x01CC, 0x01CC, 0x01CC, 0x01CC, 0x01CC, 0x01CC, 0x01CC,
  0x01CC, 0x01CC, 0x01CC, 0x01CC, 0x01CC, 0x01CC, 0x01CC, 0x01CC, 0x01CC, 0x01CC, 0x01CC, 0x01CC,
  0x01CC, 0x01CC, 0x01CC, 0x01CC, 0x01CC, 0x01CC, 0x01CC, 0x01CC, 0x01CC, 0x01CC, 0x01CC, 0x01CC,
  0x01CC, 0x01CC, 0x01CC, 0x01CC, 0x01CC, 0x01CC, 0x01CC, 0x01CC, 0x01CC, 0x01CC, 0x01CC, 0x01CC,
  0x01CC, 0x01CC, 0x01CC, 0x01CC, 0x01CC, 0x01CC, 0x01CC, 0x01CC, 0x01CC, 0x01CC, 0x01CC, 0x01CC,
  0x01CC, 0x01CC, 0x01CC, 0x01CC, 0x01CC, 0x01CC, 0x01CC, 0x01CC, 0x01CC, 0x01CC, 0x01CC, 0x01CC,
  0x01CC, 0x01CC, 0x01CC, 0x01CC, 0x01CC, 0x01CC, 0x01CC, 0x01CC, 0x01CC, 0x01CC, 0x01CC, 0x01CC,
  0x01CC, 0x01CC, 0x01CC, 0x01CC, 0x01CC, 0x01CC, 0x01CC, 0x01CC, 0x01CC, 0x01CC, 0x01CC, 0x01CC,
  0x01CC, 0x01CC, 0x01CC, 0x01CC, 0x01CC, 0x01CC, 0x01CC, 0x01CC, 0x01CC, 0x01CC, 0x01CC, 0x01CC,
  0x01CC, 0x01CC, 0x01CC, 0x01CC, 0x01CC, 0x01CC, 0x01CC, 0x01CC, 0x01CC, 0x01CC, 0x01CC, 0x01CC,
  0x01CC, 0x01CC, 0x01CC, 0x01CC, 0x01CC, 0x01CC, 0x01CC, 0x01CC, 0x01CC, 0x01CC, 0x01CC, 0x01CC,
  0x01CC, 0x01CC, 0x01CC, 0x01CC, 0x01CC, 0x01CC, 0x01CC, 0x01CC, 0x01CC, 0x01CC, 0x01CC, 0x01CC,
  0x01CC, 0x01CC, 0x01CC, 0x01CC, 0x01CC, 0x01CC, 0x01CC, 0x01CC, 0x01CC, 0x01CC, 0x01CC, 0x01CC,
  0x01CC, 0x01CC, 0x01CC, 0x01CC, 0x01CC, 0x01CC, 0x01CC, 0x01CC, 0x01CC, 0x01CC, 0x01CC, 0x01CC,
  0x01CC, 0x01CC, 0x01CC, 0x01CC, 0x01CC, 0x01CC, 0x01CC, 0x01CC, 0x01CC, 0x01CC, 0x01CC, 0x01CC,
  0x01CC, 0x01CC, 0x01CC, 0x01CC, 0x01CC, 0x01CC, 0x01CC, 0x01CC, 0x01CC, 0x01CC, 0x01CC, 0x01CC,
  0x01CC, 0x01CC, 0x01CC, 0x01CC, 0x01CC, 0x01CC, 0x01CC, 0x01CC, 0x01CC, 0x01CC, 0x01CC, 0x01CC,
  0x01CC, 0x01CC, 0x01CC, 0x01CC, 0x01CC, 0x01CC, 0x01CC, 0x01CC, 0x01CC, 0x01CC, 0x01CC, 0x01CC,
  0x01CC, 0x01CC, 0x01CC, 0x01CC, 0x01CC, 0x01CC, 0x01CC, 0x01CC, 0x01CC, 0x01CC, 0x01CC, 0x01CC,
  0x01CC, 0x01CC, 0x01CC, 0x01CC, 0x01CC, 0x01CC, 0x01CC, 0x01CC, 0x01CC, 0x01CC, 0x01CC, 0x01CC,
  0x01CC, 0x01CC, 0x01CC, 0x01CC, 0x01CC, 0x01CC, 0x01CC, 0x01CC, 0x01CC, 0x01CC, 0x01CC, 0x01CC,
  0x01CC, 0x01CC, 0x01CC, 0x01CC, 0x01CC, 0x01CC, 0x01CC, 0x01CC, 0x01CC, 0x01CC, 0x01CC, 0x01CC,
  0x01CC, 0x01CC, 0x01CC, 0x01CC, 0x01CC, 0x01CC, 0x01CC, 0x01CC, 0x01CC, 0x01CC, 0x01CC, 0x01CC,
  0x01CC, 0x01CC, 0x01CC, 0x01CC, 0x01CC, 0x01CC, 0x01CC, 0x01CC, 0x01CC, 0x01CC, 0x01CC, 0x01CC,
  0x01CC, 0x01CC, 0x01CC, 0x01CC, 0x01CC, 0x01CC, 0x01CC, 0x01CC, 0x01CC, 0x01CC, 0x01CC, 0x01CC,
  0x01CC, 0x01CC, 0x01CC, 0x01CC, 0x01CC, 0x01CC, 0x01CC, 0x01CC, 0x01CC, 0x01CC, 0x01CC, 0x01CC,
  0x01CC, 0x01CC, 0x01CC, 0x01CC, 0x01CC, 0x01CC, 0x01CC, 0x01CC, 0x01CC, 0x01CC, 0x01CC, 0x01CC,
  0x01CC, 0x01CC, 0x01CC, 0x01CC, 0x01CC, 0x01CC, 0x01CC, 0x01CC, 0x01CC, 0x01CC, 0x01CC, 0x01CC,
  0x01CC, 0x01CC, 0x01CC, 0x01CC, 0x01CC, 0x01CC, 0x01CC, 0x01CC, 0x01CC, 0x01CC, 0x01CC, 0x01CC,
  0x01CC, 0x01CC, 0x01CC, 0x01CC, 0x01CC, 0x01CC, 0x01CC, 0x01CC, 0x01CC, 0x01CC, 0x01CC, 0x01CC,
  0x01CC, 0x01CC, 0x01CC, 0x01CC, 0x01CC, 0x01CC, 0x01CC, 0x01CC, 0x01CC, 0x01CC, 0x01CC, 0x01CC,
  0x01CC, 0x01CC, 0x01CC, 0x01CC, 0x01CC, 0x01CC, 0x01CC, 0x01CC, 0x01CC, 0x01CC, 0x01CC, 0x01CC,
  0x01CC, 0x01CC, 0x01CC, 0x01CC, 0x01CC, 0x01CC, 0x01CC, 0x01CC, 0x01CC, 0x01CC, 0x01CC, 0x01CC,
  0x01CC, 0x01CC, 0x01CC, 0x01CC, 0x01CC, 0x01CC, 0x01CC, 0x01CC, 0x01CC, 0x01CC, 0x01CC, 0x01CC,
  0x01CC, 0x01CC, 0x01CC, 0x01CC, 0x01CC, 0x01CC, 0x01CC, 0x01CC, 0x01CC, 0x01CC, 0x01CC, 0x01CC,
  0x01CC, 0x01CC, 0x01CC, 0x01CC, 0x01CC, 0x01CC, 0x01CC, 0x01CC, 0x01CC, 0x01CC, 0x01CC, 0x01CC,
  0x01CC, 0x01CC, 0x01CC, 0x01CC, 0x01CC, 0x01CC, 0x01CC, 0x01CC, 0x01CC, 0x01CC, 0x01CC, 0x01CC,
  0x01CC, 0x01CC, 0x01CC, 0x01CC, 0x01CC, 0x01CC, 0x01CC, 0x01CC, 0x01CC, 0x01CC, 0x01CC, 0x01CC,
  0x01CC, 0x01CC, 0x01CC, 0x01CC, 0x01CC, 0x01CC, 0x01CC, 0x01CC, 0x01CC, 0x01CC, 0x01CC, 0x01CC,
  0x01CC, 0x01CC, 0x01CC, 0x01CC, 0x01CC, 0x01CC, 0x01CC, 0x01CC, 0x01CC, 0x01CC, 0x01CC, 0x01CC,
  0x01CC, 0x01CC, 0x01CC, 0x01CC, 0x01CC, 0x01CC, 0x01CC, 0x01CC, 0x01CC, 0x01CC, 0x01CC, 0x01CC,
  0x01CC, 0x01CC, 0x01CC, 0x01CC, 0x01CC, 0x01CC, 0x01CC, 0x01CC, 0x01CC, 0x01CC, 0x01CC, 0x01CC,
  0x01CC, 0x01CC, 0x01CC, 0x01CC, 0x01CC, 0x01CC, 0x01CC, 0x01CC, 0x01CC, 0x01CC, 0x01CC, 0x01CC,
  0x01CC, 0x01CC, 0x01CC, 0x01CC, 0x01CC, 0x01CC, 0x01CC, 0x01CC, 0x01CC, 0x01CC, 0x01CC, 0x01CC,
  0x01CC, 0x01CC, 0x01CC, 0x01CC, 0x01CC, 0x01CC, 0x01CC, 0x01CC, 0x01CC, 0x01CC, 0x01CC, 0x01CC,
  0x01CC, 0x01CC, 0x01CC, 0x01CC, 0x01CC, 0x01CC, 0x01CC, 0x01CC, 0x01CC, 0x01CC, 0x01CC, 0x01CC,
  0x01CC, 0x01CC, 0x01CC, 0x01CC, 0x01CC, 0x01CC, 0x01CC, 0x01CC, 0x01CC, 0x01CC, 0x01CC, 0x01CC,
  0x01CC, 0x01CC, 0x01CC, 0x01CC, 0x01CC, 0x01CC, 0x01CC, 0x01CC, 0x01CC, 0x01CC, 0x01CC, 0x01CC,
  0x01CC, 0x01CC, 0x01CC, 0x01CC, 0x01CC, 0x01CC, 0x01CC, 0x01CC, 0x01CC, 0x01CC, 0x01CC, 0x01CC,
  0x01CC, 0x01CC, 0x01CC, 0x01CC, 0x01CC, 0x01CC, 0x01CC, 0x01CC, 0x01CC, 0x01CC, 0x01CC, 0x01CC,
  0x01CC, 0x01CC, 0x01CC, 0x01CC, 0x01CC, 0x01CC, 0x01CC, 0x01CC, 0x01CC, 0x01CC, 0x01CC, 0x01CC,
  0x01CC, 0x01CC, 0x01CC, 0x01CC, 0x01CC, 0x01CC, 0x01CC, 0x01CC, 0x01CC, 0x01CC, 0x01CC, 0x01CC,
  0x01CC, 0x01CC, 0x01CC, 0x01CC, 0x01CC, 0x01CC, 0x01CC, 0x01CC, 0x01CC, 0x01CC, 0x01CC, 0x01CC,
  0x01CC, 0x01CC, 0x01CC, 0x01CC, 0x01CC, 0x01CC, 0x01CC, 0x01CC, 0x01CC, 0x01CC, 0x01CC, 0x01CC,
  0x01CC, 0x01CC, 0x01CC, 0x01CC, 0x01CC, 0x01CC, 0x01CC, 0x01CC, 0x01CC, 0x01CC, 0x01CC, 0x01CC,
  0x01CC, 0x01CC, 0x01CC, 0x01CC, 0x01CC, 0x01CC, 0x01CC, 0x01CC, 0x01CC, 0x01CC, 0x01CC, 0x01CC,
  0x01CC, 0x01CC, 0x01CC, 0x01CC, 0x01CC, 0x01CC, 0x01CC, 0x01CC, 0x01CC, 0x01CC, 0x01CC, 0x01CC,
  0x01CC, 0x01CC, 0x01CC, 0x01CC, 0x01CC, 0x01CC, 0x01CC, 0x01CC, 0x01CC, 0x01CC, 0x01CC, 0x01CC,
  0x01CC, 0x01CC, 0x01CC, 0x01CC, 0x01CC, 0x01CC, 0x01CC, 0x01CC, 0x01CC, 0x01CC, 0x01CC, 0x01CC,
  0x01CC, 0x01CC, 0x01CC, 0x01CC, 0x01CC, 0x01CC, 0x01CC, 0x01CC, 0x01CC, 0x01CC, 0x01CC, 0x01CC,
  0x01CC, 0x01CC, 0x01CC, 0x01CC, 0x01CC, 0x01CC, 0x01CC, 0x01CC, 0x01CC, 0x01CC, 0x01CC, 0x01CC,
  0x01CC, 0x01CC, 0x01CC, 0x01CC, 0x01CC, 0x01CC, 0x01CC, 0x01CC, 0x01CC, 0x01CC, 0x01CC, 0x01CC,
  0x01CC, 0x01CC, 0x01CC, 0x01CC, 0x01CC, 0x01CC, 0x01CC, 0x01CC, 0x01CC, 0x01CC, 0x01CC, 0x01CC,
  0x01CC, 0x01CC, 0x01CC, 0x01CC, 0x01CC, 0x01CC, 0x01CC, 0x01CC, 0x01CC, 0x01CC, 0x01CC, 0x01CC,
  0x01CC, 0x01CC, 0x01CC, 0x01CC, 0x01CC, 0x01CC, 0x01CC, 0x01CC, 0x01CC, 0x01CC, 0x01CC, 0x01CC,
  0x01CC, 0x01CC, 0x01CC, 0x01CC, 0x01CC, 0x01CC, 0x01CC, 0x01CC, 0x01CC, 0x01CC, 0x01CC, 0x01CC,
  0x01CC, 0x01CC, 0x01CC, 0x01CC, 0x01CC, 0x01CC, 0x01CC, 0x01CC, 0x01CC, 0x01CC, 0x01CC, 0x01CC,
  0x01CC, 0x01CC, 0x01CC, 0x01CC, 0x01CC, 0x01CC, 0x01CC, 0x01CC, 0x01CC, 0x01CC, 0x01CC, 0x01CC,
  0x01CC, 0x01CC, 0x01CC, 0x01CC, 0x01CC, 0x01CC, 0x01CC, 0x01CC, 0x01CC, 0x01CC, 0x01CC, 0x01CC,
  0x01CC, 0x01CC, 0x01CC, 0x01CC, 0x01CC, 0x01CC, 0x01CC, 0x01CC, 0x01CC, 0x01CC, 0x01CC, 0x01CC,
  0x01CC, 0x01CC, 0x01CC, 0x01CC, 0x01CC, 0x01CC, 0x01CC, 0x01CC, 0x01CC, 0x01CC, 0x01CC, 0x01CC,
  0x01CC, 0x01CC, 0x01CC, 0x01CC, 0x01CC, 0x01CC, 0x01CC, 0x01CC, 0x01CC, 0x01CC, 0x01CC, 0x01CC,
  0x01CC, 0x01CC, 0x01CC, 0x01CC, 0x01CC, 0x01CC, 0x01CC, 0x01CC, 0x01CC, 0x01CC, 0x01CC, 0x01CC,
  0x01CC, 0x01CC, 0x01CC, 0x01CC, 0x01CC, 0x01CC, 0x01CC, 0x01CC, 0x01CC, 0x01CC, 0x01CC, 0x01CC,
  0x01CC, 0x01CC, 0x01CC, 0x01CC, 0x01CC, 0x01CC, 0x01CC, 0x01CC, 0x01CC, 0x01CC, 0x01CC, 0x01CC,
  0x01CC, 0x01CC, 0x01CC, 0x01CC, 0x01CC, 0x01CC, 0x01CC, 0x01CC, 0x01CC, 0x01CC, 0x01CC, 0x01CC,
  0x01CC, 0x01CC, 0x01CC, 0x01CC, 0x01CC, 0x01CC, 0x01CC, 0x01CC, 0x01CC, 0x01CC, 0x01CC, 0x01CC,
  0x01CC, 0x01CC, 0x01CC, 0x01CC, 0x01CC, 0x01CC, 0x01CC, 0x01CC, 0x01CC, 0x01CC, 0x01CC, 0x01CC,
  0x01CC, 0x01CC, 0x01CC, 0x01CC, 0x01CC, 0x01CC, 0x01CC, 0x01CC, 0x01CC, 0x01CC, 0x01CC, 0x01CC,
  0x01CC, 0x01CC, 0x01CC, 0x01CC, 0x01CC, 0x01CC, 0x01CC, 0x01CC, 0x01CC, 0x01CC, 0x01CC, 0x01CC,
  0x01CC, 0x01CC, 0x01CC, 0x01CC, 0x01CC, 0x01CC, 0x01CC, 0x01CC, 0x01CC, 0x01CC, 0x01CC, 0x01CC,
  0x01CC, 0x01CC, 0x01CC, 0x01CC, 0x01CC, 0x01CC, 0x01CC, 0x01CC, 0x01CC, 0x01CC, 0x01CC, 0x01CC,
  0x01CC, 0x01CC, 0x01CC, 0x01CC, 0x01CC, 0x01CC, 0x01CC, 0x01CC, 0x01CC, 0x01CC, 0x01CC, 0x01CC,
  0x01CC, 0x01CC, 0x01CC, 0x01CC, 0x01CC, 0x01CC, 0x01CC, 0x01CC, 0x01CC, 0x01CC, 0x01CC, 0x01CC,
  0x01CC, 0x01CC, 0x01CC, 0x01CC, 0x01CC, 0x01CC, 0x01CC, 0x01CC, 0x01CC, 0x01CC, 0x01CC, 0x01CC,
  0x01CC, 0x01CC, 0x01CC, 0x01CC, 0x01CC, 0x01CC, 0x01CC, 0x01CC, 0x01CC, 0x01CC, 0x01CC, 0x01CC,
  0x01CC, 0x01CC, 0x01CC, 0x01CC, 0x01CC, 0x01CC, 0x01CC, 0x01CC, 0x01CC, 0x01CC, 0x01CC, 0x01CC,
  0x01CC, 0x01CC, 0x01CC, 0x01CC, 0x01CC, 0x01CC, 0x01CC, 0x01CC, 0x01CC, 0x01CC, 0x01CC, 0x01CC,
  0x01CC, 0x01CC, 0x01CC, 0x01CC, 0x01CC, 0x01CC, 0x01CC, 0x01CC, 0x01CC, 0x01CC, 0x01CC, 0x01CC,
  0x01CC, 0x01CC, 0x01CC, 0x01CC, 0x01CC, 0x01CC, 0x01CC, 0x01CC, 0x01CC, 0x01CC, 0x01CC, 0x01CC,
  0x01CC, 0x01CC, 0x01CC, 0x01CC, 0x01CC, 0x01CC, 0x01CC, 0x01CC, 0x01CC, 0x01CC, 0x01CC, 0x01CC,
  0x01CC, 0x01CC, 0x01CC, 0x01CC, 0x01CC, 0x01CC, 0x01CC, 0x01CC, 0x01CC, 0x01CC, 0x01CC, 0x01CC,
  0x01CC, 0x01CC, 0x01CC, 0x01CC, 0x01CC, 0x01CC, 0x01CC, 0x01CC, 0x01CC, 0x01CC, 0x01CC, 0x01CC,
  0x01CC, 0x01CC, 0x01CC, 0x01CC, 0x01CC, 0x01CC, 0x01CC, 0x01CC, 0x01CC, 0x01CC, 0x01CC, 0x01CC,
  0x01CC, 0x01CC, 0x01CC, 0x01CC, 0x01CC, 0x01CC, 0x01CC, 0x01CC, 0x01CC, 0x01CC, 0x01CC, 0x01CC,
  0x01CC, 0x01CC, 0x01CC, 0x01CC, 0x01CC, 0x01CC, 0x01CC, 0x01CC, 0x01CC, 0x01CC, 0x01CC, 0x01CC,
  0x01CC, 0x01CC, 0x01CC, 0x01CC, 0x01CC, 0x01CC, 0x01CC, 0x01CC, 0x01CC, 0x01CC, 0x01CC, 0x01CC,
  0x01CC, 0x01CC, 0x01CC, 0x01CC, 0x01CC, 0x01CC, 0x01CC, 0x01CC, 0x01CC, 0x01CC, 0x01CC, 0x01CC,
  0x01CC, 0x01CC, 0x01CC, 0x01CC, 0x01CC, 0x01CC, 0x01CC, 0x01CC, 0x01CC, 0x01CC, 0x01CC, 0x01CC,
  0x01CC, 0x01CC, 0x01CC, 0x01CC, 0x01CC, 0x01CC, 0x01CC, 0x01CC, 0x01CC, 0x01CC, 0x01CC, 0x01CC,
  0x01CC, 0x01CC, 0x01CC, 0x01CC, 0x01CC, 0x01CC, 0x01CC, 0x01CC, 0x01CC, 0x01CC, 0x01CC, 0x01CC,
  0x01CC, 0x01CC, 0x01CC, 0x01CC, 0x01CC, 0x01CC, 0x01CC, 0x01CC, 0x01CC, 0x01CC, 0x01CC, 0x01CC,
  0x01CC, 0x01CC, 0x01CC, 0x01CC, 0x01CC, 0x01CC, 0x01CC, 0x01CC, 0x01CC, 0x01CC, 0x01CC, 0x01CC,
  0x01CC, 0x01CC, 0x01CC, 0x01CC, 0x01CC, 0x01CC, 0x01CC, 0x01CC, 0x01CC, 0x01CC, 0x01CC, 0x01CC,
  0x01CC, 0x01CC, 0x01CC, 0x01CC, 0x01CC, 0x01CC, 0x01CC, 0x01CC, 0x01CC, 0x01CC, 0x01CC, 0x01CC,
  0x01CC, 0x01CC, 0x01CC, 0x01CC, 0x01CC, 0x01CC, 0x01CC, 0x01CC, 0x01CC, 0x01CC, 0x01CC, 0x01CC,
  0x01CC, 0x01CC, 0x01CC, 0x01CC, 0x01CC, 0x01CC, 0x01CC, 0x01CC, 0x01CC, 0x01CC, 0x01CC, 0x01CC,
  0x01CC, 0x01CC, 0x01CC, 0x01CC, 0x01CC, 0x01CC, 0x01CC, 0x01CC, 0x01CC, 0x01CC, 0x01CC, 0x01CC,
  0x01CC, 0x01CC, 0x01CC, 0x01CC, 0x01CC, 0x01CC, 0x01CC, 0x01CC, 0x01CC, 0x01CC, 0x01CC, 0x01CC,
  0x01CC, 0x01CC, 0x01CC, 0x01CC, 0x01CC, 0x01CC, 0x01CC, 0x01CC, 0x01CC, 0x01CC, 0x01CC, 0x01CC,
  0x01CC, 0x01CC, 0x01CC, 0x01CC, 0x01CC, 0x01CC, 0x01CC, 0x01CC, 0x01CC, 0x01CC, 0x01CC, 0x01CC,
  0x01CC, 0x01CC, 0x01CC, 0x01CC, 0x01CC, 0x01CC, 0x01CC, 0x01CC, 0x01CC, 0x01CC, 0x01CC, 0x01CC,
  0x01CC, 0x01CC, 0x01CC, 0x01CC, 0x01CC, 0x01CC, 0x01CC, 0x01CC, 0x01CC, 0x01CC, 0x01CC, 0x01CC,
  0x01CC, 0x01CC, 0x01CC, 0x01CC, 0x01CC, 0x01CC, 0x01CC, 0x01CC, 0x01CC, 0x01CC, 0x01CC, 0x01CC,
  0x01CC, 0x01CC, 0x01CC, 0x01CC, 0x01CC, 0x01CC, 0x01CC, 0x01CC, 0x01CC, 0x01CC, 0x01CC, 0x01CC,
  0x01CC, 0x01CC, 0x01CC, 0x01CC, 0x01CC, 0x01CC, 0x01CC, 0x01CC, 0x01CC, 0x01CC, 0x01CC, 0x01CC,
  0x01CC, 0x01CC, 0x01CC, 0x01CC, 0x01CC, 0x01CC, 0x01CC, 0x01CC, 0x01CC, 0x01CC, 0x01CC, 0x01CC,
  0x01CC, 0x01CC, 0x01CC, 0x01CC, 0x01CC, 0x01CC, 0x01CC, 0x01CC, 0x01CC, 0x01CC, 0x01CC, 0x01CC,
  0x01CC, 0x01CC, 0x01CC, 0x01CC, 0x01CC, 0x01CC, 0x01CC, 0x01CC, 0x01CC, 0x01CC, 0x01CC, 0x01CC,
  0x01CC, 0x01CC, 0x01CC, 0x01CC, 0x01CC, 0x01CC, 0x01CC, 0x01CC, 0x01CC, 0x01CC, 0x01CC, 0x01CC,
  0x01CC, 0x01CC, 0x01CC, 0x01CC, 0x01CC, 0x01CC, 0x01CC, 0x01CC, 0x01CC, 0x01CC, 0x01CC, 0x01CC,
  0x01CC, 0x01CC, 0x01CC, 0x01CC, 0x01CC, 0x01CC, 0x01CC, 0x01CC, 0x01CC, 0x01CC, 0x01CC, 0x01CC,
  0x01CC, 0x01CC, 0x01CC, 0x01CC, 0x01CC, 0x01CC, 0x01CC, 0x01CC, 0x01CC, 0x01CC, 0x01CC, 0x01CC,
  0x01CC, 0x01CC, 0x01CC, 0x01CC, 0x01CC, 0x01CC, 0x01CC, 0x01CC, 0x01CC, 0x01CC, 0x01CC, 0x01CC,
  0x01CC, 0x01CC, 0x01CC, 0x01CC, 0x01CC, 0x01CC, 0x01CC, 0x01CC, 0x01CC, 0x01CC, 0x01CC, 0x01CC,
  0x01CC, 0x01CC, 0x01CC, 0x01CC, 0x01CC, 0x01CC, 0x01CC, 0x01CC, 0x01CC, 0x01CC, 0x01CC, 0x01CC,
  0x01CC, 0x01CC, 0x01CC, 0x01CC, 0x01CC, 0x01CC, 0x01CC, 0x01CC, 0x01CC, 0x01CC, 0x01CC, 0x01CC,
  0x01CC, 0x01CC, 0x01CC, 0x01CC, 0x01CC, 0x01CC, 0x01CC, 0x01CC, 0x01CC, 0x01CC, 0x01CC, 0x01CC,
  0x01CC, 0x01CC, 0x01CC, 0x01CC, 0x01CC, 0x01CC, 0x01CC, 0x01CC, 0x01CC, 0x01CC, 0x01CC, 0x01CC,
  0x01CC, 0x01CC, 0x01CC, 0x01CC, 0x01CC, 0x01CC, 0x01CC, 0x01CC, 0x01CC, 0x01CC, 0x01CC, 0x01CC,
  0x01CC, 0x01CC, 0x01CC, 0x01CC, 0x01CC, 0x01CC, 0x01CC, 0x01CC, 0x01CC, 0x01CC, 0x01CC, 0x01CC,
  0x01CC, 0x01CC, 0x01CC, 0x01CC, 0x01CC, 0x01CC, 0x01CC, 0x01CC, 0x01CC, 0x01CC, 0x01CC, 0x01CC,
  0x01CC, 0x01CC, 0x01CC, 0x01CC, 0x01CC, 0x01CC, 0x01CC, 0x01CC, 0x01CC, 0x01CC, 0x01CC, 0x01CC,
  0x01CC, 0x01CC, 0x01CC, 0x01CC, 0x01CC, 0x01CC, 0x01CC, 0x01CC, 0x01CC, 0x01CC, 0x01CC, 0x01CC,
  0x01CC, 0x01CC, 0x01CC, 0x01CC, 0x01CC, 0x01CC, 0x01CC, 0x01CC, 0x01CC, 0x01CC, 0x01CC, 0x01CC,
  0x01CC, 0x01CC, 0x01CC, 0x01CC, 0x01CC, 0x01CC, 0x01CC, 0x01CC, 0x01CC, 0x01CC, 0x01CC, 0x01CC,
  0x01CC, 0x01CC, 0x01CC, 0x01CC, 0x01CC, 0x01CC, 0x01CC, 0x01CC, 0x01CC, 0x01CC, 0x01CC, 0x01CC,
  0x01CC, 0x01CC, 0x01CC, 0x01CC, 0x01CC, 0x01CC, 0x01CC, 0x01CC, 0x01CC, 0x01CC, 0x01CC, 0x01CC,
  0x01CC, 0x01CC, 0x01CC, 0x01CC, 0x01CC, 0x01CC, 0x01CC, 0x01CC, 0x01CC, 0x01CC, 0x01CC, 0x01CC,
  0x01CC, 0x01CC, 0x01CC, 0x01CC, 0x01CC, 0x01CC, 0x01CC, 0x01CC, 0x01CC, 0x01CC, 0x01CC, 0x01CC,
  0x01CC, 0x01CC, 0x01CC, 0x01CC, 0x01CC, 0x01CC, 0x01CC, 0x01CC, 0x01CC, 0x01CC, 0x01CC, 0x01CC,
  0x01CC, 0x01CC, 0x01CC, 0x01CC, 0x01CC, 0x01CC, 0x01CC, 0x01CC, 0x01CC, 0x01CC, 0x01CC, 0x01CC,
  0x01CC, 0x01CC, 0x01CC, 0x01CC, 0x01CC, 0x01CC, 0x01CC, 0x01CC, 0x01CC, 0x01CC, 0x01CC, 0x01CC,
  0x01CC, 0x01CC, 0x01CC, 0x01CC, 0x01CC, 0x01CC, 0x01CC, 0x01CC, 0x01CC, 0x01CC, 0x01CC, 0x01CC,
  0x01CC, 0x01CC, 0x01CC, 0x01CC, 0x01CC, 0x01CC, 0x01CC, 0x01CC, 0x01CC, 0x01CC, 0x01CC, 0x01CC,
  0x01CC, 0x01CC, 0x01CC, 0x01CC, 0x01CC, 0x01CC, 0x01CC, 0x01CC, 0x01CC, 0x01CC, 0x01CC, 0x01CC,
  0x01CC, 0x01CC, 0x01CC, 0x01CC, 0x01CC, 0x01CC, 0x01CC, 0x01CC, 0x01CC, 0x01CC, 0x01CC, 0x01CC,
  0x01CC, 0x01CC, 0x01CC, 0x01CC, 0x01CC, 0x01CC, 0x01CC, 0x01CC, 0x01CC, 0x01CC, 0x01CC, 0x01CC,
  0x01CC, 0x01CC, 0x01CC, 0x01CC, 0x01CC, 0x01CC, 0x01CC, 0x01CC, 0x01CC, 0x01CC, 0x01CC, 0x01CC,
  0x01CC, 0x01CC, 0x01CC, 0x01CC, 0x01CC, 0x01CC, 0x01CC, 0x01CC, 0x01CC, 0x01CC, 0x01CC, 0x01CC,
  0x01CC, 0x01CC, 0x01CC, 0x01CC, 0x01CC, 0x01CC, 0x01CC, 0x01CC, 0x01CC, 0x01CC, 0x01CC, 0x01CC,
  0x01CC, 0x01CC, 0x01CC, 0x01CC, 0x01CC, 0x01CC, 0x01CC, 0x01CC, 0x01CC, 0x01CC, 0x01CC, 0x01CC,
  0x01CC, 0x01CC, 0x01CC, 0x01CC, 0x01CC, 0x01CC, 0x01CC, 0x01CC, 0x01CC, 0x01CC, 0x01CC, 0x01CC,
  0x01CC, 0x01CC, 0x01CC, 0x01CC, 0x01CC, 0x01CC, 0x01CC, 0x01CC, 0x01CC, 0x01CC, 0x01CC, 0x01CC,
  0x01CC, 0x01CC, 0x01CC, 0x01CC, 0x01CC, 0x01CC, 0x01CC, 0x01CC, 0x01CC, 0x01CC, 0x01CC, 0x01CC,
  0x01CC, 0x01CC, 0x01CC, 0x01CC, 0x01CC, 0x01CC, 0x01CC, 0x01CC, 0x01CC, 0x01CC, 0x01CC, 0x01CC,
  0x01CC, 0x01CC, 0x01CC, 0x01CC, 0x01CC, 0x01CC, 0x01CC, 0x01CC, 0x01CC, 0x01CC, 0x01CC, 0x01CC,
  0x01CC, 0x01CC, 0x01CC, 0x01CC, 0x01CC, 0x01CC, 0x01CC, 0x01CC, 0x01CC, 0x01CC, 0x01CC, 0x01CC,
  0x01CC, 0x01CC, 0x01CC, 0x01CC, 0x01CC, 0x01CC, 0x01CC, 0x01CC, 0x01CC, 0x01CC, 0x01CC, 0x01CC,
  0x01CC, 0x01CC, 0x01CC, 0x01CC, 0x01CC, 0x01CC, 0x01CC, 0x01CC, 0x01CC, 0x01CC, 0x01CC, 0x01CC,
  0x01CC, 0x01CC, 0x01CC, 0x01CC, 0x01CC, 0x01CC, 0x01CC, 0x01CC, 0x01CC, 0x01CC, 0x01CC, 0x01CC,
  0x01CC, 0x01CC, 0x01CC, 0x01CC, 0x01CC, 0x01CC, 0x01CC, 0x01CC, 0x01CC, 0x01CC, 0x01CC, 0x01CC,
  0x01CC, 0x01CC, 0x01CC, 0x01CC, 0x01CC, 0x01CC, 0x01CC, 0x01CC, 0x01CC, 0x01CC, 0x01CC, 0x01CC,
  0x01CC, 0x01CC, 0x01CC, 0x01CC, 0x01CC, 0x01CC, 0x01CC, 0x01CC, 0x01CC, 0x01CC, 0x01CC, 0x01CC,
  0x01CC, 0x01CC, 0x01CC, 0x01CC, 0x01CC, 0x01CC, 0x01CC, 0x01CC, 0x01CC, 0x01CC, 0x01CC, 0x01CC,
  0x01CC, 0x01CC, 0x01CC, 0x01CC, 0x01CC, 0x01CC, 0x01CC, 0x01CC, 0x01CC, 0x01CC, 0x01CC, 0x01CC,
  0x01CC, 0x01CC, 0x01CC, 0x01CC, 0x01CC, 0x01CC, 0x01CC, 0x01CC, 0x01CC, 0x01CC, 0x01CC, 0x01CC,
  0x01CC, 0x01CC, 0x01CC, 0x01CC, 0x01CC, 0x01CC, 0x01CC, 0x01CC, 0x01CC, 0x01CC, 0x01CC, 0x01CC,
  0x01CC, 0x01CC, 0x01CC, 0x01CC, 0x01CC, 0x01CC, 0x01CC, 0x01CC, 0x01CC, 0x01CC, 0x01CC, 0x01CC,
  0x01CC, 0x01CC, 0x01CC, 0x01CC, 0x01CC, 0x01CC, 0x01CC, 0x01CC, 0x01CC, 0x01CC, 0x01CC, 0x01CC,
  0x01CC, 0x01CC, 0x01CC, 0x01CC, 0x01CC, 0x01CC, 0x01CC, 0x01CC, 0x01CC, 0x01CC, 0x01CC, 0x01CC,
  0x01CC, 0x01CC, 0x01CC, 0x01CC, 0x01CC, 0x01CC, 0x01CC, 0x01CC, 0x01CC, 0x01CC, 0x01CC, 0x01CC,
  0x01CC, 0x01CC, 0x01CC, 0x01CC, 0x01CC, 0x01CC, 0x01CC, 0x01CC, 0x01CC, 0x01CC, 0x01CC, 0x01CC,
  0x01CC, 0x01CC, 0x01CC, 0x01CC, 0x01CC, 0x01CC, 0x01CC, 0x01CC, 0x01CC, 0x01CC, 0x01CC, 0x01CC,
  0x01CC, 0x01CC, 0x01CC, 0x01CC, 0x01CC, 0x01CC, 0x01CC, 0x01CC, 0x01CC, 0x01CC, 0x01CC, 0x01CC,
  0x01CC, 0x01CC, 0x01CC, 0x01CC, 0x01CC, 0x01CC, 0x01CC, 0x01CC, 0x01CC, 0x01CC, 0x01CC, 0x01CC,
  0x01CC, 0x01CC, 0x01CC, 0x01CC, 0x01CC, 0x01CC, 0x01CC, 0x01CC, 0x01CC, 0x01CC, 0x01CC, 0x01CC,
  0x01CC, 0x01CC, 0x01CC, 0x01CC, 0x01CC, 0x01CC, 0x01CC, 0x01CC, 0x01CC, 0x01CC, 0x01CC, 0x01CC,
  0x01CC, 0x01CC, 0x01CC, 0x01CC, 0x01CC, 0x01CC, 0x01CC, 0x01CC, 0x01CC, 0x01CC, 0x01CC, 0x01CC,
  0x01CC, 0x01CC, 0x01CC, 0x01CC, 0x01CC, 0x01CC, 0x01CC, 0x01CC, 0x01CC, 0x01CC, 0x01CC, 0x01CC,
  0x01CC, 0x01CC, 0x01CC, 0x01CC, 0x01CC, 0x01CC, 0x01CC, 0x01CC, 0x01CC, 0x01CC, 0x01CC, 0x01CC,
  0x01CC, 0x01CC, 0x01CC, 0x01CC, 0x01CC, 0x01CC, 0x01CC, 0x01CC, 0x01CC, 0x01CC, 0x01CC, 0x01CC,
  0x01CC, 0x01CC, 0x01CC, 0x01CC, 0x01CC, 0x01CC, 0x01CC, 0x01CC, 0x01CC, 0x01CC, 0x01CC, 0x01CC,
  0x01CC, 0x01CC, 0x01CC, 0x01CC, 0x01CC, 0x01CC, 0x01CC, 0x01CC, 0x01CC, 0x01CC, 0x01CC, 0x01CC,
  0x01CC, 0x01CC, 0x01CC, 0x01CC, 0x01CC, 0x01CC, 0x01CC, 0x01CC, 0x01CC, 0x01CC, 0x01CC, 0x01CC,
  0x01CC, 0x01CC, 0x01CC, 0x01CC, 0x01CC, 0x01CC, 0x01CC, 0x01CC, 0x01CC, 0x01CC, 0x01CC, 0x01CC,
  0x01CC, 0x01CC, 0x01CC, 0x01CC, 0x01CC, 0x01CC, 0x01CC, 0x01CC, 0x01CC, 0x01CC, 0x01CC, 0x01CC,
  0x01CC, 0x01CC, 0x01CC, 0x01CC, 0x01CC, 0x01CC, 0x01CC, 0x01CC, 0x01CC, 0x01CC, 0x01CC, 0x01CC,
  0x01CC, 0x01CC, 0x01CC, 0x01CC, 0x01CC, 0x01CC, 0x01CC, 0x01CC, 0x01CC, 0x01CC, 0x01CC, 0x01CC,
  0x01CC, 0x01CC, 0x01CC, 0x01CC, 0x01CC, 0x01CC, 0x01CC, 0x01CC, 0x01CC, 0x01CC, 0x01CC, 0x01CC,
  0x01CC, 0x01CC, 0x01CC, 0x01CC, 0x01CC, 0x01CC, 0x01CC, 0x01CC, 0x01CC, 0x01CC, 0x01CC, 0x01CC,
  0x01CC, 0x01CC, 0x01CC, 0x01CC, 0x01CC, 0x01CC, 0x01CC, 0x01CC, 0x01CC, 0x01CC, 0x01CC, 0x01CC,
  0x01CC, 0x01CC, 0x01CC, 0x01CC, 0x01CC, 0x01CC, 0x01CC, 0x01CC, 0x01CC, 0x01CC, 0x01CC, 0x01CC,
  0x01CC, 0x01CC, 0x01CC, 0x01CC, 0x01CC, 0x01CC, 0x01CC, 0x01CC, 0x01CC, 0x01CC, 0x01CC, 0x01CC,
  0x01CC, 0x01CC, 0x01CC, 0x01CC, 0x01CC, 0x01CC, 0x01CC, 0x01CC, 0x01CC, 0x01CC, 0x01CC, 0x01CC,
  0x01CC, 0x01CC, 0x01CC, 0x01CC, 0x01CC, 0x01CC, 0x01CC, 0x01CC, 0x01CC, 0x01CC, 0x01CC, 0x01CC,
  0x01CC, 0x01CC, 0x01CC, 0x01CC, 0x01CC, 0x01CC, 0x01CC, 0x01CC, 0x01CC, 0x01CC, 0x01CC, 0x01CC,
  0x01CC, 0x01CC, 0x01CC, 0x01CC, 0x01CC, 0x01CC, 0x01CC, 0x01CC, 0x01CC, 0x01CC, 0x01CC, 0x01CC,
  0x01CC, 0x01CC, 0x01CC, 0x01CC, 0x01CC, 0x01CC, 0x01CC, 0x01CC, 0x01CC, 0x01CC, 0x01CC, 0x01CC,
  0x01CC, 0x01CC, 0x01CC, 0x01CC, 0x01CC, 0x01CC, 0x01CC, 0x01CC, 0x01CC, 0x01CC, 0x01CC, 0x01CC,
  0x01CC, 0x01CC, 0x01CC, 0x01CC, 0x01CC, 0x01CC, 0x01CC, 0x01CC, 0x01CC, 0x01CC, 0x01CC, 0x01CC,
  0x01CC, 0x01CC, 0x01CC, 0x01CC, 0x01CC, 0x01CC, 0x01CC, 0x01CC, 0x01CC, 0x01CC, 0x01CC, 0x01CC,
  0x01CC, 0x01CC, 0x01CC, 0x01CC, 0x01CC, 0x01CC, 0x01CC, 0x01CC, 0x01CC, 0x01CC, 0x01CC, 0x01CC,
  0x01CC, 0x01CC, 0x01CC, 0x01CC, 0x01CC, 0x01CC, 0x01CC, 0x01CC, 0x01CC, 0x01CC, 0x01CC, 0x01CC,
  0x01CC, 0x01CC, 0x01CC, 0x01CC, 0x01CC, 0x01CC, 0x01CC, 0x01CC, 0x01CC, 0x01CC, 0x01CC, 0x01CC,
  0x01CC, 0x01CC, 0x01CC, 0x01CC, 0x01CC, 0x01CC, 0x01CC, 0x01CC, 0x01CC, 0x01CC, 0x01CC, 0x01CC,
  0x01CC, 0x01CC, 0x01CC, 0x01CC, 0x01CC, 0x01CC, 0x01CC, 0x01CC, 0x01CC, 0x01CC, 0x01CC, 0x01CC,
  0x01CC, 0x01CC, 0x01CC, 0x01CC, 0x01CC, 0x01CC, 0x01CC, 0x01CC, 0x01CC, 0x01CC, 0x01CC, 0x01CC,
  0x01CC, 0x01CC, 0x01CC, 0x01CC, 0x01CC, 0x01CC, 0x01CC, 0x01CC, 0x01CC, 0x01CC, 0x01CC, 0x01CC,
  0x01CC, 0x01CC, 0x01CC, 0x01CC, 0x01CC, 0x01CC, 0x01CC, 0x01CC, 0x01CC, 0x01CC, 0x01CC, 0x01CC,
  0x01CC, 0x01CC, 0x01CC, 0x01CC, 0x01CC, 0x01CC, 0x01CC, 0x01CC, 0x01CC, 0x01CC, 0x01CC, 0x01CC,
  0x01CC, 0x01CC, 0x01CC, 0x01CC, 0x01CC, 0x01CC, 0x01CC, 0x01CC, 0x01CC, 0x01CC, 0x01CC, 0x01CC,
  0x01CC, 0x01CC, 0x01CC, 0x01CC, 0x01CC, 0x01CC, 0x01CC, 0x01CC, 0x01CC, 0x01CC, 0x01CC, 0x01CC,
  0x01CC, 0x01CC, 0x01CC, 0x01CC, 0x01CC, 0x01CC, 0x01CC, 0x01CC, 0x01CC, 0x01CC, 0x01CC, 0x01CC,
  0x01CC, 0x01CC, 0x01CC, 0x01CC, 0x01CC, 0x01CC, 0x01CC, 0x01CC, 0x01CC, 0x01CC, 0x01CC, 0x01CC,
  0x01CC, 0x01CC, 0x01CC, 0x01CC, 0x01CC, 0x01CC, 0x01CC, 0x01CC, 0x01CC, 0x01CC, 0x01CC, 0x01CC,
  0x01CC, 0x01CC, 0x01CC, 0x01CC, 0x01CC, 0x01CC, 0x01CC, 0x01CC, 0x01CC, 0x01CC, 0x01CC, 0x01CC,
  0x01CC, 0x01CC, 0x01CC, 0x01CC, 0x01CC, 0x01CC, 0x01CC, 0x01CC, 0x01CC, 0x01CC, 0x01CC, 0x01CC,
  0x01CC, 0x01CC, 0x01CC, 0x01CC, 0x01CC, 0x01CC, 0x01CC, 0x01CC, 0x01CC, 0x01CC, 0x01CC, 0x01CC,
  0x01CC, 0x01CC, 0x01CC, 0x01CC, 0x01CC, 0x01CC, 0x01CC, 0x01CC, 0x01CC, 0x01CC, 0x01CC, 0x01CC,
  0x01CC, 0x01CC, 0x01CC, 0x01CC, 0x01CC, 0x01CC, 0x01CC, 0x01CC, 0x01CC, 0x01CC, 0x01CC, 0x01CC,
  0x01CC, 0x01CC, 0x01CC, 0x01CC, 0x01CC, 0x01CC, 0x01CC, 0x01CC, 0x01CC, 0x01CC, 0x01CC, 0x01CC,
  0x01CC, 0x01CC, 0x01CC, 0x01CC, 0x01CC, 0x01CC, 0x01CC, 0x01CC, 0x01CC, 0x01CC, 0x01CC, 0x01CC,
  0x01CC, 0x01CC, 0x01CC, 0x01CC, 0x01CC, 0x01CC, 0x01CC, 0x01CC, 0x01CC, 0x01CC, 0x01CC, 0x01CC,
  0x01CC, 0x01CC, 0x01CC, 0x01CC, 0x01CC, 0x01CC, 0x01CC, 0x01CC, 0x01CC, 0x01CC, 0x01CC, 0x01CC,
  0x01CC, 0x01CC, 0x01CC, 0x01CC, 0x01CC, 0x01CC, 0x01CC, 0x01CC, 0x01CC, 0x01CC, 0x01CC, 0x01CC,
  0x01CC, 0x01CC, 0x01CC, 0x01CC, 0x01CC, 0x01CC, 0x01CC, 0x01CC, 0x01CC, 0x01CC, 0x01CC, 0x01CC,
  0x01CC, 0x01CC, 0x01CC, 0x01CC, 0x01CC, 0x01CC, 0x01CC, 0x01CC, 0x01CC, 0x01CC, 0x01CC, 0x01CC,
  0x01CC, 0x01CC, 0x01CC, 0x01CC, 0x01CC, 0x01CC, 0x01CC, 0x01CC, 0x01CC, 0x01CC, 0x01CC, 0x01CC,
  0x01CC, 0x01CC, 0x01CC, 0x01CC, 0x01CC, 0x01CC, 0x01CC, 0x01CC, 0x01CC, 0x01CC, 0x01CC, 0x01CC,
  0x01CC, 0x01CC, 0x01CC, 0x01CC, 0x01CC, 0x01CC, 0x01CC, 0x01CC, 0x01CC, 0x01CC, 0x01CC, 0x01CC,
  0x01CC, 0x01CC, 0x01CC, 0x01CC, 0x01CC, 0x01CC, 0x01CC, 0x01CC, 0x01CC, 0x01CC, 0x01CC, 0x01CC,
  0x01CC, 0x01CC, 0x01CC, 0x01CC, 0x01CC, 0x01CC, 0x01CC, 0x01CC, 0x01CC, 0x01CC, 0x01CC, 0x01CC,
  0x01CC, 0x01CC, 0x01CC, 0x01CC, 0x01CC, 0x01CC, 0x01CC, 0x01CC, 0x01CC, 0x01CC, 0x01CC, 0x01CC,
  0x01CC, 0x01CC, 0x01CC, 0x01CC, 0x01CC, 0x01CC, 0x01CC, 0x01CC, 0x01CC, 0x01CC, 0x01CC, 0x01CC,
  0x01CC, 0x01CC, 0x01CC, 0x01CC, 0x01CC, 0x01CC, 0x01CC, 0x01CC, 0x01CC, 0x01CC, 0x01CC, 0x01CC,
  0x01CC, 0x01CC, 0x01CC, 0x01CC, 0x01CC, 0x01CC, 0x01CC, 0x01CC, 0x01CC, 0x01CC, 0x01CC, 0x01CC,
  0x01CC, 0x01CC, 0x01CC, 0x01CC, 0x01CC, 0x01CC, 0x01CC, 0x01CC, 0x01CC, 0x01CC, 0x01CC, 0x01CC,
  0x01CC, 0x01CC, 0x01CC, 0x01CC, 0x01CC, 0x01CC, 0x01CC, 0x01CC, 0x01CC, 0x01CC, 0x01CC, 0x01CC,
  0x01CC, 0x01CC, 0x01CC, 0x01CC, 0x01CC, 0x01CC, 0x01CC, 0x01CC, 0x01CC, 0x01CC, 0x01CC, 0x01CC,
  0x01CC, 0x01CC, 0x01CC, 0x01CC, 0x01CC, 0x01CC, 0x01CC, 0x01CC, 0x01CC, 0x01CC, 0x01CC, 0x01CC,
  0x01CC, 0x01CC, 0x01CC, 0x01CC, 0x01CC, 0x01CC, 0x01CC, 0x01CC, 0x01CC, 0x01CC, 0x01CC, 0x01CC,
  0x01CC, 0x01CC, 0x01CC, 0x01CC, 0x01CC, 0x01CC, 0x01CC, 0x01CC, 0x01CC, 0x01CC, 0x01CC, 0x01CC,
  0x01CC, 0x01CC, 0x01CC, 0x01CC, 0x01CC, 0x01CC, 0x01CC, 0x01CC, 0x01CC, 0x01CC, 0x01CC, 0x01CC,
  0x01CC, 0x01CC, 0x01CC, 0x01CC, 0x01CC, 0x01CC, 0x01CC, 0x01CC, 0x01CC, 0x01CC, 0x01CC, 0x01CC,
  0x01CC, 0x01CC, 0x01CC, 0x01CC, 0x01CC, 0x01CC, 0x01CC, 0x01CC, 0x01CC, 0x01CC, 0x01CC, 0x01CC,
  0x01CC, 0x01CC, 0x01CC, 0x01CC, 0x01CC, 0x01CC, 0x01CC, 0x01CC, 0x01CC, 0x01CC, 0x01CC, 0x01CC,
  0x01CC, 0x01CC, 0x01CC, 0x01CC, 0x01CC, 0x01CC, 0x01CC, 0x01CC, 0x01CC, 0x01CC, 0x01CC, 0x01CC,
  0x01CC, 0x01CC, 0x01CC, 0x01CC, 0x01CC, 0x01CC, 0x01CC, 0x01CC, 0x01CC, 0x01CC, 0x01CC, 0x01CC,
  0x01CC, 0x01CC, 0x01CC, 0x01CC, 0x01CC, 0x01CC, 0x01CC, 0x01CC, 0x01CC, 0x01CC, 0x01CC, 0x01CC,
  0x01CC, 0x01CC, 0x01CC, 0x01CC, 0x01CC, 0x01CC, 0x01CC, 0x01CC, 0x01CC, 0x01CC, 0x01CC, 0x01CC,
  0x01CC, 0x01CC, 0x01CC, 0x01CC, 0x01CC, 0x01CC, 0x01CC, 0x01CC, 0x01CC, 0x01CC, 0x01CC, 0x01CC,
  0x01CC, 0x01CC, 0x01CC, 0x01CC, 0x01CC, 0x01CC, 0x01CC, 0x01CC, 0x01CC, 0x01CC, 0x01CC, 0x01CC,
  0x01CC, 0x01CC, 0x01CC, 0x01CC, 0x01CC, 0x01CC, 0x01CC, 0x01CC, 0x01CC, 0x01CC, 0x01CC, 0x01CC,
  0x01CC, 0x01CC, 0x01CC, 0x01CC, 0x01CC, 0x01CC, 0x01CC, 0x01CC, 0x01CC, 0x01CC, 0x01CC, 0x01CC,
  0x01CC, 0x01CC, 0x01CC, 0x01CC, 0x01CC, 0x01CC, 0x01CC, 0x01CC, 0x01CC, 0x01CC, 0x01CC, 0x01CC,
  0x01CC, 0x01CC, 0x01CC, 0x01CC, 0x01CC, 0x01CC, 0x01CC, 0x01CC, 0x01CC, 0x01CC, 0x01CC, 0x01CC,
  0x01CC, 0x01CC, 0x01CC, 0x01CC, 0x01CC, 0x01CC, 0x01CC, 0x01CC, 0x01CC, 0x01CC, 0x01CC, 0x01CC,
  0x01CC, 0x01CC, 0x01CC, 0x01CC, 0x01CC, 0x01CC, 0x01CC, 0x01CC, 0x01CC, 0x01CC, 0x01CC, 0x01CC,
  0x01CC, 0x01CC, 0x01CC, 0x01CC, 0x01CC, 0x01CC, 0x01CC, 0x01CC, 0x01CC, 0x01CC, 0x01CC, 0x01CC,
  0x01CC, 0x01CC, 0x01CC, 0x01CC, 0x01CC, 0x01CC, 0x01CC, 0x01CC, 0x01CC, 0x01CC, 0x01CC, 0x01CC,
  0x01CC, 0x01CC, 0x01CC, 0x01CC, 0x01CC, 0x01CC, 0x01CC, 0x01CC, 0x01CC, 0x01CC, 0x01CC, 0x01CC,
  0x01CC, 0x01CC, 0x01CC, 0x01CC, 0x01CC, 0x01CC, 0x01CC, 0x01CC, 0x01CC, 0x01CC, 0x01CC, 0x01CC,
  0x01CC, 0x01CC, 0x01CC, 0x01CC, 0x01CC, 0x01CC, 0x01CC, 0x01CC, 0x01CC, 0x01CC, 0x01CC, 0x01CC,
  0x01CC, 0x01CC, 0x01CC, 0x01CC, 0x01CC, 0x01CC, 0x01CC, 0x01CC, 0x01CC, 0x01CC, 0x01CC, 0x01CC,
  0x01CC, 0x01CC, 0x01CC, 0x01CC, 0x01CC, 0x01CC, 0x01CC, 0x01CC, 0x01CC, 0x01CC, 0x01CC, 0x01CC,
  0x01CC, 0x01CC, 0x01CC, 0x01CC, 0x01CC, 0x01CC, 0x01CC, 0x01CC, 0x01CC, 0x01CC, 0x01CC, 0x01CC,
  0x01CC, 0x01CC, 0x01CC, 0x01CC, 0x01CC, 0x01CC, 0x01CC, 0x01CC, 0x01CC, 0x01CC, 0x01CC, 0x01CC,
  0x01CC, 0x01CC, 0x01CC, 0x01CC, 0x01CC, 0x01CC, 0x01CC, 0x01CC, 0x01CC, 0x01CC, 0x01CC, 0x01CC,
  0x01CC, 0x01CC, 0x01CC, 0x01CC, 0x01CC, 0x01CC, 0x01CC, 0x01CC, 0x01CC, 0x01CC, 0x01CC, 0x01CC,
  0x01CC, 0x01CC, 0x01CC, 0x01CC, 0x01CC, 0x01CC, 0x01CC, 0x01CC, 0x01CC, 0x01CC, 0x01CC, 0x01CC,
  0x01CC, 0x01CC, 0x01CC, 0x01CC, 0x01CC, 0x01CC, 0x01CC, 0x01CC, 0x01CC, 0x01CC, 0x01CC, 0x01CC,
  0x01CC, 0x01CC, 0x01CC, 0x01CC, 0x01CC, 0x01CC, 0x01CC, 0x01CC, 0x01CC, 0x01CC, 0x01CC, 0x01CC,
  0x01CC, 0x01CC, 0x01CC, 0x01CC, 0x01CC, 0x01CC, 0x01CC, 0x01CC, 0x01CC, 0x01CC, 0x01CC, 0x01CC,
  0x01CC, 0x01CC, 0x01CC, 0x01CC, 0x01CC, 0x01CC, 0x01CC, 0x01CC, 0x01CC, 0x01CC, 0x01CC, 0x01CC,
  0x01CC, 0x01CC, 0x01CC, 0x01CC, 0x01CC, 0x01CC, 0x01CC, 0x01CC, 0x01CC, 0x01CC, 0x01CC, 0x01CC,
  0x01CC, 0x01CC, 0x01CC, 0x01CC, 0x01CC, 0x01CC, 0x01CC, 0x01CC, 0x01CC, 0x01CC, 0x01CC, 0x01CC,
  0x01CC, 0x01CC, 0x01CC, 0x01CC, 0x01CC, 0x01CC, 0x01CC, 0x01CC, 0x01CC, 0x01CC, 0x01CC, 0x01CC,
  0x01CC, 0x01CC, 0x01CC, 0x01CC, 0x01CC, 0x01CC, 0x01CC, 0x01CC, 0x01CC, 0x01CC, 0x01CC, 0x01CC,
  0x01CC, 0x01CC, 0x01CC, 0x01CC, 0x01CC, 0x01CC, 0x01CC, 0x01CC, 0x01CC, 0x01CC, 0x01CC, 0x01CC,
  0x01CC, 0x01CC, 0x01CC, 0x01CC, 0x01CC, 0x01CC, 0x01CC, 0x01CC, 0x01CC, 0x01CC, 0x01CC, 0x01CC,
  0x01CC, 0x01CC, 0x01CC, 0x01CC, 0x01CC, 0x01CC, 0x01CC, 0x01CC, 0x01CC, 0x01CC, 0x01CC, 0x01CC,
  0x01CC, 0x01CC, 0x01CC, 0x01CC, 0x01CC, 0x01CC, 0x01CC, 0x01CC, 0x01CC, 0x01CC, 0x01CC, 0x01CC,
  0x01CC, 0x01CC, 0x01CC, 0x01CC, 0x01CC, 0x01CC, 0x01CC, 0x01CC, 0x01CC, 0x01CC, 0x01CC, 0x01CC,
  0x01CC, 0x01CC, 0x01CC, 0x01CC, 0x01CC, 0x01CC, 0x01CC, 0x01CC, 0x01CC, 0x01CC, 0x01CC, 0x01CC,
  0x01CC, 0x01CC, 0x01CC, 0x01CC, 0x01CC, 0x01CC, 0x01CC, 0x01CC, 0x01CC, 0x01CC, 0x01CC, 0x01CC,
  0x01CC, 0x01CC, 0x01CC, 0x01CC, 0x01CC, 0x01CC, 0x01CC, 0x01CC, 0x01CC, 0x01CC, 0x01CC, 0x01CC,
  0x01CC, 0x01CC, 0x01CC, 0x01CC, 0x01CC, 0x01CC, 0x01CC, 0x01CC, 0x01CC, 0x01CC, 0x01CC, 0x01CC,
  0x01CC, 0x01CC, 0x01CC, 0x01CC, 0x01CC, 0x01CC, 0x01CC, 0x01CC, 0x01CC, 0x01CC, 0x01CC, 0x01CC,
  0x01CC, 0x01CC, 0x01CC, 0x01CC, 0x01CC, 0x01CC, 0x01CC, 0x01CC, 0x01CC, 0x01CC, 0x01CC, 0x01CC,
  0x01CC, 0x01CC, 0x01CC, 0x01CC, 0x01CC, 0x01CC, 0x01CC, 0x01CC, 0x01CC, 0x01CC, 0x01CC, 0x01CC,
  0x01CC, 0x01CC, 0x01CC, 0x01CC, 0x01CC, 0x01CC, 0x01CC, 0x01CC, 0x01CC, 0x01CC, 0x01CC, 0x01CC,
  0x01CC, 0x01CC, 0x01CC, 0x01CC, 0x01CC, 0x01CC, 0x01CC, 0x01CC, 0x01CC, 0x01CC, 0x01CC, 0x01CC,
  0x01CC, 0x01CC, 0x01CC, 0x01CC, 0x01CC, 0x01CC, 0x01CC, 0x01CC, 0x01CC, 0x01CC, 0x01CC, 0x01CC,
  0x01CC, 0x01CC, 0x01CC, 0x01CC, 0x01CC, 0x01CC, 0x01CC, 0x01CC, 0x01CC, 0x01CC, 0x01CC, 0x01CC,
  0x01CC, 0x01CC, 0x01CC, 0x01CC, 0x01CC, 0x01CC, 0x01CC, 0x01CC, 0x01CC, 0x01CC, 0x01CC, 0x01CC,
  0x01CC, 0x01CC, 0x01CC, 0x01CC, 0x01CC, 0x01CC, 0x01CC, 0x01CC, 0x01CC, 0x01CC, 0x01CC, 0x01CC,
  0x01CC, 0x01CC, 0x01CC, 0x01CC, 0x01CC, 0x01CC, 0x01CC, 0x01CC, 0x01CC, 0x01CC, 0x01CC, 0x01CC,
  0x01CC, 0x01CC, 0x01CC, 0x01CC, 0x01CC, 0x01CC, 0x01CC, 0x01CC, 0x01CC, 0x01CC, 0x01CC, 0x01CC,
  0x01CC, 0x01CC, 0x01CC, 0x01CC, 0x01CC, 0x01CC, 0x01CC, 0x01CC, 0x01CC, 0x01CC, 0x01CC, 0x01CC,
  0x01CC, 0x01CC, 0x01CC, 0x01CC, 0x01CC, 0x01CC, 0x01CC, 0x01CC, 0x01CC, 0x01CC, 0x01CC, 0x01CC,
  0x01CC, 0x01CC, 0x01CC, 0x01CC, 0x01CC, 0x01CC, 0x01CC, 0x01CC, 0x01CC, 0x01CC, 0x01CC, 0x01CC,
  0x01CC, 0x01CC, 0x01CC, 0x01CC, 0x01CC, 0x01CC, 0x01CC, 0x01CC, 0x01CC, 0x01CC, 0x01CC, 0x01CC,
  0x01CC, 0x01CC, 0x01CC, 0x01CC, 0x01CC, 0x01CC, 0x01CC, 0x01CC, 0x01CC, 0x01CC, 0x01CC, 0x01CC,
  0x01CC, 0x01CC, 0x01CC, 0x01CC, 0x01CC, 0x01CC, 0x01CC, 0x01CC, 0x01CC, 0x01CC, 0x01CC, 0x01CC,
  0x01CC, 0x01CC, 0x01CC, 0x01CC, 0x01CC, 0x01CC, 0x01CC, 0x01CC, 0x01CC, 0x01CC, 0x01CC, 0x01CC,
  0x01CC, 0x01CC, 0x01CC, 0x01CC, 0x01CC, 0x01CC, 0x01CC, 0x01CC, 0x01CC, 0x01CC, 0x01CC, 0x01CC,
  0x01CC, 0x01CC, 0x01CC, 0x01CC, 0x01CC, 0x01CC, 0x01CC, 0x01CC, 0x01CC, 0x01CC, 0x01CC, 0x01CC,
  0x01CC, 0x01CC, 0x01CC, 0x01CC, 0x01CC, 0x01CC, 0x01CC, 0x01CC, 0x01CC, 0x01CC, 0x01CC, 0x01CC,
  0x01CC, 0x01CC, 0x01CC, 0x01CC, 0x01CC, 0x01CC, 0x01CC, 0x01CC, 0x01CC, 0x01CC, 0x01CC, 0x01CC,
  0x01CC, 0x01CC, 0x01CC, 0x01CC, 0x01CC, 0x01CC, 0x01CC, 0x01CC, 0x01CC, 0x01CC, 0x01CC, 0x01CC,
  0x01CC, 0x01CC, 0x01CC, 0x01CC, 0x01CC, 0x01CC, 0x01CC, 0x01CC, 0x01CC, 0x01CC, 0x01CC, 0x01CC,
  0x01CC, 0x01CC, 0x01CC, 0x01CC, 0x01CC, 0x01CC, 0x01CC, 0x01CC, 0x01CC, 0x01CC, 0x01CC, 0x01CC,
  0x01CC, 0x01CC, 0x01CC, 0x01CC, 0x01CC, 0x01CC, 0x01CC, 0x01CC, 0x01CC, 0x01CC, 0x01CC, 0x01CC,
  0x01CC, 0x01CC, 0x01CC, 0x01CC, 0x01CC, 0x01CC, 0x01CC, 0x01CC, 0x01CC, 0x01CC, 0x01CC, 0x01CC,
  0x01CC, 0x01CC, 0x01CC, 0x01CC, 0x01CC, 0x01CC, 0x01CC, 0x01CC, 0x01CC, 0x01CC, 0x01CC, 0x01CC,
  0x01CC, 0x01CC, 0x01CC, 0x01CC, 0x01CC, 0x01CC, 0x01CC, 0x01CC, 0x01CC, 0x01CC, 0x01CC, 0x01CC,
  0x01CC, 0x01CC, 0x01CC, 0x01CC, 0x01CC, 0x01CC, 0x01CC, 0x01CC, 0x01CC, 0x01CC, 0x01CC, 0x01CC,
  0x01CC, 0x01CC, 0x01CC, 0x01CC, 0x01CC, 0x01CC, 0x01CC, 0x01CC, 0x01CC, 0x01CC, 0x01CC, 0x01CC,
  0x01CC, 0x01CC, 0x01CC, 0x01CC, 0x01CC, 0x01CC, 0x01CC, 0x01CC, 0x01CC, 0x01CC, 0x01CC, 0x01CC,
  0x01CC, 0x01CC, 0x01CC, 0x01CC, 0x01CC, 0x01CC, 0x01CC, 0x01CC, 0x01CC, 0x01CC, 0x01CC, 0x01CC,
  0x01CC, 0x01CC, 0x01CC, 0x01CC, 0x01CC, 0x01CC, 0x01CC, 0x01CC, 0x01CC, 0x01CC, 0x01CC, 0x01CC,
  0x01CC, 0x01CC, 0x01CC, 0x01CC, 0x01CC, 0x01CC, 0x01CC, 0x01CC, 0x01CC, 0x01CC, 0x01CC, 0x01CC,
  0x01CC, 0x01CC, 0x01CC, 0x01CC, 0x01CC, 0x01CC, 0x01CC, 0x01CC, 0x01CC, 0x01CC, 0x01CC, 0x01CC,
  0x01CC, 0x01CC, 0x01CC, 0x01CC, 0x01CC, 0x01CC, 0x01CC, 0x01CC, 0x01CC, 0x01CC, 0x01CC, 0x01CC,
  0x01CC, 0x01CC, 0x01CC, 0x01CC, 0x01CC, 0x01CC, 0x01CC, 0x01CC, 0x01CC, 0x01CC, 0x01CC, 0x01CC,
  0x01CC, 0x01CC, 0x01CC, 0x01CC, 0x01CC, 0x01CC, 0x01CC, 0x01CC, 0x01CC, 0x01CC, 0x01CC, 0x01CC,
  0x01CC, 0x01CC, 0x01CC, 0x01CC, 0x01CC, 0x01CC, 0x01CC, 0x01CC, 0x01CC, 0x01CC, 0x01CC, 0x01CC,
  0x01CC, 0x01CC, 0x01CC, 0x01CC, 0x01CC, 0x01CC, 0x01CC, 0x01CC, 0x01CC, 0x01CC, 0x01CC, 0x01CC,
  0x01CC, 0x01CC, 0x01CC, 0x01CC, 0x01CC, 0x01CC, 0x01CC, 0x01CC, 0x01CC, 0x01CC, 0x01CC, 0x01CC,
  0x01CC, 0x01CC, 0x01CC, 0x01CC, 0x01CC, 0x01CC, 0x01CC, 0x01CC, 0x01CC, 0x01CC, 0x01CC, 0x01CC,
  0x01CC, 0x01CC, 0x01CC, 0x01CC, 0x01CC, 0x01CC, 0x01CC, 0x01CC, 0x01CC, 0x01CC, 0x01CC, 0x01CC,
  0x01CC, 0x01CC, 0x01CC, 0x01CC, 0x01CC, 0x01CC, 0x01CC, 0x01CC, 0x01CC, 0x01CC, 0x01CC, 0x01CC,
  0x01CC, 0x01CC, 0x01CC, 0x01CC, 0x01CC, 0x01CC, 0x01CC, 0x01CC, 0x01CC, 0x01CC, 0x01CC, 0x01CC,
  0x01CC, 0x01CC, 0x01CC, 0x01CC, 0x01CC, 0x01CC, 0x01CC, 0x01CC, 0x01CC, 0x01CC, 0x01CC, 0x01CC,
  0x01CC, 0x01CC, 0x01CC, 0x01CC, 0x01CC, 0x01CC, 0x01CC, 0x01CC, 0x01CC, 0x01CC, 0x01CC, 0x01CC,
  0x01CC, 0x01CC, 0x01CC, 0x01CC, 0x01CC, 0x01CC, 0x01CC, 0x01CC, 0x01CC, 0x01CC, 0x01CC, 0x01CC,
  0x01CC, 0x01CC, 0x01CC, 0x01CC, 0x01CC, 0x01CC, 0x01CC, 0x01CC, 0x01CC, 0x01CC, 0x01CC, 0x01CC,
  0x01CC, 0x01CC, 0x01CC, 0x01CC, 0x01CC, 0x01CC, 0x01CC, 0x01CC, 0x01CC, 0x01CC, 0x01CC, 0x01CC,
  0x01CC, 0x01CC, 0x01CC, 0x01CC, 0x01CC, 0x01CC, 0x01CC, 0x01CC, 0x01CC, 0x01CC, 0x01CC, 0x01CC,
  0x01CC, 0x01CC, 0x01CC, 0x01CC, 0x01CC, 0x01CC, 0x01CC, 0x01CC, 0x01CC, 0x01CC, 0x01CC, 0x01CC,
  0x01CC, 0x01CC, 0x01CC, 0x01CC, 0x01CC, 0x01CC, 0x01CC, 0x01CC, 0x01CC, 0x01CC, 0x01CC, 0x01CC,
  0x01CC, 0x01CC, 0x01CC, 0x01CC, 0x01CC, 0x01CC, 0x01CC, 0x01CC, 0x01CC, 0x01CC, 0x01CC, 0x01CC,
  0x01CC, 0x01CC, 0x01CC, 0x01CC, 0x01CC, 0x01CC, 0x01CC, 0x01CC, 0x01CC, 0x01CC, 0x01CC, 0x01CC,
  0x01CC, 0x01CC, 0x01CC, 0x01CC, 0x01CC, 0x01CC, 0x01CC, 0x01CC, 0x01CC, 0x01CC, 0x01CC, 0x01CC,
  0x01CC, 0x01CC, 0x01CC, 0x01CC, 0x01CC, 0x01CC, 0x01CC, 0x01CC, 0x01CC, 0x01CC, 0x01CC, 0x01CC,
  0x01CC, 0x01CC, 0x01CC, 0x01CC, 0x01CC, 0x01CC, 0x01CC, 0x01CC, 0x01CC, 0x01CC, 0x01CC, 0x01CC,
  0x01CC, 0x01CC, 0x01CC, 0x01CC, 0x01CC, 0x01CC, 0x01CC, 0x01CC, 0x01CC, 0x01CC, 0x01CC, 0x01CC,
  0x01CC, 0x01CC, 0x01CC, 0x01CC, 0x01CC, 0x01CC, 0x01CC, 0x01CC, 0x01CC, 0x01CC, 0x01CC, 0x01CC,
  0x01CC, 0x01CC, 0x01CC, 0x01CC, 0x01CC, 0x01CC, 0x01CC, 0x01CC, 0x01CC, 0x01CC, 0x01CC, 0x01CC,
  0x01CC, 0x01CC, 0x01CC, 0x01CC, 0x01CC, 0x01CC, 0x01CC, 0x01CC, 0x01CC, 0x01CC, 0x01CC, 0x01CC,
  0x01CC, 0x01CC, 0x01CC, 0x01CC, 0x01CC, 0x01CC, 0x01CC, 0x01CC, 0x01CC, 0x01CC, 0x01CC, 0x01CC,
  0x01CC, 0x01CC, 0x01CC, 0x01CC, 0x01CC, 0x01CC, 0x01CC, 0x01CC, 0x01CC, 0x01CC, 0x01CC, 0x01CC,
  0x01CC, 0x01CC, 0x01CC, 0x01CC, 0x01CC, 0x01CC, 0x01CC, 0x01CC, 0x01CC, 0x01CC, 0x01CC, 0x01CC,
  0x01CC, 0x01CC, 0x01CC, 0x01CC, 0x01CC, 0x01CC, 0x01CC, 0x01CC, 0x01CC, 0x01CC, 0x01CC, 0x01CC,
  0x01CC, 0x01CC, 0x01CC, 0x01CC, 0x01CC, 0x01CC, 0x01CC, 0x01CC, 0x01CC, 0x01CC, 0x01CC, 0x01CC,
  0x01CC, 0x01CC, 0x01CC, 0x01CC, 0x01CC, 0x01CC, 0x01CC, 0x01CC, 0x01CC, 0x01CC, 0x01CC, 0x01CC,
  0x01CC, 0x01CC, 0x01CC, 0x01CC, 0x01CC, 0x01CC, 0x01CC, 0x01CC, 0x01CC, 0x01CC, 0x01CC, 0x01CC,
  0x01CC, 0x01CC, 0x01CC, 0x01CC, 0x01CC, 0x01CC, 0x01CC, 0x01CC, 0x01CC, 0x01CC, 0x01CC, 0x01CC,
  0x01CC, 0x01CC, 0x01CC, 0x01CC, 0x01CC, 0x01CC, 0x01CC, 0x01CC, 0x01CC, 0x01CC, 0x01CC, 0x01CC,
  0x01CC, 0x01CC, 0x01CC, 0x01CC, 0x01CC, 0x01CC, 0x01CC, 0x01CC, 0x01CC, 0x01CC, 0x01CC, 0x01CC,
  0x01CC, 0x01CC, 0x01CC, 0x01CC, 0x01CC, 0x01CC, 0x01CC, 0x01CC, 0x01CC, 0x01CC, 0x01CC, 0x01CC,
  0x01CC, 0x01CC, 0x01CC, 0x01CC, 0x01CC, 0x01CC, 0x01CC, 0x01CC, 0x01CC, 0x01CC, 0x01CC, 0x01CC,
  0x01CC, 0x01CC, 0x01CC, 0x01CC, 0x01CC, 0x01CC, 0x01CC, 0x01CC, 0x01CC, 0x01CC, 0x01CC, 0x01CC,
  0x01CC, 0x01CC, 0x01CC, 0x01CC, 0x01CC, 0x01CC, 0x01CC, 0x01CC, 0x01CC, 0x01CC, 0x01CC, 0x01CC,
  0x01CC, 0x01CC, 0x01CC, 0x01CC, 0x01CC, 0x01CC, 0x01CC, 0x01CC, 0x01CC, 0x01CC, 0x01CC, 0x01CC,
  0x01CC, 0x01CC, 0x01CC, 0x01CC, 0x01CC, 0x01CC, 0x01CC, 0x01CC, 0x01CC, 0x01CC, 0x01CC, 0x01CC,
  0x01CC, 0x01CC, 0x01CC, 0x01CC, 0x01CC, 0x01CC, 0x01CC, 0x01CC, 0x01CC, 0x01CC, 0x01CC, 0x01CC,
  0x01CC, 0x01CC, 0x01CC, 0x01CC, 0x01CC, 0x01CC, 0x01CC, 0x01CC, 0x01CC, 0x01CC, 0x01CC, 0x01CC,
  0x01CC, 0x01CC, 0x01CC, 0x01CC, 0x01CC, 0x01CC, 0x01CC, 0x01CC, 0x01CC, 0x01CC, 0x01CC, 0x01CC,
  0x01CC, 0x01CC, 0x01CC, 0x01CC, 0x01CC, 0x01CC, 0x01CC, 0x01CC, 0x01CC, 0x01CC, 0x01CC, 0x01CC,
  0x01CC, 0x01CC, 0x01CC, 0x01CC, 0x01CC, 0x01CC, 0x01CC, 0x01CC, 0x01CC, 0x01CC, 0x01CC, 0x01CC,
  0x01CC, 0x01CC, 0x01CC, 0x01CC, 0x01CC, 0x01CC, 0x01CC, 0x01CC, 0x01CC, 0x01CC, 0x01CC, 0x01CC,
  0x01CC, 0x01CC, 0x01CC, 0x01CC, 0x01CC, 0x01CC, 0x01CC, 0x01CC, 0x01CC, 0x01CC, 0x01CC, 0x01CC,
  0x01CC, 0x01CC, 0x01CC, 0x01CC, 0x01CC, 0x01CC, 0x01CC, 0x01CC, 0x01CC, 0x01CC, 0x01CC, 0x01CC,
  0x01CC, 0x01CC, 0x01CC, 0x01CC, 0x01CC, 0x01CC, 0x01CC, 0x01CC, 0x01CC, 0x01CC, 0x01CC, 0x01CC,
  0x01CC, 0x01CC, 0x01CC, 0x01CC, 0x01CC, 0x01CC, 0x01CC, 0x01CC, 0x01CC, 0x01CC, 0x01CC, 0x01CC,
  0x01CC, 0x01CC, 0x01CC, 0x01CC, 0x01CC, 0x01CC, 0x01CC, 0x01CC, 0x01CC, 0x01CC, 0x01CC, 0x01CC,
  0x01CC, 0x01CC, 0x01CC, 0x01CC, 0x01CC, 0x01CC, 0x01CC, 0x01CC, 0x01CC, 0x01CC, 0x01CC, 0x01CC,
  0x01CC, 0x01CC, 0x01CC, 0x01CC, 0x01CC, 0x01CC, 0x01CC, 0x01CC, 0x01CC, 0x01CC, 0x01CC, 0x01CC,
  0x01CC, 0x01CC, 0x01CC, 0x01CC, 0x01CC, 0x01CC, 0x01CC, 0x01CC, 0x01CC, 0x01CC, 0x01CC, 0x01CC,
  0x01CC, 0x01CC, 0x01CC, 0x01CC, 0x01CC, 0x01CC, 0x01CC, 0x01CC, 0x01CC, 0x01CC, 0x01CC, 0x01CC,
  0x01CC, 0x01CC, 0x01CC, 0x01CC, 0x01CC, 0x01CC, 0x01CC, 0x01CC, 0x01CC, 0x01CC, 0x01CC, 0x01CC,
  0x01CC, 0x01CC, 0x01CC, 0x01CC, 0x01CC, 0x01CC, 0x01CC, 0x01CC, 0x01CC, 0x01CC, 0x01CC, 0x01CC,
  0x01CC, 0x01CC, 0x01CC, 0x01CC, 0x01CC, 0x01CC, 0x01CC, 0x01CC, 0x01CC, 0x01CC, 0x01CC, 0x01CC,
  0x01CC, 0x01CC, 0x01CC, 0x01CC, 0x01CC, 0x01CC, 0x01CC, 0x01CC, 0x01CC, 0x01CC, 0x01CC, 0x01CC,
  0x01CC, 0x01CC, 0x01CC, 0x01CC, 0x01CC, 0x01CC, 0x01CC, 0x01CC, 0x01CC, 0x01CC, 0x01CC, 0x01CC,
  0x01CC, 0x01CC, 0x01CC, 0x01CC, 0x01CC, 0x01CC, 0x01CC, 0x01CC, 0x01CC, 0x01CC, 0x01CC, 0x01CC,
  0x01CC, 0x01CC, 0x01CC, 0x01CC, 0x01CC, 0x01CC, 0x01CC, 0x01CC, 0x01CC, 0x01CC, 0x01CC, 0x01CC,
  0x01CC, 0x01CC, 0x01CC, 0x01CC, 0x01CC, 0x01CC, 0x01CC, 0x01CC, 0x01CC, 0x01CC, 0x01CC, 0x01CC,
  0x01CC, 0x01CC, 0x01CC, 0x01CC, 0x01CC, 0x01CC, 0x01CC, 0x01CC, 0x01CC, 0x01CC, 0x01CC, 0x01CC,
  0x01CC, 0x01CC, 0x01CC, 0x01CC, 0x01CC, 0x01CC, 0x01CC, 0x01CC, 0x01CC, 0x01CC, 0x01CC, 0x01CC,
  0x01CC, 0x01CC, 0x01CC, 0x01CC, 0x01CC, 0x01CC, 0x01CC, 0x01CC, 0x01CC, 0x01CC, 0x01CC, 0x01CC,
  0x01CC, 0x01CC, 0x01CC, 0x01CC, 0x01CC, 0x01CC, 0x01CC, 0x01CC, 0x01CC, 0x01CC, 0x01CC, 0x01CC,
  0x01CC, 0x01CC, 0x01CC, 0x01CC, 0x01CC, 0x01CC, 0x01CC, 0x01CC, 0x01CC, 0x01CC, 0x01CC, 0x01CC,
  0x01CC, 0x01CC, 0x01CC, 0x01CC, 0x01CC, 0x01CC, 0x01CC, 0x01CC, 0x01CC, 0x01CC, 0x01CC, 0x01CC,
  0x01CC, 0x01CC, 0x01CC, 0x01CC, 0x01CC, 0x01CC, 0x01CC, 0x01CC, 0x01CC, 0x01CC, 0x01CC, 0x01CC,
  0x01CC, 0x01CC, 0x01CC, 0x01CC, 0x01CC, 0x01CC, 0x01CC, 0x01CC, 0x01CC, 0x01CC, 0x01CC, 0x01CC,
  0x01CC, 0x01CC, 0x01CC, 0x01CC, 0x01CC, 0x01CC, 0x01CC, 0x01CC, 0x01CC, 0x01CC, 0x01CC, 0x01CC,
  0x01CC, 0x01CC, 0x01CC, 0x01CC, 0x01CC, 0x01CC, 0x01CC, 0x01CC, 0x01CC, 0x01CC, 0x01CC, 0x01CC,
  0x01CC, 0x01CC, 0x01CC, 0x01CC, 0x01CC, 0x01CC, 0x01CC, 0x01CC, 0x01CC, 0x01CC, 0x01CC, 0x01CC,
  0x01CC, 0x01CC, 0x01CC, 0x01CC, 0x01CC, 0x01CC, 0x01CC, 0x01CC, 0x01CC, 0x01CC, 0x01CC, 0x01CC,
  0x01CC, 0x01CC, 0x01CC, 0x01CC, 0x01CC, 0x01CC, 0x01CC, 0x01CC, 0x01CC, 0x01CC, 0x01CC, 0x01CC,
  0x01CC, 0x01CC, 0x01CC, 0x01CC, 0x01CC, 0x01CC, 0x01CC, 0x01CC, 0x01CC, 0x01CC, 0x01CC, 0x01CC,
  0x01CC, 0x01CC, 0x01CC, 0x01CC, 0x01CC, 0x01CC, 0x01CC, 0x01CC, 0x01CC, 0x01CC, 0x01CC, 0x01CC,
  0x01CC, 0x01CC, 0x01CC, 0x01CC, 0x01CC, 0x01CC, 0x01CC, 0x01CC, 0x01CC, 0x01CC, 0x01CC, 0x01CC,
  0x01CC, 0x01CC, 0x01CC, 0x01CC, 0x01CC, 0x01CC, 0x01CC, 0x01CC, 0x01CC, 0x01CC, 0x01CC, 0x01CC,
  0x01CC, 0x01CC, 0x01CC, 0x01CC, 0x01CC, 0x01CC, 0x01CC, 0x01CC, 0x01CC, 0x01CC, 0x01CC, 0x01CC,
  0x01CC, 0x01CC, 0x01CC, 0x01CC, 0x01CC, 0x01CC, 0x01CC, 0x01CC, 0x01CC, 0x01CC, 0x01CC, 0x01CC,
  0x01CC, 0x01CC, 0x01CC, 0x01CC, 0x01CC, 0x01CC, 0x01CC, 0x01CC, 0x01CC, 0x01CC, 0x01CC, 0x01CC,
  0x01CC, 0x01CC, 0x01CC, 0x01CC, 0x01CC, 0x01CC, 0x01CC, 0x01CC, 0x01CC, 0x01CC, 0x01CC, 0x01CC,
  0x01CC, 0x01CC, 0x01CC, 0x01CC, 0x01CC, 0x01CC, 0x01CC, 0x01CC, 0x01CC, 0x01CC, 0x01CC, 0x01CC,
  0x01CC, 0x01CC, 0x01CC, 0x01CC, 0x01CC, 0x01CC, 0x01CC, 0x01CC, 0x01CC, 0x01CC, 0x01CC, 0x01CC,
  0x01CC, 0x01CC, 0x01CC, 0x01CC, 0x01CC, 0x01CC, 0x01CC, 0x01CC, 0x01CC, 0x01CC, 0x01CC, 0x01CC,
  0x01CC, 0x01CC, 0x01CC, 0x01CC, 0x01CC, 0x01CC, 0x01CC, 0x01CC, 0x01CC, 0x01CC, 0x01CC, 0x01CC,
  0x01CC, 0x01CC, 0x01CC, 0x01CC, 0x01CC, 0x01CC, 0x01CC, 0x01CC, 0x01CC, 0x01CC, 0x01CC, 0x01CC,
  0x01CC, 0x01CC, 0x01CC, 0x01CC, 0x01CC, 0x01CC, 0x01CC, 0x01CC, 0x01CC, 0x01CC, 0x01CC, 0x01CC,
  0x01CC, 0x01CC, 0x01CC, 0x01CC, 0x01CC, 0x01CC, 0x01CC, 0x01CC, 0x01CC, 0x01CC, 0x01CC, 0x01CC,
  0x01CC, 0x01CC, 0x01CC, 0x01CC, 0x01CC, 0x01CC, 0x01CC, 0x01CC, 0x01CC, 0x01CC, 0x01CC, 0x01CC,
  0x01CC, 0x01CC, 0x01CC, 0x01CC, 0x01CC, 0x01CC, 0x01CC, 0x01CC, 0x01CC, 0x01CC, 0x01CC, 0x01CC,
  0x01CC, 0x01CC, 0x01CC, 0x01CC, 0x01CC, 0x01CC, 0x01CC, 0x01CC, 0x01CC, 0x01CC, 0x01CC, 0x01CC,
  0x01CC, 0x01CC, 0x01CC, 0x01CC, 0x01CC, 0x01CC, 0x01CC, 0x01CC, 0x01CC, 0x01CC, 0x01CC, 0x01CC,
  0x01CC, 0x01CC, 0x01CC, 0x01CC, 0x01CC, 0x01CC, 0x01CC, 0x01CC, 0x01CC, 0x01CC, 0x01CC, 0x01CC,
  0x01CC, 0x01CC, 0x01CC, 0x01CC, 0x01CC, 0x01CC, 0x01CC, 0x01CC, 0x01CC, 0x01CC, 0x01CC, 0x01CC,
  0x01CC, 0x01CC, 0x01CC, 0x01CC, 0x01CC, 0x01CC, 0x01CC, 0x01CC, 0x01CC, 0x01CC, 0x01CC, 0x01CC,
  0x01CC, 0x01CC, 0x01CC, 0x01CC, 0x01CC, 0x01CC, 0x01CC, 0x01CC, 0x01CC, 0x01CC, 0x01CC, 0x01CC,
  0x01CC, 0x01CC, 0x01CC, 0x01CC, 0x01CC, 0x01CC, 0x01CC, 0x01CC, 0x01CC, 0x01CC, 0x01CC, 0x01CC,
  0x01CC, 0x01CC, 0x01CC, 0x01CC, 0x01CC, 0x01CC, 0x01CC, 0x01CC, 0x01CC, 0x01CC, 0x01CC, 0x01CC,
  0x01CC, 0x01CC, 0x01CC, 0x01CC, 0x01CC, 0x01CC, 0x01CC, 0x01CC, 0x01CC, 0x01CC, 0x01CC, 0x01CC,
  0x01CC, 0x01CC, 0x01CC, 0x01CC, 0x01CC, 0x01CC, 0x01CC, 0x01CC, 0x01CC, 0x01CC, 0x01CC, 0x01CC,
  0x01CC, 0x01CC, 0x01CC, 0x01CC, 0x01CC, 0x01CC, 0x01CC, 0x01CC, 0x01CC, 0x01CC, 0x01CC, 0x01CC,
  0x01CC, 0x01CC, 0x01CC, 0x01CC, 0x01CC, 0x01CC, 0x01CC, 0x01CC, 0x01CC, 0x01CC, 0x01CC, 0x01CC,
  0x01CC, 0x01CC, 0x01CC, 0x01CC, 0x01CC, 0x01CC, 0x01CC, 0x01CC, 0x01CC, 0x01CC, 0x01CC, 0x01CC,
  0x01CC, 0x01CC, 0x01CC, 0x01CC, 0x01CC, 0x01CC, 0x01CC, 0x01CC, 0x01CC, 0x01CC, 0x01CC, 0x01CC,
  0x01CC, 0x01CC, 0x01CC, 0x01CC, 0x01CC, 0x01CC, 0x01CC, 0x01CC, 0x01CC, 0x01CC, 0x01CC, 0x01CC,
  0x01CC, 0x01CC, 0x01CC, 0x01CC, 0x01CC, 0x01CC, 0x01CC, 0x01CC, 0x01CC, 0x01CC, 0x01CC, 0x01CC,
  0x01CC, 0x01CC, 0x01CC, 0x01CC, 0x01CC, 0x01CC, 0x01CC, 0x01CC, 0x01CC, 0x01CC, 0x01CC, 0x01CC,
  0x01CC, 0x01CC, 0x01CC, 0x01CC, 0x01CC, 0x01CC, 0x01CC, 0x01CC, 0x01CC, 0x01CC, 0x01CC, 0x01CC,
  0x01CC, 0x01CC, 0x01CC, 0x01CC, 0x01CC, 0x01CC, 0x01CC, 0x01CC, 0x01CC, 0x01CC, 0x01CC, 0x01CC,
  0x01CC, 0x01CC, 0x01CC, 0x01CC, 0x01CC, 0x01CC, 0x01CC, 0x01CC, 0x01CC, 0x01CC, 0x01CC, 0x01CC,
  0x01CC, 0x01CC, 0x01CC, 0x01CC, 0x01CC, 0x01CC, 0x01CC, 0x01CC, 0x01CC, 0x01CC, 0x01CC, 0x01CC,
  0x01CC, 0x01CC, 0x01CC, 0x01CC, 0x01CC, 0x01CC, 0x01CC, 0x01CC, 0x01CC, 0x01CC, 0x01CC, 0x01CC,
  0x01CC, 0x01CC, 0x01CC, 0x01CC, 0x01CC, 0x01CC, 0x01CC, 0x01CC, 0x01CC, 0x01CC, 0x01CC, 0x01CC,
  0x01CC, 0x01CC, 0x01CC, 0x01CC, 0x01CC, 0x01CC, 0x01CC, 0x01CC, 0x01CC, 0x01CC, 0x01CC, 0x01CC,
  0x01CC, 0x01CC, 0x01CC, 0x01CC, 0x01CC, 0x01CC, 0x01CC, 0x01CC, 0x01CC, 0x01CC, 0x01CC, 0x01CC,
  0x01CC, 0x01CC, 0x01CC, 0x01CC, 0x01CC, 0x01CC, 0x01CC, 0x01CC, 0x01CC, 0x01CC, 0x01CC, 0x01CC,
  0x01CC, 0x01CC, 0x01CC, 0x01CC, 0x01CC, 0x01CC, 0x01CC, 0x01CC, 0x01CC, 0x01CC, 0x01CC, 0x01CC,
  0x01CC, 0x01CC, 0x01CC, 0x01CC, 0x01CC, 0x01CC, 0x01CC, 0x01CC, 0x01CC, 0x01CC, 0x01CC, 0x01CC,
  0x01CC, 0x01CC, 0x01CC, 0x01CC, 0x01CC, 0x01CC, 0x01CC, 0x01CC, 0x01CC, 0x01CC, 0x01CC, 0x01CC,
  0x01CC, 0x01CC, 0x01CC, 0x01CC, 0x01CC, 0x01CC, 0x01CC, 0x01CC, 0x01CC, 0x01CC, 0x01CC, 0x01CC,
  0x01CC, 0x01CC, 0x01CC, 0x01CC, 0x01CC, 0x01CC, 0x01CC, 0x01CC, 0x01CC, 0x01CC, 0x01CC, 0x01CC,
  0x01CC, 0x01CC, 0x01CC, 0x01CC, 0x01CC, 0x01CC, 0x01CC, 0x01CC, 0x01CC, 0x01CC, 0x01CC, 0x01CC,
  0x01CC, 0x01CC, 0x01CC, 0x01CC, 0x01CC, 0x01CC, 0x01CC, 0x01CC, 0x01CC, 0x01CC, 0x01CC, 0x01CC,
  0x01CC, 0x01CC, 0x01CC, 0x01CC, 0x01CC, 0x01CC, 0x01CC, 0x01CC, 0x01CC, 0x01CC, 0x01CC, 0x01CC,
  0x01CC, 0x01CC, 0x01CC, 0x01CC, 0x01CC, 0x01CC, 0x01CC, 0x01CC, 0x01CC, 0x01CC, 0x01CC, 0x01CC,
  0x01CC, 0x01CC, 0x01CC, 0x01CC, 0x01CC, 0x01CC, 0x01CC, 0x01CC, 0x01CC, 0x01CC, 0x01CC, 0x01CC,
  0x01CC, 0x01CC, 0x01CC, 0x01CC, 0x01CC, 0x01CC, 0x01CC, 0x01CC, 0x01CC, 0x01CC, 0x01CC, 0x01CC,
  0x01CC, 0x01CC, 0x01CC, 0x01CC, 0x01CC, 0x01CC, 0x01CC, 0x01CC, 0x01CC, 0x01CC, 0x01CC, 0x01CC,
  0x01CC, 0x01CC, 0x01CC, 0x01CC, 0x01CC, 0x01CC, 0x01CC, 0x01CC, 0x01CC, 0x01CC, 0x01CC, 0x01CC,
  0x01CC, 0x01CC, 0x01CC, 0x01CC, 0x01CC, 0x01CC, 0x01CC, 0x01CC, 0x01CC, 0x01CC, 0x01CC, 0x01CC,
  0x01CC, 0x01CC, 0x01CC, 0x01CC, 0x01CC, 0x01CC, 0x01CC, 0x01CC, 0x01CC, 0x01CC, 0x01CC, 0x01CC,
  0x01CC, 0x01CC, 0x01CC, 0x01CC, 0x01CC, 0x01CC, 0x01CC, 0x01CC, 0x01CC, 0x01CC, 0x01CC, 0x01CC,
  0x01CC, 0x01CC, 0x01CC, 0x01CC, 0x01CC, 0x01CC, 0x01CC, 0x01CC, 0x01CC, 0x01CC, 0x01CC, 0x01CC,
  0x01CC, 0x01CC, 0x01CC, 0x01CC, 0x01CC, 0x01CC, 0x01CC, 0x01CC, 0x01CC, 0x01CC, 0x01CC, 0x01CC,
  0x01CC, 0x01CC, 0x01CC, 0x01CC, 0x01CC, 0x01CC, 0x01CC, 0x01CC, 0x01CC, 0x01CC, 0x01CC, 0x01CC,
  0x01CC, 0x01CC, 0x01CC, 0x01CC, 0x01CC, 0x01CC, 0x01CC, 0x01CC, 0x01CC, 0x01CC, 0x01CC, 0x01CC,
  0x01CC, 0x01CC, 0x01CC, 0x01CC, 0x01CC, 0x01CC, 0x01CC, 0x01CC, 0x01CC, 0x01CC, 0x01CC, 0x01CC,
  0x01CC, 0x01CC, 0x01CC, 0x01CC, 0x01CC, 0x01CC, 0x01CC, 0x01CC, 0x01CC, 0x01CC, 0x01CC, 0x01CC,
  0x01CC, 0x01CC, 0x01CC, 0x01CC, 0x01CC, 0x01CC, 0x01CC, 0x01CC, 0x01CC, 0x01CC, 0x01CC, 0x01CC,
  0x01CC, 0x01CC, 0x01CC, 0x01CC, 0x01CC, 0x01CC, 0x01CC, 0x01CC, 0x01CC, 0x01CC, 0x01CC, 0x01CC,
  0x01CC, 0x01CC, 0x01CC, 0x01CC, 0x01CC, 0x01CC, 0x01CC, 0x01CC, 0x01CC, 0x01CC, 0x01CC, 0x01CC,
  0x01CC, 0x01CC, 0x01CC, 0x01CC, 0x01CC, 0x01CC, 0x01CC, 0x01CC, 0x01CC, 0x01CC, 0x01CC, 0x01CC,
  0x01CC, 0x01CC, 0x01CC, 0x01CC, 0x01CC, 0x01CC, 0x01CC, 0x01CC, 0x01CC, 0x01CC, 0x01CC, 0x01CC,
  0x01CC, 0x01CC, 0x01CC, 0x01CC, 0x01CC, 0x01CC, 0x01CC, 0x01CC, 0x01CC, 0x01CC, 0x01CC, 0x01CC,
  0x01CC, 0x01CC, 0x01CC, 0x01CC, 0x01CC, 0x01CC, 0x01CC, 0x01CC, 0x01CC, 0x01CC, 0x01CC, 0x01CC,
  0x01CC, 0x01CC, 0x01CC, 0x01CC, 0x01CC, 0x01CC, 0x01CC, 0x01CC, 0x01CC, 0x01CC, 0x01CC, 0x01CC,
  0x01CC, 0x01CC, 0x01CC, 0x01CC, 0x01CC, 0x01CC, 0x01CC, 0x01CC, 0x01CC, 0x01CC, 0x01CC, 0x01CC,
  0x01CC, 0x01CC, 0x01CC, 0x01CC, 0x01CC, 0x01CC, 0x01CC, 0x01CC, 0x01CC, 0x01CC, 0x01CC, 0x01CC,
  0x01CC, 0x01CC, 0x01CC, 0x01CC, 0x01CC, 0x01CC, 0x01CC, 0x01CC, 0x01CC, 0x01CC, 0x01CC, 0x01CC,
  0x01CC, 0x01CC, 0x01CC, 0x01CC, 0x01CC, 0x01CC, 0x01CC, 0x01CC, 0x01CC, 0x01CC, 0x01CC, 0x01CC,
  0x01CC, 0x01CC, 0x01CC, 0x01CC, 0x01CC, 0x01CC, 0x01CC, 0x01CC, 0x01CC, 0x01CC, 0x01CC, 0x01CC,
  0x01CC, 0x01CC, 0x01CC, 0x01CC, 0x01CC, 0x01CC, 0x01CC, 0x01CC, 0x01CC, 0x01CC, 0x01CC, 0x01CC,
  0x01CC, 0x01CC, 0x01CC, 0x01CC, 0x01CC, 0x01CC, 0x01CC, 0x01CC, 0x01CC, 0x01CC, 0x01CC, 0x01CC,
  0x01CC, 0x01CC, 0x01CC, 0x01CC, 0x01CC, 0x01CC, 0x01CC, 0x01CC, 0x01CC, 0x01CC, 0x01CC, 0x01CC,
  0x01CC, 0x01CC, 0x01CC, 0x01CC, 0x01CC, 0x01CC, 0x01CC, 0x01CC, 0x01CC, 0x01CC, 0x01CC, 0x01CC,
  0x01CC, 0x01CC, 0x01CC, 0x01CC, 0x01CC, 0x01CC, 0x01CC, 0x01CC, 0x01CC, 0x01CC, 0x01CC, 0x01CC,
  0x01CC, 0x01CC, 0x01CC, 0x01CC, 0x01CC, 0x01CC, 0x01CC, 0x01CC, 0x01CC, 0x01CC, 0x01CC, 0x01CC,
  0x01CC, 0x01CC, 0x01CC, 0x01CC, 0x01CC, 0x01CC, 0x01CC, 0x01CC, 0x01CC, 0x01CC, 0x01CC, 0x01CC,
  0x01CC, 0x01CC, 0x01CC, 0x01CC, 0x01CC, 0x01CC, 0x01CC, 0x01CC, 0x01CC, 0x01CC, 0x01CC, 0x01CC,
  0x01CC, 0x01CC, 0x01CC, 0x01CC, 0x01CC, 0x01CC, 0x01CC, 0x01CC, 0x01CC, 0x01CC, 0x01CC, 0x01CC,
  0x01CC, 0x01CC, 0x01CC, 0x01CC, 0x01CC, 0x01CC, 0x01CC, 0x01CC, 0x01CC, 0x01CC, 0x01CC, 0x01CC,
  0x01CC, 0x01CC, 0x01CC, 0x01CC, 0x01CC, 0x01CC, 0x01CC, 0x01CC, 0x01CC, 0x01CC, 0x01CC, 0x01CC,
  0x01CC, 0x01CC, 0x01CC, 0x01CC, 0x01CC, 0x01CC, 0x01CC, 0x01CC, 0x01CC, 0x01CC, 0x01CC, 0x01CC,
  0x01CC, 0x01CC, 0x01CC, 0x01CC, 0x01CC, 0x01CC, 0x01CC, 0x01CC, 0x01CC, 0x01CC, 0x01CC, 0x01CC,
  0x01CC, 0x01CC, 0x01CC, 0x01CC, 0x01CC, 0x01CC, 0x01CC, 0x01CC, 0x01CC, 0x01CC, 0x01CC, 0x01CC,
  0x01CC, 0x01CC, 0x01CC, 0x01CC, 0x01CC, 0x01CC, 0x01CC, 0x01CC, 0x01CC, 0x01CC, 0x01CC, 0x01CC,
  0x01CC, 0x01CC, 0x01CC, 0x01CC, 0x01CC, 0x01CC, 0x01CC, 0x01CC, 0x01CC, 0x01CC, 0x01CC, 0x01CC,
  0x01CC, 0x01CC, 0x01CC, 0x01CC, 0x01CC, 0x01CC, 0x01CC, 0x01CC, 0x01CC, 0x01CC, 0x01CC, 0x01CC,
  0x01CC, 0x01CC, 0x01CC, 0x01CC, 0x01CC, 0x01CC, 0x01CC, 0x01CC, 0x01CC, 0x01CC, 0x01CC, 0x01CC,
  0x01CC, 0x01CC, 0x01CC, 0x01CC, 0x01CC, 0x01CC, 0x01CC, 0x01CC, 0x01CC, 0x01CC, 0x01CC, 0x01CC,
  0x01CC, 0x01CC, 0x01CC, 0x01CC, 0x01CC, 0x01CC, 0x01CC, 0x01CC, 0x01CC, 0x01CC, 0x01CC, 0x01CC,
  0x01CC, 0x01CC, 0x01CC, 0x01CC, 0x01CC, 0x01CC, 0x01CC, 0x01CC, 0x01CC, 0x01CC, 0x01CC, 0x01CC,
  0x01CC, 0x01CC, 0x01CC, 0x01CC, 0x01CC, 0x01CC, 0x01CC, 0x01CC, 0x01CC, 0x01CC, 0x01CC, 0x01CC,
  0x01CC, 0x01CC, 0x01CC, 0x01CC, 0x01CC, 0x01CC, 0x01CC, 0x01CC, 0x01CC, 0x01CC, 0x01CC, 0x01CC,
  0x01CC, 0x01CC, 0x01CC, 0x01CC, 0x01CC, 0x01CC, 0x01CC, 0x01CC, 0x01CC, 0x01CC, 0x01CC, 0x01CC,
  0x01CC, 0x01CC, 0x01CC, 0x01CC, 0x01CC, 0x01CC, 0x01CC, 0x01CC, 0x01CC, 0x01CC, 0x01CC, 0x01CC,
  0x01CC, 0x01CC, 0x01CC, 0x01CC, 0x01CC, 0x01CC, 0x01CC, 0x01CC, 0x01CC, 0x01CC, 0x01CC, 0x01CC,
  0x01CC, 0x01CC, 0x01CC, 0x01CC, 0x01CC, 0x01CC, 0x01CC, 0x01CC, 0x01CC, 0x01CC, 0x01CC, 0x01CC,
  0x01CC, 0x01CC, 0x01CC, 0x01CC, 0x01CC, 0x01CC, 0x01CC, 0x01CC, 0x01CC, 0x01CC, 0x01CC, 0x01CC,
  0x01CC, 0x01CC, 0x01CC, 0x01CC, 0x01CC, 0x01CC, 0x01CC, 0x01CC, 0x01CC, 0x01CC, 0x01CC, 0x01CC,
  0x01CC, 0x01CC, 0x01CC, 0x01CC, 0x01CC, 0x01CC, 0x01CC, 0x01CC, 0x01CC, 0x01CC, 0x01CC, 0x01CC,
  0x01CC, 0x01CC, 0x01CC, 0x01CC, 0x01CC, 0x01CC, 0x01CC, 0x01CC, 0x01CC, 0x01CC, 0x01CC, 0x01CC,
  0x01CC, 0x01CC, 0x01CC, 0x01CC, 0x01CC, 0x01CC, 0x01CC, 0x01CC, 0x01CC, 0x01CC, 0x01CC, 0x01CC,
  0x01CC, 0x01CC, 0x01CC, 0x01CC, 0x01CC, 0x01CC, 0x01CC, 0x01CC, 0x01CC, 0x01CC, 0x01CC, 0x01CC,
  0x01CC, 0x01CC, 0x01CC, 0x01CC, 0x01CC, 0x01CC, 0x01CC, 0x01CC, 0x01CC, 0x01CC, 0x01CC, 0x01CC,
  0x01CC, 0x01CC, 0x01CC, 0x01CC, 0x01CC, 0x01CC, 0x01CC, 0x01CC, 0x01CC, 0x01CC, 0x01CC, 0x01CC,
  0x01CC, 0x01CC, 0x01CC, 0x01CC, 0x01CC, 0x01CC, 0x01CC, 0x01CC, 0x01CC, 0x01CC, 0x01CC, 0x01CC,
  0x01CC, 0x01CC, 0x01CC, 0x01CC, 0x01CC, 0x01CC, 0x01CC, 0x01CC, 0x01CC, 0x01CC, 0x01CC, 0x01CC,
  0x01CC, 0x01CC, 0x01CC, 0x01CC, 0x01CC, 0x01CC, 0x01CC, 0x01CC, 0x01CC, 0x01CC, 0x01CC, 0x01CC,
  0x01CC, 0x01CC, 0x01CC, 0x01CC, 0x01CC, 0x01CC, 0x01CC, 0x01CC, 0x01CC, 0x01CC, 0x01CC, 0x01CC,
  0x01CC, 0x01CC, 0x01CC, 0x01CC, 0x01CC, 0x01CC, 0x01CC, 0x01CC, 0x01CC, 0x01CC, 0x01CC, 0x01CC,
  0x01CC, 0x01CC, 0x01CC, 0x01CC, 0x01CC, 0x01CC, 0x01CC, 0x01CC, 0x01CC, 0x01CC, 0x01CC, 0x01CC,
  0x01CC, 0x01CC, 0x01CC, 0x01CC, 0x01CC, 0x01CC, 0x01CC, 0x01CC, 0x01CC, 0x01CC, 0x01CC, 0x01CC,
  0x01CC, 0x01CC, 0x01CC, 0x01CC, 0x01CC, 0x01CC, 0x01CC, 0x01CC, 0x01CC, 0x01CC, 0x01CC, 0x01CC,
  0x01CC, 0x01CC, 0x01CC, 0x01CC, 0x01CC, 0x01CC, 0x01CC, 0x01CC, 0x01CC, 0x01CC, 0x01CC, 0x01CC,
  0x01CC, 0x01CC, 0x01CC, 0x01CC, 0x01CC, 0x01CC, 0x01CC, 0x01CC, 0x01CC, 0x01CC, 0x01CC, 0x01CC,
  0x01CC, 0x01CC, 0x01CC, 0x01CC, 0x01CC, 0x01CC, 0x01CC, 0x01CC, 0x01CC, 0x01CC, 0x01CC, 0x01CC,
  0x01CC, 0x01CC, 0x01CC, 0x01CC, 0x01CC, 0x01CC, 0x01CC, 0x01CC, 0x01CC, 0x01CC, 0x01CC, 0x01CC,
  0x01CC, 0x01CC, 0x01CC, 0x01CC, 0x01CC, 0x01CC, 0x01CC, 0x01CC, 0x01CC, 0x01CC, 0x01CC, 0x01CC,
  0x01CC, 0x01CC, 0x01CC, 0x01CC, 0x01CC, 0x01CC, 0x01CC, 0x01CC, 0x01CC, 0x01CC, 0x01CC, 0x01CC,
  0x01CC, 0x01CC, 0x01CC, 0x01CC, 0x01CC, 0x01CC, 0x01CC, 0x01CC, 0x01CC, 0x01CC, 0x01CC, 0x01CC,
  0x01CC, 0x01CC, 0x01CC, 0x01CC, 0x01CC, 0x01CC, 0x01CC, 0x01CC, 0x01CC, 0x01CC, 0x01CC, 0x01CC,
  0x01CC, 0x01CC, 0x01CC, 0x01CC, 0x01CC, 0x01CC, 0x01CC, 0x01CC, 0x01CC, 0x01CC, 0x01CC, 0x01CC,
  0x01CC, 0x01CC, 0x01CC, 0x01CC, 0x01CC, 0x01CC, 0x01CC, 0x01CC, 0x01CC, 0x01CC, 0x01CC, 0x01CC,
  0x01CC, 0x01CC, 0x01CC, 0x01CC, 0x01CC, 0x01CC, 0x01CC, 0x01CC, 0x01CC, 0x01CC, 0x01CC, 0x01CC,
  0x01CC, 0x01CC, 0x01CC, 0x01CC, 0x01CC, 0x01CC, 0x01CC, 0x01CC, 0x01CC, 0x01CC, 0x01CC, 0x01CC,
  0x01CC, 0x01CC, 0x01CC, 0x01CC, 0x01CC, 0x01CC, 0x01CC, 0x01CC, 0x01CC, 0x01CC, 0x01CC, 0x01CC,
  0x01CC, 0x01CC, 0x01CC, 0x01CC, 0x01CC, 0x01CC, 0x01CC, 0x01CC, 0x01CC, 0x01CC, 0x01CC, 0x01CC,
  0x01CC, 0x01CC, 0x01CC, 0x01CC, 0x01CC, 0x01CC, 0x01CC, 0x01CC, 0x01CC, 0x01CC, 0x01CC, 0x01CC,
  0x01CC, 0x01CC, 0x01CC, 0x01CC, 0x01CC, 0x01CC, 0x01CC, 0x01CC, 0x01CC, 0x01CC, 0x01CC, 0x01CC,
  0x01CC, 0x01CC, 0x01CC, 0x01CC, 0x01CC, 0x01CC, 0x01CC, 0x01CC, 0x01CC, 0x01CC, 0x01CC, 0x01CC,
  0x01CC, 0x01CC, 0x01CC, 0x01CC, 0x01CC, 0x01CC, 0x01CC, 0x01CC, 0x01CC, 0x01CC, 0x01CC, 0x01CC,
  0x01CC, 0x01CC, 0x01CC, 0x01CC, 0x01CC, 0x01CC, 0x01CC, 0x01CC, 0x01CC, 0x01CC, 0x01CC, 0x01CC,
  0x01CC, 0x01CC, 0x01CC, 0x01CC, 0x01CC, 0x01CC, 0x01CC, 0x01CC, 0x01CC, 0x01CC, 0x01CC, 0x01CC,
  0x01CC, 0x01CC, 0x01CC, 0x01CC, 0x01CC, 0x01CC, 0x01CC, 0x01CC, 0x01CC, 0x01CC, 0x01CC, 0x01CC,
  0x01CC, 0x01CC, 0x01CC, 0x01CC, 0x01CC, 0x01CC, 0x01CC, 0x01CC, 0x01CC, 0x01CC, 0x01CC, 0x01CC,
  0x01CC, 0x01CC, 0x01CC, 0x01CC, 0x01CC, 0x01CC, 0x01CC, 0x01CC, 0x01CC, 0x01CC, 0x01CC, 0x01CC,
  0x01CC, 0x01CC, 0x01CC, 0x01CC, 0x01CC, 0x01CC, 0x01CC, 0x01CC, 0x01CC, 0x01CC, 0x01CC, 0x01CC,
  0x01CC, 0x01CC, 0x01CC, 0x01CC, 0x01CC, 0x01CC, 0x01CC, 0x01CC, 0x01CC, 0x01CC, 0x01CC, 0x01CC,
  0x01CC, 0x01CC, 0x01CC, 0x01CC, 0x01CC, 0x01CC, 0x01CC, 0x01CC, 0x01CC, 0x01CC, 0x01CC, 0x01CC,
  0x01CC, 0x01CC, 0x01CC, 0x01CC, 0x01CC, 0x01CC, 0x01CC, 0x01CC, 0x01CC, 0x01CC, 0x01CC, 0x01CC,
  0x01CC, 0x01CC, 0x01CC, 0x01CC, 0x01CC, 0x01CC, 0x01CC, 0x01CC, 0x01CC, 0x01CC, 0x01CC, 0x01CC,
  0x01CC, 0x01CC, 0x01CC, 0x01CC, 0x01CC, 0x01CC, 0x01CC, 0x01CC, 0x01CC, 0x01CC, 0x01CC, 0x01CC,
  0x01CC, 0x01CC, 0x01CC, 0x01CC, 0x01CC, 0x01CC, 0x01CC, 0x01CC, 0x01CC, 0x01CC, 0x01CC, 0x01CC,
  0x01CC, 0x01CC, 0x01CC, 0x01CC, 0x01CC, 0x01CC, 0x01CC, 0x01CC, 0x01CC, 0x01CC, 0x01CC, 0x01CC,
  0x01CC, 0x01CC, 0x01CC, 0x01CC, 0x01CC, 0x01CC, 0x01CC, 0x01CC, 0x01CC, 0x01CC, 0x01CC, 0x01CC,
  0x01CC, 0x01CC, 0x01CC, 0x01CC, 0x01CC, 0x01CC, 0x01CC, 0x01CC, 0x01CC, 0x01CC, 0x01CC, 0x01CC,
  0x01CC, 0x01CC, 0x01CC, 0x01CC, 0x01CC, 0x01CC, 0x01CC, 0x01CC, 0x01CC, 0x01CC, 0x01CC, 0x01CC,
  0x01CC, 0x01CC, 0x01CC, 0x01CC, 0x01CC, 0x01CC, 0x01CC, 0x01CC, 0x01CC, 0x01CC, 0x01CC, 0x01CC,
  0x01CC, 0x01CC, 0x01CC, 0x01CC, 0x01CC, 0x01CC, 0x01CC, 0x01CC, 0x01CC, 0x01CC, 0x01CC, 0x01CC,
  0x01CC, 0x01CC, 0x01CC, 0x01CC, 0x01CC, 0x01CC, 0x01CC, 0x01CC, 0x01CC, 0x01CC, 0x01CC, 0x01CC,
  0x01CC, 0x01CC, 0x01CC, 0x01CC, 0x01CC, 0x01CC, 0x01CC, 0x01CC, 0x01CC, 0x01CC, 0x01CC, 0x01CC,
  0x01CC, 0x01CC, 0x01CC, 0x01CC, 0x01CC, 0x01CC, 0x01CC, 0x01CC, 0x01CC, 0x01CC, 0x01CC, 0x01CC,
  0x01CC, 0x01CC, 0x01CC, 0x01CC, 0x01CC, 0x01CC, 0x01CC, 0x01CC, 0x01CC, 0x01CC, 0x01CC, 0x01CC,
  0x01CC, 0x01CC, 0x01CC, 0x01CC, 0x01CC, 0x01CC, 0x01CC, 0x01CC, 0x01CC, 0x01CC, 0x01CC, 0x01CC,
  0x01CC, 0x01CC, 0x01CC, 0x01CC, 0x01CC, 0x01CC, 0x01CC, 0x01CC, 0x01CC, 0x01CC, 0x01CC, 0x01CC,
  0x01CC, 0x01CC, 0x01CC, 0x01CC, 0x01CC, 0x01CC, 0x01CC, 0x01CC, 0x01CC, 0x01CC, 0x01CC, 0x01CC,
  0x01CC, 0x01CC, 0x01CC, 0x01CC, 0x01CC, 0x01CC, 0x01CC, 0x01CC, 0x01CC, 0x01CC, 0x01CC, 0x01CC,
  0x01CC, 0x01CC, 0x01CC, 0x01CC, 0x01CC, 0x01CC, 0x01CC, 0x01CC, 0x01CC, 0x01CC, 0x01CC, 0x01CC,
  0x01CC, 0x01CC, 0x01CC, 0x01CC, 0x01CC, 0x01CC, 0x01CC, 0x01CC, 0x01CC, 0x01CC, 0x01CC, 0x01CC,
  0x01CC, 0x01CC, 0x01CC, 0x01CC, 0x01CC, 0x01CC, 0x01CC, 0x01CC, 0x01CC, 0x01CC, 0x01CC, 0x01CC,
  0x01CC, 0x01CC, 0x01CC, 0x01CC, 0x01CC, 0x01CC, 0x01CC, 0x01CC, 0x01CC, 0x01CC, 0x01CC, 0x01CC,
  0x01CC, 0x01CC, 0x01CC, 0x01CC, 0x01CC, 0x01CC, 0x01CC, 0x01CC, 0x01CC, 0x01CC, 0x01CC, 0x01CC,
  0x01CC, 0x01CC, 0x01CC, 0x01CC, 0x01CC, 0x01CC, 0x01CC, 0x01CC, 0x01CC, 0x01CC, 0x01CC, 0x01CC,
  0x01CC, 0x01CC, 0x01CC, 0x01CC, 0x01CC, 0x01CC, 0x01CC, 0x01CC, 0x01CC, 0x01CC, 0x01CC, 0x01CC,
  0x01CC, 0x01CC, 0x01CC, 0x01CC, 0x01CC, 0x01CC, 0x01CC, 0x01CC, 0x01CC, 0x01CC, 0x01CC, 0x01CC,
  0x01CC, 0x01CC, 0x01CC, 0x01CC, 0x01CC, 0x01CC, 0x01CC, 0x01CC, 0x01CC, 0x01CC, 0x01CC, 0x01CC,
  0x01CC, 0x01CC, 0x01CC, 0x01CC, 0x01CC, 0x01CC, 0x01CC, 0x01CC, 0x01CC, 0x01CC, 0x01CC, 0x01CC,
  0x01CC, 0x01CC, 0x01CC, 0x01CC, 0x01CC, 0x01CC, 0x01CC, 0x01CC, 0x01CC, 0x01CC, 0x01CC, 0x01CC,
  0x01CC, 0x01CC, 0x01CC, 0x01CC, 0x01CC, 0x01CC, 0x01CC, 0x01CC, 0x01CC, 0x01CC, 0x01CC, 0x01CC,
  0x01CC, 0x01CC, 0x01CC, 0x01CC, 0x01CC, 0x01CC, 0x01CC, 0x01CC, 0x01CC, 0x01CC, 0x01CC, 0x01CC,
  0x01CC, 0x01CC, 0x01CC, 0x01CC, 0x01CC, 0x01CC, 0x01CC, 0x01CC, 0x01CC, 0x01CC, 0x01CC, 0x01CC,
  0x01CC, 0x01CC, 0x01CC, 0x01CC, 0x01CC, 0x01CC, 0x01CC, 0x01CC, 0x01CC, 0x01CC, 0x01CC, 0x01CC,
  0x01CC, 0x01CC, 0x01CC, 0x01CC, 0x01CC, 0x01CC, 0x01CC, 0x01CC, 0x01CC, 0x01CC, 0x01CC, 0x01CC,
  0x01CC, 0x01CC, 0x01CC, 0x01CC, 0x01CC, 0x01CC, 0x01CC, 0x01CC, 0x01CC, 0x01CC, 0x01CC, 0x01CC,
  0x01CC, 0x01CC, 0x01CC, 0x01CC, 0x01CC, 0x01CC, 0x01CC, 0x01CC, 0x01CC, 0x01CC, 0x01CC, 0x01CC,
  0x01CC, 0x01CC, 0x01CC, 0x01CC, 0x01CC, 0x01CC, 0x01CC, 0x01CC, 0x01CC, 0x01CC, 0x01CC, 0x01CC,
  0x01CC, 0x01CC, 0x01CC, 0x01CC, 0x01CC, 0x01CC, 0x01CC, 0x01CC, 0x01CC, 0x01CC, 0x01CC, 0x01CC,
  0x01CC, 0x01CC, 0x01CC, 0x01CC, 0x01CC, 0x01CC, 0x01CC, 0x01CC, 0x01CC, 0x01CC, 0x01CC, 0x01CC,
  0x01CC, 0x01CC, 0x01CC, 0x01CC, 0x01CC, 0x01CC, 0x01CC, 0x01CC, 0x01CC, 0x01CC, 0x01CC, 0x01CC,
  0x01CC, 0x01CC, 0x01CC, 0x01CC, 0x01CC, 0x01CC, 0x01CC, 0x01CC, 0x01CC, 0x01CC, 0x01CC, 0x01CC,
  0x01CC, 0x01CC, 0x01CC, 0x01CC, 0x01CC, 0x01CC, 0x01CC, 0x01CC, 0x01CC, 0x01CC, 0x01CC, 0x01CC,
  0x01CC, 0x01CC, 0x01CC, 0x01CC, 0x01CC, 0x01CC, 0x01CC, 0x01CC, 0x01CC, 0x01CC, 0x01CC, 0x01CC,
  0x01CC, 0x01CC, 0x01CC, 0x01CC, 0x01CC, 0x01CC, 0x01CC, 0x01CC, 0x01CC, 0x01CC, 0x01CC, 0x01CC,
  0x01CC, 0x01CC, 0x01CC, 0x01CC, 0x01CC, 0x01CC, 0x01CC, 0x01CC, 0x01CC, 0x01CC, 0x01CC, 0x01CC,
  0x01CC, 0x01CC, 0x01CC, 0x01CC, 0x01CC, 0x01CC, 0x01CC, 0x01CC, 0x01CC, 0x01CC, 0x01CC, 0x01CC,
  0x01CC, 0x01CC, 0x01CC, 0x01CC, 0x01CC, 0x01CC, 0x01CC, 0x01CC, 0x01CC, 0x01CC, 0x01CC, 0x01CC,
  0x01CC, 0x01CC, 0x01CC, 0x01CC, 0x01CC, 0x01CC, 0x01CC, 0x01CC, 0x01CC, 0x01CC, 0x01CC, 0x01CC,
  0x01CC, 0x01CC, 0x01CC, 0x01CC, 0x01CC, 0x01CC, 0x01CC, 0x01CC, 0x01CC, 0x01CC, 0x01CC, 0x01CC,
  0x01CC, 0x01CC, 0x01CC, 0x01CC, 0x01CC, 0x01CC, 0x01CC, 0x01CC, 0x01CC, 0x01CC, 0x01CC, 0x01CC,
  0x01CC, 0x01CC, 0x01CC, 0x01CC, 0x01CC, 0x01CC, 0x01CC, 0x01CC, 0x01CC, 0x01CC, 0x01CC, 0x01CC,
  0x01CC, 0x01CC, 0x01CC, 0x01CC, 0x01CC, 0x01CC, 0x01CC, 0x01CC, 0x01CC, 0x01CC, 0x01CC, 0x01CC,
  0x01CC, 0x01CC, 0x01CC, 0x01CC, 0x01CC, 0x01CC, 0x01CC, 0x01CC, 0x01CC, 0x01CC, 0x01CC, 0x01CC,
  0x01CC, 0x01CC, 0x01CC, 0x01CC, 0x01CC, 0x01CC, 0x01CC, 0x01CC, 0x01CC, 0x01CC, 0x01CC, 0x01CC,
  0x01CC, 0x01CC, 0x01CC, 0x01CC, 0x01CC, 0x01CC, 0x01CC, 0x01CC, 0x01CC, 0x01CC, 0x01CC, 0x01CC,
  0x01CC, 0x01CC, 0x01CC, 0x01CC, 0x01CC, 0x01CC, 0x01CC, 0x01CC, 0x01CC, 0x01CC, 0x01CC, 0x01CC,
  0x01CC, 0x01CC, 0x01CC, 0x01CC, 0x01CC, 0x01CC, 0x01CC, 0x01CC, 0x01CC, 0x01CC, 0x01CC, 0x01CC,
  0x01CC, 0x01CC, 0x01CC, 0x01CC, 0x01CC, 0x01CC, 0x01CC, 0x01CC, 0x01CC, 0x01CC, 0x01CC, 0x01CC,
  0x01CC, 0x01CC, 0x01CC, 0x01CC, 0x01CC, 0x01CC, 0x01CC, 0x01CC, 0x01CC, 0x01CC, 0x01CC, 0x01CC,
  0x01CC, 0x01CC, 0x01CC, 0x01CC, 0x01CC, 0x01CC, 0x01CC, 0x01CC, 0x01CC, 0x01CC, 0x01CC, 0x01CC,
  0x01CC, 0x01CC, 0x01CC, 0x01CC, 0x01CC, 0x01CC, 0x01CC, 0x01CC, 0x01CC, 0x01CC, 0x01CC, 0x01CC,
  0x01CC, 0x01CC, 0x01CC, 0x01CC, 0x01CC, 0x01CC, 0x01CC, 0x01CC, 0x01CC, 0x01CC, 0x01CC, 0x01CC,
  0x01CC, 0x01CC, 0x01CC, 0x01CC, 0x01CC, 0x01CC, 0x01CC, 0x01CC, 0x01CC, 0x01CC, 0x01CC, 0x01CC,
  0x01CC, 0x01CC, 0x01CC, 0x01CC, 0x01CC, 0x01CC, 0x01CC, 0x01CC, 0x01CC, 0x01CC, 0x01CC, 0x01CC,
  0x01CC, 0x01CC, 0x01CC, 0x01CC, 0x01CC, 0x01CC, 0x01CC, 0x01CC, 0x01CC, 0x01CC, 0x01CC, 0x01CC,
  0x01CC, 0x01CC, 0x01CC, 0x01CC, 0x01CC, 0x01CC, 0x01CC, 0x01CC, 0x01CC, 0x01CC, 0x01CC, 0x01CC,
  0x01CC, 0x01CC, 0x01CC, 0x01CC, 0x01CC, 0x01CC, 0x01CC, 0x01CC, 0x01CC, 0x01CC, 0x01CC, 0x01CC,
  0x01CC, 0x01CC, 0x01CC, 0x01CC, 0x01CC, 0x01CC, 0x01CC, 0x01CC, 0x01CC, 0x01CC, 0x01CC, 0x01CC,
  0x01CC, 0x01CC, 0x01CC, 0x01CC, 0x01CC, 0x01CC, 0x01CC, 0x01CC, 0x01CC, 0x01CC, 0x01CC, 0x01CC,
  0x01CC, 0x01CC, 0x01CC, 0x01CC, 0x01CC, 0x01CC, 0x01CC, 0x01CC, 0x01CC, 0x01CC, 0x01CC, 0x01CC,
  0x01CC, 0x01CC, 0x01CC, 0x01CC, 0x01CC, 0x01CC, 0x01CC, 0x01CC, 0x01CC, 0x01CC, 0x01CC, 0x01CC,
  0x01CC, 0x01CC, 0x01CC, 0x01CC, 0x01CC, 0x01CC, 0x01CC, 0x01CC, 0x01CC, 0x01CC, 0x01CC, 0x01CC,
  0x01CC, 0x01CC, 0x01CC, 0x01CC, 0x01CC, 0x01CC, 0x01CC, 0x01CC, 0x01CC, 0x01CC, 0x01CC, 0x01CC,
  0x01CC, 0x01CC, 0x01CC, 0x01CC, 0x01CC, 0x01CC, 0x01CC, 0x01CC, 0x01CC, 0x01CC, 0x01CC, 0x01CC,
  0x01CC, 0x01CC, 0x01CC, 0x01CC, 0x01CC, 0x01CC, 0x01CC, 0x01CC, 0x01CC, 0x01CC, 0x01CC, 0x01CC,
  0x01CC, 0x01CC, 0x01CC, 0x01CC, 0x01CC, 0x01CC, 0x01CC, 0x01CC, 0x01CC, 0x01CC, 0x01CC, 0x01CC,
  0x01CC, 0x01CC, 0x01CC, 0x01CC, 0x01CC, 0x01CC, 0x01CC, 0x01CC, 0x01CC, 0x01CC, 0x01CC, 0x01CC,
  0x01CC, 0x01CC, 0x01CC, 0x01CC, 0x01CC, 0x01CC, 0x01CC, 0x01CC, 0x01CC, 0x01CC, 0x01CC, 0x01CC,
  0x01CC, 0x01CC, 0x01CC, 0x01CC, 0x01CC, 0x01CC, 0x01CC, 0x01CC, 0x01CC, 0x01CC, 0x01CC, 0x01CC,
  0x01CC, 0x01CC, 0x01CC, 0x01CC, 0x01CC, 0x01CC, 0x01CC, 0x01CC, 0x01CC, 0x01CC, 0x01CC, 0x01CC,
  0x01CC, 0x01CC, 0x01CC, 0x01CC, 0x01CC, 0x01CC, 0x01CC, 0x01CC, 0x01CC, 0x01CC, 0x01CC, 0x01CC,
  0x01CC, 0x01CC, 0x01CC, 0x01CC, 0x01CC, 0x01CC, 0x01CC, 0x01CC, 0x01CC, 0x01CC, 0x01CC, 0x01CC,
  0x01CC, 0x01CC, 0x01CC, 0x01CC, 0x01CC, 0x01CC, 0x01CC, 0x01CC, 0x01CC, 0x01CC, 0x01CC, 0x01CC,
  0x01CC, 0x01CC, 0x01CC, 0x01CC, 0x01CC, 0x01CC, 0x01CC, 0x01CC, 0x01CC, 0x01CC, 0x01CC, 0x01CC,
  0x01CC, 0x01CC, 0x01CC, 0x01CC, 0x01CC, 0x01CC, 0x01CC, 0x01CC, 0x01CC, 0x01CC, 0x01CC, 0x01CC,
  0x01CC, 0x01CC, 0x01CC, 0x01CC, 0x01CC, 0x01CC, 0x01CC, 0x01CC, 0x01CC, 0x01CC, 0x01CC, 0x01CC,
  0x01CC, 0x01CC, 0x01CC, 0x01CC, 0x01CC, 0x01CC, 0x01CC, 0x01CC, 0x01CC, 0x01CC, 0x01CC, 0x01CC,
  0x01CC, 0x01CC, 0x01CC, 0x01CC, 0x01CC, 0x01CC, 0x01CC, 0x01CC, 0x01CC, 0x01CC, 0x01CC, 0x01CC,
  0x01CC, 0x01CC, 0x01CC, 0x01CC, 0x01CC, 0x01CC, 0x01CC, 0x01CC, 0x01CC, 0x01CC, 0x01CC, 0x01CC,
  0x01CC, 0x01CC, 0x01CC, 0x01CC, 0x01CC, 0x01CC, 0x01CC, 0x01CC, 0x01CC, 0x01CC, 0x01CC, 0x01CC,
  0x01CC, 0x01CC, 0x01CC, 0x01CC, 0x01CC, 0x01CC, 0x01CC, 0x01CC, 0x01CC, 0x01CC, 0x01CC, 0x01CC,
  0x01CC, 0x01CC, 0x01CC, 0x01CC, 0x01CC, 0x01CC, 0x01CC, 0x01CC, 0x01CC, 0x01CC, 0x01CC, 0x01CC,
  0x01CC, 0x01CC, 0x01CC, 0x01CC, 0x01CC, 0x01CC, 0x01CC, 0x01CC, 0x01CC, 0x01CC, 0x01CC, 0x01CC,
  0x01CC, 0x01CC, 0x01CC, 0x01CC, 0x01CC, 0x01CC, 0x01CC, 0x01CC, 0x01CC, 0x01CC, 0x01CC, 0x01CC,
  0x01CC, 0x01CC, 0x01CC, 0x01CC, 0x01CC, 0x01CC, 0x01CC, 0x01CC, 0x01CC, 0x01CC, 0x01CC, 0x01CC,
  0x01CC, 0x01CC, 0x01CC, 0x01CC, 0x01CC, 0x01CC, 0x01CC, 0x01CC, 0x01CC, 0x01CC, 0x01CC, 0x01CC,
  0x01CC, 0x01CC, 0x01CC, 0x01CC, 0x01CC, 0x01CC, 0x01CC, 0x01CC, 0x01CC, 0x01CC, 0x01CC, 0x01CC,
  0x01CC, 0x01CC, 0x01CC, 0x01CC, 0x01CC, 0x01CC, 0x01CC, 0x01CC, 0x01CC, 0x01CC, 0x01CC, 0x01CC,
  0x01CC, 0x01CC, 0x01CC, 0x01CC, 0x01CC, 0x01CC, 0x01CC, 0x01CC, 0x01CC, 0x01CC, 0x01CC, 0x01CC,
  0x01CC, 0x01CC, 0x01CC, 0x01CC, 0x01CC, 0x01CC, 0x01CC, 0x01CC, 0x01CC, 0x01CC, 0x01CC, 0x01CC,
  0x01CC, 0x01CC, 0x01CC, 0x01CC, 0x01CC, 0x01CC, 0x01CC, 0x01CC, 0x01CC, 0x01CC, 0x01CC, 0x01CC,
  0x01CC, 0x01CC, 0x01CC, 0x01CC, 0x01CC, 0x01CC, 0x01CC, 0x01CC, 0x01CC, 0x01CC, 0x01CC, 0x01CC,
  0x01CC, 0x01CC, 0x01CC, 0x01CC, 0x01CC, 0x01CC, 0x01CC, 0x01CC, 0x01CC, 0x01CC, 0x01CC, 0x01CC,
  0x01CC, 0x01CC, 0x01CC, 0x01CC, 0x01CC, 0x01CC, 0x01CC, 0x01CC, 0x01CC, 0x01CC, 0x01CC, 0x01CC,
  0x01CC, 0x01CC, 0x01CC, 0x01CC, 0x01CC, 0x01CC, 0x01CC, 0x01CC, 0x01CC, 0x01CC, 0x01CC, 0x01CC,
  0x01CC, 0x01CC, 0x01CC, 0x01CC, 0x01CC, 0x01CC, 0x01CC, 0x01CC, 0x01CC, 0x01CC, 0x01CC, 0x01CC,
  0x01CC, 0x01CC, 0x01CC, 0x01CC, 0x01CC, 0x01CC, 0x01CC, 0x01CC, 0x01CC, 0x01CC, 0x01CC, 0x01CC,
  0x01CC, 0x01CC, 0x01CC, 0x01CC, 0x01CC, 0x01CC, 0x01CC, 0x01CC, 0x01CC, 0x01CC, 0x01CC, 0x01CC,
  0x01CC, 0x01CC, 0x01CC, 0x01CC, 0x01CC, 0x01CC, 0x01CC, 0x01CC, 0x01CC, 0x01CC, 0x01CC, 0x01CC,
  0x01CC, 0x01CC, 0x01CC, 0x01CC, 0x01CC, 0x01CC, 0x01CC, 0x01CC, 0x01CC, 0x01CC, 0x01CC, 0x01CC,
  0x01CC, 0x01CC, 0x01CC, 0x01CC, 0x01CC, 0x01CC, 0x01CC, 0x01CC, 0x01CC, 0x01CC, 0x01CC, 0x01CC,
  0x01CC, 0x01CC, 0x01CC, 0x01CC, 0x01CC, 0x01CC, 0x01CC, 0x01CC, 0x01CC, 0x01CC, 0x01CC, 0x01CC,
  0x01CC, 0x01CC, 0x01CC, 0x01CC, 0x01CC, 0x01CC, 0x01CC, 0x01CC, 0x01CC, 0x01CC, 0x01CC, 0x01CC,
  0x01CC, 0x01CC, 0x01CC, 0x01CC, 0x01CC, 0x01CC, 0x01CC, 0x01CC, 0x01CC, 0x01CC, 0x01CC, 0x01CC,
  0x01CC, 0x01CC, 0x01CC, 0x01CC, 0x01CC, 0x01CC, 0x01CC, 0x01CC, 0x01CC, 0x01CC, 0x01CC, 0x01CC,
  0x01CC, 0x01CC, 0x01CC, 0x01CC, 0x01CC, 0x01CC, 0x01CC, 0x01CC, 0x01CC, 0x01CC, 0x01CC, 0x01CC,
  0x01CC, 0x01CC, 0x01CC, 0x01CC, 0x01CC, 0x01CC, 0x01CC, 0x01CC, 0x01CC, 0x01CC, 0x01CC, 0x01CC,
  0x01CC, 0x01CC, 0x01CC, 0x01CC, 0x01CC, 0x01CC, 0x01CC, 0x01CC, 0x01CC, 0x01CC, 0x01CC, 0x01CC,
  0x01CC, 0x01CC, 0x01CC, 0x01CC, 0x01CC, 0x01CC, 0x01CC, 0x01CC, 0x01CC, 0x01CC, 0x01CC, 0x01CC,
  0x01CC, 0x01CC, 0x01CC, 0x01CC, 0x01CC, 0x01CC, 0x01CC, 0x01CC, 0x01CC, 0x01CC, 0x01CC, 0x01CC,
  0x01CC, 0x01CC, 0x01CC, 0x01CC, 0x01CC, 0x01CC, 0x01CC, 0x01CC, 0x01CC, 0x01CC, 0x01CC, 0x01CC,
  0x01CC, 0x01CC, 0x01CC, 0x01CC, 0x01CC, 0x01CC, 0x01CC, 0x01CC, 0x01CC, 0x01CC, 0x01CC, 0x01CC,
  0x01CC, 0x01CC, 0x01CC, 0x01CC, 0x01CC, 0x01CC, 0x01CC, 0x01CC, 0x01CC, 0x01CC, 0x01CC, 0x01CC,
  0x01CC, 0x01CC, 0x01CC, 0x01CC, 0x01CC, 0x01CC, 0x01CC, 0x01CC, 0x01CC, 0x01CC, 0x01CC, 0x01CC,
  0x01CC, 0x01CC, 0x01CC, 0x01CC, 0x01CC, 0x01CC, 0x01CC, 0x01CC, 0x01CC, 0x01CC, 0x01CC, 0x01CC,
  0x01CC, 0x01CC, 0x01CC, 0x01CC, 0x01CC, 0x01CC, 0x01CC, 0x01CC, 0x01CC, 0x01CC, 0x01CC, 0x01CC,
  0x01CC, 0x01CC, 0x01CC, 0x01CC, 0x01CC, 0x01CC, 0x01CC, 0x01CC, 0x01CC, 0x01CC, 0x01CC, 0x01CC,
  0x01CC, 0x01CC, 0x01CC, 0x01CC, 0x01CC, 0x01CC, 0x01CC, 0x01CC, 0x01CC, 0x01CC, 0x01CC, 0x01CC,
  0x01CC, 0x01CC, 0x01CC, 0x01CC, 0x01CC, 0x01CC, 0x01CC, 0x01CC, 0x01CC, 0x01CC, 0x01CC, 0x01CC,
  0x01CC, 0x01CC, 0x01CC, 0x01CC, 0x01CC, 0x01CC, 0x01CC, 0x01CC, 0x01CC, 0x01CC, 0x01CC, 0x01CC,
  0x01CC, 0x01CC, 0x01CC, 0x01CC, 0x01CC, 0x01CC, 0x01CC, 0x01CC, 0x01CC, 0x01CC, 0x01CC, 0x01CC,
  0x01CC, 0x01CC, 0x01CC, 0x01CC, 0x01CC, 0x01CC, 0x01CC, 0x01CC, 0x01CC, 0x01CC, 0x01CC, 0x01CC,
  0x01CC, 0x01CC, 0x01CC, 0x01CC, 0x01CC, 0x01CC, 0x01CC, 0x01CC, 0x01CC, 0x01CC, 0x01CC, 0x01CC,
  0x01CC, 0x01CC, 0x01CC, 0x01CC, 0x01CC, 0x01CC, 0x01CC, 0x01CC, 0x01CC, 0x01CC, 0x01CC, 0x01CC,
  0x01CC, 0x01CC, 0x01CC, 0x01CC, 0x01CC, 0x01CC, 0x01CC, 0x01CC, 0x01CC, 0x01CC, 0x01CC, 0x01CC,
  0x01CC, 0x01CC, 0x01CC, 0x01CC, 0x01CC, 0x01CC, 0x01CC, 0x01CC, 0x01CC, 0x01CC, 0x01CC, 0x01CC,
  0x01CC, 0x01CC, 0x01CC, 0x01CC, 0x01CC, 0x01CC, 0x01CC, 0x01CC, 0x01CC, 0x01CC, 0x01CC, 0x01CC,
  0x01CC, 0x01CC, 0x01CC, 0x01CC, 0x01CC, 0x01CC, 0x01CC, 0x01CC, 0x01CC, 0x01CC, 0x01CC, 0x01CC,
  0x01CC, 0x01CC, 0x01CC, 0x01CC, 0x01CC, 0x01CC, 0x01CC, 0x01CC, 0x01CC, 0x01CC, 0x01CC, 0x01CC,
  0x01CC, 0x01CC, 0x01CC, 0x01CC, 0x01CC, 0x01CC, 0x01CC, 0x01CC, 0x01CC, 0x01CC, 0x01CC, 0x01CC,
  0x01CC, 0x01CC, 0x01CC, 0x01CC, 0x01CC, 0x01CC, 0x01CC, 0x01CC, 0x01CC, 0x01CC, 0x01CC, 0x01CC,
  0x01CC, 0x01CC, 0x01CC, 0x01CC, 0x01CC, 0x01CC, 0x01CC, 0x01CC, 0x01CC, 0x01CC, 0x01CC, 0x01CC,
  0x01CC, 0x01CC, 0x01CC, 0x01CC, 0x01CC, 0x01CC, 0x01CC, 0x01CC, 0x01CC, 0x01CC, 0x01CC, 0x01CC,
  0x01CC, 0x01CC, 0x01CC, 0x01CC, 0x01CC, 0x01CC, 0x01CC, 0x01CC, 0x01CC, 0x01CC, 0x01CC, 0x01CC,
  0x01CC, 0x01CC, 0x01CC, 0x01CC, 0x01CC, 0x01CC, 0x01CC, 0x01CC, 0x01CC, 0x01CC, 0x01CC, 0x01CC,
  0x01CC, 0x01CC, 0x01CC, 0x01CC, 0x01CC, 0x01CC, 0x01CC, 0x01CC, 0x01CC, 0x01CC, 0x01CC, 0x01CC,
  0x01CC, 0x01CC, 0x01CC, 0x01CC, 0x01CC, 0x01CC, 0x01CC, 0x01CC, 0x01CC, 0x01CC, 0x01CC, 0x01CC,
  0x01CC, 0x01CC, 0x01CC, 0x01CC, 0x01CC, 0x01CC, 0x01CC, 0x01CC, 0x01CC, 0x01CC, 0x01CC, 0x01CC,
  0x01CC, 0x01CC, 0x01CC, 0x01CC, 0x01CC, 0x01CC, 0x01CC, 0x01CC, 0x01CC, 0x01CC, 0x01CC, 0x01CC,
  0x01CC, 0x01CC, 0x01CC, 0x01CC, 0x01CC, 0x01CC, 0x01CC, 0x01CC, 0x01CC, 0x01CC, 0x01CC, 0x01CC,
  0x01CC, 0x01CC, 0x01CC, 0x01CC, 0x01CC, 0x01CC, 0x01CC, 0x01CC, 0x01CC, 0x01CC, 0x01CC, 0x01CC,
  0x01CC, 0x01CC, 0x01CC, 0x01CC, 0x01CC, 0x01CC, 0x01CC, 0x01CC, 0x01CC, 0x01CC, 0x01CC, 0x01CC,
  0x01CC, 0x01CC, 0x01CC, 0x01CC, 0x01CC, 0x01CC, 0x01CC, 0x01CC, 0x01CC, 0x01CC, 0x01CC, 0x01CC,
  0x01CC, 0x01CC, 0x01CC, 0x01CC, 0x01CC, 0x01CC, 0x01CC, 0x01CC, 0x01CC, 0x01CC, 0x01CC, 0x01CC,
  0x01CC, 0x01CC, 0x01CC, 0x01CC, 0x01CC, 0x01CC, 0x01CC, 0x01CC, 0x01CC, 0x01CC, 0x01CC, 0x01CC,
  0x01CC, 0x01CC, 0x01CC, 0x01CC, 0x01CC, 0x01CC, 0x01CC, 0x01CC, 0x01CC, 0x01CC, 0x01CC, 0x01CC,
  0x01CC, 0x01CC, 0x01CC, 0x01CC, 0x01CC, 0x01CC, 0x01CC, 0x01CC, 0x01CC, 0x01CC, 0x01CC, 0x01CC,
  0x01CC, 0x01CC, 0x01CC, 0x01CC, 0x01CC, 0x01CC, 0x01CC, 0x01CC, 0x01CC, 0x01CC, 0x01CC, 0x01CC,
  0x01CC, 0x01CC, 0x01CC, 0x01CC, 0x01CC, 0x01CC, 0x01CC, 0x01CC, 0x01CC, 0x01CC, 0x01CC, 0x01CC,
  0x01CC, 0x01CC, 0x01CC, 0x01CC, 0x01CC, 0x01CC, 0x01CC, 0x01CC, 0x01CC, 0x01CC, 0x01CC, 0x01CC,
  0x01CC, 0x01CC, 0x01CC, 0x01CC, 0x01CC, 0x01CC, 0x01CC, 0x01CC, 0x01CC, 0x01CC, 0x01CC, 0x01CC,
  0x01CC, 0x01CC, 0x01CC, 0x01CC, 0x01CC, 0x01CC, 0x01CC, 0x01CC, 0x01CC, 0x01CC, 0x01CC, 0x01CC,
  0x01CC, 0x01CC, 0x01CC, 0x01CC, 0x01CC, 0x01CC, 0x01CC, 0x01CC, 0x01CC, 0x01CC, 0x01CC, 0x01CC,
  0x01CC, 0x01CC, 0x01CC, 0x01CC, 0x01CC, 0x01CC, 0x01CC, 0x01CC, 0x01CC, 0x01CC, 0x01CC, 0x01CC,
  0x01CC, 0x01CC, 0x01CC, 0x01CC, 0x01CC, 0x01CC, 0x01CC, 0x01CC, 0x01CC, 0x01CC, 0x01CC, 0x01CC,
  0x01CC, 0x01CC, 0x01CC, 0x01CC, 0x01CC, 0x01CC, 0x01CC, 0x01CC, 0x01CC, 0x01CC, 0x01CC, 0x01CC,
  0x01CC, 0x01CC, 0x01CC, 0x01CC, 0x01CC, 0x01CC, 0x01CC, 0x01CC, 0x01CC, 0x01CC, 0x01CC, 0x01CC,
  0x01CC, 0x01CC, 0x01CC, 0x01CC, 0x01CC, 0x01CC, 0x01CC, 0x01CC, 0x01CC, 0x01CC, 0x01CC, 0x01CC,
  0x01CC, 0x01CC, 0x01CC, 0x01CC, 0x01CC, 0x01CC, 0x01CC, 0x01CC, 0x01CC, 0x01CC, 0x01CC, 0x01CC,
  0x01CC, 0x01CC, 0x01CC, 0x01CC, 0x01CC, 0x01CC, 0x01CC, 0x01CC, 0x01CC, 0x01CC, 0x01CC, 0x01CC,
  0x01CC, 0x01CC, 0x01CC, 0x01CC, 0x01CC, 0x01CC, 0x01CC, 0x01CC, 0x01CC, 0x01CC, 0x01CC, 0x01CC,
  0x01CC, 0x01CC, 0x01CC, 0x01CC, 0x01CC, 0x01CC, 0x01CC, 0x01CC, 0x01CC, 0x01CC, 0x01CC, 0x01CC,
  0x01CC, 0x01CC, 0x01CC, 0x01CC, 0x01CC, 0x01CC, 0x01CC, 0x01CC, 0x01CC, 0x01CC, 0x01CC, 0x01CC,
  0x01CC, 0x01CC, 0x01CC, 0x01CC, 0x01CC, 0x01CC, 0x01CC, 0x01CC, 0x01CC, 0x01CC, 0x01CC, 0x01CC,
  0x01CC, 0x01CC, 0x01CC, 0x01CC, 0x01CC, 0x01CC, 0x01CC, 0x01CC, 0x01CC, 0x01CC, 0x01CC, 0x01CC,
  0x01CC, 0x01CC, 0x01CC, 0x01CC, 0x01CC, 0x01CC, 0x01CC, 0x01CC, 0x01CC, 0x01CC, 0x01CC, 0x01CC,
  0x01CC, 0x01CC, 0x01CC, 0x01CC, 0x01CC, 0x01CC, 0x01CC, 0x01CC, 0x01CC, 0x01CC, 0x01CC, 0x01CC,
  0x01CC, 0x01CC, 0x01CC, 0x01CC, 0x01CC, 0x01CC, 0x01CC, 0x01CC, 0x01CC, 0x01CC, 0x01CC, 0x01CC,
  0x01CC, 0x01CC, 0x01CC, 0x01CC, 0x01CC, 0x01CC, 0x01CC, 0x01CC, 0x01CC, 0x01CC, 0x01CC, 0x01CC,
  0x01CC, 0x01CC, 0x01CC, 0x01CC, 0x01CC, 0x01CC, 0x01CC, 0x01CC, 0x01CC, 0x01CC, 0x01CC, 0x01CC,
  0x01CC, 0x01CC, 0x01CC, 0x01CC, 0x01CC, 0x01CC, 0x01CC, 0x01CC, 0x01CC, 0x01CC, 0x01CC, 0x01CC,
  0x01CC, 0x01CC, 0x01CC, 0x01CC, 0x01CC, 0x01CC, 0x01CC, 0x01CC, 0x01CC, 0x01CC, 0x01CC, 0x01CC,
  0x01CC, 0x01CC, 0x01CC, 0x01CC, 0x01CC, 0x01CC, 0x01CC, 0x01CC, 0x01CC, 0x01CC, 0x01CC, 0x01CC,
  0x01CC, 0x01CC, 0x01CC, 0x01CC, 0x01CC, 0x01CC, 0x01CC, 0x01CC, 0x01CC, 0x01CC, 0x01CC, 0x01CC,
  0x01CC, 0x01CC, 0x01CC, 0x01CC, 0x01CC, 0x01CC, 0x01CC, 0x01CC, 0x01CC, 0x01CC, 0x01CC, 0x01CC,
  0x01CC, 0x01CC, 0x01CC, 0x01CC, 0x01CC, 0x01CC, 0x01CC, 0x01CC, 0x01CC, 0x01CC, 0x01CC, 0x01CC,
  0x01CC, 0x01CC, 0x01CC, 0x01CC, 0x01CC, 0x01CC, 0x01CC, 0x01CC, 0x01CC, 0x01CC, 0x01CC, 0x01CC,
  0x01CC, 0x01CC, 0x01CC, 0x01CC, 0x01CC, 0x01CC, 0x01CC, 0x01CC, 0x01CC, 0x01CC, 0x01CC, 0x01CC,
  0x01CC, 0x01CC, 0x01CC, 0x01CC, 0x01CC, 0x01CC, 0x01CC, 0x01CC, 0x01CC, 0x01CC, 0x01CC, 0x01CC,
  0x01CC, 0x01CC, 0x01CC, 0x01CC, 0x01CC, 0x01CC, 0x01CC, 0x01CC, 0x01CC, 0x01CC, 0x01CC, 0x01CC,
  0x01CC, 0x01CC, 0x01CC, 0x01CC, 0x01CC, 0x01CC, 0x01CC, 0x01CC, 0x01CC, 0x01CC, 0x01CC, 0x01CC,
  0x01CC, 0x01CC, 0x01CC, 0x01CC, 0x01CC, 0x01CC, 0x01CC, 0x01CC, 0x01CC, 0x01CC, 0x01CC, 0x01CC,
  0x01CC, 0x01CC, 0x01CC, 0x01CC, 0x01CC, 0x01CC, 0x01CC, 0x01CC, 0x01CC, 0x01CC, 0x01CC, 0x01CC,
  0x01CC, 0x01CC, 0x01CC, 0x01CC, 0x01CC, 0x01CC, 0x01CC, 0x01CC, 0x01CC, 0x01CC, 0x01CC, 0x01CC,
  0x01CC, 0x01CC, 0x01CC, 0x01CC, 0x01CC, 0x01CC, 0x01CC, 0x01CC, 0x01CC, 0x01CC, 0x01CC, 0x01CC,
  0x01CC, 0x01CC, 0x01CC, 0x01CC, 0x01CC, 0x01CC, 0x01CC, 0x01CC, 0x01CC, 0x01CC, 0x01CC, 0x01CC,
  0x01CC, 0x01CC, 0x01CC, 0x01CC, 0x01CC, 0x01CC, 0x01CC, 0x01CC, 0x01CC, 0x01CC, 0x01CC, 0x01CC,
  0x01CC, 0x01CC, 0x01CC, 0x01CC, 0x01CC, 0x01CC, 0x01CC, 0x01CC, 0x01CC, 0x01CC, 0x01CC, 0x01CC,
  0x01CC, 0x01CC, 0x01CC, 0x01CC, 0x01CC, 0x01CC, 0x01CC, 0x01CC, 0x01CC, 0x01CC, 0x01CC, 0x01CC,
  0x01CC, 0x01CC, 0x01CC, 0x01CC, 0x01CC, 0x01CC, 0x01CC, 0x01CC, 0x01CC, 0x01CC, 0x01CC, 0x01CC,
  0x01CC, 0x01CC, 0x01CC, 0x01CC, 0x01CC, 0x01CC, 0x01CC, 0x01CC, 0x01CC, 0x01CC, 0x01CC, 0x01CC,
  0x01CC, 0x01CC, 0x01CC, 0x01CC, 0x01CC, 0x01CC, 0x01CC, 0x01CC, 0x01CC, 0x01CC, 0x01CC, 0x01CC,
  0x01CC, 0x01CC, 0x01CC, 0x01CC, 0x01CC, 0x01CC, 0x01CC, 0x01CC, 0x01CC, 0x01CC, 0x01CC, 0x01CC,
  0x01CC, 0x01CC, 0x01CC, 0x01CC, 0x01CC, 0x01CC, 0x01CC, 0x01CC, 0x01CC, 0x01CC, 0x01CC, 0x01CC,
  0x01CC, 0x01CC, 0x01CC, 0x01CC, 0x01CC, 0x01CC, 0x01CC, 0x01CC, 0x01CC, 0x01CC, 0x01CC, 0x01CC,
  0x01CC, 0x01CC, 0x01CC, 0x01CC, 0x01CC, 0x01CC, 0x01CC, 0x01CC, 0x01CC, 0x01CC, 0x01CC, 0x01CC,
  0x01CC, 0x01CC, 0x01CC, 0x01CC, 0x01CC, 0x01CC, 0x01CC, 0x01CC, 0x01CC, 0x01CC, 0x01CC, 0x01CC,
  0x01CC, 0x01CC, 0x01CC, 0x01CC, 0x01CC, 0x01CC, 0x01CC, 0x01CC, 0x01CC, 0x01CC, 0x01CC, 0x01CC,
  0x01CC, 0x01CC, 0x01CC, 0x01CC, 0x01CC, 0x01CC, 0x01CC, 0x01CC, 0x01CC, 0x01CC, 0x01CC, 0x01CC,
  0x01CC, 0x01CC, 0x01CC, 0x01CC, 0x01CC, 0x01CC, 0x01CC, 0x01CC, 0x01CC, 0x01CC, 0x01CC, 0x01CC,
  0x01CC, 0x01CC, 0x01CC, 0x01CC, 0x01CC, 0x01CC, 0x01CC, 0x01CC, 0x01CC, 0x01CC, 0x01CC, 0x01CC,
  0x01CC, 0x01CC, 0x01CC, 0x01CC, 0x01CC, 0x01CC, 0x01CC, 0x01CC, 0x01CC, 0x01CC, 0x01CC, 0x01CC,
  0x01CC, 0x01CC, 0x01CC, 0x01CC, 0x01CC, 0x01CC, 0x01CC, 0x01CC, 0x01CC, 0x01CC, 0x01CC, 0x01CC,
  0x01CC, 0x01CC, 0x01CC, 0x01CC, 0x01CC, 0x01CC, 0x01CC, 0x01CC, 0x01CC, 0x01CC, 0x01CC, 0x01CC,
  0x01CC, 0x01CC, 0x01CC, 0x01CC, 0x01CC, 0x01CC, 0x01CC, 0x01CC, 0x01CC, 0x01CC, 0x01CC, 0x01CC,
  0x01CC, 0x01CC, 0x01CC, 0x01CC, 0x01CC, 0x01CC, 0x01CC, 0x01CC, 0x01CC, 0x01CC, 0x01CC, 0x01CC,
  0x01CC, 0x01CC, 0x01CC, 0x01CC, 0x01CC, 0x01CC, 0x01CC, 0x01CC, 0x01CC, 0x01CC, 0x01CC, 0x01CC,
  0x01CC, 0x01CC, 0x01CC, 0x01CC, 0x01CC, 0x01CC, 0x01CC, 0x01CC, 0x01CC, 0x01CC, 0x01CC, 0x01CC,
  0x01CC, 0x01CC, 0x01CC, 0x01CC, 0x01CC, 0x01CC, 0x01CC, 0x01CC, 0x01CC, 0x01CC, 0x01CC, 0x01CC,
  0x01CC, 0x01CC, 0x01CC, 0x01CC, 0x01CC, 0x01CC, 0x01CC, 0x01CC, 0x01CC, 0x01CC, 0x01CC, 0x01CC,
  0x01CC, 0x01CC, 0x01CC, 0x01CC, 0x01CC, 0x01CC, 0x01CC, 0x01CC, 0x01CC, 0x01CC, 0x01CC, 0x01CC,
  0x01CC, 0x01CC, 0x01CC, 0x01CC, 0x01CC, 0x01CC, 0x01CC, 0x01CC, 0x01CC, 0x01CC, 0x01CC, 0x01CC,
  0x01CC, 0x01CC, 0x01CC, 0x01CC, 0x01CC, 0x01CC, 0x01CC, 0x01CC, 0x01CC, 0x01CC, 0x01CC, 0x01CC,
  0x01CC, 0x01CC, 0x01CC, 0x01CC, 0x01CC, 0x01CC, 0x01CC, 0x01CC, 0x01CC, 0x01CC, 0x01CC, 0x01CC,
  0x01CC, 0x01CC, 0x01CC, 0x01CC, 0x01CC, 0x01CC, 0x01CC, 0x01CC, 0x01CC, 0x01CC, 0x01CC, 0x01CC,
  0x01CC, 0x01CC, 0x01CC, 0x01CC, 0x01CC, 0x01CC, 0x01CC, 0x01CC, 0x01CC, 0x01CC, 0x01CC, 0x01CC,
  0x01CC, 0x01CC, 0x01CC, 0x01CC, 0x01CC, 0x01CC, 0x01CC, 0x01CC, 0x01CC, 0x01CC, 0x01CC, 0x01CC,
  0x01CC, 0x01CC, 0x01CC, 0x01CC, 0x01CC, 0x01CC, 0x01CC, 0x01CC, 0x01CC, 0x01CC, 0x01CC, 0x01CC,
  0x01CC, 0x01CC, 0x01CC, 0x01CC, 0x01CC, 0x01CC, 0x01CC, 0x01CC, 0x01CC, 0x01CC, 0x01CC, 0x01CC,
  0x01CC, 0x01CC, 0x01CC, 0x01CC, 0x01CC, 0x01CC, 0x01CC, 0x01CC, 0x01CC, 0x01CC, 0x01CC, 0x01CC,
  0x01CC, 0x01CC, 0x01CC, 0x01CC, 0x01CC, 0x01CC, 0x01CC, 0x01CC, 0x01CC, 0x01CC, 0x01CC, 0x01CC,
  0x01CC, 0x01CC, 0x01CC, 0x01CC, 0x01CC, 0x01CC, 0x01CC, 0x01CC, 0x01CC, 0x01CC, 0x01CC, 0x01CC,
  0x01CC, 0x01CC, 0x01CC, 0x01CC, 0x01CC, 0x01CC, 0x01CC, 0x01CC, 0x01CC, 0x01CC, 0x01CC, 0x01CC,
  0x01CC, 0x01CC, 0x01CC, 0x01CC, 0x01CC, 0x01CC, 0x01CC, 0x01CC, 0x01CC, 0x01CC, 0x01CC, 0x01CC,
  0x01CC, 0x01CC, 0x01CC, 0x01CC, 0x01CC, 0x01CC, 0x01CC, 0x01CC, 0x01CC, 0x01CC, 0x01CC, 0x01CC,
  0x01CC, 0x01CC, 0x01CC, 0x01CC, 0x01CC, 0x01CC, 0x01CC, 0x01CC, 0x01CC, 0x01CC, 0x01CC, 0x01CC,
  0x01CC, 0x01CC, 0x01CC, 0x01CC, 0x01CC, 0x01CC, 0x01CC, 0x01CC, 0x01CC, 0x01CC, 0x01CC, 0x01CC,
  0x01CC, 0x01CC, 0x01CC, 0x01CC, 0x01CC, 0x01CC, 0x01CC, 0x01CC, 0x01CC, 0x01CC, 0x01CC, 0x01CC,
  0x01CC, 0x01CC, 0x01CC, 0x01CC, 0x01CC, 0x01CC, 0x01CC, 0x01CC, 0x01CC, 0x01CC, 0x01CC, 0x01CC,
  0x01CC, 0x01CC, 0x01CC, 0x01CC, 0x01CC, 0x01CC, 0x01CC, 0x01CC, 0x01CC, 0x01CC, 0x01CC, 0x01CC,
  0x01CC, 0x01CC, 0x01CC, 0x01CC, 0x01CC, 0x01CC, 0x01CC, 0x01CC, 0x01CC, 0x01CC, 0x01CC, 0x01CC,
  0x01CC, 0x01CC, 0x01CC, 0x01CC, 0x01CC, 0x01CC, 0x01CC, 0x01CC, 0x01CC, 0x01CC, 0x01CC, 0x01CC,
  0x01CC, 0x01CC, 0x01CC, 0x01CC, 0x01CC, 0x01CC, 0x01CC, 0x01CC, 0x01CC, 0x01CC, 0x01CC, 0x01CC,
  0x01CC, 0x01CC, 0x01CC, 0x01CC, 0x01CC, 0x01CC, 0x01CC, 0x01CC, 0x01CC, 0x01CC, 0x01CC, 0x01CC,
  0x01CC, 0x01CC, 0x01CC, 0x01CC, 0x01CC, 0x01CC, 0x01CC, 0x01CC, 0x01CC, 0x01CC, 0x01CC, 0x01CC,
  0x01CC, 0x01CC, 0x01CC, 0x01CC, 0x01CC, 0x01CC, 0x01CC, 0x01CC, 0x01CC, 0x01CC, 0x01CC, 0x01CC,
  0x01CC, 0x01CC, 0x01CC, 0x01CC, 0x01CC, 0x01CC, 0x01CC, 0x01CC, 0x01CC, 0x01CC, 0x01CC, 0x01CC,
  0x01CC, 0x01CC, 0x01CC, 0x01CC, 0x01CC, 0x01CC, 0x01CC, 0x01CC, 0x01CC, 0x01CC, 0x01CC, 0x01CC,
  0x01CC, 0x01CC, 0x01CC, 0x01CC, 0x01CC, 0x01CC, 0x01CC, 0x01CC, 0x01CC, 0x01CC, 0x01CC, 0x01CC,
  0x01CC, 0x01CC, 0x01CC, 0x01CC, 0x01CC, 0x01CC, 0x01CC, 0x01CC, 0x01CC, 0x01CC, 0x01CC, 0x01CC,
  0x01CC, 0x01CC, 0x01CC, 0x01CC, 0x01CC, 0x01CC, 0x01CC, 0x01CC, 0x01CC, 0x01CC, 0x01CC, 0x01CC,
  0x01CC, 0x01CC, 0x01CC, 0x01CC, 0x01CC, 0x01CC, 0x01CC, 0x01CC, 0x01CC, 0x01CC, 0x01CC, 0x01CC,
  0x01CC, 0x01CC, 0x01CC, 0x01CC, 0x01CC, 0x01CC, 0x01CC, 0x01CC, 0x01CC, 0x01CC, 0x01CC, 0x01CC,
  0x01CC, 0x01CC, 0x01CC, 0x01CC, 0x01CC, 0x01CC, 0x01CC, 0x01CC, 0x01CC, 0x01CC, 0x01CC, 0x01CC,
  0x01CC, 0x01CC, 0x01CC, 0x01CC, 0x01CC, 0x01CC, 0x01CC, 0x01CC, 0x01CC, 0x01CC, 0x01CC, 0x01CC,
  0x01CC, 0x01CC, 0x01CC, 0x01CC, 0x01CC, 0x01CC, 0x01CC, 0x01CC, 0x01CC, 0x01CC, 0x01CC, 0x01CC,
  0x01CC, 0x01CC, 0x01CC, 0x01CC, 0x01CC, 0x01CC, 0x01CC, 0x01CC, 0x01CC, 0x01CC, 0x01CC, 0x01CC,
  0x01CC, 0x01CC, 0x01CC, 0x01CC, 0x01CC, 0x01CC, 0x01CC, 0x01CC, 0x01CC, 0x01CC, 0x01CC, 0x01CC,
  0x01CC, 0x01CC, 0x01CC, 0x01CC, 0x01CC, 0x01CC, 0x01CC, 0x01CC, 0x01CC, 0x01CC, 0x01CC, 0x01CC,
  0x01CC, 0x01CC, 0x01CC, 0x01CC, 0x01CC, 0x01CC, 0x01CC, 0x01CC, 0x01CC, 0x01CC, 0x01CC, 0x01CC,
  0x01CC, 0x01CC, 0x01CC, 0x01CC, 0x01CC, 0x01CC, 0x01CC, 0x01CC, 0x01CC, 0x01CC, 0x01CC, 0x01CC,
  0x01CC, 0x01CC, 0x01CC, 0x01CC, 0x01CC, 0x01CC, 0x01CC, 0x01CC, 0x01CC, 0x01CC, 0x01CC, 0x01CC,
  0x01CC, 0x01CC, 0x01CC, 0x01CC, 0x01CC, 0x01CC, 0x01CC, 0x01CC, 0x01CC, 0x01CC, 0x01CC, 0x01CC,
  0x01CC, 0x01CC, 0x01CC, 0x01CC, 0x01CC, 0x01CC, 0x01CC, 0x01CC, 0x01CC, 0x01CC, 0x01CC, 0x01CC,
  0x01CC, 0x01CC, 0x01CC, 0x01CC, 0x01CC, 0x01CC, 0x01CC, 0x01CC, 0x01CC, 0x01CC, 0x01CC, 0x01CC,
  0x01CC, 0x01CC, 0x01CC, 0x01CC, 0x01CC, 0x01CC, 0x01CC, 0x01CC, 0x01CC, 0x01CC, 0x01CC, 0x01CC,
  0x01CC, 0x01CC, 0x01CC, 0x01CC, 0x01CC, 0x01CC, 0x01CC, 0x01CC, 0x01CC, 0x01CC, 0x01CC, 0x01CC,
  0x01CC, 0x01CC, 0x01CC, 0x01CC, 0x01CC, 0x01CC, 0x01CC, 0x01CC, 0x01CC, 0x01CC, 0x01CC, 0x01CC,
  0x01CC, 0x01CC, 0x01CC, 0x01CC, 0x01CC, 0x01CC, 0x01CC, 0x01CC, 0x01CC, 0x01CC, 0x01CC, 0x01CC,
  0x01CC, 0x01CC, 0x01CC, 0x01CC, 0x01CC, 0x01CC, 0x01CC, 0x01CC, 0x01CC, 0x01CC, 0x01CC, 0x01CC,
  0x01CC, 0x01CC, 0x01CC, 0x01CC, 0x01CC, 0x01CC, 0x01CC, 0x01CC, 0x01CC, 0x01CC, 0x01CC, 0x01CC,
  0x01CC, 0x01CC, 0x01CC, 0x01CC, 0x01CC, 0x01CC, 0x01CC, 0x01CC, 0x01CC, 0x01CC, 0x01CC, 0x01CC,
  0x01CC, 0x01CC, 0x01CC, 0x01CC, 0x01CC, 0x01CC, 0x01CC, 0x01CC, 0x01CC, 0x01CC, 0x01CC, 0x01CC,
  0x01CC, 0x01CC, 0x01CC, 0x01CC, 0x01CC, 0x01CC, 0x01CC, 0x01CC, 0x01CC, 0x01CC, 0x01CC, 0x01CC,
  0x01CC, 0x01CC, 0x01CC, 0x01CC, 0x01CC, 0x01CC, 0x01CC, 0x01CC, 0x01CC, 0x01CC, 0x01CC, 0x01CC,
  0x01CC, 0x01CC, 0x01CC, 0x01CC, 0x01CC, 0x01CC, 0x01CC, 0x01CC, 0x01CC, 0x01CC, 0x01CC, 0x01CC,
  0x01CC, 0x01CC, 0x01CC, 0x01CC, 0x01CC, 0x01CC, 0x01CC, 0x01CC, 0x01CC, 0x01CC, 0x01CC, 0x01CC,
  0x01CC, 0x01CC, 0x01CC, 0x01CC, 0x01CC, 0x01CC, 0x01CC, 0x01CC, 0x01CC, 0x01CC, 0x01CC, 0x01CC,
  0x01CC, 0x01CC, 0x01CC, 0x01CC, 0x01CC, 0x01CC, 0x01CC, 0x01CC, 0x01CC, 0x01CC, 0x01CC, 0x01CC,
  0x01CC, 0x01CC, 0x01CC, 0x01CC, 0x01CC, 0x01CC, 0x01CC, 0x01CC, 0x01CC, 0x01CC, 0x01CC, 0x01CC,
  0x01CC, 0x01CC, 0x01CC, 0x01CC, 0x01CC, 0x01CC, 0x01CC, 0x01CC, 0x01CC, 0x01CC, 0x01CC, 0x01CC,
  0x01CC, 0x01CC, 0x01CC, 0x01CC, 0x01CC, 0x01CC, 0x01CC, 0x01CC, 0x01CC, 0x01CC, 0x01CC, 0x01CC,
  0x01CC, 0x01CC, 0x01CC, 0x01CC, 0x01CC, 0x01CC, 0x01CC, 0x01CC, 0x01CC, 0x01CC, 0x01CC, 0x01CC,
  0x01CC, 0x01CC, 0x01CC, 0x01CC, 0x01CC, 0x01CC, 0x01CC, 0x01CC, 0x01CC, 0x01CC, 0x01CC, 0x01CC,
  0x01CC, 0x01CC, 0x01CC, 0x01CC, 0x01CC, 0x01CC, 0x01CC, 0x01CC, 0x01CC, 0x01CC, 0x01CC, 0x01CC,
  0x01CC, 0x01CC, 0x01CC, 0x01CC, 0x01CC, 0x01CC, 0x01CC, 0x01CC, 0x01CC, 0x01CC, 0x01CC, 0x01CC,
  0x01CC, 0x01CC, 0x01CC, 0x01CC, 0x01CC, 0x01CC, 0x01CC, 0x01CC, 0x01CC, 0x01CC, 0x01CC, 0x01CC,
  0x01CC, 0x01CC, 0x01CC, 0x01CC, 0x01CC, 0x01CC, 0x01CC, 0x01CC, 0x01CC, 0x01CC, 0x01CC, 0x01CC,
  0x01CC, 0x01CC, 0x01CC, 0x01CC, 0x01CC, 0x01CC, 0x01CC, 0x01CC, 0x01CC, 0x01CC, 0x01CC, 0x01CC,
  0x01CC, 0x01CC, 0x01CC, 0x01CC, 0x01CC, 0x01CC, 0x01CC, 0x01CC, 0x01CC, 0x01CC, 0x01CC, 0x01CC,
  0x01CC, 0x01CC, 0x01CC, 0x01CC, 0x01CC, 0x01CC, 0x01CC, 0x01CC, 0x01CC, 0x01CC, 0x01CC, 0x01CC,
  0x01CC, 0x01CC, 0x01CC, 0x01CC, 0x01CC, 0x01CC, 0x01CC, 0x01CC, 0x01CC, 0x01CC, 0x01CC, 0x01CC,
  0x01CC, 0x01CC, 0x01CC, 0x01CC, 0x01CC, 0x01CC, 0x01CC, 0x01CC, 0x01CC, 0x01CC, 0x01CC, 0x01CC,
  0x01CC, 0x01CC, 0x01CC, 0x01CC, 0x01CC, 0x01CC, 0x01CC, 0x01CC, 0x01CC, 0x01CC, 0x01CC, 0x01CC,
  0x01CC, 0x01CC, 0x01CC, 0x01CC, 0x01CC, 0x01CC, 0x01CC, 0x01CC, 0x01CC, 0x01CC, 0x01CC, 0x01CC,
  0x01CC, 0x01CC, 0x01CC, 0x01CC, 0x01CC, 0x01CC, 0x01CC, 0x01CC, 0x01CC, 0x01CC, 0x01CC, 0x01CC,
  0x01CC, 0x01CC, 0x01CC, 0x01CC, 0x01CC, 0x01CC, 0x01CC, 0x01CC, 0x01CC, 0x01CC, 0x01CC, 0x01CC,
  0x01CC, 0x01CC, 0x01CC, 0x01CC, 0x01CC, 0x01CC, 0x01CC, 0x01CC, 0x01CC, 0x01CC, 0x01CC, 0x01CC,
  0x01CC, 0x01CC, 0x01CC, 0x01CC, 0x01CC, 0x01CC, 0x01CC, 0x01CC, 0x01CC, 0x01CC, 0x01CC, 0x01CC,
  0x01CC, 0x01CC, 0x01CC, 0x01CC, 0x01CC, 0x01CC, 0x01CC, 0x01CC, 0x01CC, 0x01CC, 0x01CC, 0x01CC,
  0x01CC, 0x01CC, 0x01CC, 0x01CC, 0x01CC, 0x01CC, 0x01CC, 0x01CC, 0x01CC, 0x01CC, 0x01CC, 0x01CC,
  0x01CC, 0x01CC, 0x01CC, 0x01CC, 0x01CC, 0x01CC, 0x01CC, 0x01CC, 0x01CC, 0x01CC, 0x01CC, 0x01CC,
  0x01CC, 0x01CC, 0x01CC, 0x01CC, 0x01CC, 0x01CC, 0x01CC, 0x01CC, 0x01CC, 0x01CC, 0x01CC, 0x01CC,
  0x01CC, 0x01CC, 0x01CC, 0x01CC, 0x01CC, 0x01CC, 0x01CC, 0x01CC, 0x01CC, 0x01CC, 0x01CC, 0x01CC,
  0x01CC, 0x01CC, 0x01CC, 0x01CC, 0x01CC, 0x01CC, 0x01CC, 0x01CC, 0x01CC, 0x01CC, 0x01CC, 0x01CC,
  0x01CC, 0x01CC, 0x01CC, 0x01CC, 0x01CC, 0x01CC, 0x01CC, 0x01CC, 0x01CC, 0x01CC, 0x01CC, 0x01CC,
  0x01CC, 0x01CC, 0x01CC, 0x01CC, 0x01CC, 0x01CC, 0x01CC, 0x01CC, 0x01CC, 0x01CC, 0x01CC, 0x01CC,
  0x01CC, 0x01CC, 0x01CC, 0x01CC, 0x01CC, 0x01CC, 0x01CC, 0x01CC, 0x01CC, 0x01CC, 0x01CC, 0x01CC,
  0x01CC, 0x01CC, 0x01CC, 0x01CC, 0x01CC, 0x01CC, 0x01CC, 0x01CC, 0x01CC, 0x01CC, 0x01CC, 0x01CC,
  0x01CC, 0x01CC, 0x01CC, 0x01CC, 0x01CC, 0x01CC, 0x01CC, 0x01CC, 0x01CC, 0x01CC, 0x01CC, 0x01CC,
  0x01CC, 0x01CC, 0x01CC, 0x01CC, 0x01CC, 0x01CC, 0x01CC, 0x01CC, 0x01CC, 0x01CC, 0x01CC, 0x01CC,
  0x01CC, 0x01CC, 0x01CC, 0x01CC, 0x01CC, 0x01CC, 0x01CC, 0x01CC, 0x01CC, 0x01CC, 0x01CC, 0x01CC,
  0x01CC, 0x01CC, 0x01CC, 0x01CC, 0x01CC, 0x01CC, 0x01CC, 0x01CC, 0x01CC, 0x01CC, 0x01CC, 0x01CC,
  0x01CC, 0x01CC, 0x01CC, 0x01CC, 0x01CC, 0x01CC, 0x01CC, 0x01CC, 0x01CC, 0x01CC, 0x01CC, 0x01CC,
  0x01CC, 0x01CC, 0x01CC, 0x01CC, 0x01CC, 0x01CC, 0x01CC, 0x01CC, 0x01CC, 0x01CC, 0x01CC, 0x01CC,
  0x01CC, 0x01CC, 0x01CC, 0x01CC, 0x01CC, 0x01CC, 0x01CC, 0x01CC, 0x01CC, 0x01CC, 0x01CC, 0x01CC,
  0x01CC, 0x01CC, 0x01CC, 0x01CC, 0x01CC, 0x01CC, 0x01CC, 0x01CC, 0x01CC, 0x01CC, 0x01CC, 0x01CC,
  0x01CC, 0x01CC, 0x01CC, 0x01CC, 0x01CC, 0x01CC, 0x01CC, 0x01CC, 0x01CC, 0x01CC, 0x01CC, 0x01CC,
  0x01CC, 0x01CC, 0x01CC, 0x01CC, 0x01CC, 0x01CC, 0x01CC, 0x01CC, 0x01CC, 0x01CC, 0x01CC, 0x01CC,
  0x01CC, 0x01CC, 0x01CC, 0x01CC, 0x01CC, 0x01CC, 0x01CC, 0x01CC, 0x01CC, 0x01CC, 0x01CC, 0x01CC,
  0x01CC, 0x01CC, 0x01CC, 0x01CC, 0x01CC, 0x01CC, 0x01CC, 0x01CC, 0x01CC, 0x01CC, 0x01CC, 0x01CC,
  0x01CC, 0x01CC, 0x01CC, 0x01CC, 0x01CC, 0x01CC, 0x01CC, 0x01CC, 0x01CC, 0x01CC, 0x01CC, 0x01CC,
  0x01CC, 0x01CC, 0x01CC, 0x01CC, 0x01CC, 0x01CC, 0x01CC, 0x01CC, 0x01CC, 0x01CC, 0x01CC, 0x01CC,
  0x01CC, 0x01CC, 0x01CC, 0x01CC, 0x01CC, 0x01CC, 0x01CC, 0x01CC, 0x01CC, 0x01CC, 0x01CC, 0x01CC,
  0x01CC, 0x01CC, 0x01CC, 0x01CC, 0x01CC, 0x01CC, 0x01CC, 0x01CC, 0x01CC, 0x01CC, 0x01CC, 0x01CC,
  0x01CC, 0x01CC, 0x01CC, 0x01CC, 0x01CC, 0x01CC, 0x01CC, 0x01CC, 0x01CC, 0x01CC, 0x01CC, 0x01CC,
  0x01CC, 0x01CC, 0x01CC, 0x01CC, 0x01CC, 0x01CC, 0x01CC, 0x01CC, 0x01CC, 0x01CC, 0x01CC, 0x01CC,
  0x01CC, 0x01CC, 0x01CC, 0x01CC, 0x01CC, 0x01CC, 0x01CC, 0x01CC, 0x01CC, 0x01CC, 0x01CC, 0x01CC,
  0x01CC, 0x01CC, 0x01CC, 0x01CC, 0x01CC, 0x01CC, 0x01CC, 0x01CC, 0x01CC, 0x01CC, 0x01CC, 0x01CC,
  0x01CC, 0x01CC, 0x01CC, 0x01CC, 0x01CC, 0x01CC, 0x01CC, 0x01CC, 0x01CC, 0x01CC, 0x01CC, 0x01CC,
  0x01CC, 0x01CC, 0x01CC, 0x01CC, 0x01CC, 0x01CC, 0x01CC, 0x01CC, 0x01CC, 0x01CC, 0x01CC, 0x01CC,
  0x01CC, 0x01CC, 0x01CC, 0x01CC, 0x01CC, 0x01CC, 0x01CC, 0x01CC, 0x01CC, 0x01CC, 0x01CC, 0x01CC,
  0x01CC, 0x01CC, 0x01CC, 0x01CC, 0x01CC, 0x01CC, 0x01CC, 0x01CC, 0x01CC, 0x01CC, 0x01CC, 0x01CC,
  0x01CC, 0x01CC, 0x01CC, 0x01CC, 0x01CC, 0x01CC, 0x01CC, 0x01CC, 0x01CC, 0x01CC, 0x01CC, 0x01CC,
  0x01CC, 0x01CC, 0x01CC, 0x01CC, 0x01CC, 0x01CC, 0x01CC, 0x01CC, 0x01CC, 0x01CC, 0x01CC, 0x01CC,
  0x01CC, 0x01CC, 0x01CC, 0x01CC, 0x01CC, 0x01CC, 0x01CC, 0x01CC, 0x01CC, 0x01CC, 0x01CC, 0x01CC,
  0x01CC, 0x01CC, 0x01CC, 0x01CC, 0x01CC, 0x01CC, 0x01CC, 0x01CC, 0x01CC, 0x01CC, 0x01CC, 0x01CC,
  0x01CC, 0x01CC, 0x01CC, 0x01CC, 0x01CC, 0x01CC, 0x01CC, 0x01CC, 0x01CC, 0x01CC, 0x01CC, 0x01CC,
  0x01CC, 0x01CC, 0x01CC, 0x01CC, 0x01CC, 0x01CC, 0x01CC, 0x01CC, 0x01CC, 0x01CC, 0x01CC, 0x01CC,
  0x01CC, 0x01CC, 0x01CC, 0x01CC, 0x01CC, 0x01CC, 0x01CC, 0x01CC, 0x01CC, 0x01CC, 0x01CC, 0x01CC,
  0x01CC, 0x01CC, 0x01CC, 0x01CC, 0x01CC, 0x01CC, 0x01CC, 0x01CC, 0x01CC, 0x01CC, 0x01CC, 0x01CC,
  0x01CC, 0x01CC, 0x01CC, 0x01CC, 0x01CC, 0x01CC, 0x01CC, 0x01CC, 0x01CC, 0x01CC, 0x01CC, 0x01CC,
  0x01CC, 0x01CC, 0x01CC, 0x01CC, 0x01CC, 0x01CC, 0x01CC, 0x01CC, 0x01CC, 0x01CC, 0x01CC, 0x01CC,
  0x01CC, 0x01CC, 0x01CC, 0x01CC, 0x01CC, 0x01CC, 0x01CC, 0x01CC, 0x01CC, 0x01CC, 0x01CC, 0x01CC,
  0x01CC, 0x01CC, 0x01CC, 0x01CC, 0x01CC, 0x01CC, 0x01CC, 0x01CC, 0x01CC, 0x01CC, 0x01CC, 0x01CC,
  0x01CC, 0x01CC, 0x01CC, 0x01CC, 0x01CC, 0x01CC, 0x01CC, 0x01CC, 0x01CC, 0x01CC, 0x01CC, 0x01CC,
  0x01CC, 0x01CC, 0x01CC, 0x01CC, 0x01CC, 0x01CC, 0x01CC, 0x01CC, 0x01CC, 0x01CC, 0x01CC, 0x01CC,
  0x01CC, 0x01CC, 0x01CC, 0x01CC, 0x01CC, 0x01CC, 0x01CC, 0x01CC, 0x01CC, 0x01CC, 0x01CC, 0x01CC,
  0x01CC, 0x01CC, 0x01CC, 0x01CC, 0x01CC, 0x01CC, 0x01CC, 0x01CC, 0x01CC, 0x01CC, 0x01CC, 0x01CC,
  0x01CC, 0x01CC, 0x01CC, 0x01CC, 0x01CC, 0x01CC, 0x01CC, 0x01CC, 0x01CC, 0x01CC, 0x01CC, 0x01CC,
  0x01CC, 0x01CC, 0x01CC, 0x01CC, 0x01CC, 0x01CC, 0x01CC, 0x01CC, 0x01CC, 0x01CC, 0x01CC, 0x01CC,
  0x01CC, 0x01CC, 0x01CC, 0x01CC, 0x01CC, 0x01CC, 0x01CC, 0x01CC, 0x01CC, 0x01CC, 0x01CC, 0x01CC,
  0x01CC, 0x01CC, 0x01CC, 0x01CC, 0x01CC, 0x01CC, 0x01CC, 0x01CC, 0x01CC, 0x01CC, 0x01CC, 0x01CC,
  0x01CC, 0x01CC, 0x01CC, 0x01CC, 0x01CC, 0x01CC, 0x01CC, 0x01CC, 0x01CC, 0x01CC, 0x01CC, 0x01CC,
  0x01CC, 0x01CC, 0x01CC, 0x01CC, 0x01CC, 0x01CC, 0x01CC, 0x01CC, 0x01CC, 0x01CC, 0x01CC, 0x01CC,
  0x01CC, 0x01CC, 0x01CC, 0x01CC, 0x01CC, 0x01CC, 0x01CC, 0x01CC, 0x01CC, 0x01CC, 0x01CC, 0x01CC,
  0x01CC, 0x01CC, 0x01CC, 0x01CC, 0x01CC, 0x01CC, 0x01CC, 0x01CC, 0x01CC, 0x01CC, 0x01CC, 0x01CC,
  0x01CC, 0x01CC, 0x01CC, 0x01CC, 0x01CC, 0x01CC, 0x01CC, 0x01CC, 0x01CC, 0x01CC, 0x01CC, 0x01CC,
  0x01CC, 0x01CC, 0x01CC, 0x01CC, 0x01CC, 0x01CC, 0x01CC, 0x01CC, 0x01CC, 0x01CC, 0x01CC, 0x01CC,
  0x01CC, 0x01CC, 0x01CC, 0x01CC, 0x01CC, 0x01CC, 0x01CC, 0x01CC, 0x01CC, 0x01CC, 0x01CC, 0x01CC,
  0x01CC, 0x01CC, 0x01CC, 0x01CC, 0x01CC, 0x01CC, 0x01CC, 0x01CC, 0x01CC, 0x01CC, 0x01CC, 0x01CC,
  0x01CC, 0x01CC, 0x01CC, 0x01CC, 0x01CC, 0x01CC, 0x01CC, 0x01CC, 0x01CC, 0x01CC, 0x01CC, 0x01CC,
  0x01CC, 0x01CC, 0x01CC, 0x01CC, 0x01CC, 0x01CC, 0x01CC, 0x01CC, 0x01CC, 0x01CC, 0x01CC, 0x01CC,
  0x01CC, 0x01CC, 0x01CC, 0x01CC, 0x01CC, 0x01CC, 0x01CC, 0x01CC, 0x01CC, 0x01CC, 0x01CC, 0x01CC,
  0x01CC, 0x01CC, 0x01CC, 0x01CC, 0x01CC, 0x01CC, 0x01CC, 0x01CC, 0x01CC, 0x01CC, 0x01CC, 0x01CC,
  0x01CC, 0x01CC, 0x01CC, 0x01CC, 0x01CC, 0x01CC, 0x01CC, 0x01CC, 0x01CC, 0x01CC, 0x01CC, 0x01CC,
  0x01CC, 0x01CC, 0x01CC, 0x01CC, 0x01CC, 0x01CC, 0x01CC, 0x01CC, 0x01CC, 0x01CC, 0x01CC, 0x01CC,
  0x01CC, 0x01CC, 0x01CC, 0x01CC, 0x01CC, 0x01CC, 0x01CC, 0x01CC, 0x01CC, 0x01CC, 0x01CC, 0x01CC,
  0x01CC, 0x01CC, 0x01CC, 0x01CC, 0x01CC, 0x01CC, 0x01CC, 0x01CC, 0x01CC, 0x01CC, 0x01CC, 0x01CC,
  0x01CC, 0x01CC, 0x01CC, 0x01CC, 0x01CC, 0x01CC, 0x01CC, 0x01CC, 0x01CC, 0x01CC, 0x01CC, 0x01CC,
  0x01CC, 0x01CC, 0x01CC, 0x01CC, 0x01CC, 0x01CC, 0x01CC, 0x01CC, 0x01CC, 0x01CC, 0x01CC, 0x01CC,
  0x01CC, 0x01CC, 0x01CC, 0x01CC, 0x01CC, 0x01CC, 0x01CC, 0x01CC, 0x01CC, 0x01CC, 0x01CC, 0x01CC,
  0x01CC, 0x01CC, 0x01CC, 0x01CC, 0x01CC, 0x01CC, 0x01CC, 0x01CC, 0x01CC, 0x01CC, 0x01CC, 0x01CC,
  0x01CC, 0x01CC, 0x01CC, 0x01CC, 0x01CC, 0x01CC, 0x01CC, 0x01CC, 0x01CC, 0x01CC, 0x01CC, 0x01CC,
  0x01CC, 0x01CC, 0x01CC, 0x01CC, 0x01CC, 0x01CC, 0x01CC, 0x01CC, 0x01CC, 0x01CC, 0x01CC, 0x01CC,
  0x01CC, 0x01CC, 0x01CC, 0x01CC, 0x01CC, 0x01CC, 0x01CC, 0x01CC, 0x01CC, 0x01CC, 0x01CC, 0x01CC,
  0x01CC, 0x01CC, 0x01CC, 0x01CC, 0x01CC, 0x01CC, 0x01CC, 0x01CC, 0x01CC, 0x01CC, 0x01CC, 0x01CC,
  0x01CC, 0x01CC, 0x01CC, 0x01CC, 0x01CC, 0x01CC, 0x01CC, 0x01CC, 0x01CC, 0x01CC, 0x01CC, 0x01CC,
  0x01CC, 0x01CC, 0x01CC, 0x01CC, 0x01CC, 0x01CC, 0x01CC, 0x01CC, 0x01CC, 0x01CC, 0x01CC, 0x01CC,
  0x01CC, 0x01CC, 0x01CC, 0x01CC, 0x01CC, 0x01CC, 0x01CC, 0x01CC, 0x01CC, 0x01CC, 0x01CC, 0x01CC,
  0x01CC, 0x01CC, 0x01CC, 0x01CC, 0x01CC, 0x01CC, 0x01CC, 0x01CC, 0x01CC, 0x01CC, 0x01CC, 0x01CC,
  0x01CC, 0x01CC, 0x01CC, 0x01CC, 0x01CC, 0x01CC, 0x01CC, 0x01CC, 0x01CC, 0x01CC, 0x01CC, 0x01CC,
  0x01CC, 0x01CC, 0x01CC, 0x01CC, 0x01CC, 0x01CC, 0x01CC, 0x01CC, 0x01CC, 0x01CC, 0x01CC, 0x01CC,
  0x01CC, 0x01CC, 0x01CC, 0x01CC, 0x01CC, 0x01CC, 0x01CC, 0x01CC, 0x01CC, 0x01CC, 0x01CC, 0x01CC,
  0x01CC, 0x01CC, 0x01CC, 0x01CC, 0x01CC, 0x01CC, 0x01CC, 0x01CC, 0x01CC, 0x01CC, 0x01CC, 0x01CC,
  0x01CC, 0x01CC, 0x01CC, 0x01CC, 0x01CC, 0x01CC, 0x01CC, 0x01CC, 0x01CC, 0x01CC, 0x01CC, 0x01CC,
  0x01CC, 0x01CC, 0x01CC, 0x01CC, 0x01CC, 0x01CC, 0x01CC, 0x01CC, 0x01CC, 0x01CC, 0x01CC, 0x01CC,
  0x01CC, 0x01CC, 0x01CC, 0x01CC, 0x01CC, 0x01CC, 0x01CC, 0x01CC, 0x01CC, 0x01CC, 0x01CC, 0x01CC,
  0x01CC, 0x01CC, 0x01CC, 0x01CC, 0x01CC, 0x01CC, 0x01CC, 0x01CC, 0x01CC, 0x01CC, 0x01CC, 0x01CC,
  0x01CC, 0x01CC, 0x01CC, 0x01CC, 0x01CC, 0x01CC, 0x01CC, 0x01CC, 0x01CC, 0x01CC, 0x01CC, 0x01CC,
  0x01CC, 0x01CC, 0x01CC, 0x01CC, 0x01CC, 0x01CC, 0x01CC, 0x01CC, 0x01CC, 0x01CC, 0x01CC, 0x01CC,
  0x01CC, 0x01CC, 0x01CC, 0x01CC, 0x01CC, 0x01CC, 0x01CC, 0x01CC, 0x01CC, 0x01CC, 0x01CC, 0x01CC,
  0x01CC, 0x01CC, 0x01CC, 0x01CC, 0x01CC, 0x01CC, 0x01CC, 0x01CC, 0x01CC, 0x01CC, 0x01CC, 0x01CC,
  0x01CC, 0x01CC, 0x01CC, 0x01CC, 0x01CC, 0x01CC, 0x01CC, 0x01CC, 0x01CC, 0x01CC, 0x01CC, 0x01CC,
  0x01CC, 0x01CC, 0x01CC, 0x01CC, 0x01CC, 0x01CC, 0x01CC, 0x01CC, 0x01CC, 0x01CC, 0x01CC, 0x01CC,
  0x01CC, 0x01CC, 0x01CC, 0x01CC, 0x01CC, 0x01CC, 0x01CC, 0x01CC, 0x01CC, 0x01CC, 0x01CC, 0x01CC,
  0x01CC, 0x01CC, 0x01CC, 0x01CC, 0x01CC, 0x01CC, 0x01CC, 0x01CC, 0x01CC, 0x01CC, 0x01CC, 0x01CC,
  0x01CC, 0x01CC, 0x01CC, 0x01CC, 0x01CC, 0x01CC, 0x01CC, 0x01CC, 0x01CC, 0x01CC, 0x01CC, 0x01CC,
  0x01CC, 0x01CC, 0x01CC, 0x01CC, 0x01CC, 0x01CC, 0x01CC, 0x01CC, 0x01CC, 0x01CC, 0x01CC, 0x01CC,
  0x01CC, 0x01CC, 0x01CC, 0x01CC, 0x01CC, 0x01CC, 0x01CC, 0x01CC, 0x01CC, 0x01CC, 0x01CC, 0x01CC,
  0x01CC, 0x01CC, 0x01CC, 0x01CC, 0x01CC, 0x01CC, 0x01CC, 0x01CC, 0x01CC, 0x01CC, 0x01CC, 0x01CC,
  0x01CC, 0x01CC, 0x01CC, 0x01CC, 0x01CC, 0x01CC, 0x01CC, 0x01CC, 0x01CC, 0x01CC, 0x01CC, 0x01CC,
  0x01CC, 0x01CC, 0x01CC, 0x01CC, 0x01CC, 0x01CC, 0x01CC, 0x01CC, 0x01CC, 0x01CC, 0x01CC, 0x01CC,
  0x01CC, 0x01CC, 0x01CC, 0x01CC, 0x01CC, 0x01CC, 0x01CC, 0x01CC, 0x01CC, 0x01CC, 0x01CC, 0x01CC,
  0x01CC, 0x01CC, 0x01CC, 0x01CC, 0x01CC, 0x01CC, 0x01CC, 0x01CC, 0x01CC, 0x01CC, 0x01CC, 0x01CC,
  0x01CC, 0x01CC, 0x01CC, 0x01CC, 0x01CC, 0x01CC, 0x01CC, 0x01CC, 0x01CC, 0x01CC, 0x01CC, 0x01CC,
  0x01CC, 0x01CC, 0x01CC, 0x01CC, 0x01CC, 0x01CC, 0x01CC, 0x01CC, 0x01CC, 0x01CC, 0x01CC, 0x01CC,
  0x01CC, 0x01CC, 0x01CC, 0x01CC, 0x01CC, 0x01CC, 0x01CC, 0x01CC, 0x01CC, 0x01CC, 0x01CC, 0x01CC,
  0x01CC, 0x01CC, 0x01CC, 0x01CC, 0x01CC, 0x01CC, 0x01CC, 0x01CC, 0x01CC, 0x01CC, 0x01CC, 0x01CC,
  0x01CC, 0x01CC, 0x01CC, 0x01CC, 0x01CC, 0x01CC, 0x01CC, 0x01CC, 0x01CC, 0x01CC, 0x01CC, 0x01CC,
  0x01CC, 0x01CC, 0x01CC, 0x01CC, 0x01CC, 0x01CC, 0x01CC, 0x01CC, 0x01CC, 0x01CC, 0x01CC, 0x01CC,
  0x01CC, 0x01CC, 0x01CC, 0x01CC, 0x01CC, 0x01CC, 0x01CC, 0x01CC, 0x01CC, 0x01CC, 0x01CC, 0x01CC,
  0x01CC, 0x01CC, 0x01CC, 0x01CC, 0x01CC, 0x01CC, 0x01CC, 0x01CC, 0x01CC, 0x01CC, 0x01CC, 0x01CC,
  0x01CC, 0x01CC, 0x01CC, 0x01CC, 0x01CC, 0x01CC, 0x01CC, 0x01CC, 0x01CC, 0x01CC, 0x01CC, 0x01CC,
  0x01CC, 0x01CC, 0x01CC, 0x01CC, 0x01CC, 0x01CC, 0x01CC, 0x01CC, 0x01CC, 0x01CC, 0x01CC, 0x01CC,
  0x01CC, 0x01CC, 0x01CC, 0x01CC, 0x01CC, 0x01CC, 0x01CC, 0x01CC, 0x01CC, 0x01CC, 0x01CC, 0x01CC,
  0x01CC, 0x01CC, 0x01CC, 0x01CC, 0x01CC, 0x01CC, 0x01CC, 0x01CC, 0x01CC, 0x01CC, 0x01CC, 0x01CC,
  0x01CC, 0x01CC, 0x01CC, 0x01CC, 0x01CC, 0x01CC, 0x01CC, 0x01CC, 0x01CC, 0x01CC, 0x01CC, 0x01CC,
  0x01CC, 0x01CC, 0x01CC, 0x01CC, 0x01CC, 0x01CC, 0x01CC, 0x01CC, 0x01CC, 0x01CC, 0x01CC, 0x01CC,
  0x01CC, 0x01CC, 0x01CC, 0x01CC, 0x01CC, 0x01CC, 0x01CC, 0x01CC, 0x01CC, 0x01CC, 0x01CC, 0x01CC,
  0x01CC, 0x01CC, 0x01CC, 0x01CC, 0x01CC, 0x01CC, 0x01CC, 0x01CC, 0x01CC, 0x01CC, 0x01CC, 0x01CC,
  0x01CC, 0x01CC, 0x01CC, 0x01CC, 0x01CC, 0x01CC, 0x01CC, 0x01CC, 0x01CC, 0x01CC, 0x01CC, 0x01CC,
  0x01CC, 0x01CC, 0x01CC, 0x01CC, 0x01CC, 0x01CC, 0x01CC, 0x01CC, 0x01CC, 0x01CC, 0x01CC, 0x01CC,
  0x01CC, 0x01CC, 0x01CC, 0x01CC, 0x01CC, 0x01CC, 0x01CC, 0x01CC, 0x01CC, 0x01CC, 0x01CC, 0x01CC,
  0x01CC, 0x01CC, 0x01CC, 0x01CC, 0x01CC, 0x01CC, 0x01CC, 0x01CC, 0x01CC, 0x01CC, 0x01CC, 0x01CC,
  0x01CC, 0x01CC, 0x01CC, 0x01CC, 0x01CC, 0x01CC, 0x01CC, 0x01CC, 0x01CC, 0x01CC, 0x01CC, 0x01CC,
  0x01CC, 0x01CC, 0x01CC, 0x01CC, 0x01CC, 0x01CC, 0x01CC, 0x01CC, 0x01CC, 0x01CC, 0x01CC, 0x01CC,
  0x01CC, 0x01CC, 0x01CC, 0x01CC, 0x01CC, 0x01CC, 0x01CC, 0x01CC, 0x01CC, 0x01CC, 0x01CC, 0x01CC,
  0x01CC, 0x01CC, 0x01CC, 0x01CC, 0x01CC, 0x01CC, 0x01CC, 0x01CC, 0x01CC, 0x01CC, 0x01CC, 0x01CC,
  0x01CC, 0x01CC, 0x01CC, 0x01CC, 0x01CC, 0x01CC, 0x01CC, 0x01CC, 0x01CC, 0x01CC, 0x01CC, 0x01CC,
  0x01CC, 0x01CC, 0x01CC, 0x01CC, 0x01CC, 0x01CC, 0x01CC, 0x01CC, 0x01CC, 0x01CC, 0x01CC, 0x01CC,
  0x01CC, 0x01CC, 0x01CC, 0x01CC, 0x01CC, 0x01CC, 0x01CC, 0x01CC, 0x01CC, 0x01CC, 0x01CC, 0x01CC,
  0x01CC, 0x01CC, 0x01CC, 0x01CC, 0x01CC, 0x01CC, 0x01CC, 0x01CC, 0x01CC, 0x01CC, 0x01CC, 0x01CC,
  0x01CC, 0x01CC, 0x01CC, 0x01CC, 0x01CC, 0x01CC, 0x01CC, 0x01CC, 0x01CC, 0x01CC, 0x01CC, 0x01CC,
  0x01CC, 0x01CC, 0x01CC, 0x01CC, 0x01CC, 0x01CC, 0x01CC, 0x01CC, 0x01CC, 0x01CC, 0x01CC, 0x01CC,
  0x01CC, 0x01CC, 0x01CC, 0x01CC, 0x01CC, 0x01CC, 0x01CC, 0x01CC, 0x01CC, 0x01CC, 0x01CC, 0x01CC,
  0x01CC, 0x01CC, 0x01CC, 0x01CC, 0x01CC, 0x01CC, 0x01CC, 0x01CC, 0x01CC, 0x01CC, 0x01CC, 0x01CC,
  0x01CC, 0x01CC, 0x01CC, 0x01CC, 0x01CC, 0x01CC, 0x01CC, 0x01CC, 0x01CC, 0x01CC, 0x01CC, 0x01CC,
  0x01CC, 0x01CC, 0x01CC, 0x01CC, 0x01CC, 0x01CC, 0x01CC, 0x01CC, 0x01CC, 0x01CC, 0x01CC, 0x01CC,
  0x01CC, 0x01CC, 0x01CC, 0x01CC, 0x01CC, 0x01CC, 0x01CC, 0x01CC, 0x01CC, 0x01CC, 0x01CC, 0x01CC,
  0x01CC, 0x01CC, 0x01CC, 0x01CC, 0x01CC, 0x01CC, 0x01CC, 0x01CC, 0x01CC, 0x01CC, 0x01CC, 0x01CC,
  0x01CC, 0x01CC, 0x01CC, 0x01CC, 0x01CC, 0x01CC, 0x01CC, 0x01CC, 0x01CC, 0x01CC, 0x01CC, 0x01CC,
  0x01CC, 0x01CC, 0x01CC, 0x01CC, 0x01CC, 0x01CC, 0x01CC, 0x01CC, 0x01CC, 0x01CC, 0x01CC, 0x01CC,
  0x01CC, 0x01CC, 0x01CC, 0x01CC, 0x01CC, 0x01CC, 0x01CC, 0x01CC, 0x01CC, 0x01CC, 0x01CC, 0x01CC,
  0x01CC, 0x01CC, 0x01CC, 0x01CC, 0x01CC, 0x01CC, 0x01CC, 0x01CC, 0x01CC, 0x01CC, 0x01CC, 0x01CC,
  0x01CC, 0x01CC, 0x01CC, 0x01CC, 0x01CC, 0x01CC, 0x01CC, 0x01CC, 0x01CC, 0x01CC, 0x01CC, 0x01CC,
  0x01CC, 0x01CC, 0x01CC, 0x01CC, 0x01CC, 0x01CC, 0x01CC, 0x01CC, 0x01CC, 0x01CC, 0x01CC, 0x01CC,
  0x01CC, 0x01CC, 0x01CC, 0x01CC, 0x01CC, 0x01CC, 0x01CC, 0x01CC, 0x01CC, 0x01CC, 0x01CC, 0x01CC,
  0x01CC, 0x01CC, 0x01CC, 0x01CC, 0x01CC, 0x01CC, 0x01CC, 0x01CC, 0x01CC, 0x01CC, 0x01CC, 0x01CC,
  0x01CC, 0x01CC, 0x01CC, 0x01CC, 0x01CC, 0x01CC, 0x01CC, 0x01CC, 0x01CC, 0x01CC, 0x01CC, 0x01CC,
  0x01CC, 0x01CC, 0x01CC, 0x01CC, 0x01CC, 0x01CC, 0x01CC, 0x01CC, 0x01CC, 0x01CC, 0x01CC, 0x01CC,
  0x01CC, 0x01CC, 0x01CC, 0x01CC, 0x01CC, 0x01CC, 0x01CC, 0x01CC, 0x01CC, 0x01CC, 0x01CC, 0x01CC,
  0x01CC, 0x01CC, 0x01CC, 0x01CC, 0x01CC, 0x01CC, 0x01CC, 0x01CC, 0x01CC, 0x01CC, 0x01CC, 0x01CC,
  0x01CC, 0x01CC, 0x01CC, 0x01CC, 0x01CC, 0x01CC, 0x01CC, 0x01CC, 0x01CC, 0x01CC, 0x01CC, 0x01CC,
  0x01CC, 0x01CC, 0x01CC, 0x01CC, 0x01CC, 0x01CC, 0x01CC, 0x01CC, 0x01CC, 0x01CC, 0x01CC, 0x01CC,
  0x01CC, 0x01CC, 0x01CC, 0x01CC, 0x01CC, 0x01CC, 0x01CC, 0x01CC, 0x01CC, 0x01CC, 0x01CC, 0x01CC,
  0x01CC, 0x01CC, 0x01CC, 0x01CC, 0x01CC, 0x01CC, 0x01CC, 0x01CC, 0x01CC, 0x01CC, 0x01CC, 0x01CC,
  0x01CC, 0x01CC, 0x01CC, 0x01CC, 0x01CC, 0x01CC, 0x01CC, 0x01CC, 0x01CC, 0x01CC, 0x01CC, 0x01CC,
  0x01CC, 0x01CC, 0x01CC, 0x01CC, 0x01CC, 0x01CC, 0x01CC, 0x01CC, 0x01CC, 0x01CC, 0x01CC, 0x01CC,
  0x01CC, 0x01CC, 0x01CC, 0x01CC, 0x01CC, 0x01CC, 0x01CC, 0x01CC, 0x01CC, 0x01CC, 0x01CC, 0x01CC,
  0x01CC, 0x01CC, 0x01CC, 0x01CC, 0x01CC, 0x01CC, 0x01CC, 0x01CC, 0x01CC, 0x01CC, 0x01CC, 0x01CC,
  0x01CC, 0x01CC, 0x01CC, 0x01CC, 0x01CC, 0x01CC, 0x01CC, 0x01CC, 0x01CC, 0x01CC, 0x01CC, 0x01CC,
  0x01CC, 0x01CC, 0x01CC, 0x01CC, 0x01CC, 0x01CC, 0x01CC, 0x01CC, 0x01CC, 0x01CC, 0x01CC, 0x01CC,
  0x01CC, 0x01CC, 0x01CC, 0x01CC, 0x01CC, 0x01CC, 0x01CC, 0x01CC, 0x01CC, 0x01CC, 0x01CC, 0x01CC,
  0x01CC, 0x01CC, 0x01CC, 0x01CC, 0x01CC, 0x01CC, 0x01CC, 0x01CC, 0x01CC, 0x01CC, 0x01CC, 0x01CC,
  0x01CC, 0x01CC, 0x01CC, 0x01CC, 0x01CC, 0x01CC, 0x01CC, 0x01CC, 0x01CC, 0x01CC, 0x01CC, 0x01CC,
  0x01CC, 0x01CC, 0x01CC, 0x01CC, 0x01CC, 0x01CC, 0x01CC, 0x01CC, 0x01CC, 0x01CC, 0x01CC, 0x01CC,
  0x01CC, 0x01CC, 0x01CC, 0x01CC, 0x01CC, 0x01CC, 0x01CC, 0x01CC, 0x01CC, 0x01CC, 0x01CC, 0x01CC,
  0x01CC, 0x01CC, 0x01CC, 0x01CC, 0x01CC, 0x01CC, 0x01CC, 0x01CC, 0x01CC, 0x01CC, 0x01CC, 0x01CC,
  0x01CC, 0x01CC, 0x01CC, 0x01CC, 0x01CC, 0x01CC, 0x01CC, 0x01CC, 0x01CC, 0x01CC, 0x01CC, 0x01CC,
  0x01CC, 0x01CC, 0x01CC, 0x01CC, 0x01CC, 0x01CC, 0x01CC, 0x01CC, 0x01CC, 0x01CC, 0x01CC, 0x01CC,
  0x01CC, 0x01CC, 0x01CC, 0x01CC, 0x01CC, 0x01CC, 0x01CC, 0x01CC, 0x01CC, 0x01CC, 0x01CC, 0x01CC,
  0x01CC, 0x01CC, 0x01CC, 0x01CC, 0x01CC, 0x01CC, 0x01CC, 0x01CC, 0x01CC, 0x01CC, 0x01CC, 0x01CC,
  0x01CC, 0x01CC, 0x01CC, 0x01CC, 0x01CC, 0x01CC, 0x01CC, 0x01CC, 0x01CC, 0x01CC, 0x01CC, 0x01CC,
  0x01CC, 0x01CC, 0x01CC, 0x01CC, 0x01CC, 0x01CC, 0x01CC, 0x01CC, 0x01CC, 0x01CC, 0x01CC, 0x01CC,
  0x01CC, 0x01CC, 0x01CC, 0x01CC, 0x01CC, 0x01CC, 0x01CC, 0x01CC, 0x01CC, 0x01CC, 0x01CC, 0x01CC,
  0x01CC, 0x01CC, 0x01CC, 0x01CC, 0x01CC, 0x01CC, 0x01CC, 0x01CC, 0x01CC, 0x01CC, 0x01CC, 0x01CC,
  0x01CC, 0x01CC, 0x01CC, 0x01CC, 0x01CC, 0x01CC, 0x01CC, 0x01CC, 0x01CC, 0x01CC, 0x01CC, 0x01CC,
  0x01CC, 0x01CC, 0x01CC, 0x01CC, 0x01CC, 0x01CC, 0x01CC, 0x01CC, 0x01CC, 0x01CC, 0x01CC, 0x01CC,
  0x01CC, 0x01CC, 0x01CC, 0x01CC, 0x01CC, 0x01CC, 0x01CC, 0x01CC, 0x01CC, 0x01CC, 0x01CC, 0x01CC,
  0x01CC, 0x01CC, 0x01CC, 0x01CC, 0x01CC, 0x01CC, 0x01CC, 0x01CC, 0x01CC, 0x01CC, 0x01CC, 0x01CC,
  0x01CC, 0x01CC, 0x01CC, 0x01CC, 0x01CC, 0x01CC, 0x01CC, 0x01CC, 0x01CC, 0x01CC, 0x01CC, 0x01CC,
  0x01CC, 0x01CC, 0x01CC, 0x01CC, 0x01CC, 0x01CC, 0x01CC, 0x01CC, 0x01CC, 0x01CC, 0x01CC, 0x01CC,
  0x01CC, 0x01CC, 0x01CC, 0x01CC, 0x01CC, 0x01CC, 0x01CC, 0x01CC, 0x01CC, 0x01CC, 0x01CC, 0x01CC,
  0x01CC, 0x01CC, 0x01CC, 0x01CC, 0x01CC, 0x01CC, 0x01CC, 0x01CC, 0x01CC, 0x01CC, 0x01CC, 0x01CC,
  0x01CC, 0x01CC, 0x01CC, 0x01CC, 0x01CC, 0x01CC, 0x01CC, 0x01CC, 0x01CC, 0x01CC, 0x01CC, 0x01CC,
  0x01CC, 0x01CC, 0x01CC, 0x01CC, 0x01CC, 0x01CC, 0x01CC, 0x01CC, 0x01CC, 0x01CC, 0x01CC, 0x01CC,
  0x01CC, 0x01CC, 0x01CC, 0x01CC, 0x01CC, 0x01CC, 0x01CC, 0x01CC, 0x01CC, 0x01CC, 0x01CC, 0x01CC,
  0x01CC, 0x01CC, 0x01CC, 0x01CC, 0x01CC, 0x01CC, 0x01CC, 0x01CC, 0x01CC, 0x01CC, 0x01CC, 0x01CC,
  0x01CC, 0x01CC, 0x01CC, 0x01CC, 0x01CC, 0x01CC, 0x01CC, 0x01CC, 0x01CC, 0x01CC, 0x01CC, 0x01CC,
  0x01CC, 0x01CC, 0x01CC, 0x01CC, 0x01CC, 0x01CC, 0x01CC, 0x01CC, 0x01CC, 0x01CC, 0x01CC, 0x01CC,
  0x01CC, 0x01CC, 0x01CC, 0x01CC, 0x01CC, 0x01CC, 0x01CC, 0x01CC, 0x01CC, 0x01CC, 0x01CC, 0x01CC,
  0x01CC, 0x01CC, 0x01CC, 0x01CC, 0x01CC, 0x01CC, 0x01CC, 0x01CC, 0x01CC, 0x01CC, 0x01CC, 0x01CC,
  0x01CC, 0x01CC, 0x01CC, 0x01CC, 0x01CC, 0x01CC, 0x01CC, 0x01CC, 0x01CC, 0x01CC, 0x01CC, 0x01CC,
  0x01CC, 0x01CC, 0x01CC, 0x01CC, 0x01CC, 0x01CC, 0x01CC, 0x01CC, 0x01CC, 0x01CC, 0x01CC, 0x01CC,
  0x01CC, 0x01CC, 0x01CC, 0x01CC, 0x01CC, 0x01CC, 0x01CC, 0x01CC, 0x01CC, 0x01CC, 0x01CC, 0x01CC,
  0x01CC, 0x01CC, 0x01CC, 0x01CC, 0x01CC, 0x01CC, 0x01CC, 0x01CC, 0x01CC, 0x01CC, 0x01CC, 0x01CC,
  0x01CC, 0x01CC, 0x01CC, 0x01CC, 0x01CC, 0x01CC, 0x01CC, 0x01CC, 0x01CC, 0x01CC, 0x01CC, 0x01CC,
  0x01CC, 0x01CC, 0x01CC, 0x01CC, 0x01CC, 0x01CC, 0x01CC, 0x01CC, 0x01CC, 0x01CC, 0x01CC, 0x01CC,
  0x01CC, 0x01CC, 0x01CC, 0x01CC, 0x01CC, 0x01CC, 0x01CC, 0x01CC, 0x01CC, 0x01CC, 0x01CC, 0x01CC,
  0x01CC, 0x01CC, 0x01CC, 0x01CC, 0x01CC, 0x01CC, 0x01CC, 0x01CC, 0x01CC, 0x01CC, 0x01CC, 0x01CC,
  0x01CC, 0x01CC, 0x01CC, 0x01CC, 0x01CC, 0x01CC, 0x01CC, 0x01CC, 0x01CC, 0x01CC, 0x01CC, 0x01CC,
  0x01CC, 0x01CC, 0x01CC, 0x01CC, 0x01CC, 0x01CC, 0x01CC, 0x01CC, 0x01CC, 0x01CC, 0x01CC, 0x01CC,
  0x01CC, 0x01CC, 0x01CC, 0x01CC, 0x01CC, 0x01CC, 0x01CC, 0x01CC, 0x01CC, 0x01CC, 0x01CC, 0x01CC,
  0x01CC, 0x01CC, 0x01CC, 0x01CC, 0x01CC, 0x01CC, 0x01CC, 0x01CC, 0x01CC, 0x01CC, 0x01CC, 0x01CC,
  0x01CC, 0x01CC, 0x01CC, 0x01CC, 0x01CC, 0x01CC, 0x01CC, 0x01CC, 0x01CC, 0x01CC, 0x01CC, 0x01CC,
  0x01CC, 0x01CC, 0x01CC, 0x01CC, 0x01CC, 0x01CC, 0x01CC, 0x01CC, 0x01CC, 0x01CC, 0x01CC, 0x01CC,
  0x01CC, 0x01CC, 0x01CC, 0x01CC, 0x01CC, 0x01CC, 0x01CC, 0x01CC, 0x01CC, 0x01CC, 0x01CC, 0x01CC,
  0x01CC, 0x01CC, 0x01CC, 0x01CC, 0x01CC, 0x01CC, 0x01CC, 0x01CC, 0x01CC, 0x01CC, 0x01CC, 0x01CC,
  0x01CC, 0x01CC, 0x01CC, 0x01CC, 0x01CC, 0x01CC, 0x01CC, 0x01CC, 0x01CC, 0x01CC, 0x01CC, 0x01CC,
  0x01CC, 0x01CC, 0x01CC, 0x01CC, 0x01CC, 0x01CC, 0x01CC, 0x01CC, 0x01CC, 0x01CC, 0x01CC, 0x01CC,
  0x01CC, 0x01CC, 0x01CC, 0x01CC, 0x01CC, 0x01CC, 0x01CC, 0x01CC, 0x01CC, 0x01CC, 0x01CC, 0x01CC,
  0x01CC, 0x01CC, 0x01CC, 0x01CC, 0x01CC, 0x01CC, 0x01CC, 0x01CC, 0x01CC, 0x01CC, 0x01CC, 0x01CC,
  0x01CC, 0x01CC, 0x01CC, 0x01CC, 0x01CC, 0x01CC, 0x01CC, 0x01CC, 0x01CC, 0x01CC, 0x01CC, 0x01CC,
  0x01CC, 0x01CC, 0x01CC, 0x01CC, 0x01CC, 0x01CC, 0x01CC, 0x01CC, 0x01CC, 0x01CC, 0x01CC, 0x01CC,
  0x01CC, 0x01CC, 0x01CC, 0x01CC, 0x01CC, 0x01CC, 0x01CC, 0x01CC, 0x01CC, 0x01CC, 0x01CC, 0x01CC,
  0x01CC, 0x01CC, 0x01CC, 0x01CC, 0x01CC, 0x01CC, 0x01CC, 0x01CC, 0x01CC, 0x01CC, 0x01CC, 0x01CC,
  0x01CC, 0x01CC, 0x01CC, 0x01CC, 0x01CC, 0x01CC, 0x01CC, 0x01CC, 0x01CC, 0x01CC, 0x01CC, 0x01CC,
  0x01CC, 0x01CC, 0x01CC, 0x01CC, 0x01CC, 0x01CC, 0x01CC, 0x01CC, 0x01CC, 0x01CC, 0x01CC, 0x01CC,
  0x01CC, 0x01CC, 0x01CC, 0x01CC, 0x01CC, 0x01CC, 0x01CC, 0x01CC, 0x01CC, 0x01CC, 0x01CC, 0x01CC,
  0x01CC, 0x01CC, 0x01CC, 0x01CC, 0x01CC, 0x01CC, 0x01CC, 0x01CC, 0x01CC, 0x01CC, 0x01CC, 0x01CC,
  0x01CC, 0x01CC, 0x01CC, 0x01CC, 0x01CC, 0x01CC, 0x01CC, 0x01CC, 0x01CC, 0x01CC, 0x01CC, 0x01CC,
  0x01CC, 0x01CC, 0x01CC, 0x01CC, 0x01CC, 0x01CC, 0x01CC, 0x01CC, 0x01CC, 0x01CC, 0x01CC, 0x01CC,
  0x01CC, 0x01CC, 0x01CC, 0x01CC, 0x01CC, 0x01CC, 0x01CC, 0x01CC, 0x01CC, 0x01CC, 0x01CC, 0x01CC,
  0x01CC, 0x01CC, 0x01CC, 0x01CC, 0x01CC, 0x01CC, 0x01CC, 0x01CC, 0x01CC, 0x01CC, 0x01CC, 0x01CC,
  0x01CC, 0x01CC, 0x01CC, 0x01CC, 0x01CC, 0x01CC, 0x01CC, 0x01CC, 0x01CC, 0x01CC, 0x01CC, 0x01CC,
  0x01CC, 0x01CC, 0x01CC, 0x01CC, 0x01CC, 0x01CC, 0x01CC, 0x01CC, 0x01CC, 0x01CC, 0x01CC, 0x01CC,
  0x01CC, 0x01CC, 0x01CC, 0x01CC, 0x01CC, 0x01CC, 0x01CC, 0x01CC, 0x01CC, 0x01CC, 0x01CC, 0x01CC,
  0x01CC, 0x01CC, 0x01CC, 0x01CC, 0x01CC, 0x01CC, 0x01CC, 0x01CC, 0x01CC, 0x01CC, 0x01CC, 0x01CC,
  0x01CC, 0x01CC, 0x01CC, 0x01CC, 0x01CC, 0x01CC, 0x01CC, 0x01CC, 0x01CC, 0x01CC, 0x01CC, 0x01CC,
  0x01CC, 0x01CC, 0x01CC, 0x01CC, 0x01CC, 0x01CC, 0x01CC, 0x01CC, 0x01CC, 0x01CC, 0x01CC, 0x01CC,
  0x01CC, 0x01CC, 0x01CC, 0x01CC, 0x01CC, 0x01CC, 0x01CC, 0x01CC, 0x01CC, 0x01CC, 0x01CC, 0x01CC,
  0x01CC, 0x01CC, 0x01CC, 0x01CC, 0x01CC, 0x01CC, 0x01CC, 0x01CC, 0x01CC, 0x01CC, 0x01CC, 0x01CC,
  0x01CC, 0x01CC, 0x01CC, 0x01CC, 0x01CC, 0x01CC, 0x01CC, 0x01CC, 0x01CC, 0x01CC, 0x01CC, 0x01CC,
  0x01CC, 0x01CC, 0x01CC, 0x01CC, 0x01CC, 0x01CC, 0x01CC, 0x01CC, 0x01CC, 0x01CC, 0x01CC, 0x01CC,
  0x01CC, 0x01CC, 0x01CC, 0x01CC, 0x01CC, 0x01CC, 0x01CC, 0x01CC, 0x01CC, 0x01CC, 0x01CC, 0x01CC,
  0x01CC, 0x01CC, 0x01CC, 0x01CC, 0x01CC, 0x01CC, 0x01CC, 0x01CC, 0x01CC, 0x01CC, 0x01CC, 0x01CC,
  0x01CC, 0x01CC, 0x01CC, 0x01CC, 0x01CC, 0x01CC, 0x01CC, 0x01CC, 0x01CC, 0x01CC, 0x01CC, 0x01CC,
  0x01CC, 0x01CC, 0x01CC, 0x01CC, 0x01CC, 0x01CC, 0x01CC, 0x01CC, 0x01CC, 0x01CC, 0x01CC, 0x01CC,
  0x01CC, 0x01CC, 0x01CC, 0x01CC, 0x01CC, 0x01CC, 0x01CC, 0x01CC, 0x01CC, 0x01CC, 0x01CC, 0x01CC,
  0x01CC, 0x01CC, 0x01CC, 0x01CC, 0x01CC, 0x01CC, 0x01CC, 0x01CC, 0x01CC, 0x01CC, 0x01CC, 0x01CC,
  0x01CC, 0x01CC, 0x01CC, 0x01CC, 0x01CC, 0x01CC, 0x01CC, 0x01CC, 0x01CC, 0x01CC, 0x01CC, 0x01CC,
  0x01CC, 0x01CC, 0x01CC, 0x01CC, 0x01CC, 0x01CC, 0x01CC, 0x01CC, 0x01CC, 0x01CC, 0x01CC, 0x01CC,
  0x01CC, 0x01CC, 0x01CC, 0x01CC, 0x01CC, 0x01CC, 0x01CC, 0x01CC, 0x01CC, 0x01CC, 0x01CC, 0x01CC,
  0x01CC, 0x01CC, 0x01CC, 0x01CC, 0x01CC, 0x01CC, 0x01CC, 0x01CC, 0x01CC, 0x01CC, 0x01CC, 0x01CC,
  0x01CC, 0x01CC, 0x01CC, 0x01CC, 0x01CC, 0x01CC, 0x01CC, 0x01CC, 0x01CC, 0x01CC, 0x01CC, 0x01CC,
  0x01CC, 0x01CC, 0x01CC, 0x01CC, 0x01CC, 0x01CC, 0x01CC, 0x01CC, 0x01CC, 0x01CC, 0x01CC, 0x01CC,
  0x01CC, 0x01CC, 0x01CC, 0x01CC, 0x01CC, 0x01CC, 0x01CC, 0x01CC, 0x01CC, 0x01CC, 0x01CC, 0x01CC,
  0x01CC, 0x01CC, 0x01CC, 0x01CC, 0x01CC, 0x01CC, 0x01CC, 0x01CC, 0x01CC, 0x01CC, 0x01CC, 0x01CC,
  0x01CC, 0x01CC, 0x01CC, 0x01CC, 0x01CC, 0x01CC, 0x01CC, 0x01CC, 0x01CC, 0x01CC, 0x01CC, 0x01CC,
  0x01CC, 0x01CC, 0x01CC, 0x01CC, 0x01CC, 0x01CC, 0x01CC, 0x01CC, 0x01CC, 0x01CC, 0x01CC, 0x01CC,
  0x01CC, 0x01CC, 0x01CC, 0x01CC, 0x01CC, 0x01CC, 0x01CC, 0x01CC, 0x01CC, 0x01CC, 0x01CC, 0x01CC,
  0x01CC, 0x01CC, 0x01CC, 0x01CC, 0x01CC, 0x01CC, 0x01CC, 0x01CC, 0x01CC, 0x01CC, 0x01CC, 0x01CC,
  0x01CC, 0x01CC, 0x01CC, 0x01CC, 0x01CC, 0x01CC, 0x01CC, 0x01CC, 0x01CC, 0x01CC, 0x01CC, 0x01CC,
  0x01CC, 0x01CC, 0x01CC, 0x01CC, 0x01CC, 0x01CC, 0x01CC, 0x01CC, 0x01CC, 0x01CC, 0x01CC, 0x01CC,
  0x01CC, 0x01CC, 0x01CC, 0x01CC, 0x01CC, 0x01CC, 0x01CC, 0x01CC, 0x01CC, 0x01CC, 0x01CC, 0x01CC,
  0x01CC, 0x01CC, 0x01CC, 0x01CC, 0x01CC, 0x01CC, 0x01CC, 0x01CC, 0x01CC, 0x01CC, 0x01CC, 0x01CC,
  0x01CC, 0x01CC, 0x01CC, 0x01CC, 0x01CC, 0x01CC, 0x01CC, 0x01CC, 0x01CC, 0x01CC, 0x01CC, 0x01CC,
  0x01CC, 0x01CC, 0x01CC, 0x01CC, 0x01CC, 0x01CC, 0x01CC, 0x01CC, 0x01CC, 0x01CC, 0x01CC, 0x01CC,
  0x01CC, 0x01CC, 0x01CC, 0x01CC, 0x01CC, 0x01CC, 0x01CC, 0x01CC, 0x01CC, 0x01CC, 0x01CC, 0x01CC,
  0x01CC, 0x01CC, 0x01CC, 0x01CC, 0x01CC, 0x01CC, 0x01CC, 0x01CC, 0x01CC, 0x01CC, 0x01CC, 0x01CC,
  0x01CC, 0x01CC, 0x01CC, 0x01CC, 0x01CC, 0x01CC, 0x01CC, 0x01CC, 0x01CC, 0x01CC, 0x01CC, 0x01CC,
  0x01CC, 0x01CC, 0x01CC, 0x01CC, 0x01CC, 0x01CC, 0x01CC, 0x01CC, 0x01CC, 0x01CC, 0x01CC, 0x01CC,
  0x01CC, 0x01CC, 0x01CC, 0x01CC, 0x01CC, 0x01CC, 0x01CC, 0x01CC, 0x01CC, 0x01CC, 0x01CC, 0x01CC,
  0x01CC, 0x01CC, 0x01CC, 0x01CC, 0x01CC, 0x01CC, 0x01CC, 0x01CC, 0x01CC, 0x01CC, 0x01CC, 0x01CC,
  0x01CC, 0x01CC, 0x01CC, 0x01CC, 0x01CC, 0x01CC, 0x01CC, 0x01CC, 0x01CC, 0x01CC, 0x01CC, 0x01CC,
  0x01CC, 0x01CC, 0x01CC, 0x01CC, 0x01CC, 0x01CC, 0x01CC, 0x01CC, 0x01CC, 0x01CC, 0x01CC, 0x01CC,
  0x01CC, 0x01CC, 0x01CC, 0x01CC, 0x01CC, 0x01CC, 0x01CC, 0x01CC, 0x01CC, 0x01CC, 0x01CC, 0x01CC,
  0x01CC, 0x01CC, 0x01CC, 0x01CC, 0x01CC, 0x01CC, 0x01CC, 0x01CC, 0x01CC, 0x01CC, 0x01CC, 0x01CC,
  0x01CC, 0x01CC, 0x01CC, 0x01CC, 0x01CC, 0x01CC, 0x01CC, 0x01CC, 0x01CC, 0x01CC, 0x01CC, 0x01CC,
  0x01CC, 0x01CC, 0x01CC, 0x01CC, 0x01CC, 0x01CC, 0x01CC, 0x01CC, 0x01CC, 0x01CC, 0x01CC, 0x01CC,
  0x01CC, 0x01CC, 0x01CC, 0x01CC, 0x01CC, 0x01CC, 0x01CC, 0x01CC, 0x01CC, 0x01CC, 0x01CC, 0x01CC,
  0x01CC, 0x01CC, 0x01CC, 0x01CC, 0x01CC, 0x01CC, 0x01CC, 0x01CC, 0x01CC, 0x01CC, 0x01CC, 0x01CC,
  0x01CC, 0x01CC, 0x01CC, 0x01CC, 0x01CC, 0x01CC, 0x01CC, 0x01CC, 0x01CC, 0x01CC, 0x01CC, 0x01CC,
  0x01CC, 0x01CC, 0x01CC, 0x01CC, 0x01CC, 0x01CC, 0x01CC, 0x01CC, 0x01CC, 0x01CC, 0x01CC, 0x01CC,
  0x01CC, 0x01CC, 0x01CC, 0x01CC, 0x01CC, 0x01CC, 0x01CC, 0x01CC, 0x01CC, 0x01CC, 0x01CC, 0x01CC,
  0x01CC, 0x01CC, 0x01CC, 0x01CC, 0x01CC, 0x01CC, 0x01CC, 0x01CC, 0x01CC, 0x01CC, 0x01CC, 0x01CC,
  0x01CC, 0x01CC, 0x01CC, 0x01CC, 0x01CC, 0x01CC, 0x01CC, 0x01CC, 0x01CC, 0x01CC, 0x01CC, 0x01CC,
  0x01CC, 0x01CC, 0x01CC, 0x01CC, 0x01CC, 0x01CC, 0x01CC, 0x01CC, 0x01CC, 0x01CC, 0x01CC, 0x01CC,
  0x01CC, 0x01CC, 0x01CC, 0x01CC, 0x01CC, 0x01CC, 0x01CC, 0x01CC, 0x01CC, 0x01CC, 0x01CC, 0x01CC,
  0x01CC, 0x01CC, 0x01CC, 0x01CC, 0x01CC, 0x01CC, 0x01CC, 0x01CC, 0x01CC, 0x01CC, 0x01CC, 0x01CC,
  0x01CC, 0x01CC, 0x01CC, 0x01CC, 0x01CC, 0x01CC, 0x01CC, 0x01CC, 0x01CC, 0x01CC, 0x01CC, 0x01CC,
  0x01CC, 0x01CC, 0x01CC, 0x01CC, 0x01CC, 0x01CC, 0x01CC, 0x01CC, 0x01CC, 0x01CC, 0x01CC, 0x01CC,
  0x01CC, 0x01CC, 0x01CC, 0x01CC, 0x01CC, 0x01CC, 0x01CC, 0x01CC, 0x01CC, 0x01CC, 0x01CC, 0x01CC,
  0x01CC, 0x01CC, 0x01CC, 0x01CC, 0x01CC, 0x01CC, 0x01CC, 0x01CC, 0x01CC, 0x01CC, 0x01CC, 0x01CC,
  0x01CC, 0x01CC, 0x01CC, 0x01CC, 0x01CC, 0x01CC, 0x01CC, 0x01CC, 0x01CC, 0x01CC, 0x01CC, 0x01CC,
  0x01CC, 0x01CC, 0x01CC, 0x01CC, 0x01CC, 0x01CC, 0x01CC, 0x01CC, 0x01CC, 0x01CC, 0x01CC, 0x01CC,
  0x01CC, 0x01CC, 0x01CC, 0x01CC, 0x01CC, 0x01CC, 0x01CC, 0x01CC, 0x01CC, 0x01CC, 0x01CC, 0x01CC,
  0x01CC, 0x01CC, 0x01CC, 0x01CC, 0x01CC, 0x01CC, 0x01CC, 0x01CC, 0x01CC, 0x01CC, 0x01CC, 0x01CC,
  0x01CC, 0x01CC, 0x01CC, 0x01CC, 0x01CC, 0x01CC, 0x01CC, 0x01CC, 0x01CC, 0x01CC, 0x01CC, 0x01CC,
  0x01CC, 0x01CC, 0x01CC, 0x01CC, 0x01CC, 0x01CC, 0x01CC, 0x01CC, 0x01CC, 0x01CC, 0x01CC, 0x01CC,
  0x01CC, 0x01CC, 0x01CC, 0x01CC, 0x01CC, 0x01CC, 0x01CC, 0x01CC, 0x01CC, 0x01CC, 0x01CC, 0x01CC,
  0x01CC, 0x01CC, 0x01CC, 0x01CC, 0x01CC, 0x01CC, 0x01CC, 0x01CC, 0x01CC, 0x01CC, 0x01CC, 0x01CC,
  0x01CC, 0x01CC, 0x01CC, 0x01CC, 0x01CC, 0x01CC, 0x01CC, 0x01CC, 0x01CC, 0x01CC, 0x01CC, 0x01CC,
  0x01CC, 0x01CC, 0x01CC, 0x01CC, 0x01CC, 0x01CC, 0x01CC, 0x01CC, 0x01CC, 0x01CC, 0x01CC, 0x01CC,
  0x01CC, 0x01CC, 0x01CC, 0x01CC, 0x01CC, 0x01CC, 0x01CC, 0x01CC, 0x01CC, 0x01CC, 0x01CC, 0x01CC,
  0x01CC, 0x01CC, 0x01CC, 0x01CC, 0x01CC, 0x01CC, 0x01CC, 0x01CC, 0x01CC, 0x01CC, 0x01CC, 0x01CC,
  0x01CC, 0x01CC, 0x01CC, 0x01CC, 0x01CC, 0x01CC, 0x01CC, 0x01CC, 0x01CC, 0x01CC, 0x01CC, 0x01CC,
  0x01CC, 0x01CC, 0x01CC, 0x01CC, 0x01CC, 0x01CC, 0x01CC, 0x01CC, 0x01CC, 0x01CC, 0x01CC, 0x01CC,
  0x01CC, 0x01CC, 0x01CC, 0x01CC, 0x01CC, 0x01CC, 0x01CC, 0x01CC, 0x01CC, 0x01CC, 0x01CC, 0x01CC,
  0x01CC, 0x01CC, 0x01CC, 0x01CC, 0x01CC, 0x01CC, 0x01CC, 0x01CC, 0x01CC, 0x01CC, 0x01CC, 0x01CC,
  0x01CC, 0x01CC, 0x01CC, 0x01CC, 0x01CC, 0x01CC, 0x01CC, 0x01CC, 0x01CC, 0x01CC, 0x01CC, 0x01CC,
  0x01CC, 0x01CC, 0x01CC, 0x01CC, 0x01CC, 0x01CC, 0x01CC, 0x01CC, 0x01CC, 0x01CC, 0x01CC, 0x01CC,
  0x01CC, 0x01CC, 0x01CC, 0x01CC, 0x01CC, 0x01CC, 0x01CC, 0x01CC, 0x01CC, 0x01CC, 0x01CC, 0x01CC,
  0x01CC, 0x01CC, 0x01CC, 0x01CC, 0x01CC, 0x01CC, 0x01CC, 0x01CC, 0x01CC, 0x01CC, 0x01CC, 0x01CC,
  0x01CC, 0x01CC, 0x01CC, 0x01CC, 0x01CC, 0x01CC, 0x01CC, 0x01CC, 0x01CC, 0x01CC, 0x01CC, 0x01CC,
  0x01CC, 0x01CC, 0x01CC, 0x01CC, 0x01CC, 0x01CC, 0x01CC, 0x01CC, 0x01CC, 0x01CC, 0x01CC, 0x01CC,
  0x01CC, 0x01CC, 0x01CC, 0x01CC, 0x01CC, 0x01CC, 0x01CC, 0x01CC, 0x01CC, 0x01CC, 0x01CC, 0x01CC,
  0x01CC, 0x01CC, 0x01CC, 0x01CC, 0x01CC, 0x01CC, 0x01CC, 0x01CC, 0x01CC, 0x01CC, 0x01CC, 0x01CC,
  0x01CC, 0x01CC, 0x01CC, 0x01CC, 0x01CC, 0x01CC, 0x01CC, 0x01CC, 0x01CC, 0x01CC, 0x01CC, 0x01CC,
  0x01CC, 0x01CC, 0x01CC, 0x01CC, 0x01CC, 0x01CC, 0x01CC, 0x01CC, 0x01CC, 0x01CC, 0x01CC, 0x01CC,
  0x01CC, 0x01CC, 0x01CC, 0x01CC, 0x01CC, 0x01CC, 0x01CC, 0x01CC, 0x01CC, 0x01CC, 0x01CC, 0x01CC,
  0x01CC, 0x01CC, 0x01CC, 0x01CC, 0x01CC, 0x01CC, 0x01CC, 0x01CC, 0x01CC, 0x01CC, 0x01CC, 0x01CC,
  0x01CC, 0x01CC, 0x01CC, 0x01CC, 0x01CC, 0x01CC, 0x01CC, 0x01CC, 0x01CC, 0x01CC, 0x01CC, 0x01CC,
  0x01CC, 0x01CC, 0x01CC, 0x01CC, 0x01CC, 0x01CC, 0x01CC, 0x01CC, 0x01CC, 0x01CC, 0x01CC, 0x01CC,
  0x01CC, 0x01CC, 0x01CC, 0x01CC, 0x01CC, 0x01CC, 0x01CC, 0x01CC, 0x01CC, 0x01CC, 0x01CC, 0x01CC,
  0x01CC, 0x01CC, 0x01CC, 0x01CC, 0x01CC, 0x01CC, 0x01CC, 0x01CC, 0x01CC, 0x01CC, 0x01CC, 0x01CC,
  0x01CC, 0x01CC, 0x01CC, 0x01CC, 0x01CC, 0x01CC, 0x01CC, 0x01CC, 0x01CC, 0x01CC, 0x01CC, 0x01CC,
  0x01CC, 0x01CC, 0x01CC, 0x01CC, 0x01CC, 0x01CC, 0x01CC, 0x01CC, 0x01CC, 0x01CC, 0x01CC, 0x01CC,
  0x01CC, 0x01CC, 0x01CC, 0x01CC, 0x01CC, 0x01CC, 0x01CC, 0x01CC, 0x01CC, 0x01CC, 0x01CC, 0x01CC,
  0x01CC, 0x01CC, 0x01CC, 0x01CC, 0x01CC, 0x01CC, 0x01CC, 0x01CC, 0x01CC, 0x01CC, 0x01CC, 0x01CC,
  0x01CC, 0x01CC, 0x01CC, 0x01CC, 0x01CC, 0x01CC, 0x01CC, 0x01CC, 0x01CC, 0x01CC, 0x01CC, 0x01CC,
  0x01CC, 0x01CC, 0x01CC, 0x01CC, 0x01CC, 0x01CC, 0x01CC, 0x01CC, 0x01CC, 0x01CC, 0x01CC, 0x01CC,
  0x01CC, 0x01CC, 0x01CC, 0x01CC, 0x01CC, 0x01CC, 0x01CC, 0x01CC, 0x01CC, 0x01CC, 0x01CC, 0x01CC,
  0x01CC, 0x01CC, 0x01CC, 0x01CC, 0x01CC, 0x01CC, 0x01CC, 0x01CC, 0x01CC, 0x01CC, 0x01CC, 0x01CC,
  0x01CC, 0x01CC, 0x01CC, 0x01CC, 0x01CC, 0x01CC, 0x01CC, 0x01CC, 0x01CC, 0x01CC, 0x01CC, 0x01CC,
  0x01CC, 0x01CC, 0x01CC, 0x01CC, 0x01CC, 0x01CC, 0x01CC, 0x01CC, 0x01CC, 0x01CC, 0x01CC, 0x01CC,
  0x01CC, 0x01CC, 0x01CC, 0x01CC, 0x01CC, 0x01CC, 0x01CC, 0x01CC, 0x01CC, 0x01CC, 0x01CC, 0x01CC,
  0x01CC, 0x01CC, 0x01CC, 0x01CC, 0x01CC, 0x01CC, 0x01CC, 0x01CC, 0x01CC, 0x01CC, 0x01CC, 0x01CC,
  0x01CC, 0x01CC, 0x01CC, 0x01CC, 0x01CC, 0x01CC, 0x01CC, 0x01CC, 0x01CC, 0x01CC, 0x01CC, 0x01CC,
  0x01CC, 0x01CC, 0x01CC, 0x01CC, 0x01CC, 0x01CC, 0x01CC, 0x01CC, 0x01CC, 0x01CC, 0x01CC, 0x01CC,
  0x01CC, 0x01CC, 0x01CC, 0x01CC, 0x01CC, 0x01CC, 0x01CC, 0x01CC, 0x01CC, 0x01CC, 0x01CC, 0x01CC,
  0x01CC, 0x01CC, 0x01CC, 0x01CC, 0x01CC, 0x01CC, 0x01CC, 0x01CC, 0x01CC, 0x01CC, 0x01CC, 0x01CC,
  0x01CC, 0x01CC, 0x01CC, 0x01CC, 0x01CC, 0x01CC, 0x01CC, 0x01CC, 0x01CC, 0x01CC, 0x01CC, 0x01CC,
  0x01CC, 0x01CC, 0x01CC, 0x01CC, 0x01CC, 0x01CC, 0x01CC, 0x01CC, 0x01CC, 0x01CC, 0x01CC, 0x01CC,
  0x01CC, 0x01CC, 0x01CC, 0x01CC, 0x01CC, 0x01CC, 0x01CC, 0x01CC, 0x01CC, 0x01CC, 0x01CC, 0x01CC,
  0x01CC, 0x01CC, 0x01CC, 0x01CC, 0x01CC, 0x01CC, 0x01CC, 0x01CC, 0x01CC, 0x01CC, 0x01CC, 0x01CC,
  0x01CC, 0x01CC, 0x01CC, 0x01CC, 0x01CC, 0x01CC, 0x01CC, 0x01CC, 0x01CC, 0x01CC, 0x01CC, 0x01CC,
  0x01CC, 0x01CC, 0x01CC, 0x01CC, 0x01CC, 0x01CC, 0x01CC, 0x01CC, 0x01CC, 0x01CC, 0x01CC, 0x01CC,
  0x01CC, 0x01CC, 0x01CC, 0x01CC, 0x01CC, 0x01CC, 0x01CC, 0x01CC, 0x01CC, 0x01CC, 0x01CC, 0x01CC,
  0x01CC, 0x01CC, 0x01CC, 0x01CC, 0x01CC, 0x01CC, 0x01CC, 0x01CC, 0x01CC, 0x01CC, 0x01CC, 0x01CC,
  0x01CC, 0x01CC, 0x01CC, 0x01CC, 0x01CC, 0x01CC, 0x01CC, 0x01CC, 0x01CC, 0x01CC, 0x01CC, 0x01CC,
  0x01CC, 0x01CC, 0x01CC, 0x01CC, 0x01CC, 0x01CC, 0x01CC, 0x01CC, 0x01CC, 0x01CC, 0x01CC, 0x01CC,
  0x01CC, 0x01CC, 0x01CC, 0x01CC, 0x01CC, 0x01CC, 0x01CC, 0x01CC, 0x01CC, 0x01CC, 0x01CC, 0x01CC,
  0x01CC, 0x01CC, 0x01CC, 0x01CC, 0x01CC, 0x01CC, 0x01CC, 0x01CC, 0x01CC, 0x01CC, 0x01CC, 0x01CC,
  0x01CC, 0x01CC, 0x01CC, 0x01CC, 0x01CC, 0x01CC, 0x01CC, 0x01CC, 0x01CC, 0x01CC, 0x01CC, 0x01CC,
  0x01CC, 0x01CC, 0x01CC, 0x01CC, 0x01CC, 0x01CC, 0x01CC, 0x01CC, 0x01CC, 0x01CC, 0x01CC, 0x01CC,
  0x01CC, 0x01CC, 0x01CC, 0x01CC, 0x01CC, 0x01CC, 0x01CC, 0x01CC, 0x01CC, 0x01CC, 0x01CC, 0x01CC,
  0x01CC, 0x01CC, 0x01CC, 0x01CC, 0x01CC, 0x01CC, 0x01CC, 0x01CC, 0x01CC, 0x01CC, 0x01CC, 0x01CC,
  0x01CC, 0x01CC, 0x01CC, 0x01CC, 0x01CC, 0x01CC, 0x01CC, 0x01CC, 0x01CC, 0x01CC, 0x01CC, 0x01CC,
  0x01CC, 0x01CC, 0x01CC, 0x01CC, 0x01CC, 0x01CC, 0x01CC, 0x01CC, 0x01CC, 0x01CC, 0x01CC, 0x01CC,
  0x01CC, 0x01CC, 0x01CC, 0x01CC, 0x01CC, 0x01CC, 0x01CC, 0x01CC, 0x01CC, 0x01CC, 0x01CC, 0x01CC,
  0x01CC, 0x01CC, 0x01CC, 0x01CC, 0x01CC, 0x01CC, 0x01CC, 0x01CC, 0x01CC, 0x01CC, 0x01CC, 0x01CC,
  0x01CC, 0x01CC, 0x01CC, 0x01CC, 0x01CC, 0x01CC, 0x01CC, 0x01CC, 0x01CC, 0x01CC, 0x01CC, 0x01CC,
  0x01CC, 0x01CC, 0x01CC, 0x01CC, 0x01CC, 0x01CC, 0x01CC, 0x01CC, 0x01CC, 0x01CC, 0x01CC, 0x01CC,
  0x01CC, 0x01CC, 0x01CC, 0x01CC, 0x01CC, 0x01CC, 0x01CC, 0x01CC, 0x01CC, 0x01CC, 0x01CC, 0x01CC,
  0x01CC, 0x01CC, 0x01CC, 0x01CC, 0x01CC, 0x01CC, 0x01CC, 0x01CC, 0x01CC, 0x01CC, 0x01CC, 0x01CC,
  0x01CC, 0x01CC, 0x01CC, 0x01CC, 0x01CC, 0x01CC, 0x01CC, 0x01CC, 0x01CC, 0x01CC, 0x01CC, 0x01CC,
  0x01CC, 0x01CC, 0x01CC, 0x01CC, 0x01CC, 0x01CC, 0x01CC, 0x01CC, 0x01CC, 0x01CC, 0x01CC, 0x01CC,
  0x01CC, 0x01CC, 0x01CC, 0x01CC, 0x01CC, 0x01CC, 0x01CC, 0x01CC, 0x01CC, 0x01CC, 0x01CC, 0x01CC,
  0x01CC, 0x01CC, 0x01CC, 0x01CC, 0x01CC, 0x01CC, 0x01CC, 0x01CC, 0x01CC, 0x01CC, 0x01CC, 0x01CC,
  0x01CC, 0x01CC, 0x01CC, 0x01CC, 0x01CC, 0x01CC, 0x01CC, 0x01CC, 0x01CC, 0x01CC, 0x01CC, 0x01CC,
  0x01CC, 0x01CC, 0x01CC, 0x01CC, 0x01CC, 0x01CC, 0x01CC, 0x01CC, 0x01CC, 0x01CC, 0x01CC, 0x01CC,
  0x01CC, 0x01CC, 0x01CC, 0x01CC, 0x01CC, 0x01CC, 0x01CC, 0x01CC, 0x01CC, 0x01CC, 0x01CC, 0x01CC,
  0x01CC, 0x01CC, 0x01CC, 0x01CC, 0x01CC, 0x01CC, 0x01CC, 0x01CC, 0x01CC, 0x01CC, 0x01CC, 0x01CC,
  0x01CC, 0x01CC, 0x01CC, 0x01CC, 0x01CC, 0x01CC, 0x01CC, 0x01CC, 0x01CC, 0x01CC, 0x01CC, 0x01CC,
  0x01CC, 0x01CC, 0x01CC, 0x01CC, 0x01CC, 0x01CC, 0x01CC, 0x01CC, 0x01CC, 0x01CC, 0x01CC, 0x01CC,
  0x01CC, 0x01CC, 0x01CC, 0x01CC, 0x01CC, 0x01CC, 0x01CC, 0x01CC, 0x01CC, 0x01CC, 0x01CC, 0x01CC,
  0x01CC, 0x01CC, 0x01CC, 0x01CC, 0x01CC, 0x01CC, 0x01CC, 0x01CC, 0x01CC, 0x01CC, 0x01CC, 0x01CC,
  0x01CC, 0x01CC, 0x01CC, 0x01CC, 0x01CC, 0x01CC, 0x01CC, 0x01CC, 0x01CC, 0x01CC, 0x01CC, 0x01CC,
  0x01CC, 0x01CC, 0x01CC, 0x01CC, 0x01CC, 0x01CC, 0x01CC, 0x01CC, 0x01CC, 0x01CC, 0x01CC, 0x01CC,
  0x01CC, 0x01CC, 0x01CC, 0x01CC, 0x01CC, 0x01CC, 0x01CC, 0x01CC, 0x01CC, 0x01CC, 0x01CC, 0x01CC,
  0x01CC, 0x01CC, 0x01CC, 0x01CC, 0x01CC, 0x01CC, 0x01CC, 0x01CC, 0x01CC, 0x01CC, 0x01CC, 0x01CC,
  0x01CC, 0x01CC, 0x01CC, 0x01CC, 0x01CC, 0x01CC, 0x01CC, 0x01CC, 0x01CC, 0x01CC, 0x01CC, 0x01CC,
  0x01CC, 0x01CC, 0x01CC, 0x01CC, 0x01CC, 0x01CC, 0x01CC, 0x01CC, 0x01CC, 0x01CC, 0x01CC, 0x01CC,
  0x01CC, 0x01CC, 0x01CC, 0x01CC, 0x01CC, 0x01CC, 0x01CC, 0x01CC, 0x01CC, 0x01CC, 0x01CC, 0x01CC,
  0x01CC, 0x01CC, 0x01CC, 0x01CC, 0x01CC, 0x01CC, 0x01CC, 0x01CC, 0x01CC, 0x01CC, 0x01CC, 0x01CC,
  0x01CC, 0x01CC, 0x01CC, 0x01CC, 0x01CC, 0x01CC, 0x01CC, 0x01CC, 0x01CC, 0x01CC, 0x01CC, 0x01CC,
  0x01CC, 0x01CC, 0x01CC, 0x01CC, 0x01CC, 0x01CC, 0x01CC, 0x01CC, 0x01CC, 0x01CC, 0x01CC, 0x01CC,
  0x01CC, 0x01CC, 0x01CC, 0x01CC, 0x01CC, 0x01CC, 0x01CC, 0x01CC, 0x01CC, 0x01CC, 0x01CC, 0x01CC,
  0x01CC, 0x01CC, 0x01CC, 0x01CC, 0x01CC, 0x01CC, 0x01CC, 0x01CC, 0x01CC, 0x01CC, 0x01CC, 0x01CC,
  0x01CC, 0x01CC, 0x01CC, 0x01CC, 0x01CC, 0x01CC, 0x01CC, 0x01CC, 0x01CC, 0x01CC, 0x01CC, 0x01CC,
  0x01CC, 0x01CC, 0x01CC, 0x01CC, 0x01CC, 0x01CC, 0x01CC, 0x01CC, 0x01CC, 0x01CC, 0x01CC, 0x01CC,
  0x01CC, 0x01CC, 0x01CC, 0x01CC, 0x01CC, 0x01CC, 0x01CC, 0x01CC, 0x01CC, 0x01CC, 0x01CC, 0x01CC,
  0x01CC, 0x01CC, 0x01CC, 0x01CC, 0x01CC, 0x01CC, 0x01CC, 0x01CC, 0x01CC, 0x01CC, 0x01CC, 0x01CC,
  0x01CC, 0x01CC, 0x01CC, 0x01CC, 0x01CC, 0x01CC, 0x01CC, 0x01CC, 0x01CC, 0x01CC, 0x01CC, 0x01CC,
  0x01CC, 0x01CC, 0x01CC, 0x01CC, 0x01CC, 0x01CC, 0x01CC, 0x01CC, 0x01CC, 0x01CC, 0x01CC, 0x01CC,
  0x01CC, 0x01CC, 0x01CC, 0x01CC, 0x01CC, 0x01CC, 0x01CC, 0x01CC, 0x01CC, 0x01CC, 0x01CC, 0x01CC,
  0x01CC, 0x01CC, 0x01CC, 0x01CC, 0x01CC, 0x01CC, 0x01CC, 0x01CC, 0x01CC, 0x01CC, 0x01CC, 0x01CC,
  0x01CC, 0x01CC, 0x01CC, 0x01CC, 0x01CC, 0x01CC, 0x01CC, 0x01CC, 0x01CC, 0x01CC, 0x01CC, 0x01CC,
  0x01CC, 0x01CC, 0x01CC, 0x01CC, 0x01CC, 0x01CC, 0x01CC, 0x01CC, 0x01CC, 0x01CC, 0x01CC, 0x01CC,
  0x01CC, 0x01CC, 0x01CC, 0x01CC, 0x01CC, 0x01CC, 0x01CC, 0x01CC, 0x01CC, 0x01CC, 0x01CC, 0x01CC,
  0x01CC, 0x01CC, 0x01CC, 0x01CC, 0x01CC, 0x01CC, 0x01CC, 0x01CC, 0x01CC, 0x01CC, 0x01CC, 0x01CC,
  0x01CC, 0x01CC, 0x01CC, 0x01CC, 0x01CC, 0x01CC, 0x01CC, 0x01CC, 0x01CC, 0x01CC, 0x01CC, 0x01CC,
  0x01CC, 0x01CC, 0x01CC, 0x01CC, 0x01CC, 0x01CC, 0x01CC, 0x01CC, 0x01CC, 0x01CC, 0x01CC, 0x01CC,
  0x01CC, 0x01CC, 0x01CC, 0x01CC, 0x01CC, 0x01CC, 0x01CC, 0x01CC, 0x01CC, 0x01CC, 0x01CC, 0x01CC,
  0x01CC, 0x01CC, 0x01CC, 0x01CC, 0x01CC, 0x01CC, 0x01CC, 0x01CC, 0x01CC, 0x01CC, 0x01CC, 0x01CC,
  0x01CC, 0x01CC, 0x01CC, 0x01CC, 0x01CC, 0x01CC, 0x01CC, 0x01CC, 0x01CC, 0x01CC, 0x01CC, 0x01CC,
  0x01CC, 0x01CC, 0x01CC, 0x01CC, 0x01CC, 0x01CC, 0x01CC, 0x01CC, 0x01CC, 0x01CC, 0x01CC, 0x01CC,
  0x01CC, 0x01CC, 0x01CC, 0x01CC, 0x01CC, 0x01CC, 0x01CC, 0x01CC, 0x01CC, 0x01CC, 0x01CC, 0x01CC,
  0x01CC, 0x01CC, 0x01CC, 0x01CC, 0x01CC, 0x01CC, 0x01CC, 0x01CC, 0x01CC, 0x01CC, 0x01CC, 0x01CC,
  0x01CC, 0x01CC, 0x01CC, 0x01CC, 0x01CC, 0x01CC, 0x01CC, 0x01CC, 0x01CC, 0x01CC, 0x01CC, 0x01CC,
  0x01CC, 0x01CC, 0x01CC, 0x01CC, 0x01CC, 0x01CC, 0x01CC, 0x01CC, 0x01CC, 0x01CC, 0x01CC, 0x01CC,
  0x01CC, 0x01CC, 0x01CC, 0x01CC, 0x01CC, 0x01CC, 0x01CC, 0x01CC, 0x01CC, 0x01CC, 0x01CC, 0x01CC,
  0x01CC, 0x01CC, 0x01CC, 0x01CC, 0x01CC, 0x01CC, 0x01CC, 0x01CC, 0x01CC, 0x01CC, 0x01CC, 0x01CC,
  0x01CC, 0x01CC, 0x01CC, 0x01CC, 0x01CC, 0x01CC, 0x01CC, 0x01CC, 0x01CC, 0x01CC, 0x01CC, 0x01CC,
  0x01CC, 0x01CC, 0x01CC, 0x01CC, 0x01CC, 0x01CC, 0x01CC, 0x01CC, 0x01CC, 0x01CC, 0x01CC, 0x01CC,
  0x01CC, 0x01CC, 0x01CC, 0x01CC, 0x01CC, 0x01CC, 0x01CC, 0x01CC, 0x01CC, 0x01CC, 0x01CC, 0x01CC,
  0x01CC, 0x01CC, 0x01CC, 0x01CC, 0x01CC, 0x01CC, 0x01CC, 0x01CC, 0x01CC, 0x01CC, 0x01CC, 0x01CC,
  0x01CC, 0x01CC, 0x01CC, 0x01CC, 0x01CC, 0x01CC, 0x01CC, 0x01CC, 0x01CC, 0x01CC, 0x01CC, 0x01CC,
  0x01CC, 0x01CC, 0x01CC, 0x01CC, 0x01CC, 0x01CC, 0x01CC, 0x01CC, 0x01CC, 0x01CC, 0x01CC, 0x01CC,
  0x01CC, 0x01CC, 0x01CC, 0x01CC, 0x01CC, 0x01CC, 0x01CC, 0x01CC, 0x01CC, 0x01CC, 0x01CC, 0x01CC,
  0x01CC, 0x01CC, 0x01CC, 0x01CC, 0x01CC, 0x01CC, 0x01CC, 0x01CC, 0x01CC, 0x01CC, 0x01CC, 0x01CC,
  0x01CC, 0x01CC, 0x01CC, 0x01CC, 0x01CC, 0x01CC, 0x01CC, 0x01CC, 0x01CC, 0x01CC, 0x01CC, 0x01CC,
  0x01CC, 0x01CC, 0x01CC, 0x01CC, 0x01CC, 0x01CC, 0x01CC, 0x01CC, 0x01CC, 0x01CC, 0x01CC, 0x01CC,
  0x01CC, 0x01CC, 0x01CC, 0x01CC, 0x01CC, 0x01CC, 0x01CC, 0x01CC, 0x01CC, 0x01CC, 0x01CC, 0x01CC,
  0x01CC, 0x01CC, 0x01CC, 0x01CC, 0x01CC, 0x01CC, 0x01CC, 0x01CC, 0x01CC, 0x01CC, 0x01CC, 0x01CC,
  0x01CC, 0x01CC, 0x01CC, 0x01CC, 0x01CC, 0x01CC, 0x01CC, 0x01CC, 0x01CC, 0x01CC, 0x01CC, 0x01CC,
  0x01CC, 0x01CC, 0x01CC, 0x01CC, 0x01CC, 0x01CC, 0x01CC, 0x01CC, 0x01CC, 0x01CC, 0x01CC, 0x01CC,
  0x01CC, 0x01CC, 0x01CC, 0x01CC, 0x01CC, 0x01CC, 0x01CC, 0x01CC, 0x01CC, 0x01CC, 0x01CC, 0x01CC,
  0x01CC, 0x01CC, 0x01CC, 0x01CC, 0x01CC, 0x01CC, 0x01CC, 0x01CC, 0x01CC, 0x01CC, 0x01CC, 0x01CC,
  0x01CC, 0x01CC, 0x01CC, 0x01CC, 0x01CC, 0x01CC, 0x01CC, 0x01CC, 0x01CC, 0x01CC, 0x01CC, 0x01CC,
  0x01CC, 0x01CC, 0x01CC, 0x01CC, 0x01CC, 0x01CC, 0x01CC, 0x01CC, 0x01CC, 0x01CC, 0x01CC, 0x01CC,
  0x01CC, 0x01CC, 0x01CC, 0x01CC, 0x01CC, 0x01CC, 0x01CC, 0x01CC, 0x01CC, 0x01CC, 0x01CC, 0x01CC,
  0x01CC, 0x01CC, 0x01CC, 0x01CC, 0x01CC, 0x01CC, 0x01CC, 0x01CC, 0x01CC, 0x01CC, 0x01CC, 0x01CC,
  0x01CC, 0x01CC, 0x01CC, 0x01CC, 0x01CC, 0x01CC, 0x01CC, 0x01CC, 0x01CC, 0x01CC, 0x01CC, 0x01CC,
  0x01CC, 0x01CC, 0x01CC, 0x01CC, 0x01CC, 0x01CC, 0x01CC, 0x01CC, 0x01CC, 0x01CC, 0x01CC, 0x01CC,
  0x01CC, 0x01CC, 0x01CC, 0x01CC, 0x01CC, 0x01CC, 0x01CC, 0x01CC, 0x01CC, 0x01CC, 0x01CC, 0x01CC,
  0x01CC, 0x01CC, 0x01CC, 0x01CC, 0x01CC, 0x01CC, 0x01CC, 0x01CC, 0x01CC, 0x01CC, 0x01CC, 0x01CC,
  0x01CC, 0x01CC, 0x01CC, 0x01CC, 0x01CC, 0x01CC, 0x01CC, 0x01CC, 0x01CC, 0x01CC, 0x01CC, 0x01CC,
  0x01CC, 0x01CC, 0x01CC, 0x01CC, 0x01CC, 0x01CC, 0x01CC, 0x01CC, 0x01CC, 0x01CC, 0x01CC, 0x01CC,
  0x01CC, 0x01CC, 0x01CC, 0x01CC, 0x01CC, 0x01CC, 0x01CC, 0x01CC, 0x01CC, 0x01CC, 0x01CC, 0x01CC,
  0x01CC, 0x01CC, 0x01CC, 0x01CC, 0x01CC, 0x01CC, 0x01CC, 0x01CC, 0x01CC, 0x01CC, 0x01CC, 0x01CC,
  0x01CC, 0x01CC, 0x01CC, 0x01CC, 0x01CC, 0x01CC, 0x01CC, 0x01CC, 0x01CC, 0x01CC, 0x01CC, 0x01CC,
  0x01CC, 0x01CC, 0x01CC, 0x01CC, 0x01CC, 0x01CC, 0x01CC, 0x01CC, 0x01CC, 0x01CC, 0x01CC, 0x01CC,
  0x01CC, 0x01CC, 0x01CC, 0x01CC, 0x01CC, 0x01CC, 0x01CC, 0x01CC, 0x01CC, 0x01CC, 0x01CC, 0x01CC,
  0x01CC, 0x01CC, 0x01CC, 0x01CC, 0x01CC, 0x01CC, 0x01CC, 0x01CC, 0x01CC, 0x01CC, 0x01CC, 0x01CC,
  0x01CC, 0x01CC, 0x01CC, 0x01CC, 0x01CC, 0x01CC, 0x01CC, 0x01CC, 0x01CC, 0x01CC, 0x01CC, 0x01CC,
  0x01CC, 0x01CC, 0x01CC, 0x01CC, 0x01CC, 0x01CC, 0x01CC, 0x01CC, 0x01CC, 0x01CC, 0x01CC, 0x01CC,
  0x01CC, 0x01CC, 0x01CC, 0x01CC, 0x01CC, 0x01CC, 0x01CC, 0x01CC, 0x01CC, 0x01CC, 0x01CC, 0x01CC,
  0x01CC, 0x01CC, 0x01CC, 0x01CC, 0x01CC, 0x01CC, 0x01CC, 0x01CC, 0x01CC, 0x01CC, 0x01CC, 0x01CC,
  0x01CC, 0x01CC, 0x01CC, 0x01CC, 0x01CC, 0x01CC, 0x01CC, 0x01CC, 0x01CC, 0x01CC, 0x01CC, 0x01CC,
  0x01CC, 0x01CC, 0x01CC, 0x01CC, 0x01CC, 0x01CC, 0x01CC, 0x01CC, 0x01CC, 0x01CC, 0x01CC, 0x01CC,
  0x01CC, 0x01CC, 0x01CC, 0x01CC, 0x01CC, 0x01CC, 0x01CC, 0x01CC, 0x01CC, 0x01CC, 0x01CC, 0x01CC,
  0x01CC, 0x01CC, 0x01CC, 0x01CC, 0x01CC, 0x01CC, 0x01CC, 0x01CC, 0x01CC, 0x01CC, 0x01CC, 0x01CC,
  0x01CC, 0x01CC, 0x01CC, 0x01CC, 0x01CC, 0x01CC, 0x01CC, 0x01CC, 0x01CC, 0x01CC, 0x01CC, 0x01CC,
  0x01CC, 0x01CC, 0x01CC, 0x01CC, 0x01CC, 0x01CC, 0x01CC, 0x01CC, 0x01CC, 0x01CC, 0x01CC, 0x01CC,
  0x01CC, 0x01CC, 0x01CC, 0x01CC, 0x01CC, 0x01CC, 0x01CC, 0x01CC, 0x01CC, 0x01CC, 0x01CC, 0x01CC,
  0x01CC, 0x01CC, 0x01CC, 0x01CC, 0x01CC, 0x01CC, 0x01CC, 0x01CC, 0x01CC, 0x01CC, 0x01CC, 0x01CC,
  0x01CC, 0x01CC, 0x01CC, 0x01CC, 0x01CC, 0x01CC, 0x01CC, 0x01CC, 0x01CC, 0x01CC, 0x01CC, 0x01CC,
  0x01CC, 0x01CC, 0x01CC, 0x01CC, 0x01CC, 0x01CC, 0x01CC, 0x01CC, 0x01CC, 0x01CC, 0x01CC, 0x01CC,
  0x01CC, 0x01CC, 0x01CC, 0x01CC, 0x01CC, 0x01CC, 0x01CC, 0x01CC, 0x01CC, 0x01CC, 0x01CC, 0x01CC,
  0x01CC, 0x01CC, 0x01CC, 0x01CC, 0x01CC, 0x01CC, 0x01CC, 0x01CC, 0x01CC, 0x01CC, 0x01CC, 0x01CC,
  0x01CC, 0x01CC, 0x01CC, 0x01CC, 0x01CC, 0x01CC, 0x01CC, 0x01CC, 0x01CC, 0x01CC, 0x01CC, 0x01CC,
  0x01CC, 0x01CC, 0x01CC, 0x01CC, 0x01CC, 0x01CC, 0x01CC, 0x01CC, 0x01CC, 0x01CC, 0x01CC, 0x01CC,
  0x01CC, 0x01CC, 0x01CC, 0x01CC, 0x01CC, 0x01CC, 0x01CC, 0x01CC, 0x01CC, 0x01CC, 0x01CC, 0x01CC,
  0x01CC, 0x01CC, 0x01CC, 0x01CC, 0x01CC, 0x01CC, 0x01CC, 0x01CC, 0x01CC, 0x01CC, 0x01CC, 0x01CC,
  0x01CC, 0x01CC, 0x01CC, 0x01CC, 0x01CC, 0x01CC, 0x01CC, 0x01CC, 0x01CC, 0x01CC, 0x01CC, 0x01CC,
  0x01CC, 0x01CC, 0x01CC, 0x01CC, 0x01CC, 0x01CC, 0x01CC, 0x01CC, 0x01CC, 0x01CC, 0x01CC, 0x01CC,
  0x01CC, 0x01CC, 0x01CC, 0x01CC, 0x01CC, 0x01CC, 0x01CC, 0x01CC, 0x01CC, 0x01CC, 0x01CC, 0x01CC,
  0x01CC, 0x01CC, 0x01CC, 0x01CC, 0x01CC, 0x01CC, 0x01CC, 0x01CC, 0x01CC, 0x01CC, 0x01CC, 0x01CC,
  0x01CC, 0x01CC, 0x01CC, 0x01CC, 0x01CC, 0x01CC, 0x01CC, 0x01CC, 0x01CC, 0x01CC, 0x01CC, 0x01CC,
  0x01CC, 0x01CC, 0x01CC, 0x01CC, 0x01CC, 0x01CC, 0x01CC, 0x01CC, 0x01CC, 0x01CC, 0x01CC, 0x01CC,
  0x01CC, 0x01CC, 0x01CC, 0x01CC, 0x01CC, 0x01CC, 0x01CC, 0x01CC, 0x01CC, 0x01CC, 0x01CC, 0x01CC,
  0x01CC, 0x01CC, 0x01CC, 0x01CC, 0x01CC, 0x01CC, 0x01CC, 0x01CC, 0x01CC, 0x01CC, 0x01CC, 0x01CC,
  0x01CC, 0x01CC, 0x01CC, 0x01CC, 0x01CC, 0x01CC, 0x01CC, 0x01CC, 0x01CC, 0x01CC, 0x01CC, 0x01CC,
  0x01CC, 0x01CC, 0x01CC, 0x01CC, 0x01CC, 0x01CC, 0x01CC, 0x01CC, 0x01CC, 0x01CC, 0x01CC, 0x01CC,
  0x01CC, 0x01CC, 0x01CC, 0x01CC, 0x01CC, 0x01CC, 0x01CC, 0x01CC, 0x01CC, 0x01CC, 0x01CC, 0x01CC,
  0x01CC, 0x01CC, 0x01CC, 0x01CC, 0x01CC, 0x01CC, 0x01CC, 0x01CC, 0x01CC, 0x01CC, 0x01CC, 0x01CC,
  0x01CC, 0x01CC, 0x01CC, 0x01CC, 0x01CC, 0x01CC, 0x01CC, 0x01CC, 0x01CC, 0x01CC, 0x01CC, 0x01CC,
  0x01CC, 0x01CC, 0x01CC, 0x01CC, 0x01CC, 0x01CC, 0x01CC, 0x01CC, 0x01CC, 0x01CC, 0x01CC, 0x01CC,
  0x01CC, 0x01CC, 0x01CC, 0x01CC, 0x01CC, 0x01CC, 0x01CC, 0x01CC, 0x01CC, 0x01CC, 0x01CC, 0x01CC,
  0x01CC, 0x01CC, 0x01CC, 0x01CC, 0x01CC, 0x01CC, 0x01CC, 0x01CC, 0x01CC, 0x01CC, 0x01CC, 0x01CC,
  0x01CC, 0x01CC, 0x01CC, 0x01CC, 0x01CC, 0x01CC, 0x01CC, 0x01CC, 0x01CC, 0x01CC, 0x01CC, 0x01CC,
  0x01CC, 0x01CC, 0x01CC, 0x01CC, 0x01CC, 0x01CC, 0x01CC, 0x01CC, 0x01CC, 0x01CC, 0x01CC, 0x01CC,
  0x01CC, 0x01CC, 0x01CC, 0x01CC, 0x01CC, 0x01CC, 0x01CC, 0x01CC, 0x01CC, 0x01CC, 0x01CC, 0x01CC,
  0x01CC, 0x01CC, 0x01CC, 0x01CC, 0x01CC, 0x01CC, 0x01CC, 0x01CC, 0x01CC, 0x01CC, 0x01CC, 0x01CC,
  0x01CC, 0x01CC, 0x01CC, 0x01CC, 0x01CC, 0x01CC, 0x01CC, 0x01CC, 0x01CC, 0x01CC, 0x01CC, 0x01CC,
  0x01CC, 0x01CC, 0x01CC, 0x01CC, 0x01CC, 0x01CC, 0x01CC, 0x01CC, 0x01CC, 0x01CC, 0x01CC, 0x01CC,
  0x01CC, 0x01CC, 0x01CC, 0x01CC, 0x01CC, 0x01CC, 0x01CC, 0x01CC, 0x01CC, 0x01CC, 0x01CC, 0x01CC,
  0x01CC, 0x01CC, 0x01CC, 0x01CC, 0x01CC, 0x01CC, 0x01CC, 0x01CC, 0x01CC, 0x01CC, 0x01CC, 0x01CC,
  0x01CC, 0x01CC, 0x01CC, 0x01CC, 0x01CC, 0x01CC, 0x01CC, 0x01CC, 0x01CC, 0x01CC, 0x01CC, 0x01CC,
  0x01CC, 0x01CC, 0x01CC, 0x01CC, 0x01CC, 0x01CC, 0x01CC, 0x01CC, 0x01CC, 0x01CC, 0x01CC, 0x01CC,
  0x01CC, 0x01CC, 0x01CC, 0x01CC, 0x01CC, 0x01CC, 0x01CC, 0x01CC, 0x01CC, 0x01CC, 0x01CC, 0x01CC,
  0x01CC, 0x01CC, 0x01CC, 0x01CC, 0x01CC, 0x01CC, 0x01CC, 0x01CC, 0x01CC, 0x01CC, 0x01CC, 0x01CC,
  0x01CC, 0x01CC, 0x01CC, 0x01CC, 0x01CC, 0x01CC, 0x01CC, 0x01CC, 0x01CC, 0x01CC, 0x01CC, 0x01CC,
  0x01CC, 0x01CC, 0x01CC, 0x01CC, 0x01CC, 0x01CC, 0x01CC, 0x01CC, 0x01CC, 0x01CC, 0x01CC, 0x01CC,
  0x01CC, 0x01CC, 0x01CC, 0x01CC, 0x01CC, 0x01CC, 0x01CC, 0x01CC, 0x01CC, 0x01CC, 0x01CC, 0x01CC,
  0x01CC, 0x01CC, 0x01CC, 0x01CC, 0x01CC, 0x01CC, 0x01CC, 0x01CC, 0x01CC, 0x01CC, 0x01CC, 0x01CC,
  0x01CC, 0x01CC, 0x01CC, 0x01CC, 0x01CC, 0x01CC, 0x01CC, 0x01CC, 0x01CC, 0x01CC, 0x01CC, 0x01CC,
  0x01CC, 0x01CC, 0x01CC, 0x01CC, 0x01CC, 0x01CC, 0x01CC, 0x01CC, 0x01CC, 0x01CC, 0x01CC, 0x01CC,
  0x01CC, 0x01CC, 0x01CC, 0x01CC, 0x01CC, 0x01CC, 0x01CC, 0x01CC, 0x01CC, 0x01CC, 0x01CC, 0x01CC,
  0x01CC, 0x01CC, 0x01CC, 0x01CC, 0x01CC, 0x01CC, 0x01CC, 0x01CC, 0x01CC, 0x01CC, 0x01CC, 0x01CC,
  0x01CC, 0x01CC, 0x01CC, 0x01CC, 0x01CC, 0x01CC, 0x01CC, 0x01CC, 0x01CC, 0x01CC, 0x01CC, 0x01CC,
  0x01CC, 0x01CC, 0x01CC, 0x01CC, 0x01CC, 0x01CC, 0x01CC, 0x01CC, 0x01CC, 0x01CC, 0x01CC, 0x01CC,
  0x01CC, 0x01CC, 0x01CC, 0x01CC, 0x01CC, 0x01CC, 0x01CC, 0x01CC, 0x01CC, 0x01CC, 0x01CC, 0x01CC,
  0x01CC, 0x01CC, 0x01CC, 0x01CC, 0x01CC, 0x01CC, 0x01CC, 0x01CC, 0x01CC, 0x01CC, 0x01CC, 0x01CC,
  0x01CC, 0x01CC, 0x01CC, 0x01CC, 0x01CC, 0x01CC, 0x01CC, 0x01CC, 0x01CC, 0x01CC, 0x01CC, 0x01CC,
  0x01CC, 0x01CC, 0x01CC, 0x01CC, 0x01CC, 0x01CC, 0x01CC, 0x01CC, 0x01CC, 0x01CC, 0x01CC, 0x01CC,
  0x01CC, 0x01CC, 0x01CC, 0x01CC, 0x01CC, 0x01CC, 0x01CC, 0x01CC, 0x01CC, 0x01CC, 0x01CC, 0x01CC,
  0x01CC, 0x01CC, 0x01CC, 0x01CC, 0x01CC, 0x01CC, 0x01CC, 0x01CC, 0x01CC, 0x01CC, 0x01CC, 0x01CC,
  0x01CC, 0x01CC, 0x01CC, 0x01CC, 0x01CC, 0x01CC, 0x01CC, 0x01CC, 0x01CC, 0x01CC, 0x01CC, 0x01CC,
  0x01CC, 0x01CC, 0x01CC, 0x01CC, 0x01CC, 0x01CC, 0x01CC, 0x01CC, 0x01CC, 0x01CC, 0x01CC, 0x01CC,
  0x01CC, 0x01CC, 0x01CC, 0x01CC, 0x01CC, 0x01CC, 0x01CC, 0x01CC, 0x01CC, 0x01CC, 0x01CC, 0x01CC,
  0x01CC, 0x01CC, 0x01CC, 0x01CC, 0x01CC, 0x01CC, 0x01CC, 0x01CC, 0x01CC, 0x01CC, 0x01CC, 0x01CC,
  0x01CC, 0x01CC, 0x01CC, 0x01CC, 0x01CC, 0x01CC, 0x01CC, 0x01CC, 0x01CC, 0x01CC, 0x01CC, 0x01CC,
  0x01CC, 0x01CC, 0x01CC, 0x01CC, 0x01CC, 0x01CC, 0x01CC, 0x01CC, 0x01CC, 0x01CC, 0x01CC, 0x01CC,
  0x01CC, 0x01CC, 0x01CC, 0x01CC, 0x01CC, 0x01CC, 0x01CC, 0x01CC, 0x01CC, 0x01CC, 0x01CC, 0x01CC,
  0x01CC, 0x01CC, 0x01CC, 0x01CC, 0x01CC, 0x01CC, 0x01CC, 0x01CC, 0x01CC, 0x01CC, 0x01CC, 0x01CC,
  0x01CC, 0x01CC, 0x01CC, 0x01CC, 0x01CC, 0x01CC, 0x01CC, 0x01CC, 0x01CC, 0x01CC, 0x01CC, 0x01CC,
  0x01CC, 0x01CC, 0x01CC, 0x01CC, 0x01CC, 0x01CC, 0x01CC, 0x01CC, 0x01CC, 0x01CC, 0x01CC, 0x01CC,
  0x01CC, 0x01CC, 0x01CC, 0x01CC, 0x01CC, 0x01CC, 0x01CC, 0x01CC, 0x01CC, 0x01CC, 0x01CC, 0x01CC,
  0x01CC, 0x01CC, 0x01CC, 0x01CC, 0x01CC, 0x01CC, 0x01CC, 0x01CC, 0x01CC, 0x01CC, 0x01CC, 0x01CC,
  0x01CC, 0x01CC, 0x01CC, 0x01CC, 0x01CC, 0x01CC, 0x01CC, 0x01CC, 0x01CC, 0x01CC, 0x01CC, 0x01CC,
  0x01CC, 0x01CC, 0x01CC, 0x01CC, 0x01CC, 0x01CC, 0x01CC, 0x01CC, 0x01CC, 0x01CC, 0x01CC, 0x01CC,
  0x01CC, 0x01CC, 0x01CC, 0x01CC, 0x01CC, 0x01CC, 0x01CC, 0x01CC, 0x01CC, 0x01CC, 0x01CC, 0x01CC,
  0x01CC, 0x01CC, 0x01CC, 0x01CC, 0x01CC, 0x01CC, 0x01CC, 0x01CC, 0x01CC, 0x01CC, 0x01CC, 0x01CC,
  0x01CC, 0x01CC, 0x01CC, 0x01CC, 0x01CC, 0x01CC, 0x01CC, 0x01CC, 0x01CC, 0x01CC, 0x01CC, 0x01CC,
  0x01CC, 0x01CC, 0x01CC, 0x01CC, 0x01CC, 0x01CC, 0x01CC, 0x01CC, 0x01CC, 0x01CC, 0x01CC, 0x01CC,
  0x01CC, 0x01CC, 0x01CC, 0x01CC, 0x01CC, 0x01CC, 0x01CC, 0x01CC, 0x01CC, 0x01CC, 0x01CC, 0x01CC,
  0x01CC, 0x01CC, 0x01CC, 0x01CC, 0x01CC, 0x01CC, 0x01CC, 0x01CC, 0x01CC, 0x01CC, 0x01CC, 0x01CC,
  0x01CC, 0x01CC, 0x01CC, 0x01CC, 0x01CC, 0x01CC, 0x01CC, 0x01CC, 0x01CC, 0x01CC, 0x01CC, 0x01CC,
  0x01CC, 0x01CC, 0x01CC, 0x01CC, 0x01CC, 0x01CC, 0x01CC, 0x01CC, 0x01CC, 0x01CC, 0x01CC, 0x01CC,
  0x01CC, 0x01CC, 0x01CC, 0x01CC, 0x01CC, 0x01CC, 0x01CC, 0x01CC, 0x01CC, 0x01CC, 0x01CC, 0x01CC,
  0x01CC, 0x01CC, 0x01CC, 0x01CC, 0x01CC, 0x01CC, 0x01CC, 0x01CC, 0x01CC, 0x01CC, 0x01CC, 0x01CC,
  0x01CC, 0x01CC, 0x01CC, 0x01CC, 0x01CC, 0x01CC, 0x01CC, 0x01CC, 0x01CC, 0x01CC, 0x01CC, 0x01CC,
  0x01CC, 0x01CC, 0x01CC, 0x01CC, 0x01CC, 0x01CC, 0x01CC, 0x01CC, 0x01CC, 0x01CC, 0x01CC, 0x01CC,
  0x01CC, 0x01CC, 0x01CC, 0x01CC, 0x01CC, 0x01CC, 0x01CC, 0x01CC, 0x01CC, 0x01CC, 0x01CC, 0x01CC,
  0x01CC, 0x01CC, 0x01CC, 0x01CC, 0x01CC, 0x01CC, 0x01CC, 0x01CC, 0x01CC, 0x01CC, 0x01CC, 0x01CC,
  0x01CC, 0x01CC, 0x01CC, 0x01CC, 0x01CC, 0x01CC, 0x01CC, 0x01CC, 0x01CC, 0x01CC, 0x01CC, 0x01CC,
  0x01CC, 0x01CC, 0x01CC, 0x01CC, 0x01CC, 0x01CC, 0x01CC, 0x01CC, 0x01CC, 0x01CC, 0x01CC, 0x01CC,
  0x01CC, 0x01CC, 0x01CC, 0x01CC, 0x01CC, 0x01CC, 0x01CC, 0x01CC, 0x01CC, 0x01CC, 0x01CC, 0x01CC,
  0x01CC, 0x01CC, 0x01CC, 0x01CC, 0x01CC, 0x01CC, 0x01CC, 0x01CC, 0x01CC, 0x01CC, 0x01CC, 0x01CC,
  0x01CC, 0x01CC, 0x01CC, 0x01CC, 0x01CC, 0x01CC, 0x01CC, 0x01CC, 0x01CC, 0x01CC, 0x01CC, 0x01CC,
  0x01CC, 0x01CC, 0x01CC, 0x01CC, 0x01CC, 0x01CC, 0x01CC, 0x01CC, 0x01CC, 0x01CC, 0x01CC, 0x01CC,
  0x01CC, 0x01CC, 0x01CC, 0x01CC, 0x01CC, 0x01CC, 0x01CC, 0x01CC, 0x01CC, 0x01CC, 0x01CC, 0x01CC,
  0x01CC, 0x01CC, 0x01CC, 0x01CC, 0x01CC, 0x01CC, 0x01CC, 0x01CC, 0x01CC, 0x01CC, 0x01CC, 0x01CC,
  0x01CC, 0x01CC, 0x01CC, 0x01CC, 0x01CC, 0x01CC, 0x01CC, 0x01CC, 0x01CC, 0x01CC, 0x01CC, 0x01CC,
  0x01CC, 0x01CC, 0x01CC, 0x01CC, 0x01CC, 0x01CC, 0x01CC, 0x01CC, 0x01CC, 0x01CC, 0x01CC, 0x01CC,
  0x01CC, 0x01CC, 0x01CC, 0x01CC, 0x01CC, 0x01CC, 0x01CC, 0x01CC, 0x01CC, 0x01CC, 0x01CC, 0x01CC,
  0x01CC, 0x01CC, 0x01CC, 0x01CC, 0x01CC, 0x01CC, 0x01CC, 0x01CC, 0x01CC, 0x01CC, 0x01CC, 0x01CC,
  0x01CC, 0x01CC, 0x01CC, 0x01CC, 0x01CC, 0x01CC, 0x01CC, 0x01CC, 0x01CC, 0x01CC, 0x01CC, 0x01CC,
  0x01CC, 0x01CC, 0x01CC, 0x01CC, 0x01CC, 0x01CC, 0x01CC, 0x01CC, 0x01CC, 0x01CC, 0x01CC, 0x01CC,
  0x01CC, 0x01CC, 0x01CC, 0x01CC, 0x01CC, 0x01CC, 0x01CC, 0x01CC, 0x01CC, 0x01CC, 0x01CC, 0x01CC,
  0x01CC, 0x01CC, 0x01CC, 0x01CC, 0x01CC, 0x01CC, 0x01CC, 0x01CC, 0x01CC, 0x01CC, 0x01CC, 0x01CC,
  0x01CC, 0x01CC, 0x01CC, 0x01CC, 0x01CC, 0x01CC, 0x01CC, 0x01CC, 0x01CC, 0x01CC, 0x01CC, 0x01CC,
  0x01CC, 0x01CC, 0x01CC, 0x01CC, 0x01CC, 0x01CC, 0x01CC, 0x01CC, 0x01CC, 0x01CC, 0x01CC, 0x01CC,
  0x01CC, 0x01CC, 0x01CC, 0x01CC, 0x01CC, 0x01CC, 0x01CC, 0x01CC, 0x01CC, 0x01CC, 0x01CC, 0x01CC,
  0x01CC, 0x01CC, 0x01CC, 0x01CC, 0x01CC, 0x01CC, 0x01CC, 0x01CC, 0x01CC, 0x01CC, 0x01CC, 0x01CC,
  0x01CC, 0x01CC, 0x01CC, 0x01CC, 0x01CC, 0x01CC, 0x01CC, 0x01CC, 0x01CC, 0x01CC, 0x01CC, 0x01CC,
  0x01CC, 0x01CC, 0x01CC, 0x01CC, 0x01CC, 0x01CC, 0x01CC, 0x01CC, 0x01CC, 0x01CC, 0x01CC, 0x01CC,
  0x01CC, 0x01CC, 0x01CC, 0x01CC, 0x01CC, 0x01CC, 0x01CC, 0x01CC, 0x01CC, 0x01CC, 0x01CC, 0x01CC,
  0x01CC, 0x01CC, 0x01CC, 0x01CC, 0x01CC, 0x01CC, 0x01CC, 0x01CC, 0x01CC, 0x01CC, 0x01CC, 0x01CC,
  0x01CC, 0x01CC, 0x01CC, 0x01CC, 0x01CC, 0x01CC, 0x01CC, 0x01CC, 0x01CC, 0x01CC, 0x01CC, 0x01CC,
  0x01CC, 0x01CC, 0x01CC, 0x01CC, 0x01CC, 0x01CC, 0x01CC, 0x01CC, 0x01CC, 0x01CC, 0x01CC, 0x01CC,
  0x01CC, 0x01CC, 0x01CC, 0x01CC, 0x01CC, 0x01CC, 0x01CC, 0x01CC, 0x01CC, 0x01CC, 0x01CC, 0x01CC,
  0x01CC, 0x01CC, 0x01CC, 0x01CC, 0x01CC, 0x01CC, 0x01CC, 0x01CC, 0x01CC, 0x01CC, 0x01CC, 0x01CC,
  0x01CC, 0x01CC, 0x01CC, 0x01CC, 0x01CC, 0x01CC, 0x01CC, 0x01CC, 0x01CC, 0x01CC, 0x01CC, 0x01CC,
  0x01CC, 0x01CC, 0x01CC, 0x01CC, 0x01CC, 0x01CC, 0x01CC, 0x01CC, 0x01CC, 0x01CC, 0x01CC, 0x01CC,
  0x01CC, 0x01CC, 0x01CC, 0x01CC, 0x01CC, 0x01CC, 0x01CC, 0x01CC, 0x01CC, 0x01CC, 0x01CC, 0x01CC,
  0x01CC, 0x01CC, 0x01CC, 0x01CC, 0x01CC, 0x01CC, 0x01CC, 0x01CC, 0x01CC, 0x01CC, 0x01CC, 0x01CC,
  0x01CC, 0x01CC, 0x01CC, 0x01CC, 0x01CC, 0x01CC, 0x01CC, 0x01CC, 0x01CC, 0x01CC, 0x01CC, 0x01CC,
  0x01CC, 0x01CC, 0x01CC, 0x01CC, 0x01CC, 0x01CC, 0x01CC, 0x01CC, 0x01CC, 0x01CC, 0x01CC, 0x01CC,
  0x01CC, 0x01CC, 0x01CC, 0x01CC, 0x01CC, 0x01CC, 0x01CC, 0x01CC, 0x01CC, 0x01CC, 0x01CC, 0x01CC,
  0x01CC, 0x01CC, 0x01CC, 0x01CC, 0x01CC, 0x01CC, 0x01CC, 0x01CC, 0x01CC, 0x01CC, 0x01CC, 0x01CC,
  0x01CC, 0x01CC, 0x01CC, 0x01CC, 0x01CC, 0x01CC, 0x01CC, 0x01CC, 0x01CC, 0x01CC, 0x01CC, 0x01CC,
  0x01CC, 0x01CC, 0x01CC, 0x01CC, 0x01CC, 0x01CC, 0x01CC, 0x01CC, 0x01CC, 0x01CC, 0x01CC, 0x01CC,
  0x01CC, 0x01CC, 0x01CC, 0x01CC, 0x01CC, 0x01CC, 0x01CC, 0x01CC, 0x01CC, 0x01CC, 0x01CC, 0x01CC,
  0x01CC, 0x01CC, 0x01CC, 0x01CC, 0x01CC, 0x01CC, 0x01CC, 0x01CC, 0x01CC, 0x01CC, 0x01CC, 0x01CC,
  0x01CC, 0x01CC, 0x01CC, 0x01CC, 0x01CC, 0x01CC, 0x01CC, 0x01CC, 0x01CC, 0x01CC, 0x01CC, 0x01CC,
  0x01CC, 0x01CC, 0x01CC, 0x01CC, 0x01CC, 0x01CC, 0x01CC, 0x01CC, 0x01CC, 0x01CC, 0x01CC, 0x01CC,
  0x01CC, 0x01CC, 0x01CC, 0x01CC, 0x01CC, 0x01CC, 0x01CC, 0x01CC, 0x01CC, 0x01CC, 0x01CC, 0x01CC,
  0x01CC, 0x01CC, 0x01CC, 0x01CC, 0x01CC, 0x01CC, 0x01CC, 0x01CC, 0x01CC, 0x01CC, 0x01CC, 0x01CC,
  0x01CC, 0x01CC, 0x01CC, 0x01CC, 0x01CC, 0x01CC, 0x01CC, 0x01CC, 0x01CC, 0x01CC, 0x01CC, 0x01CC,
  0x01CC, 0x01CC, 0x01CC, 0x01CC, 0x01CC, 0x01CC, 0x01CC, 0x01CC, 0x01CC, 0x01CC, 0x01CC, 0x01CC,
  0x01CC, 0x01CC, 0x01CC, 0x01CC, 0x01CC, 0x01CC, 0x01CC, 0x01CC, 0x01CC, 0x01CC, 0x01CC, 0x01CC,
  0x01CC, 0x01CC, 0x01CC, 0x01CC, 0x01CC, 0x01CC, 0x01CC, 0x01CC, 0x01CC, 0x01CC, 0x01CC, 0x01CC,
  0x01CC, 0x01CC, 0x01CC, 0x01CC, 0x01CC, 0x01CC, 0x01CC, 0x01CC, 0x01CC, 0x01CC, 0x01CC, 0x01CC,
  0x01CC, 0x01CC, 0x01CC, 0x01CC, 0x01CC, 0x01CC, 0x01CC, 0x01CC, 0x01CC, 0x01CC, 0x01CC, 0x01CC,
  0x01CC, 0x01CC, 0x01CC, 0x01CC, 0x01CC, 0x01CC, 0x01CC, 0x01CC, 0x01CC, 0x01CC, 0x01CC, 0x01CC,
  0x01CC, 0x01CC, 0x01CC, 0x01CC, 0x01CC, 0x01CC, 0x01CC, 0x01CC, 0x01CC, 0x01CC, 0x01CC, 0x01CC,
  0x01CC, 0x01CC, 0x01CC, 0x01CC, 0x01CC, 0x01CC, 0x01CC, 0x01CC, 0x01CC, 0x01CC, 0x01CC, 0x01CC,
  0x01CC, 0x01CC, 0x01CC, 0x01CC, 0x01CC, 0x01CC, 0x01CC, 0x01CC, 0x01CC, 0x01CC, 0x01CC, 0x01CC,
  0x01CC, 0x01CC, 0x01CC, 0x01CC, 0x01CC, 0x01CC, 0x01CC, 0x01CC, 0x01CC, 0x01CC, 0x01CC, 0x01CC,
  0x01CC, 0x01CC, 0x01CC, 0x01CC, 0x01CC, 0x01CC, 0x01CC, 0x01CC, 0x01CC, 0x01CC, 0x01CC, 0x01CC,
  0x01CC, 0x01CC, 0x01CC, 0x01CC, 0x01CC, 0x01CC, 0x01CC, 0x01CC, 0x01CC, 0x01CC, 0x01CC, 0x01CC,
  0x01CC, 0x01CC, 0x01CC, 0x01CC, 0x01CC, 0x01CC, 0x01CC, 0x01CC, 0x01CC, 0x01CC, 0x01CC, 0x01CC,
  0x01CC, 0x01CC, 0x01CC, 0x01CC, 0x01CC, 0x01CC, 0x01CC, 0x01CC, 0x01CC, 0x01CC, 0x01CC, 0x01CC,
  0x01CC, 0x01CC, 0x01CC, 0x01CC, 0x01CC, 0x01CC, 0x01CC, 0x01CC, 0x01CC, 0x01CC, 0x01CC, 0x01CC,
  0x01CC, 0x01CC, 0x01CC, 0x01CC, 0x01CC, 0x01CC, 0x01CC, 0x01CC, 0x01CC, 0x01CC, 0x01CC, 0x01CC,
  0x01CC, 0x01CC, 0x01CC, 0x01CC, 0x01CC, 0x01CC, 0x01CC, 0x01CC, 0x01CC, 0x01CC, 0x01CC, 0x01CC,
  0x01CC, 0x01CC, 0x01CC, 0x01CC, 0x01CC, 0x01CC, 0x01CC, 0x01CC, 0x01CC, 0x01CC, 0x01CC, 0x01CC,
  0x01CC, 0x01CC, 0x01CC, 0x01CC, 0x01CC, 0x01CC, 0x01CC, 0x01CC, 0x01CC, 0x01CC, 0x01CC, 0x01CC,
  0x01CC, 0x01CC, 0x01CC, 0x01CC, 0x01CC, 0x01CC, 0x01CC, 0x01CC, 0x01CC, 0x01CC, 0x01CC, 0x01CC,
  0x01CC, 0x01CC, 0x01CC, 0x01CC, 0x01CC, 0x01CC, 0x01CC, 0x01CC, 0x01CC, 0x01CC, 0x01CC, 0x01CC,
  0x01CC, 0x01CC, 0x01CC, 0x01CC, 0x01CC, 0x01CC, 0x01CC, 0x01CC, 0x01CC, 0x01CC, 0x01CC, 0x01CC,
  0x01CC, 0x01CC, 0x01CC, 0x01CC, 0x01CC, 0x01CC, 0x01CC, 0x01CC, 0x01CC, 0x01CC, 0x01CC, 0x01CC,
  0x01CC, 0x01CC, 0x01CC, 0x01CC, 0x01CC, 0x01CC, 0x01CC, 0x01CC, 0x01CC, 0x01CC, 0x01CC, 0x01CC,
  0x01CC, 0x01CC, 0x01CC, 0x01CC, 0x01CC, 0x01CC, 0x01CC, 0x01CC, 0x01CC, 0x01CC, 0x01CC, 0x01CC,
  0x01CC, 0x01CC, 0x01CC, 0x01CC, 0x01CC, 0x01CC, 0x01CC, 0x01CC, 0x01CC, 0x01CC, 0x01CC, 0x01CC,
  0x01CC, 0x01CC, 0x01CC, 0x01CC, 0x01CC, 0x01CC, 0x01CC, 0x01CC, 0x01CC, 0x01CC, 0x01CC, 0x01CC,
  0x01CC, 0x01CC, 0x01CC, 0x01CC, 0x01CC, 0x01CC, 0x01CC, 0x01CC, 0x01CC, 0x01CC, 0x01CC, 0x01CC,
  0x01CC, 0x01CC, 0x01CC, 0x01CC, 0x01CC, 0x01CC, 0x01CC, 0x01CC, 0x01CC, 0x01CC, 0x01CC, 0x01CC,
  0x01CC, 0x01CC, 0x01CC, 0x01CC, 0x01CC, 0x01CC, 0x01CC, 0x01CC, 0x01CC, 0x01CC, 0x01CC, 0x01CC,
  0x01CC, 0x01CC, 0x01CC, 0x01CC, 0x01CC, 0x01CC, 0x01CC, 0x01CC, 0x01CC, 0x01CC, 0x01CC, 0x01CC,
  0x01CC, 0x01CC, 0x01CC, 0x01CC, 0x01CC, 0x01CC, 0x01CC, 0x01CC, 0x01CC, 0x01CC, 0x01CC, 0x01CC,
  0x01CC, 0x01CC, 0x01CC, 0x01CC, 0x01CC, 0x01CC, 0x01CC, 0x01CC, 0x01CC, 0x01CC, 0x01CC, 0x01CC,
  0x01CC, 0x01CC, 0x01CC, 0x01CC, 0x01CC, 0x01CC, 0x01CC, 0x01CC, 0x01CC, 0x01CC, 0x01CC, 0x01CC,
  0x01CC, 0x01CC, 0x01CC, 0x01CC, 0x01CC, 0x01CC, 0x01CC, 0x01CC, 0x01CC, 0x01CC, 0x01CC, 0x01CC,
  0x01CC, 0x01CC, 0x01CC, 0x01CC, 0x01CC, 0x01CC, 0x01CC, 0x01CC, 0x01CC, 0x01CC, 0x01CC, 0x01CC,
  0x01CC, 0x01CC, 0x01CC, 0x01CC, 0x01CC, 0x01CC, 0x01CC, 0x01CC, 0x01CC, 0x01CC, 0x01CC, 0x01CC,
  0x01CC, 0x01CC, 0x01CC, 0x01CC, 0x01CC, 0x01CC, 0x01CC, 0x01CC, 0x01CC, 0x01CC, 0x01CC, 0x01CC,
  0x01CC, 0x01CC, 0x01CC, 0x01CC, 0x01CC, 0x01CC, 0x01CC, 0x01CC, 0x01CC, 0x01CC, 0x01CC, 0x01CC,
  0x01CC, 0x01CC, 0x01CC, 0x01CC, 0x01CC, 0x01CC, 0x01CC, 0x01CC, 0x01CC, 0x01CC, 0x01CC, 0x01CC,
  0x01CC, 0x01CC, 0x01CC, 0x01CC, 0x01CC, 0x01CC, 0x01CC, 0x01CC, 0x01CC, 0x01CC, 0x01CC, 0x01CC,
  0x01CC, 0x01CC, 0x01CC, 0x01CC, 0x01CC, 0x01CC, 0x01CC, 0x01CC, 0x01CC, 0x01CC, 0x01CC, 0x01CC,
  0x01CC, 0x01CC, 0x01CC, 0x01CC, 0x01CC, 0x01CC, 0x01CC, 0x01CC, 0x01CC, 0x01CC, 0x01CC, 0x01CC,
  0x01CC, 0x01CC, 0x01CC, 0x01CC, 0x01CC, 0x01CC, 0x01CC, 0x01CC, 0x01CC, 0x01CC, 0x01CC, 0x01CC,
  0x01CC, 0x01CC, 0x01CC, 0x01CC, 0x01CC, 0x01CC, 0x01CC, 0x01CC, 0x01CC, 0x01CC, 0x01CC, 0x01CC,
  0x01CC, 0x01CC, 0x01CC, 0x01CC, 0x01CC, 0x01CC, 0x01CC, 0x01CC, 0x01CC, 0x01CC, 0x01CC, 0x01CC,
  0x01CC, 0x01CC, 0x01CC, 0x01CC, 0x01CC, 0x01CC, 0x01CC, 0x01CC, 0x01CC, 0x01CC, 0x01CC, 0x01CC,
  0x01CC, 0x01CC, 0x01CC, 0x01CC, 0x01CC, 0x01CC, 0x01CC, 0x01CC, 0x01CC, 0x01CC, 0x01CC, 0x01CC,
  0x01CC, 0x01CC, 0x01CC, 0x01CC, 0x01CC, 0x01CC, 0x01CC, 0x01CC, 0x01CC, 0x01CC, 0x01CC, 0x01CC,
  0x01CC, 0x01CC, 0x01CC, 0x01CC, 0x01CC, 0x01CC, 0x01CC, 0x01CC, 0x01CC, 0x01CC, 0x01CC, 0x01CC,
  0x01CC, 0x01CC, 0x01CC, 0x01CC, 0x01CC, 0x01CC, 0x01CC, 0x01CC, 0x01CC, 0x01CC, 0x01CC, 0x01CC,
  0x01CC, 0x01CC, 0x01CC, 0x01CC, 0x01CC, 0x01CC, 0x01CC, 0x01CC, 0x01CC, 0x01CC, 0x01CC, 0x01CC,
  0x01CC, 0x01CC, 0x01CC, 0x01CC, 0x01CC, 0x01CC, 0x01CC, 0x01CC, 0x01CC, 0x01CC, 0x01CC, 0x01CC,
  0x01CC, 0x01CC, 0x01CC, 0x01CC, 0x01CC, 0x01CC, 0x01CC, 0x01CC, 0x01CC, 0x01CC, 0x01CC, 0x01CC,
  0x01CC, 0x01CC, 0x01CC, 0x01CC, 0x01CC, 0x01CC, 0x01CC, 0x01CC, 0x01CC, 0x01CC, 0x01CC, 0x01CC,
  0x01CC, 0x01CC, 0x01CC, 0x01CC, 0x01CC, 0x01CC, 0x01CC, 0x01CC, 0x01CC, 0x01CC, 0x01CC, 0x01CC,
  0x01CC, 0x01CC, 0x01CC, 0x01CC, 0x01CC, 0x01CC, 0x01CC, 0x01CC, 0x01CC, 0x01CC, 0x01CC, 0x01CC,
  0x01CC, 0x01CC, 0x01CC, 0x01CC, 0x01CC, 0x01CC, 0x01CC, 0x01CC, 0x01CC, 0x01CC, 0x01CC, 0x01CC,
  0x01CC, 0x01CC, 0x01CC, 0x01CC, 0x01CC, 0x01CC, 0x01CC, 0x01CC, 0x01CC, 0x01CC, 0x01CC, 0x01CC,
  0x01CC, 0x01CC, 0x01CC, 0x01CC, 0x01CC, 0x01CC, 0x01CC, 0x01CC, 0x01CC, 0x01CC, 0x01CC, 0x01CC,
  0x01CC, 0x01CC, 0x01CC, 0x01CC, 0x01CC, 0x01CC, 0x01CC, 0x01CC, 0x01CC, 0x01CC, 0x01CC, 0x01CC,
  0x01CC, 0x01CC, 0x01CC, 0x01CC, 0x01CC, 0x01CC, 0x01CC, 0x01CC, 0x01CC, 0x01CC, 0x01CC, 0x01CC,
  0x01CC, 0x01CC, 0x01CC, 0x01CC, 0x01CC, 0x01CC, 0x01CC, 0x01CC, 0x01CC, 0x01CC, 0x01CC, 0x01CC,
  0x01CC, 0x01CC, 0x01CC, 0x01CC, 0x01CC, 0x01CC, 0x01CC, 0x01CC, 0x01CC, 0x01CC, 0x01CC, 0x01CC,
  0x01CC, 0x01CC, 0x01CC, 0x01CC, 0x01CC, 0x01CC, 0x01CC, 0x01CC, 0x01CC, 0x01CC, 0x01CC, 0x01CC,
  0x01CC, 0x01CC, 0x01CC, 0x01CC, 0x01CC, 0x01CC, 0x01CC, 0x01CC, 0x01CC, 0x01CC, 0x01CC, 0x01CC,
  0x01CC, 0x01CC, 0x01CC, 0x01CC, 0x01CC, 0x01CC, 0x01CC, 0x01CC, 0x01CC, 0x01CC, 0x01CC, 0x01CC,
  0x01CC, 0x01CC, 0x01CC, 0x01CC, 0x01CC, 0x01CC, 0x01CC, 0x01CC, 0x01CC, 0x01CC, 0x01CC, 0x01CC,
  0x01CC, 0x01CC, 0x01CC, 0x01CC, 0x01CC, 0x01CC, 0x01CC, 0x01CC, 0x01CC, 0x01CC, 0x01CC, 0x01CC,
  0x01CC, 0x01CC, 0x01CC, 0x01CC, 0x01CC, 0x01CC, 0x01CC, 0x01CC, 0x01CC, 0x01CC, 0x01CC, 0x01CC,
  0x01CC, 0x01CC, 0x01CC, 0x01CC, 0x01CC, 0x01CC, 0x01CC, 0x01CC, 0x01CC, 0x01CC, 0x01CC, 0x01CC,
  0x01CC, 0x01CC, 0x01CC, 0x01CC, 0x01CC, 0x01CC, 0x01CC, 0x01CC, 0x01CC, 0x01CC, 0x01CC, 0x01CC,
  0x01CC, 0x01CC, 0x01CC, 0x01CC, 0x01CC, 0x01CC, 0x01CC, 0x01CC, 0x01CC, 0x01CC, 0x01CC, 0x01CC,
  0x01CC, 0x01CC, 0x01CC, 0x01CC, 0x01CC, 0x01CC, 0x01CC, 0x01CC, 0x01CC, 0x01CC, 0x01CC, 0x01CC,
  0x01CC, 0x01CC, 0x01CC, 0x01CC, 0x01CC, 0x01CC, 0x01CC, 0x01CC, 0x01CC, 0x01CC, 0x01CC, 0x01CC,
  0x01CC, 0x01CC, 0x01CC, 0x01CC, 0x01CC, 0x01CC, 0x01CC, 0x01CC, 0x01CC, 0x01CC, 0x01CC, 0x01CC,
  0x01CC, 0x01CC, 0x01CC, 0x01CC, 0x01CC, 0x01CC, 0x01CC, 0x01CC, 0x01CC, 0x01CC, 0x01CC, 0x01CC,
  0x01CC, 0x01CC, 0x01CC, 0x01CC, 0x01CC, 0x01CC, 0x01CC, 0x01CC, 0x01CC, 0x01CC, 0x01CC, 0x01CC,
  0x01CC, 0x01CC, 0x01CC, 0x01CC, 0x01CC, 0x01CC, 0x01CC, 0x01CC, 0x01CC, 0x01CC, 0x01CC, 0x01CC,
  0x01CC, 0x01CC, 0x01CC, 0x01CC, 0x01CC, 0x01CC, 0x01CC, 0x01CC, 0x01CC, 0x01CC, 0x01CC, 0x01CC,
  0x01CC, 0x01CC, 0x01CC, 0x01CC, 0x01CC, 0x01CC, 0x01CC, 0x01CC, 0x01CC, 0x01CC, 0x01CC, 0x01CC,
  0x01CC, 0x01CC, 0x01CC, 0x01CC, 0x01CC, 0x01CC, 0x01CC, 0x01CC, 0x01CC, 0x01CC, 0x01CC, 0x01CC,
  0x01CC, 0x01CC, 0x01CC, 0x01CC, 0x01CC, 0x01CC, 0x01CC, 0x01CC, 0x01CC, 0x01CC, 0x01CC, 0x01CC,
  0x01CC, 0x01CC, 0x01CC, 0x01CC, 0x01CC, 0x01CC, 0x01CC, 0x01CC, 0x01CC, 0x01CC, 0x01CC, 0x01CC,
  0x01CC, 0x01CC, 0x01CC, 0x01CC, 0x01CC, 0x01CC, 0x01CC, 0x01CC, 0x01CC, 0x01CC, 0x01CC, 0x01CC,
  0x01CC, 0x01CC, 0x01CC, 0x01CC, 0x01CC, 0x01CC, 0x01CC, 0x01CC, 0x01CC, 0x01CC, 0x01CC, 0x01CC,
  0x01CC, 0x01CC, 0x01CC, 0x01CC, 0x01CC, 0x01CC, 0x01CC, 0x01CC, 0x01CC, 0x01CC, 0x01CC, 0x01CC,
  0x01CC, 0x01CC, 0x01CC, 0x01CC, 0x01CC, 0x01CC, 0x01CC, 0x01CC, 0x01CC, 0x01CC, 0x01CC, 0x01CC,
  0x01CC, 0x01CC, 0x01CC, 0x01CC, 0x01CC, 0x01CC, 0x01CC, 0x01CC, 0x01CC, 0x01CC, 0x01CC, 0x01CC,
  0x01CC, 0x01CC, 0x01CC, 0x01CC, 0x01CC, 0x01CC, 0x01CC, 0x01CC, 0x01CC, 0x01CC, 0x01CC, 0x01CC,
  0x01CC, 0x01CC, 0x01CC, 0x01CC, 0x01CC, 0x01CC, 0x01CC, 0x01CC, 0x01CC, 0x01CC, 0x01CC, 0x01CC,
  0x01CC, 0x01CC, 0x01CC, 0x01CC, 0x01CC, 0x01CC, 0x01CC, 0x01CC, 0x01CC, 0x01CC, 0x01CC, 0x01CC,
  0x01CC, 0x01CC, 0x01CC, 0x01CC, 0x01CC, 0x01CC, 0x01CC, 0x01CC, 0x01CC, 0x01CC, 0x01CC, 0x01CC,
  0x01CC, 0x01CC, 0x01CC, 0x01CC, 0x01CC, 0x01CC, 0x01CC, 0x01CC, 0x01CC, 0x01CC, 0x01CC, 0x01CC,
  0x01CC, 0x01CC, 0x01CC, 0x01CC, 0x01CC, 0x01CC, 0x01CC, 0x01CC, 0x01CC, 0x01CC, 0x01CC, 0x01CC,
  0x01CC, 0x01CC, 0x01CC, 0x01CC, 0x01CC, 0x01CC, 0x01CC, 0x01CC, 0x01CC, 0x01CC, 0x01CC, 0x01CC,
  0x01CC, 0x01CC, 0x01CC, 0x01CC, 0x01CC, 0x01CC, 0x01CC, 0x01CC, 0x01CC, 0x01CC, 0x01CC, 0x01CC,
  0x01CC, 0x01CC, 0x01CC, 0x01CC, 0x01CC, 0x01CC, 0x01CC, 0x01CC, 0x01CC, 0x01CC, 0x01CC, 0x01CC,
  0x01CC, 0x01CC, 0x01CC, 0x01CC, 0x01CC, 0x01CC, 0x01CC, 0x01CC, 0x01CC, 0x01CC, 0x01CC, 0x01CC,
  0x01CC, 0x01CC, 0x01CC, 0x01CC, 0x01CC, 0x01CC, 0x01CC, 0x01CC, 0x01CC, 0x01CC, 0x01CC, 0x01CC,
  0x01CC, 0x01CC, 0x01CC, 0x01CC, 0x01CC, 0x01CC, 0x01CC, 0x01CC, 0x01CC, 0x01CC, 0x01CC, 0x01CC,
  0x01CC, 0x01CC, 0x01CC, 0x01CC, 0x01CC, 0x01CC, 0x01CC, 0x01CC, 0x01CC, 0x01CC, 0x01CC, 0x01CC,
  0x01CC, 0x01CC, 0x01CC, 0x01CC, 0x01CC, 0x01CC, 0x01CC, 0x01CC, 0x01CC, 0x01CC, 0x01CC, 0x01CC,
  0x01CC, 0x01CC, 0x01CC, 0x01CC, 0x01CC, 0x01CC, 0x01CC, 0x01CC, 0x01CC, 0x01CC, 0x01CC, 0x01CC,
  0x01CC, 0x01CC, 0x01CC, 0x01CC, 0x01CC, 0x01CC, 0x01CC, 0x01CC, 0x01CC, 0x01CC, 0x01CC, 0x01CC,
  0x01CC, 0x01CC, 0x01CC, 0x01CC, 0x01CC, 0x01CC, 0x01CC, 0x01CC, 0x01CC, 0x01CC, 0x01CC, 0x01CC,
  0x01CC, 0x01CC, 0x01CC, 0x01CC, 0x01CC, 0x01CC, 0x01CC, 0x01CC, 0x01CC, 0x01CC, 0x01CC, 0x01CC,
  0x01CC, 0x01CC, 0x01CC, 0x01CC, 0x01CC, 0x01CC, 0x01CC, 0x01CC, 0x01CC, 0x01CC, 0x01CC, 0x01CC,
  0x01CC, 0x01CC, 0x01CC, 0x01CC, 0x01CC, 0x01CC, 0x01CC, 0x01CC, 0x01CC, 0x01CC, 0x01CC, 0x01CC,
  0x01CC, 0x01CC, 0x01CC, 0x01CC, 0x01CC, 0x01CC, 0x01CC, 0x01CC, 0x01CC, 0x01CC, 0x01CC, 0x01CC,
  0x01CC, 0x01CC, 0x01CC, 0x01CC, 0x01CC, 0x01CC, 0x01CC, 0x01CC, 0x01CC, 0x01CC, 0x01CC, 0x01CC,
  0x01CC, 0x01CC, 0x01CC, 0x01CC, 0x01CC, 0x01CC, 0x01CC, 0x01CC, 0x01CC, 0x01CC, 0x01CC, 0x01CC,
  0x01CC, 0x01CC, 0x01CC, 0x01CC, 0x01CC, 0x01CC, 0x01CC, 0x01CC, 0x01CC, 0x01CC, 0x01CC, 0x01CC,
  0x01CC, 0x01CC, 0x01CC, 0x01CC, 0x01CC, 0x01CC, 0x01CC, 0x01CC, 0x01CC, 0x01CC, 0x01CC, 0x01CC,
  0x01CC, 0x01CC, 0x01CC, 0x01CC, 0x01CC, 0x01CC, 0x01CC, 0x01CC, 0x01CC, 0x01CC, 0x01CC, 0x01CC,
  0x01CC, 0x01CC, 0x01CC, 0x01CC, 0x01CC, 0x01CC, 0x01CC, 0x01CC, 0x01CC, 0x01CC, 0x01CC, 0x01CC,
  0x01CC, 0x01CC, 0x01CC, 0x01CC, 0x01CC, 0x01CC, 0x01CC, 0x01CC, 0x01CC, 0x01CC, 0x01CC, 0x01CC,
  0x01CC, 0x01CC, 0x01CC, 0x01CC, 0x01CC, 0x01CC, 0x01CC, 0x01CC, 0x01CC, 0x01CC, 0x01CC, 0x01CC,
  0x01CC, 0x01CC, 0x01CC, 0x01CC, 0x01CC, 0x01CC, 0x01CC, 0x01CC, 0x01CC, 0x01CC, 0x01CC, 0x01CC,
  0x01CC, 0x01CC, 0x01CC, 0x01CC, 0x01CC, 0x01CC, 0x01CC, 0x01CC, 0x01CC, 0x01CC, 0x01CC, 0x01CC,
  0x01CC, 0x01CC, 0x01CC, 0x01CC, 0x01CC, 0x01CC, 0x01CC, 0x01CC, 0x01CC, 0x01CC, 0x01CC, 0x01CC,
  0x01CC, 0x01CC, 0x01CC, 0x01CC, 0x01CC, 0x01CC, 0x01CC, 0x01CC, 0x01CC, 0x01CC, 0x01CC, 0x01CC,
  0x01CC, 0x01CC, 0x01CC, 0x01CC, 0x01CC, 0x01CC, 0x01CC, 0x01CC, 0x01CC, 0x01CC, 0x01CC, 0x01CC,
  0x01CC, 0x01CC, 0x01CC, 0x01CC, 0x01CC, 0x01CC, 0x01CC, 0x01CC, 0x01CC, 0x01CC, 0x01CC, 0x01CC,
  0x01CC, 0x01CC, 0x01CC, 0x01CC, 0x01CC, 0x01CC, 0x01CC, 0x01CC, 0x01CC, 0x01CC, 0x01CC, 0x01CC,
  0x01CC, 0x01CC, 0x01CC, 0x01CC, 0x01CC, 0x01CC, 0x01CC, 0x01CC, 0x01CC, 0x01CC, 0x01CC, 0x01CC,
  0x01CC, 0x01CC, 0x01CC, 0x01CC, 0x01CC, 0x01CC, 0x01CC, 0x01CC, 0x01CC, 0x01CC, 0x01CC, 0x01CC,
  0x01CC, 0x01CC, 0x01CC, 0x01CC, 0x01CC, 0x01CC, 0x01CC, 0x01CC, 0x01CC, 0x01CC, 0x01CC, 0x01CC,
  0x01CC, 0x01CC, 0x01CC, 0x01CC, 0x01CC, 0x01CC, 0x01CC, 0x01CC, 0x01CC, 0x01CC, 0x01CC, 0x01CC,
  0x01CC, 0x01CC, 0x01CC, 0x01CC, 0x01CC, 0x01CC, 0x01CC, 0x01CC, 0x01CC, 0x01CC, 0x01CC, 0x01CC,
  0x01CC, 0x01CC, 0x01CC, 0x01CC, 0x01CC, 0x01CC, 0x01CC, 0x01CC, 0x01CC, 0x01CC, 0x01CC, 0x01CC,
  0x01CC, 0x01CC, 0x01CC, 0x01CC, 0x01CC, 0x01CC, 0x01CC, 0x01CC, 0x01CC, 0x01CC, 0x01CC, 0x01CC,
  0x01CC, 0x01CC, 0x01CC, 0x01CC, 0x01CC, 0x01CC, 0x01CC, 0x01CC, 0x01CC, 0x01CC, 0x01CC, 0x01CC,
  0x01CC, 0x01CC, 0x01CC, 0x01CC, 0x01CC, 0x01CC, 0x01CC, 0x01CC, 0x01CC, 0x01CC, 0x01CC, 0x01CC,
  0x01CC, 0x01CC, 0x01CC, 0x01CC, 0x01CC, 0x01CC, 0x01CC, 0x01CC, 0x01CC, 0x01CC, 0x01CC, 0x01CC,
  0x01CC, 0x01CC, 0x01CC, 0x01CC, 0x01CC, 0x01CC, 0x01CC, 0x01CC, 0x01CC, 0x01CC, 0x01CC, 0x01CC,
  0x01CC, 0x01CC, 0x01CC, 0x01CC, 0x01CC, 0x01CC, 0x01CC, 0x01CC, 0x01CC, 0x01CC, 0x01CC, 0x01CC,
  0x01CC, 0x01CC, 0x01CC, 0x01CC, 0x01CC, 0x01CC, 0x01CC, 0x01CC, 0x01CC, 0x01CC, 0x01CC, 0x01CC,
  0x01CC, 0x01CC, 0x01CC, 0x01CC, 0x01CC, 0x01CC, 0x01CC, 0x01CC, 0x01CC, 0x01CC, 0x01CC, 0x01CC,
  0x01CC, 0x01CC, 0x01CC, 0x01CC, 0x01CC, 0x01CC, 0x01CC, 0x01CC, 0x01CC, 0x01CC, 0x01CC, 0x01CC,
  0x01CC, 0x01CC, 0x01CC, 0x01CC, 0x01CC, 0x01CC, 0x01CC, 0x01CC, 0x01CC, 0x01CC, 0x01CC, 0x01CC,
  0x01CC, 0x01CC, 0x01CC, 0x01CC, 0x01CC, 0x01CC, 0x01CC, 0x01CC, 0x01CC, 0x01CC, 0x01CC, 0x01CC,
  0x01CC, 0x01CC, 0x01CC, 0x01CC, 0x01CC, 0x01CC, 0x01CC, 0x01CC, 0x01CC, 0x01CC, 0x01CC, 0x01CC,
  0x01CC, 0x01CC, 0x01CC, 0x01CC, 0x01CC, 0x01CC, 0x01CC, 0x01CC, 0x01CC, 0x01CC, 0x01CC, 0x01CC,
  0x01CC, 0x01CC, 0x01CC, 0x01CC, 0x01CC, 0x01CC, 0x01CC, 0x01CC, 0x01CC, 0x01CC, 0x01CC, 0x01CC,
  0x01CC, 0x01CC, 0x01CC, 0x01CC, 0x01CC, 0x01CC, 0x01CC, 0x01CC, 0x01CC, 0x01CC, 0x01CC, 0x01CC,
  0x01CC, 0x01CC, 0x01CC, 0x01CC, 0x01CC, 0x01CC, 0x01CC, 0x01CC, 0x01CC, 0x01CC, 0x01CC, 0x01CC,
  0x01CC, 0x01CC, 0x01CC, 0x01CC, 0x01CC, 0x01CC, 0x01CC, 0x01CC, 0x01CC, 0x01CC, 0x01CC, 0x01CC,
  0x01CC, 0x01CC, 0x01CC, 0x01CC, 0x01CC, 0x01CC, 0x01CC, 0x01CC, 0x01CC, 0x01CC, 0x01CC, 0x01CC,
  0x01CC, 0x01CC, 0x01CC, 0x01CC, 0x01CC, 0x01CC, 0x01CC, 0x01CC, 0x01CC, 0x01CC, 0x01CC, 0x01CC,
  0x01CC, 0x01CC, 0x01CC, 0x01CC, 0x01CC, 0x01CC, 0x01CC, 0x01CC, 0x01CC, 0x01CC, 0x01CC, 0x01CC,
  0x01CC, 0x01CC, 0x01CC, 0x01CC, 0x01CC, 0x01CC, 0x01CC, 0x01CC, 0x01CC, 0x01CC, 0x01CC, 0x01CC,
  0x01CC, 0x01CC, 0x01CC, 0x01CC, 0x01CC, 0x01CC, 0x01CC, 0x01CC, 0x01CC, 0x01CC, 0x01CC, 0x01CC,
  0x01CC, 0x01CC, 0x01CC, 0x01CC, 0x01CC, 0x01CC, 0x01CC, 0x01CC, 0x01CC, 0x01CC, 0x01CC, 0x01CC,
  0x01CC, 0x01CC, 0x01CC, 0x01CC, 0x01CC, 0x01CC, 0x01CC, 0x01CC, 0x01CC, 0x01CC, 0x01CC, 0x01CC,
  0x01CC, 0x01CC, 0x01CC, 0x01CC, 0x01CC, 0x01CC, 0x01CC, 0x01CC, 0x01CC, 0x01CC, 0x01CC, 0x01CC,
  0x01CC, 0x01CC, 0x01CC, 0x01CC, 0x01CC, 0x01CC, 0x01CC, 0x01CC, 0x01CC, 0x01CC, 0x01CC, 0x01CC,
  0x01CC, 0x01CC, 0x01CC, 0x01CC, 0x01CC, 0x01CC, 0x01CC, 0x01CC, 0x01CC, 0x01CC, 0x01CC, 0x01CC,
  0x01CC, 0x01CC, 0x01CC, 0x01CC, 0x01CC, 0x01CC, 0x01CC, 0x01CC, 0x01CC, 0x01CC, 0x01CC, 0x01CC,
  0x01CC, 0x01CC, 0x01CC, 0x01CC, 0x01CC, 0x01CC, 0x01CC, 0x01CC, 0x01CC, 0x01CC, 0x01CC, 0x01CC,
  0x01CC, 0x01CC, 0x01CC, 0x01CC, 0x01CC, 0x01CC, 0x01CC, 0x01CC, 0x01CC, 0x01CC, 0x01CC, 0x01CC,
  0x01CC, 0x01CC, 0x01CC, 0x01CC, 0x01CC, 0x01CC, 0x01CC, 0x01CC, 0x01CC, 0x01CC, 0x01CC, 0x01CC,
  0x01CC, 0x01CC, 0x01CC, 0x01CC, 0x01CC, 0x01CC, 0x01CC, 0x01CC, 0x01CC, 0x01CC, 0x01CC, 0x01CC,
  0x01CC, 0x01CC, 0x01CC, 0x01CC, 0x01CC, 0x01CC, 0x01CC, 0x01CC, 0x01CC, 0x01CC, 0x01CC, 0x01CC,
  0x01CC, 0x01CC, 0x01CC, 0x01CC, 0x01CC, 0x01CC, 0x01CC, 0x01CC, 0x01CC, 0x01CC, 0x01CC, 0x01CC,
  0x01CC, 0x01CC, 0x01CC, 0x01CC, 0x01CC, 0x01CC, 0x01CC, 0x01CC, 0x01CC, 0x01CC, 0x01CC, 0x01CC,
  0x01CC, 0x01CC, 0x01CC, 0x01CC, 0x01CC, 0x01CC, 0x01CC, 0x01CC, 0x01CC, 0x01CC, 0x01CC, 0x01CC,
  0x01CC, 0x01CC, 0x01CC, 0x01CC, 0x01CC, 0x01CC, 0x01CC, 0x01CC, 0x01CC, 0x01CC, 0x01CC, 0x01CC,
  0x01CC, 0x01CC, 0x01CC, 0x01CC, 0x01CC, 0x01CC, 0x01CC, 0x01CC, 0x01CC, 0x01CC, 0x01CC, 0x01CC,
  0x01CC, 0x01CC, 0x01CC, 0x01CC, 0x01CC, 0x01CC, 0x01CC, 0x01CC, 0x01CC, 0x01CC, 0x01CC, 0x01CC,
  0x01CC, 0x01CC, 0x01CC, 0x01CC, 0x01CC, 0x01CC, 0x01CC, 0x01CC, 0x01CC, 0x01CC, 0x01CC, 0x01CC,
  0x01CC, 0x01CC, 0x01CC, 0x01CC, 0x01CC, 0x01CC, 0x01CC, 0x01CC, 0x01CC, 0x01CC, 0x01CC, 0x01CC,
  0x01CC, 0x01CC, 0x01CC, 0x01CC, 0x01CC, 0x01CC, 0x01CC, 0x01CC, 0x01CC, 0x01CC, 0x01CC, 0x01CC,
  0x01CC, 0x01CC, 0x01CC, 0x01CC, 0x01CC, 0x01CC, 0x01CC, 0x01CC, 0x01CC, 0x01CC, 0x01CC, 0x01CC,
  0x01CC, 0x01CC, 0x01CC, 0x01CC, 0x01CC, 0x01CC, 0x01CC, 0x01CC, 0x01CC, 0x01CC, 0x01CC, 0x01CC,
  0x01CC, 0x01CC, 0x01CC, 0x01CC, 0x01CC, 0x01CC, 0x01CC, 0x01CC, 0x01CC, 0x01CC, 0x01CC, 0x01CC,
  0x01CC, 0x01CC, 0x01CC, 0x01CC, 0x01CC, 0x01CC, 0x01CC, 0x01CC, 0x01CC, 0x01CC, 0x01CC, 0x01CC,
  0x01CC, 0x01CC, 0x01CC, 0x01CC, 0x01CC, 0x01CC, 0x01CC, 0x01CC, 0x01CC, 0x01CC, 0x01CC, 0x01CC,
  0x01CC, 0x01CC, 0x01CC, 0x01CC, 0x01CC, 0x01CC, 0x01CC, 0x01CC, 0x01CC, 0x01CC, 0x01CC, 0x01CC,
  0x01CC, 0x01CC, 0x01CC, 0x01CC, 0x01CC, 0x01CC, 0x01CC, 0x01CC, 0x01CC, 0x01CC, 0x01CC, 0x01CC,
  0x01CC, 0x01CC, 0x01CC, 0x01CC, 0x01CC, 0x01CC, 0x01CC, 0x01CC, 0x01CC, 0x01CC, 0x01CC, 0x01CC,
  0x01CC, 0x01CC, 0x01CC, 0x01CC, 0x01CC, 0x01CC, 0x01CC, 0x01CC, 0x01CC, 0x01CC, 0x01CC, 0x01CC,
  0x01CC, 0x01CC, 0x01CC, 0x01CC, 0x01CC, 0x01CC, 0x01CC, 0x01CC, 0x01CC, 0x01CC, 0x01CC, 0x01CC,
  0x01CC, 0x01CC, 0x01CC, 0x01CC, 0x01CC, 0x01CC, 0x01CC, 0x01CC, 0x01CC, 0x01CC, 0x01CC, 0x01CC,
  0x01CC, 0x01CC, 0x01CC, 0x01CC, 0x01CC, 0x01CC, 0x01CC, 0x01CC, 0x01CC, 0x01CC, 0x01CC, 0x01CC,
  0x01CC, 0x01CC, 0x01CC, 0x01CC, 0x01CC, 0x01CC, 0x01CC, 0x01CC, 0x01CC, 0x01CC, 0x01CC, 0x01CC,
  0x01CC, 0x01CC, 0x01CC, 0x01CC, 0x01CC, 0x01CC, 0x01CC, 0x01CC, 0x01CC, 0x01CC, 0x01CC, 0x01CC,
  0x01CC, 0x01CC, 0x01CC, 0x01CC, 0x01CC, 0x01CC, 0x01CC, 0x01CC, 0x01CC, 0x01CC, 0x01CC, 0x01CC,
  0x01CC, 0x01CC, 0x01CC, 0x01CC, 0x01CC, 0x01CC, 0x01CC, 0x01CC, 0x01CC, 0x01CC, 0x01CC, 0x01CC,
  0x01CC, 0x01CC, 0x01CC, 0x01CC, 0x01CC, 0x01CC, 0x01CC, 0x01CC, 0x01CC, 0x01CC, 0x01CC, 0x01CC,
  0x01CC, 0x01CC, 0x01CC, 0x01CC, 0x01CC, 0x01CC, 0x01CC, 0x01CC, 0x01CC, 0x01CC, 0x01CC, 0x01CC,
  0x01CC, 0x01CC, 0x01CC, 0x01CC, 0x01CC, 0x01CC, 0x01CC, 0x01CC, 0x01CC, 0x01CC, 0x01CC, 0x01CC,
  0x01CC, 0x01CC, 0x01CC, 0x01CC, 0x01CC, 0x01CC, 0x01CC, 0x01CC, 0x01CC, 0x01CC, 0x01CC, 0x01CC,
  0x01CC, 0x01CC, 0x01CC, 0x01CC, 0x01CC, 0x01CC, 0x01CC, 0x01CC, 0x01CC, 0x01CC, 0x01CC, 0x01CC,
  0x01CC, 0x01CC, 0x01CC, 0x01CC, 0x01CC, 0x01CC, 0x01CC, 0x01CC, 0x01CC, 0x01CC, 0x01CC, 0x01CC,
  0x01CC, 0x01CC, 0x01CC, 0x01CC, 0x01CC, 0x01CC, 0x01CC, 0x01CC, 0x01CC, 0x01CC, 0x01CC, 0x01CC,
  0x01CC, 0x01CC, 0x01CC, 0x01CC, 0x01CC, 0x01CC, 0x01CC, 0x01CC, 0x01CC, 0x01CC, 0x01CC, 0x01CC,
  0x01CC, 0x01CC, 0x01CC, 0x01CC, 0x01CC, 0x01CC, 0x01CC, 0x01CC, 0x01CC, 0x01CC, 0x01CC, 0x01CC,
  0x01CC, 0x01CC, 0x01CC, 0x01CC, 0x01CC, 0x01CC, 0x01CC, 0x01CC, 0x01CC, 0x01CC, 0x01CC, 0x01CC,
  0x01CC, 0x01CC, 0x01CC, 0x01CC, 0x01CC, 0x01CC, 0x01CC, 0x01CC, 0x01CC, 0x01CC, 0x01CC, 0x01CC,
  0x01CC, 0x01CC, 0x01CC, 0x01CC, 0x01CC, 0x01CC, 0x01CC, 0x01CC, 0x01CC, 0x01CC, 0x01CC, 0x01CC,
  0x01CC, 0x01CC, 0x01CC, 0x01CC, 0x01CC, 0x01CC, 0x01CC, 0x01CC, 0x01CC, 0x01CC, 0x01CC, 0x01CC,
  0x01CC, 0x01CC, 0x01CC, 0x01CC, 0x01CC, 0x01CC, 0x01CC, 0x01CC, 0x01CC, 0x01CC, 0x01CC, 0x01CC,
  0x01CC, 0x01CC, 0x01CC, 0x01CC, 0x01CC, 0x01CC, 0x01CC, 0x01CC, 0x01CC, 0x01CC, 0x01CC, 0x01CC,
  0x01CC, 0x01CC, 0x01CC, 0x01CC, 0x01CC, 0x01CC, 0x01CC, 0x01CC, 0x01CC, 0x01CC, 0x01CC, 0x01CC,
  0x01CC, 0x01CC, 0x01CC, 0x01CC, 0x01CC, 0x01CC, 0x01CC, 0x01CC, 0x01CC, 0x01CC, 0x01CC, 0x01CC,
  0x01CC, 0x01CC, 0x01CC, 0x01CC, 0x01CC, 0x01CC, 0x01CC, 0x01CC, 0x01CC, 0x01CC, 0x01CC, 0x01CC,
  0x01CC, 0x01CC, 0x01CC, 0x01CC, 0x01CC, 0x01CC, 0x01CC, 0x01CC, 0x01CC, 0x01CC, 0x01CC, 0x01CC,
  0x01CC, 0x01CC, 0x01CC, 0x01CC, 0x01CC, 0x01CC, 0x01CC, 0x01CC, 0x01CC, 0x01CC, 0x01CC, 0x01CC,
  0x01CC, 0x01CC, 0x01CC, 0x01CC, 0x01CC, 0x01CC, 0x01CC, 0x01CC, 0x01CC, 0x01CC, 0x01CC, 0x01CC,
  0x01CC, 0x01CC, 0x01CC, 0x01CC, 0x01CC, 0x01CC, 0x01CC, 0x01CC, 0x01CC, 0x01CC, 0x01CC, 0x01CC,
  0x01CC, 0x01CC, 0x01CC, 0x01CC, 0x01CC, 0x01CC, 0x01CC, 0x01CC, 0x01CC, 0x01CC, 0x01CC, 0x01CC,
  0x01CC, 0x01CC, 0x01CC, 0x01CC, 0x01CC, 0x01CC, 0x01CC, 0x01CC, 0x01CC, 0x01CC, 0x01CC, 0x01CC,
  0x01CC, 0x01CC, 0x01CC, 0x01CC, 0x01CC, 0x01CC, 0x01CC, 0x01CC, 0x01CC, 0x01CC, 0x01CC, 0x01CC,
  0x01CC, 0x01CC, 0x01CC, 0x01CC, 0x01CC, 0x01CC, 0x01CC, 0x01CC, 0x01CC, 0x01CC, 0x01CC, 0x01CC,
  0x01CC, 0x01CC, 0x01CC, 0x01CC, 0x01CC, 0x01CC, 0x01CC, 0x01CC, 0x01CC, 0x01CC, 0x01CC, 0x01CC,
  0x01CC, 0x01CC, 0x01CC, 0x01CC, 0x01CC, 0x01CC, 0x01CC, 0x01CC, 0x01CC, 0x01CC, 0x01CC, 0x01CC,
  0x01CC, 0x01CC, 0x01CC, 0x01CC, 0x01CC, 0x01CC, 0x01CC, 0x01CC, 0x01CC, 0x01CC, 0x01CC, 0x01CC,
  0x01CC, 0x01CC, 0x01CC, 0x01CC, 0x01CC, 0x01CC, 0x01CC, 0x01CC, 0x01CC, 0x01CC, 0x01CC, 0x01CC,
  0x01CC, 0x01CC, 0x01CC, 0x01CC, 0x01CC, 0x01CC, 0x01CC, 0x01CC, 0x01CC, 0x01CC, 0x01CC, 0x01CC,
  0x01CC, 0x01CC, 0x01CC, 0x01CC, 0x01CC, 0x01CC, 0x01CC, 0x01CC, 0x01CC, 0x01CC, 0x01CC, 0x01CC,
  0x01CC, 0x01CC, 0x01CC, 0x01CC, 0x01CC, 0x01CC, 0x01CC, 0x01CC, 0x01CC, 0x01CC, 0x01CC, 0x01CC,
  0x01CC, 0x01CC, 0x01CC, 0x01CC, 0x01CC, 0x01CC, 0x01CC, 0x01CC, 0x01CC, 0x01CC, 0x01CC, 0x01CC,
  0x01CC, 0x01CC, 0x01CC, 0x01CC, 0x01CC, 0x01CC, 0x01CC, 0x01CC, 0x01CC, 0x01CC, 0x01CC, 0x01CC,
  0x01CC, 0x01CC, 0x01CC, 0x01CC, 0x01CC, 0x01CC, 0x01CC, 0x01CC, 0x01CC, 0x01CC, 0x01CC, 0x01CC,
  0x01CC, 0x01CC, 0x01CC, 0x01CC, 0x01CC, 0x01CC, 0x01CC, 0x01CC, 0x01CC, 0x01CC, 0x01CC, 0x01CC,
  0x01CC, 0x01CC, 0x01CC, 0x01CC, 0x01CC, 0x01CC, 0x01CC, 0x01CC, 0x01CC, 0x01CC, 0x01CC, 0x01CC,
  0x01CC, 0x01CC, 0x01CC, 0x01CC, 0x01CC, 0x01CC, 0x01CC, 0x01CC, 0x01CC, 0x01CC, 0x01CC, 0x01CC,
  0x01CC, 0x01CC, 0x01CC, 0x01CC, 0x01CC, 0x01CC, 0x01CC, 0x01CC, 0x01CC, 0x01CC, 0x01CC, 0x01CC,
  0x01CC, 0x01CC, 0x01CC, 0x01CC, 0x01CC, 0x01CC, 0x01CC, 0x01CC, 0x01CC, 0x01CC, 0x01CC, 0x01CC,
  0x01CC, 0x01CC, 0x01CC, 0x01CC, 0x01CC, 0x01CC, 0x01CC, 0x01CC, 0x01CC, 0x01CC, 0x01CC, 0x01CC,
  0x01CC, 0x01CC, 0x01CC, 0x01CC, 0x01CC, 0x01CC, 0x01CC, 0x01CC, 0x01CC, 0x01CC, 0x01CC, 0x01CC,
  0x01CC, 0x01CC, 0x01CC, 0x01CC, 0x01CC, 0x01CC, 0x01CC, 0x01CC, 0x01CC, 0x01CC, 0x01CC, 0x01CC,
  0x01CC, 0x01CC, 0x01CC, 0x01CC, 0x01CC, 0x01CC, 0x01CC, 0x01CC, 0x01CC, 0x01CC, 0x01CC, 0x01CC,
  0x01CC, 0x01CC, 0x01CC, 0x01CC, 0x01CC, 0x01CC, 0x01CC, 0x01CC, 0x01CC, 0x01CC, 0x01CC, 0x01CC,
  0x01CC, 0x01CC, 0x01CC, 0x01CC, 0x01CC, 0x01CC, 0x01CC, 0x01CC, 0x01CC, 0x01CC, 0x01CC, 0x01CC,
  0x01CC, 0x01CC, 0x01CC, 0x01CC, 0x01CC, 0x01CC, 0x01CC, 0x01CC, 0x01CC, 0x01CC, 0x01CC, 0x01CC,
  0x01CC, 0x01CC, 0x01CC, 0x01CC, 0x01CC, 0x01CC, 0x01CC, 0x01CC, 0x01CC, 0x01CC, 0x01CC, 0x01CC,
  0x01CC, 0x01CC, 0x01CC, 0x01CC, 0x01CC, 0x01CC, 0x01CC, 0x01CC, 0x01CC, 0x01CC, 0x01CC, 0x01CC,
  0x01CC, 0x01CC, 0x01CC, 0x01CC, 0x01CC, 0x01CC, 0x01CC, 0x01CC, 0x01CC, 0x01CC, 0x01CC, 0x01CC,
  0x01CC, 0x01CC, 0x01CC, 0x01CC, 0x01CC, 0x01CC, 0x01CC, 0x01CC, 0x01CC, 0x01CC, 0x01CC, 0x01CC,
  0x01CC, 0x01CC, 0x01CC, 0x01CC, 0x01CC, 0x01CC, 0x01CC, 0x01CC, 0x01CC, 0x01CC, 0x01CC, 0x01CC,
  0x01CC, 0x01CC, 0x01CC, 0x01CC, 0x01CC, 0x01CC, 0x01CC, 0x01CC, 0x01CC, 0x01CC, 0x01CC, 0x01CC,
  0x01CC, 0x01CC, 0x01CC, 0x01CC, 0x01CC, 0x01CC, 0x01CC, 0x01CC, 0x01CC, 0x01CC, 0x01CC, 0x01CC,
  0x01CC, 0x01CC, 0x01CC, 0x01CC, 0x01CC, 0x01CC, 0x01CC, 0x01CC, 0x01CC, 0x01CC, 0x01CC, 0x01CC,
  0x01CC, 0x01CC, 0x01CC, 0x01CC, 0x01CC, 0x01CC, 0x01CC, 0x01CC, 0x01CC, 0x01CC, 0x01CC, 0x01CC,
  0x01CC, 0x01CC, 0x01CC, 0x01CC, 0x01CC, 0x01CC, 0x01CC, 0x01CC, 0x01CC, 0x01CC, 0x01CC, 0x01CC,
  0x01CC, 0x01CC, 0x01CC, 0x01CC, 0x01CC, 0x01CC, 0x01CC, 0x01CC, 0x01CC, 0x01CC, 0x01CC, 0x01CC,
  0x01CC, 0x01CC, 0x01CC, 0x01CC, 0x01CC, 0x01CC, 0x01CC, 0x01CC, 0x01CC, 0x01CC, 0x01CC, 0x01CC,
  0x01CC, 0x01CC, 0x01CC, 0x01CC, 0x01CC, 0x01CC, 0x01CC, 0x01CC, 0x01CC, 0x01CC, 0x01CC, 0x01CC,
  0x01CC, 0x01CC, 0x01CC, 0x01CC, 0x01CC, 0x01CC, 0x01CC, 0x01CC, 0x01CC, 0x01CC, 0x01CC, 0x01CC,
  0x01CC, 0x01CC, 0x01CC, 0x01CC, 0x01CC, 0x01CC, 0x01CC, 0x01CC, 0x01CC, 0x01CC, 0x01CC, 0x01CC,
  0x01CC, 0x01CC, 0x01CC, 0x01CC, 0x01CC, 0x01CC, 0x01CC, 0x01CC, 0x01CC, 0x01CC, 0x01CC, 0x01CC,
  0x01CC, 0x01CC, 0x01CC, 0x01CC, 0x01CC, 0x01CC, 0x01CC, 0x01CC, 0x01CC, 0x01CC, 0x01CC, 0x01CC,
  0x01CC, 0x01CC, 0x01CC, 0x01CC, 0x01CC, 0x01CC, 0x01CC, 0x01CC, 0x01CC, 0x01CC, 0x01CC, 0x01CC,
  0x01CC, 0x01CC, 0x01CC, 0x01CC, 0x01CC, 0x01CC, 0x01CC, 0x01CC, 0x01CC, 0x01CC, 0x01CC, 0x01CC,
  0x01CC, 0x01CC, 0x01CC, 0x01CC, 0x01CC, 0x01CC, 0x01CC, 0x01CC, 0x01CC, 0x01CC, 0x01CC, 0x01CC,
  0x01CC, 0x01CC, 0x01CC, 0x01CC, 0x01CC, 0x01CC, 0x01CC, 0x01CC, 0x01CC, 0x01CC, 0x01CC, 0x01CC,
  0x01CC, 0x01CC, 0x01CC, 0x01CC, 0x01CC, 0x01CC, 0x01CC, 0x01CC, 0x01CC, 0x01CC, 0x01CC, 0x01CC,
  0x01CC, 0x01CC, 0x01CC, 0x01CC, 0x01CC, 0x01CC, 0x01CC, 0x01CC, 0x01CC, 0x01CC, 0x01CC, 0x01CC,
  0x01CC, 0x01CC, 0x01CC, 0x01CC, 0x01CC, 0x01CC, 0x01CC, 0x01CC, 0x01CC, 0x01CC, 0x01CC, 0x01CC,
  0x01CC, 0x01CC, 0x01CC, 0x01CC, 0x01CC, 0x01CC, 0x01CC, 0x01CC, 0x01CC, 0x01CC, 0x01CC, 0x01CC,
  0x01CC, 0x01CC, 0x01CC, 0x01CC, 0x01CC, 0x01CC, 0x01CC, 0x01CC, 0x01CC, 0x01CC, 0x01CC, 0x01CC,
  0x01CC, 0x01CC, 0x01CC, 0x01CC, 0x01CC, 0x01CC, 0x01CC, 0x01CC, 0x01CC, 0x01CC, 0x01CC, 0x01CC,
  0x01CC, 0x01CC, 0x01CC, 0x01CC, 0x01CC, 0x01CC, 0x01CC, 0x01CC, 0x01CC, 0x01CC, 0x01CC, 0x01CC,
  0x01CC, 0x01CC, 0x01CC, 0x01CC, 0x01CC, 0x01CC, 0x01CC, 0x01CC, 0x01CC, 0x01CC, 0x01CC, 0x01CC,
  0x01CC, 0x01CC, 0x01CC, 0x01CC, 0x01CC, 0x01CC, 0x01CC, 0x01CC, 0x01CC, 0x01CC, 0x01CC, 0x01CC,
  0x01CC, 0x01CC, 0x01CC, 0x01CC, 0x01CC, 0x01CC, 0x01CC, 0x01CC, 0x01CC, 0x01CC, 0x01CC, 0x01CC,
  0x01CC, 0x01CC, 0x01CC, 0x01CC, 0x01CC, 0x01CC, 0x01CC, 0x01CC, 0x01CC, 0x01CC, 0x01CC, 0x01CC,
  0x01CC, 0x01CC, 0x01CC, 0x01CC, 0x01CC, 0x01CC, 0x01CC, 0x01CC, 0x01CC, 0x01CC, 0x01CC, 0x01CC,
  0x01CC, 0x01CC, 0x01CC, 0x01CC, 0x01CC, 0x01CC, 0x01CC, 0x01CC, 0x01CC, 0x01CC, 0x01CC, 0x01CC,
  0x01CC, 0x01CC, 0x01CC, 0x01CC, 0x01CC, 0x01CC, 0x01CC, 0x01CC, 0x01CC, 0x01CC, 0x01CC, 0x01CC,
  0x01CC, 0x01CC, 0x01CC, 0x01CC, 0x01CC, 0x01CC, 0x01CC, 0x01CC, 0x01CC, 0x01CC, 0x01CC, 0x01CC,
  0x01CC, 0x01CC, 0x01CC, 0x01CC, 0x01CC, 0x01CC, 0x01CC, 0x01CC, 0x01CC, 0x01CC, 0x01CC, 0x01CC,
  0x01CC, 0x01CC, 0x01CC, 0x01CC, 0x01CC, 0x01CC, 0x01CC, 0x01CC, 0x01CC, 0x01CC, 0x01CC, 0x01CC,
  0x01CC, 0x01CC, 0x01CC, 0x01CC, 0x01CC, 0x01CC, 0x01CC, 0x01CC, 0x01CC, 0x01CC, 0x01CC, 0x01CC,
  0x01CC, 0x01CC, 0x01CC, 0x01CC, 0x01CC, 0x01CC, 0x01CC, 0x01CC, 0x01CC, 0x01CC, 0x01CC, 0x01CC,
  0x01CC, 0x01CC, 0x01CC, 0x01CC, 0x01CC, 0x01CC, 0x01CC, 0x01CC, 0x01CC, 0x01CC, 0x01CC, 0x01CC,
  0x01CC, 0x01CC, 0x01CC, 0x01CC, 0x01CC, 0x01CC, 0x01CC, 0x01CC, 0x01CC, 0x01CC, 0x01CC, 0x01CC,
  0x01CC, 0x01CC, 0x01CC, 0x01CC, 0x01CC, 0x01CC, 0x01CC, 0x01CC, 0x01CC, 0x01CC, 0x01CC, 0x01CC,
  0x01CC, 0x01CC, 0x01CC, 0x01CC, 0x01CC, 0x01CC, 0x01CC, 0x01CC, 0x01CC, 0x01CC, 0x01CC, 0x01CC,
  0x01CC, 0x01CC, 0x01CC, 0x01CC, 0x01CC, 0x01CC, 0x01CC, 0x01CC, 0x01CC, 0x01CC, 0x01CC, 0x01CC,
  0x01CC, 0x01CC, 0x01CC, 0x01CC, 0x01CC, 0x01CC, 0x01CC, 0x01CC, 0x01CC, 0x01CC, 0x01CC, 0x01CC,
  0x01CC, 0x01CC, 0x01CC, 0x01CC, 0x01CC, 0x01CC, 0x01CC, 0x01CC, 0x01CC, 0x01CC, 0x01CC, 0x01CC,
  0x01CC, 0x01CC, 0x01CC, 0x01CC, 0x01CC, 0x01CC, 0x01CC, 0x01CC, 0x01CC, 0x01CC, 0x01CC, 0x01CC,
  0x01CC, 0x01CC, 0x01CC, 0x01CC, 0x01CC, 0x01CC, 0x01CC, 0x01CC, 0x01CC, 0x01CC, 0x01CC, 0x01CC,
  0x01CC, 0x01CC, 0x01CC, 0x01CC, 0x01CC, 0x01CC, 0x01CC, 0x01CC, 0x01CC, 0x01CC, 0x01CC, 0x01CC,
  0x01CC, 0x01CC, 0x01CC, 0x01CC, 0x01CC, 0x01CC, 0x01CC, 0x01CC, 0x01CC, 0x01CC, 0x01CC, 0x01CC,
  0x01CC, 0x01CC, 0x01CC, 0x01CC, 0x01CC, 0x01CC, 0x01CC, 0x01CC, 0x01CC, 0x01CC, 0x01CC, 0x01CC,
  0x01CC, 0x01CC, 0x01CC, 0x01CC, 0x01CC, 0x01CC, 0x01CC, 0x01CC, 0x01CC, 0x01CC, 0x01CC, 0x01CC,
  0x01CC, 0x01CC, 0x01CC, 0x01CC, 0x01CC, 0x01CC, 0x01CC, 0x01CC, 0x01CC, 0x01CC, 0x01CC, 0x01CC,
  0x01CC, 0x01CC, 0x01CC, 0x01CC, 0x01CC, 0x01CC, 0x01CC, 0x01CC, 0x01CC, 0x01CC, 0x01CC, 0x01CC,
  0x01CC, 0x01CC, 0x01CC, 0x01CC, 0x01CC, 0x01CC, 0x01CC, 0x01CC, 0x01CC, 0x01CC, 0x01CC, 0x01CC,
  0x01CC, 0x01CC, 0x01CC, 0x01CC, 0x01CC, 0x01CC, 0x01CC, 0x01CC, 0x01CC, 0x01CC, 0x01CC, 0x01CC,
  0x01CC, 0x01CC, 0x01CC, 0x01CC, 0x01CC, 0x01CC, 0x01CC, 0x01CC, 0x01CC, 0x01CC, 0x01CC, 0x01CC,
  0x01CC, 0x01CC, 0x01CC, 0x01CC, 0x01CC, 0x01CC, 0x01CC, 0x01CC, 0x01CC, 0x01CC, 0x01CC, 0x01CC,
  0x01CC, 0x01CC, 0x01CC, 0x01CC, 0x01CC, 0x01CC, 0x01CC, 0x01CC, 0x01CC, 0x01CC, 0x01CC, 0x01CC,
  0x01CC, 0x01CC, 0x01CC, 0x01CC, 0x01CC, 0x01CC, 0x01CC, 0x01CC, 0x01CC, 0x01CC, 0x01CC, 0x01CC,
  0x01CC, 0x01CC, 0x01CC, 0x01CC, 0x01CC, 0x01CC, 0x01CC, 0x01CC, 0x01CC, 0x01CC, 0x01CC, 0x01CC,
  0x01CC, 0x01CC, 0x01CC, 0x01CC, 0x01CC, 0x01CC, 0x01CC, 0x01CC, 0x01CC, 0x01CC, 0x01CC, 0x01CC,
  0x01CC, 0x01CC, 0x01CC, 0x01CC, 0x01CC, 0x01CC, 0x01CC, 0x01CC, 0x01CC, 0x01CC, 0x01CC, 0x01CC,
  0x01CC, 0x01CC, 0x01CC, 0x01CC, 0x01CC, 0x01CC, 0x01CC, 0x01CC, 0x01CC, 0x01CC, 0x01CC, 0x01CC,
  0x01CC, 0x01CC, 0x01CC, 0x01CC, 0x01CC, 0x01CC, 0x01CC, 0x01CC, 0x01CC, 0x01CC, 0x01CC, 0x01CC,
  0x01CC, 0x01CC, 0x01CC, 0x01CC, 0x01CC, 0x01CC, 0x01CC, 0x01CC, 0x01CC, 0x01CC, 0x01CC, 0x01CC,
  0x01CC, 0x01CC, 0x01CC, 0x01CC, 0x01CC, 0x01CC, 0x01CC, 0x01CC, 0x01CC, 0x01CC, 0x01CC, 0x01CC,
  0x01CC, 0x01CC, 0x01CC, 0x01CC, 0x01CC, 0x01CC, 0x01CC, 0x01CC, 0x01CC, 0x01CC, 0x01CC, 0x01CC,
  0x01CC, 0x01CC, 0x01CC, 0x01CC, 0x01CC, 0x01CC, 0x01CC, 0x01CC, 0x01CC, 0x01CC, 0x01CC, 0x01CC,
  0x01CC, 0x01CC, 0x01CC, 0x01CC, 0x01CC, 0x01CC, 0x01CC, 0x01CC, 0x01CC, 0x01CC, 0x01CC, 0x01CC,
  0x01CC, 0x01CC, 0x01CC, 0x01CC, 0x01CC, 0x01CC, 0x01CC, 0x01CC, 0x01CC, 0x01CC, 0x01CC, 0x01CC,
  0x01CC, 0x01CC, 0x01CC, 0x01CC, 0x01CC, 0x01CC, 0x01CC, 0x01CC, 0x01CC, 0x01CC, 0x01CC, 0x01CC,
  0x01CC, 0x01CC, 0x01CC, 0x01CC, 0x01CC, 0x01CC, 0x01CC, 0x01CC, 0x01CC, 0x01CC, 0x01CC, 0x01CC,
  0x01CC, 0x01CC, 0x01CC, 0x01CC, 0x01CC, 0x01CC, 0x01CC, 0x01CC, 0x01CC, 0x01CC, 0x01CC, 0x01CC,
  0x01CC, 0x01CC, 0x01CC, 0x01CC, 0x01CC, 0x01CC, 0x01CC, 0x01CC, 0x01CC, 0x01CC, 0x01CC, 0x01CC,
  0x01CC, 0x01CC, 0x01CC, 0x01CC, 0x01CC, 0x01CC, 0x01CC, 0x01CC, 0x01CC, 0x01CC, 0x01CC, 0x01CC,
  0x01CC, 0x01CC, 0x01CC, 0x01CC, 0x01CC, 0x01CC, 0x01CC, 0x01CC, 0x01CC, 0x01CC, 0x01CC, 0x01CC,
  0x01CC, 0x01CC, 0x01CC, 0x01CC, 0x01CC, 0x01CC, 0x01CC, 0x01CC, 0x01CC, 0x01CC, 0x01CC, 0x01CC,
  0x01CC, 0x01CC, 0x01CC, 0x01CC, 0x01CC, 0x01CC, 0x01CC, 0x01CC, 0x01CC, 0x01CC, 0x01CC, 0x01CC,
  0x01CC, 0x01CC, 0x01CC, 0x01CC, 0x01CC, 0x01CC, 0x01CC, 0x01CC, 0x01CC, 0x01CC, 0x01CC, 0x01CC,
  0x01CC, 0x01CC, 0x01CC, 0x01CC, 0x01CC, 0x01CC, 0x01CC, 0x01CC, 0x01CC, 0x01CC, 0x01CC, 0x01CC,
  0x01CC, 0x01CC, 0x01CC, 0x01CC, 0x01CC, 0x01CC, 0x01CC, 0x01CC, 0x01CC, 0x01CC, 0x01CC, 0x01CC,
  0x01CC, 0x01CC, 0x01CC, 0x01CC, 0x01CC, 0x01CC, 0x01CC, 0x01CC, 0x01CC, 0x01CC, 0x01CC, 0x01CC,
  0x01CC, 0x01CC, 0x01CC, 0x01CC, 0x01CC, 0x01CC, 0x01CC, 0x01CC, 0x01CC, 0x01CC, 0x01CC, 0x01CC,
  0x01CC, 0x01CC, 0x01CC, 0x01CC, 0x01CC, 0x01CC, 0x01CC, 0x01CC, 0x01CC, 0x01CC, 0x01CC, 0x01CC,
  0x01CC, 0x01CC, 0x01CC, 0x01CC, 0x01CC, 0x01CC, 0x01CC, 0x01CC, 0x01CC, 0x01CC, 0x01CC, 0x01CC,
  0x01CC, 0x01CC, 0x01CC, 0x01CC, 0x01CC, 0x01CC, 0x01CC, 0x01CC, 0x01CC, 0x01CC, 0x01CC, 0x01CC,
  0x01CC, 0x01CC, 0x01CC, 0x01CC, 0x01CC, 0x01CC, 0x01CC, 0x01CC, 0x01CC, 0x01CC, 0x01CC, 0x01CC,
  0x01CC, 0x01CC, 0x01CC, 0x01CC, 0x01CC, 0x01CC, 0x01CC, 0x01CC, 0x01CC, 0x01CC, 0x01CC, 0x01CC,
  0x01CC, 0x01CC, 0x01CC, 0x01CC, 0x01CC, 0x01CC, 0x01CC, 0x01CC, 0x01CC, 0x01CC, 0x01CC, 0x01CC,
  0x01CC, 0x01CC, 0x01CC, 0x01CC, 0x01CC, 0x01CC, 0x01CC, 0x01CC, 0x01CC, 0x01CC, 0x01CC, 0x01CC,
  0x01CC, 0x01CC, 0x01CC, 0x01CC, 0x01CC, 0x01CC, 0x01CC, 0x01CC, 0x01CC, 0x01CC, 0x01CC, 0x01CC,
  0x01CC, 0x01CC, 0x01CC, 0x01CC, 0x01CC, 0x01CC, 0x01CC, 0x01CC, 0x01CC, 0x01CC, 0x01CC, 0x01CC,
  0x01CC, 0x01CC, 0x01CC, 0x01CC, 0x01CC, 0x01CC, 0x01CC, 0x01CC, 0x01CC, 0x01CC, 0x01CC, 0x01CC,
  0x01CC, 0x01CC, 0x01CC, 0x01CC, 0x01CC, 0x01CC, 0x01CC, 0x01CC, 0x01CC, 0x01CC, 0x01CC, 0x01CC,
  0x01CC, 0x01CC, 0x01CC, 0x01CC, 0x01CC, 0x01CC, 0x01CC, 0x01CC, 0x01CC, 0x01CC, 0x01CC, 0x01CC,
  0x01CC, 0x01CC, 0x01CC, 0x01CC, 0x01CC, 0x01CC, 0x01CC, 0x01CC, 0x01CC, 0x01CC, 0x01CC, 0x01CC,
  0x01CC, 0x01CC, 0x01CC, 0x01CC, 0x01CC, 0x01CC, 0x01CC, 0x01CC, 0x01CC, 0x01CC, 0x01CC, 0x01CC,
  0x01CC, 0x01CC, 0x01CC, 0x01CC, 0x01CC, 0x01CC, 0x01CC, 0x01CC, 0x01CC, 0x01CC, 0x01CC, 0x01CC,
  0x01CC, 0x01CC, 0x01CC, 0x01CC, 0x01CC, 0x01CC, 0x01CC, 0x01CC, 0x01CC, 0x01CC, 0x01CC, 0x01CC,
  0x01CC, 0x01CC, 0x01CC, 0x01CC, 0x01CC, 0x01CC, 0x01CC, 0x01CC, 0x01CC, 0x01CC, 0x01CC, 0x01CC,
  0x01CC, 0x01CC, 0x01CC, 0x01CC, 0x01CC, 0x01CC, 0x01CC, 0x01CC, 0x01CC, 0x01CC, 0x01CC, 0x01CC,
  0x01CC, 0x01CC, 0x01CC, 0x01CC, 0x01CC, 0x01CC, 0x01CC, 0x01CC, 0x01CC, 0x01CC, 0x01CC, 0x01CC,
  0x01CC, 0x01CC, 0x01CC, 0x01CC, 0x01CC, 0x01CC, 0x01CC, 0x01CC, 0x01CC, 0x01CC, 0x01CC, 0x01CC,
  0x01CC, 0x01CC, 0x01CC, 0x01CC, 0x01CC, 0x01CC, 0x01CC, 0x01CC, 0x01CC, 0x01CC, 0x01CC, 0x01CC,
  0x01CC, 0x01CC, 0x01CC, 0x01CC, 0x01CC, 0x01CC, 0x01CC, 0x01CC, 0x01CC, 0x01CC, 0x01CC, 0x01CC,
  0x01CC, 0x01CC, 0x01CC, 0x01CC, 0x01CC, 0x01CC, 0x01CC, 0x01CC, 0x01CC, 0x01CC, 0x01CC, 0x01CC,
  0x01CC, 0x01CC, 0x01CC, 0x01CC, 0x01CC, 0x01CC, 0x01CC, 0x01CC, 0x01CC, 0x01CC, 0x01CC, 0x01CC,
  0x01CC, 0x01CC, 0x01CC, 0x01CC, 0x01CC, 0x01CC, 0x01CC, 0x01CC, 0x01CC, 0x01CC, 0x01CC, 0x01CC,
  0x01CC, 0x01CC, 0x01CC, 0x01CC, 0x01CC, 0x01CC, 0x01CC, 0x01CC, 0x01CC, 0x01CC, 0x01CC, 0x01CC,
  0x01CC, 0x01CC, 0x01CC, 0x01CC, 0x01CC, 0x01CC, 0x01CC, 0x01CC, 0x01CC, 0x01CC, 0x01CC, 0x01CC,
  0x01CC, 0x01CC, 0x01CC, 0x01CC, 0x01CC, 0x01CC, 0x01CC, 0x01CC, 0x01CC, 0x01CC, 0x01CC, 0x01CC,
  0x01CC, 0x01CC, 0x01CC, 0x01CC, 0x01CC, 0x01CC, 0x01CC, 0x01CC, 0x01CC, 0x01CC, 0x01CC, 0x01CC,
  0x01CC, 0x01CC, 0x01CC, 0x01CC, 0x01CC, 0x01CC, 0x01CC, 0x01CC, 0x01CC, 0x01CC, 0x01CC, 0x01CC,
  0x01CC, 0x01CC, 0x01CC, 0x01CC, 0x01CC, 0x01CC, 0x01CC, 0x01CC, 0x01CC, 0x01CC, 0x01CC, 0x01CC,
  0x01CC, 0x01CC, 0x01CC, 0x01CC, 0x01CC, 0x01CC, 0x01CC, 0x01CC, 0x01CC, 0x01CC, 0x01CC, 0x01CC,
  0x01CC, 0x01CC, 0x01CC, 0x01CC, 0x01CC, 0x01CC, 0x01CC, 0x01CC, 0x01CC, 0x01CC, 0x01CC, 0x01CC,
  0x01CC, 0x01CC, 0x01CC, 0x01CC, 0x01CC, 0x01CC, 0x01CC, 0x01CC, 0x01CC, 0x01CC, 0x01CC, 0x01CC,
  0x01CC, 0x01CC, 0x01CC, 0x01CC, 0x01CC, 0x01CC, 0x01CC, 0x01CC, 0x01CC, 0x01CC, 0x01CC, 0x01CC,
  0x01CC, 0x01CC, 0x01CC, 0x01CC, 0x01CC, 0x01CC, 0x01CC, 0x01CC, 0x01CC, 0x01CC, 0x01CC, 0x01CC,
  0x01CC, 0x01CC, 0x01CC, 0x01CC, 0x01CC, 0x01CC, 0x01CC, 0x01CC, 0x01CC, 0x01CC, 0x01CC, 0x01CC,
  0x01CC, 0x01CC, 0x01CC, 0x01CC, 0x01CC, 0x01CC, 0x01CC, 0x01CC, 0x01CC, 0x01CC, 0x01CC, 0x01CC,
  0x01CC, 0x01CC, 0x01CC, 0x01CC, 0x01CC, 0x01CC, 0x01CC, 0x01CC, 0x01CC, 0x01CC, 0x01CC, 0x01CC,
  0x01CC, 0x01CC, 0x01CC, 0x01CC, 0x01CC, 0x01CC, 0x01CC, 0x01CC, 0x01CC, 0x01CC, 0x01CC, 0x01CC,
  0x01CC, 0x01CC, 0x01CC, 0x01CC, 0x01CC, 0x01CC, 0x01CC, 0x01CC, 0x01CC, 0x01CC, 0x01CC, 0x01CC,
  0x01CC, 0x01CC, 0x01CC, 0x01CC, 0x01CC, 0x01CC, 0x01CC, 0x01CC, 0x01CC, 0x01CC, 0x01CC, 0x01CC,
  0x01CC, 0x01CC, 0x01CC, 0x01CC, 0x01CC, 0x01CC, 0x01CC, 0x01CC, 0x01CC, 0x01CC, 0x01CC, 0x01CC,
  0x01CC, 0x01CC, 0x01CC, 0x01CC, 0x01CC, 0x01CC, 0x01CC, 0x01CC, 0x01CC, 0x01CC, 0x01CC, 0x01CC,
  0x01CC, 0x01CC, 0x01CC, 0x01CC, 0x01CC, 0x01CC, 0x01CC, 0x01CC, 0x01CC, 0x01CC, 0x01CC, 0x01CC,
  0x01CC, 0x01CC, 0x01CC, 0x01CC, 0x01CC, 0x01CC, 0x01CC, 0x01CC, 0x01CC, 0x01CC, 0x01CC, 0x01CC,
  0x01CC, 0x01CC, 0x01CC, 0x01CC, 0x01CC, 0x01CC, 0x01CC, 0x01CC, 0x01CC, 0x01CC, 0x01CC, 0x01CC,
  0x01CC, 0x01CC, 0x01CC, 0x01CC, 0x01CC, 0x01CC, 0x01CC, 0x01CC, 0x01CC, 0x01CC, 0x01CC, 0x01CC,
  0x01CC, 0x01CC, 0x01CC, 0x01CC, 0x01CC, 0x01CC, 0x01CC, 0x01CC, 0x01CC, 0x01CC, 0x01CC, 0x01CC,
  0x01CC, 0x01CC, 0x01CC, 0x01CC, 0x01CC, 0x01CC, 0x01CC, 0x01CC, 0x01CC, 0x01CC, 0x01CC, 0x01CC,
  0x01CC, 0x01CC, 0x01CC, 0x01CC, 0x01CC, 0x01CC, 0x01CC, 0x01CC, 0x01CC, 0x01CC, 0x01CC, 0x01CC,
  0x01CC, 0x01CC, 0x01CC, 0x01CC, 0x01CC, 0x01CC, 0x01CC, 0x01CC, 0x01CC, 0x01CC, 0x01CC, 0x01CC,
  0x01CC, 0x01CC, 0x01CC, 0x01CC, 0x01CC, 0x01CC, 0x01CC, 0x01CC, 0x01CC, 0x01CC, 0x01CC, 0x01CC,
  0x01CC, 0x01CC, 0x01CC, 0x01CC, 0x01CC, 0x01CC, 0x01CC, 0x01CC, 0x01CC, 0x01CC, 0x01CC, 0x01CC,
  0x01CC, 0x01CC, 0x01CC, 0x01CC, 0x01CC, 0x01CC, 0x01CC, 0x01CC, 0x01CC, 0x01CC, 0x01CC, 0x01CC,
  0x01CC, 0x01CC, 0x01CC, 0x01CC, 0x01CC, 0x01CC, 0x01CC, 0x01CC, 0x01CC, 0x01CC, 0x01CC, 0x01CC,
  0x01CC, 0x01CC, 0x01CC, 0x01CC, 0x01CC, 0x01CC, 0x01CC, 0x01CC, 0x01CC, 0x01CC, 0x01CC, 0x01CC,
  0x01CC, 0x01CC, 0x01CC, 0x01CC, 0x01CC, 0x01CC, 0x01CC, 0x01CC, 0x01CC, 0x01CC, 0x01CC, 0x01CC,
  0x01CC, 0x01CC, 0x01CC, 0x01CC, 0x01CC, 0x01CC, 0x01CC, 0x01CC, 0x01CC, 0x01CC, 0x01CC, 0x01CC,
  0x01CC, 0x01CC, 0x01CC, 0x01CC, 0x01CC, 0x01CC, 0x01CC, 0x01CC, 0x01CC, 0x01CC, 0x01CC, 0x01CC,
  0x01CC, 0x01CC, 0x01CC, 0x01CC, 0x01CC, 0x01CC, 0x01CC, 0x01CC, 0x01CC, 0x01CC, 0x01CC, 0x01CC,
  0x01CC, 0x01CC, 0x01CC, 0x01CC, 0x01CC, 0x01CC, 0x01CC, 0x01CC, 0x01CC, 0x01CC, 0x01CC, 0x01CC,
  0x01CC, 0x01CC, 0x01CC, 0x01CC, 0x01CC, 0x01CC, 0x01CC, 0x01CC, 0x01CC, 0x01CC, 0x01CC, 0x01CC,
  0x01CC, 0x01CC, 0x01CC, 0x01CC, 0x01CC, 0x01CC, 0x01CC, 0x01CC, 0x01CC, 0x01CC, 0x01CC, 0x01CC,
  0x01CC, 0x01CC, 0x01CC, 0x01CC, 0x01CC, 0x01CC, 0x01CC, 0x01CC, 0x01CC, 0x01CC, 0x01CC, 0x01CC,
  0x01CC, 0x01CC, 0x01CC, 0x01CC, 0x01CC, 0x01CC, 0x01CC, 0x01CC, 0x01CC, 0x01CC, 0x01CC, 0x01CC,
  0x01CC, 0x01CC, 0x01CC, 0x01CC, 0x01CC, 0x01CC, 0x01CC, 0x01CC, 0x01CC, 0x01CC, 0x01CC, 0x01CC,
  0x01CC, 0x01CC, 0x01CC, 0x01CC, 0x01CC, 0x01CC, 0x01CC, 0x01CC, 0x01CC, 0x01CC, 0x01CC, 0x01CC,
  0x01CC, 0x01CC, 0x01CC, 0x01CC, 0x01CC, 0x01CC, 0x01CC, 0x01CC, 0x01CC, 0x01CC, 0x01CC, 0x01CC,
  0x01CC, 0x01CC, 0x01CC, 0x01CC, 0x01CC, 0x01CC, 0x01CC, 0x01CC, 0x01CC, 0x01CC, 0x01CC, 0x01CC,
  0x01CC, 0x01CC, 0x01CC, 0x01CC, 0x01CC, 0x01CC, 0x01CC, 0x01CC, 0x01CC, 0x01CC, 0x01CC, 0x01CC,
  0x01CC, 0x01CC, 0x01CC, 0x01CC, 0x01CC, 0x01CC, 0x01CC, 0x01CC, 0x01CC, 0x01CC, 0x01CC, 0x01CC,
  0x01CC, 0x01CC, 0x01CC, 0x01CC, 0x01CC, 0x01CC, 0x01CC, 0x01CC, 0x01CC, 0x01CC, 0x01CC, 0x01CC,
  0x01CC, 0x01CC, 0x01CC, 0x01CC, 0x01CC, 0x01CC, 0x01CC, 0x01CC, 0x01CC, 0x01CC, 0x01CC, 0x01CC,
  0x01CC, 0x01CC, 0x01CC, 0x01CC, 0x01CC, 0x01CC, 0x01CC, 0x01CC, 0x01CC, 0x01CC, 0x01CC, 0x01CC,
  0x01CC, 0x01CC, 0x01CC, 0x01CC, 0x01CC, 0x01CC, 0x01CC, 0x01CC, 0x01CC, 0x01CC, 0x01CC, 0x01CC,
  0x01CC, 0x01CC, 0x01CC, 0x01CC, 0x01CC, 0x01CC, 0x01CC, 0x01CC, 0x01CC, 0x01CC, 0x01CC, 0x01CC,
  0x01CC, 0x01CC, 0x01CC, 0x01CC, 0x01CC, 0x01CC, 0x01CC, 0x01CC, 0x01CC, 0x01CC, 0x01CC, 0x01CC,
  0x01CC, 0x01CC, 0x01CC, 0x01CC, 0x01CC, 0x01CC, 0x01CC, 0x01CC, 0x01CC, 0x01CC, 0x01CC, 0x01CC,
  0x01CC, 0x01CC, 0x01CC, 0x01CC, 0x01CC, 0x01CC, 0x01CC, 0x01CC, 0x01CC, 0x01CC, 0x01CC, 0x01CC,
  0x01CC, 0x01CC, 0x01CC, 0x01CC, 0x01CC, 0x01CC, 0x01CC, 0x01CC, 0x01CC, 0x01CC, 0x01CC, 0x01CC,
  0x01CC, 0x01CC, 0x01CC, 0x01CC, 0x01CC, 0x01CC, 0x01CC, 0x01CC, 0x01CC, 0x01CC, 0x01CC, 0x01CC,
  0x01CC, 0x01CC, 0x01CC, 0x01CC, 0x01CC, 0x01CC, 0x01CC, 0x01CC, 0x01CC, 0x01CC, 0x01CC, 0x01CC,
  0x01CC, 0x01CC, 0x01CC, 0x01CC, 0x01CC, 0x01CC, 0x01CC, 0x01CC, 0x01CC, 0x01CC, 0x01CC, 0x01CC,
  0x01CC, 0x01CC, 0x01CC, 0x01CC, 0x01CC, 0x01CC, 0x01CC, 0x01CC, 0x01CC, 0x01CC, 0x01CC, 0x01CC,
  0x01CC, 0x01CC, 0x01CC, 0x01CC, 0x01CC, 0x01CC, 0x01CC, 0x01CC, 0x01CC, 0x01CC, 0x01CC, 0x01CC,
  0x01CC, 0x01CC, 0x01CC, 0x01CC, 0x01CC, 0x01CC, 0x01CC, 0x01CC, 0x01CC, 0x01CC, 0x01CC, 0x01CC,
  0x01CC, 0x01CC, 0x01CC, 0x01CC, 0x01CC, 0x01CC, 0x01CC, 0x01CC, 0x01CC, 0x01CC, 0x01CC, 0x01CC,
  0x01CC, 0x01CC, 0x01CC, 0x01CC, 0x01CC, 0x01CC, 0x01CC, 0x01CC, 0x01CC, 0x01CC, 0x01CC, 0x01CC,
  0x01CC, 0x01CC, 0x01CC, 0x01CC, 0x01CC, 0x01CC, 0x01CC, 0x01CC, 0x01CC, 0x01CC, 0x01CC, 0x01CC,
  0x01CC, 0x01CC, 0x01CC, 0x01CC, 0x01CC, 0x01CC, 0x01CC, 0x01CC, 0x01CC, 0x01CC, 0x01CC, 0x01CC,
  0x01CC, 0x01CC, 0x01CC, 0x01CC, 0x01CC, 0x01CC, 0x01CC, 0x01CC, 0x01CC, 0x01CC, 0x01CC, 0x01CC,
  0x01CC, 0x01CC, 0x01CC, 0x01CC, 0x01CC, 0x01CC, 0x01CC, 0x01CC, 0x01CC, 0x01CC, 0x01CC, 0x01CC,
  0x01CC, 0x01CC, 0x01CC, 0x01CC, 0x01CC, 0x01CC, 0x01CC, 0x01CC, 0x01CC, 0x01CC, 0x01CC, 0x01CC,
  0x01CC, 0x01CC, 0x01CC, 0x01CC, 0x01CC, 0x01CC, 0x01CC, 0x01CC, 0x01CC, 0x01CC, 0x01CC, 0x01CC,
  0x01CC, 0x01CC, 0x01CC, 0x01CC, 0x01CC, 0x01CC, 0x01CC, 0x01CC, 0x01CC, 0x01CC, 0x01CC, 0x01CC,
  0x01CC, 0x01CC, 0x01CC, 0x01CC, 0x01CC, 0x01CC, 0x01CC, 0x01CC, 0x01CC, 0x01CC, 0x01CC, 0x01CC,
  0x01CC, 0x01CC, 0x01CC, 0x01CC, 0x01CC, 0x01CC, 0x01CC, 0x01CC, 0x01CC, 0x01CC, 0x01CC, 0x01CC,
  0x01CC, 0x01CC, 0x01CC, 0x01CC, 0x01CC, 0x01CC, 0x01CC, 0x01CC, 0x01CC, 0x01CC, 0x01CC, 0x01CC,
  0x01CC, 0x01CC, 0x01CC, 0x01CC, 0x01CC, 0x01CC, 0x01CC, 0x01CC, 0x01CC, 0x01CC, 0x01CC, 0x01CC,
  0x01CC, 0x01CC, 0x01CC, 0x01CC, 0x01CC, 0x01CC, 0x01CC, 0x01CC, 0x01CC, 0x01CC, 0x01CC, 0x01CC,
  0x01CC, 0x01CC, 0x01CC, 0x01CC, 0x01CC, 0x01CC, 0x01CC, 0x01CC, 0x01CC, 0x01CC, 0x01CC, 0x01CC,
  0x01CC, 0x01CC, 0x01CC, 0x01CC, 0x01CC, 0x01CC, 0x01CC, 0x01CC, 0x01CC, 0x01CC, 0x01CC, 0x01CC,
  0x01CC, 0x01CC, 0x01CC, 0x01CC, 0x01CC, 0x01CC, 0x01CC, 0x01CC, 0x01CC, 0x01CC, 0x01CC, 0x01CC,
  0x01CC, 0x01CC, 0x01CC, 0x01CC, 0x01CC, 0x01CC, 0x01CC, 0x01CC, 0x01CC, 0x01CC, 0x01CC, 0x01CC,
  0x01CC, 0x01CC, 0x01CC, 0x01CC, 0x01CC, 0x01CC, 0x01CC, 0x01CC, 0x01CC, 0x01CC, 0x01CC, 0x01CC,
  0x01CC, 0x01CC, 0x01CC, 0x01CC, 0x01CC, 0x01CC, 0x01CC, 0x01CC, 0x01CC, 0x01CC, 0x01CC, 0x01CC,
  0x01CC, 0x01CC, 0x01CC, 0x01CC, 0x01CC, 0x01CC, 0x01CC, 0x01CC, 0x01CC, 0x01CC, 0x01CC, 0x01CC,
  0x01CC, 0x01CC, 0x01CC, 0x01CC, 0x01CC, 0x01CC, 0x01CC, 0x01CC, 0x01CC, 0x01CC, 0x01CC, 0x01CC,
  0x01CC, 0x01CC, 0x01CC, 0x01CC, 0x01CC, 0x01CC, 0x01CC, 0x01CC, 0x01CC, 0x01CC, 0x01CC, 0x01CC,
  0x01CC, 0x01CC, 0x01CC, 0x01CC, 0x01CC, 0x01CC, 0x01CC, 0x01CC, 0x01CC, 0x01CC, 0x01CC, 0x01CC,
  0x01CC, 0x01CC, 0x01CC, 0x01CC, 0x01CC, 0x01CC, 0x01CC, 0x01CC, 0x01CC, 0x01CC, 0x01CC, 0x01CC,
  0x01CC, 0x01CC, 0x01CC, 0x01CC, 0x01CC, 0x01CC, 0x01CC, 0x01CC, 0x01CC, 0x01CC, 0x01CC, 0x01CC,
  0x01CC, 0x01CC, 0x01CC, 0x01CC, 0x01CC, 0x01CC, 0x01CC, 0x01CC, 0x01CC, 0x01CC, 0x01CC, 0x01CC,
  0x01CC, 0x01CC, 0x01CC, 0x01CC, 0x01CC, 0x01CC, 0x01CC, 0x01CC, 0x01CC, 0x01CC, 0x01CC, 0x01CC,
  0x01CC, 0x01CC, 0x01CC, 0x01CC, 0x01CC, 0x01CC, 0x01CC, 0x01CC, 0x01CC, 0x01CC, 0x01CC, 0x01CC,
  0x01CC, 0x01CC, 0x01CC, 0x01CC, 0x01CC, 0x01CC, 0x01CC, 0x01CC, 0x01CC, 0x01CC, 0x01CC, 0x01CC,
  0x01CC, 0x01CC, 0x01CC, 0x01CC, 0x01CC, 0x01CC, 0x01CC, 0x01CC, 0x01CC, 0x01CC, 0x01CC, 0x01CC,
  0x01CC, 0x01CC, 0x01CC, 0x01CC, 0x01CC, 0x01CC, 0x01CC, 0x01CC, 0x01CC, 0x01CC, 0x01CC, 0x01CC,
  0x01CC, 0x01CC, 0x01CC, 0x01CC, 0x01CC, 0x01CC, 0x01CC, 0x01CC, 0x01CC, 0x01CC, 0x01CC, 0x01CC,
  0x01CC, 0x01CC, 0x01CC, 0x01CC, 0x01CC, 0x01CC, 0x01CC, 0x01CC, 0x01CC, 0x01CC, 0x01CC, 0x01CC,
  0x01CC, 0x01CC, 0x01CC, 0x01CC, 0x01CC, 0x01CC, 0x01CC, 0x01CC, 0x01CC, 0x01CC, 0x01CC, 0x01CC,
  0x01CC, 0x01CC, 0x01CC, 0x01CC, 0x01CC, 0x01CC, 0x01CC, 0x01CC, 0x01CC, 0x01CC, 0x01CC, 0x01CC,
  0x01CC, 0x01CC, 0x01CC, 0x01CC, 0x01CC, 0x01CC, 0x01CC, 0x01CC, 0x01CC, 0x01CC, 0x01CC, 0x01CC,
  0x01CC, 0x01CC, 0x01CC, 0x01CC, 0x01CC, 0x01CC, 0x01CC, 0x01CC, 0x01CC, 0x01CC, 0x01CC, 0x01CC,
  0x01CC, 0x01CC, 0x01CC, 0x01CC, 0x01CC, 0x01CC, 0x01CC, 0x01CC, 0x01CC, 0x01CC, 0x01CC, 0x01CC,
  0x01CC, 0x01CC, 0x01CC, 0x01CC, 0x01CC, 0x01CC, 0x01CC, 0x01CC, 0x01CC, 0x01CC, 0x01CC, 0x01CC,
  0x01CC, 0x01CC, 0x01CC, 0x01CC, 0x01CC, 0x01CC, 0x01CC, 0x01CC, 0x01CC, 0x01CC, 0x01CC, 0x01CC,
  0x01CC, 0x01CC, 0x01CC, 0x01CC, 0x01CC, 0x01CC, 0x01CC, 0x01CC, 0x01CC, 0x01CC, 0x01CC, 0x01CC,
  0x01CC, 0x01CC, 0x01CC, 0x01CC, 0x01CC, 0x01CC, 0x01CC, 0x01CC, 0x01CC, 0x01CC, 0x01CC, 0x01CC,
  0x01CC, 0x01CC, 0x01CC, 0x01CC, 0x01CC, 0x01CC, 0x01CC, 0x01CC, 0x01CC, 0x01CC, 0x01CC, 0x01CC,
  0x01CC, 0x01CC, 0x01CC, 0x01CC, 0x01CC, 0x01CC, 0x01CC, 0x01CC, 0x01CC, 0x01CC, 0x01CC, 0x01CC,
  0x01CC, 0x01CC, 0x01CC, 0x01CC, 0x01CC, 0x01CC, 0x01CC, 0x01CC, 0x01CC, 0x01CC, 0x01CC, 0x01CC,
  0x01CC, 0x01CC, 0x01CC, 0x01CC, 0x01CC, 0x01CC, 0x01CC, 0x01CC, 0x01CC, 0x01CC, 0x01CC, 0x01CC,
  0x01CC, 0x01CC, 0x01CC, 0x01CC, 0x01CC, 0x01CC, 0x01CC, 0x01CC, 0x01CC, 0x01CC, 0x01CC, 0x01CC,
  0x01CC, 0x01CC, 0x01CC, 0x01CC, 0x01CC, 0x01CC, 0x01CC, 0x01CC, 0x01CC, 0x01CC, 0x01CC, 0x01CC,
  0x01CC, 0x01CC, 0x01CC, 0x01CC, 0x01CC, 0x01CC, 0x01CC, 0x01CC, 0x01CC, 0x01CC, 0x01CC, 0x01CC,
  0x01CC, 0x01CC, 0x01CC, 0x01CC, 0x01CC, 0x01CC, 0x01CC, 0x01CC, 0x01CC, 0x01CC, 0x01CC, 0x01CC,
  0x01CC, 0x01CC, 0x01CC, 0x01CC, 0x01CC, 0x01CC, 0x01CC, 0x01CC, 0x01CC, 0x01CC, 0x01CC, 0x01CC,
  0x01CC, 0x01CC, 0x01CC, 0x01CC, 0x01CC, 0x01CC, 0x01CC, 0x01CC, 0x01CC, 0x01CC, 0x01CC, 0x01CC,
  0x01CC, 0x01CC, 0x01CC, 0x01CC, 0x01CC, 0x01CC, 0x01CC, 0x01CC, 0x01CC, 0x01CC, 0x01CC, 0x01CC,
  0x01CC, 0x01CC, 0x01CC, 0x01CC, 0x01CC, 0x01CC, 0x01CC, 0x01CC, 0x01CC, 0x01CC, 0x01CC, 0x01CC,
  0x01CC, 0x01CC, 0x01CC, 0x01CC, 0x01CC, 0x01CC, 0x01CC, 0x01CC, 0x01CC, 0x01CC, 0x01CC, 0x01CC,
  0x01CC, 0x01CC, 0x01CC, 0x01CC, 0x01CC, 0x01CC, 0x01CC, 0x01CC, 0x01CC, 0x01CC, 0x01CC, 0x01CC,
  0x01CC, 0x01CC, 0x01CC, 0x01CC, 0x01CC, 0x01CC, 0x01CC, 0x01CC, 0x01CC, 0x01CC, 0x01CC, 0x01CC,
  0x01CC, 0x01CC, 0x01CC, 0x01CC, 0x01CC, 0x01CC, 0x01CC, 0x01CC, 0x01CC, 0x01CC, 0x01CC, 0x01CC,
  0x01CC, 0x01CC, 0x01CC, 0x01CC, 0x01CC, 0x01CC, 0x01CC, 0x01CC, 0x01CC, 0x01CC, 0x01CC, 0x01CC,
  0x01CC, 0x01CC, 0x01CC, 0x01CC, 0x01CC, 0x01CC, 0x01CC, 0x01CC, 0x01CC, 0x01CC, 0x01CC, 0x01CC,
  0x01CC, 0x01CC, 0x01CC, 0x01CC, 0x01CC, 0x01CC, 0x01CC, 0x01CC, 0x01CC, 0x01CC, 0x01CC, 0x01CC,
  0x01CC, 0x01CC, 0x01CC, 0x01CC, 0x01CC, 0x01CC, 0x01CC, 0x01CC, 0x01CC, 0x01CC, 0x01CC, 0x01CC,
  0x01CC, 0x01CC, 0x01CC, 0x01CC, 0x01CC, 0x01CC, 0x01CC, 0x01CC, 0x01CC, 0x01CC, 0x01CC, 0x01CC,
  0x01CC, 0x01CC, 0x01CC, 0x01CC, 0x01CC, 0x01CC, 0x01CC, 0x01CC, 0x01CC, 0x01CC, 0x01CC, 0x01CC,
  0x01CC, 0x01CC, 0x01CC, 0x01CC, 0x01CC, 0x01CC, 0x01CC, 0x01CC, 0x01CC, 0x01CC, 0x01CC, 0x01CC,
  0x01CC, 0x01CC, 0x01CC, 0x01CC, 0x01CC, 0x01CC, 0x01CC, 0x01CC, 0x01CC, 0x01CC, 0x01CC, 0x01CC,
  0x01CC, 0x01CC, 0x01CC, 0x01CC, 0x01CC, 0x01CC, 0x01CC, 0x01CC, 0x01CC, 0x01CC, 0x01CC, 0x01CC,
  0x01CC, 0x01CC, 0x01CC, 0x01CC, 0x01CC, 0x01CC, 0x01CC, 0x01CC, 0x01CC, 0x01CC, 0x01CC, 0x01CC,
  0x01CC, 0x01CC, 0x01CC, 0x01CC, 0x01CC, 0x01CC, 0x01CC, 0x01CC, 0x01CC, 0x01CC, 0x01CC, 0x01CC,
  0x01CC, 0x01CC, 0x01CC, 0x01CC, 0x01CC, 0x01CC, 0x01CC, 0x01CC, 0x01CC, 0x01CC, 0x01CC, 0x01CC,
  0x01CC, 0x01CC, 0x01CC, 0x01CC, 0x01CC, 0x01CC, 0x01CC, 0x01CC, 0x01CC, 0x01CC, 0x01CC, 0x01CC,
  0x01CC, 0x01CC, 0x01CC, 0x01CC, 0x01CC, 0x01CC, 0x01CC, 0x01CC, 0x01CC, 0x01CC, 0x01CC, 0x01CC,
  0x01CC, 0x01CC, 0x01CC, 0x01CC, 0x01CC, 0x01CC, 0x01CC, 0x01CC, 0x01CC, 0x01CC, 0x01CC, 0x01CC,
  0x01CC, 0x01CC, 0x01CC, 0x01CC, 0x01CC, 0x01CC, 0x01CC, 0x01CC, 0x01CC, 0x01CC, 0x01CC, 0x01CC,
  0x01CC, 0x01CC, 0x01CC, 0x01CC, 0x01CC, 0x01CC, 0x01CC, 0x01CC, 0x01CC, 0x01CC, 0x01CC, 0x01CC,
  0x01CC, 0x01CC, 0x01CC, 0x01CC, 0x01CC, 0x01CC, 0x01CC, 0x01CC, 0x01CC, 0x01CC, 0x01CC, 0x01CC,
  0x01CC, 0x01CC, 0x01CC, 0x01CC, 0x01CC, 0x01CC, 0x01CC, 0x01CC, 0x01CC, 0x01CC, 0x01CC, 0x01CC,
  0x01CC, 0x01CC, 0x01CC, 0x01CC, 0x01CC, 0x01CC, 0x01CC, 0x01CC, 0x01CC, 0x01CC, 0x01CC, 0x01CC,
  0x01CC, 0x01CC, 0x01CC, 0x01CC, 0x01CC, 0x01CC, 0x01CC, 0x01CC, 0x01CC, 0x01CC, 0x01CC, 0x01CC,
  0x01CC, 0x01CC, 0x01CC, 0x01CC, 0x01CC, 0x01CC, 0x01CC, 0x01CC, 0x01CC, 0x01CC, 0x01CC, 0x01CC,
  0x01CC, 0x01CC, 0x01CC, 0x01CC, 0x01CC, 0x01CC, 0x01CC, 0x01CC, 0x01CC, 0x01CC, 0x01CC, 0x01CC,
  0x01CC, 0x01CC, 0x01CC, 0x01CC, 0x01CC, 0x01CC, 0x01CC, 0x01CC, 0x01CC, 0x01CC, 0x01CC, 0x01CC,
  0x01CC, 0x01CC, 0x01CC, 0x01CC, 0x01CC, 0x01CC, 0x01CC, 0x01CC, 0x01CC, 0x01CC, 0x01CC, 0x01CC,
  0x01CC, 0x01CC, 0x01CC, 0x01CC, 0x01CC, 0x01CC, 0x01CC, 0x01CC, 0x01CC, 0x01CC, 0x01CC, 0x01CC,
  0x01CC, 0x01CC, 0x01CC, 0x01CC, 0x01CC, 0x01CC, 0x01CC, 0x01CC, 0x01CC, 0x01CC, 0x01CC, 0x01CC,
  0x01CC, 0x01CC, 0x01CC, 0x01CC, 0x01CC, 0x01CC, 0x01CC, 0x01CC, 0x01CC, 0x01CC, 0x01CC, 0x01CC,
  0x01CC, 0x01CC, 0x01CC, 0x01CC, 0x01CC, 0x01CC, 0x01CC, 0x01CC, 0x01CC, 0x01CC, 0x01CC, 0x01CC,
  0x01CC, 0x01CC, 0x01CC, 0x01CC, 0x01CC, 0x01CC, 0x01CC, 0x01CC, 0x01CC, 0x01CC, 0x01CC, 0x01CC,
  0x01CC, 0x01CC, 0x01CC, 0x01CC, 0x01CC, 0x01CC, 0x01CC, 0x01CC, 0x01CC, 0x01CC, 0x01CC, 0x01CC,
  0x01CC, 0x01CC, 0x01CC, 0x01CC, 0x01CC, 0x01CC, 0x01CC, 0x01CC, 0x01CC, 0x01CC, 0x01CC, 0x01CC,
  0x01CC, 0x01CC, 0x01CC, 0x01CC, 0x01CC, 0x01CC, 0x01CC, 0x01CC, 0x01CC, 0x01CC, 0x01CC, 0x01CC,
  0x01CC, 0x01CC, 0x01CC, 0x01CC, 0x01CC, 0x01CC, 0x01CC, 0x01CC, 0x01CC, 0x01CC, 0x01CC, 0x01CC,
  0x01CC, 0x01CC, 0x01CC, 0x01CC, 0x01CC, 0x01CC, 0x01CC, 0x01CC, 0x01CC, 0x01CC, 0x01CC, 0x01CC,
  0x01CC, 0x01CC, 0x01CC, 0x01CC, 0x01CC, 0x01CC, 0x01CC, 0x01CC, 0x01CC, 0x01CC, 0x01CC, 0x01CC,
  0x01CC, 0x01CC, 0x01CC, 0x01CC, 0x01CC, 0x01CC, 0x01CC, 0x01CC, 0x01CC, 0x01CC, 0x01CC, 0x01CC,
  0x01CC, 0x01CC, 0x01CC, 0x01CC, 0x01CC, 0x01CC, 0x01CC, 0x01CC, 0x01CC, 0x01CC, 0x01CC, 0x01CC,
  0x01CC, 0x01CC, 0x01CC, 0x01CC, 0x01CC, 0x01CC, 0x01CC, 0x01CC, 0x01CC, 0x01CC, 0x01CC, 0x01CC,
  0x01CC, 0x01CC, 0x01CC, 0x01CC, 0x01CC, 0x01CC, 0x01CC, 0x01CC, 0x01CC, 0x01CC, 0x01CC, 0x01CC,
  0x01CC, 0x01CC, 0x01CC, 0x01CC, 0x01CC, 0x01CC, 0x01CC, 0x01CC, 0x01CC, 0x01CC, 0x01CC, 0x01CC,
  0x01CC, 0x01CC, 0x01CC, 0x01CC, 0x01CC, 0x01CC, 0x01CC, 0x01CC, 0x01CC, 0x01CC, 0x01CC, 0x01CC,
  0x01CC, 0x01CC, 0x01CC, 0x01CC, 0x01CC, 0x01CC, 0x01CC, 0x01CC, 0x01CC, 0x01CC, 0x01CC, 0x01CC,
  0x01CC, 0x01CC, 0x01CC, 0x01CC, 0x01CC, 0x01CC, 0x01CC, 0x01CC, 0x01CC, 0x01CC, 0x01CC, 0x01CC,
  0x01CC, 0x01CC, 0x01CC, 0x01CC, 0x01CC, 0x01CC, 0x01CC, 0x01CC, 0x01CC, 0x01CC, 0x01CC, 0x01CC,
  0x01CC, 0x01CC, 0x01CC, 0x01CC, 0x01CC, 0x01CC, 0x01CC, 0x01CC, 0x01CC, 0x01CC, 0x01CC, 0x01CC,
  0x01CC, 0x01CC, 0x01CC, 0x01CC, 0x01CC, 0x01CC, 0x01CC, 0x01CC, 0x01CC, 0x01CC, 0x01CC, 0x01CC,
  0x01CC, 0x01CC, 0x01CC, 0x01CC, 0x01CC, 0x01CC, 0x01CC, 0x01CC, 0x01CC, 0x01CC, 0x01CC, 0x01CC,
  0x01CC, 0x01CC, 0x01CC, 0x01CC, 0x01CC, 0x01CC, 0x01CC, 0x01CC, 0x01CC, 0x01CC, 0x01CC, 0x01CC,
  0x01CC, 0x01CC, 0x01CC, 0x01CC, 0x01CC, 0x01CC, 0x01CC, 0x01CC, 0x01CC, 0x01CC, 0x01CC, 0x01CC,
  0x01CC, 0x01CC, 0x01CC, 0x01CC, 0x01CC, 0x01CC, 0x01CC, 0x01CC, 0x01CC, 0x01CC, 0x01CC, 0x01CC,
  0x01CC, 0x01CC, 0x01CC, 0x01CC, 0x01CC, 0x01CC, 0x01CC, 0x01CC, 0x01CC, 0x01CC, 0x01CC, 0x01CC,
  0x01CC, 0x01CC, 0x01CC, 0x01CC, 0x01CC, 0x01CC, 0x01CC, 0x01CC, 0x01CC, 0x01CC, 0x01CC, 0x01CC,
  0x01CC, 0x01CC, 0x01CC, 0x01CC, 0x01CC, 0x01CC, 0x01CC, 0x01CC, 0x01CC, 0x01CC, 0x01CC, 0x01CC,
  0x01CC, 0x01CC, 0x01CC, 0x01CC, 0x01CC, 0x01CC, 0x01CC, 0x01CC, 0x01CC, 0x01CC, 0x01CC, 0x01CC,
  0x01CC, 0x01CC, 0x01CC, 0x01CC, 0x01CC, 0x01CC, 0x01CC, 0x01CC, 0x01CC, 0x01CC, 0x01CC, 0x01CC,
  0x01CC, 0x01CC, 0x01CC, 0x01CC, 0x01CC, 0x01CC, 0x01CC, 0x01CC, 0x01CC, 0x01CC, 0x01CC, 0x01CC,
  0x01CC, 0x01CC, 0x01CC, 0x01CC, 0x01CC, 0x01CC, 0x01CC, 0x01CC, 0x01CC, 0x01CC, 0x01CC, 0x01CC,
  0x01CC, 0x01CC, 0x01CC, 0x01CC, 0x01CC, 0x01CC, 0x01CC, 0x01CC, 0x01CC, 0x01CC, 0x01CC, 0x01CC,
  0x01CC, 0x01CC, 0x01CC, 0x01CC, 0x01CC, 0x01CC, 0x01CC, 0x01CC, 0x01CC, 0x01CC, 0x01CC, 0x01CC,
  0x01CC, 0x01CC, 0x01CC, 0x01CC, 0x01CC, 0x01CC, 0x01CC, 0x01CC, 0x01CC, 0x01CC, 0x01CC, 0x01CC,
  0x01CC, 0x01CC, 0x01CC, 0x01CC, 0x01CC, 0x01CC, 0x01CC, 0x01CC, 0x01CC, 0x01CC, 0x01CC, 0x01CC,
  0x01CC, 0x01CC, 0x01CC, 0x01CC, 0x01CC, 0x01CC, 0x01CC, 0x01CC, 0x01CC, 0x01CC, 0x01CC, 0x01CC,
  0x01CC, 0x01CC, 0x01CC, 0x01CC, 0x01CC, 0x01CC, 0x01CC, 0x01CC, 0x01CC, 0x01CC, 0x01CC, 0x01CC,
  0x01CC, 0x01CC, 0x01CC, 0x01CC, 0x01CC, 0x01CC, 0x01CC, 0x01CC, 0x01CC, 0x01CC, 0x01CC, 0x01CC,
  0x01CC, 0x01CC, 0x01CC, 0x01CC, 0x01CC, 0x01CC, 0x01CC, 0x01CC, 0x01CC, 0x01CC, 0x01CC, 0x01CC,
  0x01CC, 0x01CC, 0x01CC, 0x01CC, 0x01CC, 0x01CC, 0x01CC, 0x01CC, 0x01CC, 0x01CC, 0x01CC, 0x01CC,
  0x01CC, 0x01CC, 0x01CC, 0x01CC, 0x01CC, 0x01CC, 0x01CC, 0x01CC, 0x01CC, 0x01CC, 0x01CC, 0x01CC,
  0x01CC, 0x01CC, 0x01CC, 0x01CC, 0x01CC, 0x01CC, 0x01CC, 0x01CC, 0x01CC, 0x01CC, 0x01CC, 0x01CC,
  0x01CC, 0x01CC, 0x01CC, 0x01CC, 0x01CC, 0x01CC, 0x01CC, 0x01CC, 0x01CC, 0x01CC, 0x01CC, 0x01CC,
  0x01CC, 0x01CC, 0x01CC, 0x01CC, 0x01CC, 0x01CC, 0x01CC, 0x01CC, 0x01CC, 0x01CC, 0x01CC, 0x01CC,
  0x01CC, 0x01CC, 0x01CC, 0x01CC, 0x01CC, 0x01CC, 0x01CC, 0x01CC, 0x01CC, 0x01CC, 0x01CC, 0x01CC,
  0x01CC, 0x01CC, 0x01CC, 0x01CC, 0x01CC, 0x01CC, 0x01CC, 0x01CC, 0x01CC, 0x01CC, 0x01CC, 0x01CC,
  0x01CC, 0x01CC, 0x01CC, 0x01CC, 0x01CC, 0x01CC, 0x01CC, 0x01CC, 0x01CC, 0x01CC, 0x01CC, 0x01CC,
  0x01CC, 0x01CC, 0x01CC, 0x01CC, 0x01CC, 0x01CC, 0x01CC, 0x01CC, 0x01CC, 0x01CC, 0x01CC, 0x01CC,
  0x01CC, 0x01CC, 0x01CC, 0x01CC, 0x01CC, 0x01CC, 0x01CC, 0x01CC, 0x01CC, 0x01CC, 0x01CC, 0x01CC,
  0x01CC, 0x01CC, 0x01CC, 0x01CC, 0x01CC, 0x01CC, 0x01CC, 0x01CC, 0x01CC, 0x01CC, 0x01CC, 0x01CC,
  0x01CC, 0x01CC, 0x01CC, 0x01CC, 0x01CC, 0x01CC, 0x01CC, 0x01CC, 0x01CC, 0x01CC, 0x01CC, 0x01CC,
  0x01CC, 0x01CC, 0x01CC, 0x01CC, 0x01CC, 0x01CC, 0x01CC, 0x01CC, 0x01CC, 0x01CC, 0x01CC, 0x01CC,
  0x01CC, 0x01CC, 0x01CC, 0x01CC, 0x01CC, 0x01CC, 0x01CC, 0x01CC, 0x01CC, 0x01CC, 0x01CC, 0x01CC,
  0x01CC, 0x01CC, 0x01CC, 0x01CC, 0x01CC, 0x01CC, 0x01CC, 0x01CC, 0x01CC, 0x01CC, 0x01CC, 0x01CC,
  0x01CC, 0x01CC, 0x01CC, 0x01CC, 0x01CC, 0x01CC, 0x01CC, 0x01CC, 0x01CC, 0x01CC, 0x01CC, 0x01CC,
  0x01CC, 0x01CC, 0x01CC, 0x01CC, 0x01CC, 0x01CC, 0x01CC, 0x01CC, 0x01CC, 0x01CC, 0x01CC, 0x01CC,
  0x01CC, 0x01CC, 0x01CC, 0x01CC, 0x01CC, 0x01CC, 0x01CC, 0x01CC, 0x01CC, 0x01CC, 0x01CC, 0x01CC,
  0x01CC, 0x01CC, 0x01CC, 0x01CC, 0x01CC, 0x01CC, 0x01CC, 0x01CC, 0x01CC, 0x01CC, 0x01CC, 0x01CC,
  0x01CC, 0x01CC, 0x01CC, 0x01CC, 0x01CC, 0x01CC, 0x01CC, 0x01CC, 0x01CC, 0x01CC, 0x01CC, 0x01CC,
  0x01CC, 0x01CC, 0x01CC, 0x01CC, 0x01CC, 0x01CC, 0x01CC, 0x01CC, 0x01CC, 0x01CC, 0x01CC, 0x01CC,
  0x01CC, 0x01CC, 0x01CC, 0x01CC, 0x01CC, 0x01CC, 0x01CC, 0x01CC, 0x01CC, 0x01CC, 0x01CC, 0x01CC,
  0x01CC, 0x01CC, 0x01CC, 0x01CC, 0x01CC, 0x01CC, 0x01CC, 0x01CC, 0x01CC, 0x01CC, 0x01CC, 0x01CC,
  0x01CC, 0x01CC, 0x01CC, 0x01CC, 0x01CC, 0x01CC, 0x01CC, 0x01CC, 0x01CC, 0x01CC, 0x01CC, 0x01CC,
  0x01CC, 0x01CC, 0x01CC, 0x01CC, 0x01CC, 0x01CC, 0x01CC, 0x01CC, 0x01CC, 0x01CC, 0x01CC, 0x01CC,
  0x01CC, 0x01CC, 0x01CC, 0x01CC, 0x01CC, 0x01CC, 0x01CC, 0x01CC, 0x01CC, 0x01CC, 0x01CC, 0x01CC,
  0x01CC, 0x01CC, 0x01CC, 0x01CC, 0x01CC, 0x01CC, 0x01CC, 0x01CC, 0x01CC, 0x01CC, 0x01CC, 0x01CC,
  0x01CC, 0x01CC, 0x01CC, 0x01CC, 0x01CC, 0x01CC, 0x01CC, 0x01CC, 0x01CC, 0x01CC, 0x01CC, 0x01CC,
  0x01CC, 0x01CC, 0x01CC, 0x01CC, 0x01CC, 0x01CC, 0x01CC, 0x01CC, 0x01CC, 0x01CC, 0x01CC, 0x01CC,
  0x01CC, 0x01CC, 0x01CC, 0x01CC, 0x01CC, 0x01CC, 0x01CC, 0x01CC, 0x01CC, 0x01CC, 0x01CC, 0x01CC,
  0x01CC, 0x01CC, 0x01CC, 0x01CC, 0x01CC, 0x01CC, 0x01CC, 0x01CC, 0x01CC, 0x01CC, 0x01CC, 0x01CC,
  0x01CC, 0x01CC, 0x01CC, 0x01CC, 0x01CC, 0x01CC, 0x01CC, 0x01CC, 0x01CC, 0x01CC, 0x01CC, 0x01CC,
  0x01CC, 0x01CC, 0x01CC, 0x01CC, 0x01CC, 0x01CC, 0x01CC, 0x01CC, 0x01CC, 0x01CC, 0x01CC, 0x01CC,
  0x01CC, 0x01CC, 0x01CC, 0x01CC, 0x01CC, 0x01CC, 0x01CC, 0x01CC, 0x01CC, 0x01CC, 0x01CC, 0x01CC,
  0x01CC, 0x01CC, 0x01CC, 0x01CC, 0x01CC, 0x01CC, 0x01CC, 0x01CC, 0x01CC, 0x01CC, 0x01CC, 0x01CC,
  0x01CC, 0x01CC, 0x01CC, 0x01CC, 0x01CC, 0x01CC, 0x01CC, 0x01CC, 0x01CC, 0x01CC, 0x01CC, 0x01CC,
  0x01CC, 0x01CC, 0x01CC, 0x01CC, 0x01CC, 0x01CC, 0x01CC, 0x01CC, 0x01CC, 0x01CC, 0x01CC, 0x01CC,
  0x01CC, 0x01CC, 0x01CC, 0x01CC, 0x01CC, 0x01CC, 0x01CC, 0x01CC, 0x01CC, 0x01CC, 0x01CC, 0x01CC,
  0x01CC, 0x01CC, 0x01CC, 0x01CC, 0x01CC, 0x01CC, 0x01CC, 0x01CC, 0x01CC, 0x01CC, 0x01CC, 0x01CC,
  0x01CC, 0x01CC, 0x01CC, 0x01CC, 0x01CC, 0x01CC, 0x01CC, 0x01CC, 0x01CC, 0x01CC, 0x01CC, 0x01CC,
  0x01CC, 0x01CC, 0x01CC, 0x01CC, 0x01CC, 0x01CC, 0x01CC, 0x01CC, 0x01CC, 0x01CC, 0x01CC, 0x01CC,
  0x01CC, 0x01CC, 0x01CC, 0x01CC, 0x01CC, 0x01CC, 0x01CC, 0x01CC, 0x01CC, 0x01CC, 0x01CC, 0x01CC,
  0x01CC, 0x01CC, 0x01CC, 0x01CC, 0x01CC, 0x01CC, 0x01CC, 0x01CC, 0x01CC, 0x01CC, 0x01CC, 0x01CC,
  0x01CC, 0x01CC, 0x01CC, 0x01CC, 0x01CC, 0x01CC, 0x01CC, 0x01CC, 0x01CC, 0x01CC, 0x01CC, 0x01CC,
  0x01CC, 0x01CC, 0x01CC, 0x01CC, 0x01CC, 0x01CC, 0x01CC, 0x01CC, 0x01CC, 0x01CC, 0x01CC, 0x01CC,
  0x01CC, 0x01CC, 0x01CC, 0x01CC, 0x01CC, 0x01CC, 0x01CC, 0x01CC, 0x01CC, 0x01CC, 0x01CC, 0x01CC,
  0x01CC, 0x01CC, 0x01CC, 0x01CC, 0x01CC, 0x01CC, 0x01CC, 0x01CC, 0x01CC, 0x01CC, 0x01CC, 0x01CC,
  0x01CC, 0x01CC, 0x01CC, 0x01CC, 0x01CC, 0x01CC, 0x01CC, 0x01CC, 0x01CC, 0x01CC, 0x01CC, 0x01CC,
  0x01CC, 0x01CC, 0x01CC, 0x01CC, 0x01CC, 0x01CC, 0x01CC, 0x01CC, 0x01CC, 0x01CC, 0x01CC, 0x01CC,
  0x01CC, 0x01CC, 0x01CC, 0x01CC, 0x01CC, 0x01CC, 0x01CC, 0x01CC, 0x01CC, 0x01CC, 0x01CC, 0x01CC,
  0x01CC, 0x01CC, 0x01CC, 0x01CC, 0x01CC, 0x01CC, 0x01CC, 0x01CC, 0x01CC, 0x01CC, 0x01CC, 0x01CC,
  0x01CC, 0x01CC, 0x01CC, 0x01CC, 0x01CC, 0x01CC, 0x01CC, 0x01CC, 0x01CC, 0x01CC, 0x01CC, 0x01CC,
  0x01CC, 0x01CC, 0x01CC, 0x01CC, 0x01CC, 0x01CC, 0x01CC, 0x01CC, 0x01CC, 0x01CC, 0x01CC, 0x01CC,
  0x01CC, 0x01CC, 0x01CC, 0x01CC, 0x01CC, 0x01CC, 0x01CC, 0x01CC, 0x01CC, 0x01CC, 0x01CC, 0x01CC,
  0x01CC, 0x01CC, 0x01CC, 0x01CC, 0x01CC, 0x01CC, 0x01CC, 0x01CC, 0x01CC, 0x01CC, 0x01CC, 0x01CC,
  0x01CC, 0x01CC, 0x01CC, 0x01CC, 0x01CC, 0x01CC, 0x01CC, 0x01CC, 0x01CC, 0x01CC, 0x01CC, 0x01CC,
  0x01CC, 0x01CC, 0x01CC, 0x01CC, 0x01CC, 0x01CC, 0x01CC, 0x01CC, 0x01CC, 0x01CC, 0x01CC, 0x01CC,
  0x01CC, 0x01CC, 0x01CC, 0x01CC, 0x01CC, 0x01CC, 0x01CC, 0x01CC, 0x01CC, 0x01CC, 0x01CC, 0x01CC,
  0x01CC, 0x01CC, 0x01CC, 0x01CC, 0x01CC, 0x01CC, 0x01CC, 0x01CC, 0x01CC, 0x01CC, 0x01CC, 0x01CC,
  0x01CC, 0x01CC, 0x01CC, 0x01CC, 0x01CC, 0x01CC, 0x01CC, 0x01CC, 0x01CC, 0x01CC, 0x01CC, 0x01CC,
  0x01CC, 0x01CC, 0x01CC, 0x01CC, 0x01CC, 0x01CC, 0x01CC, 0x01CC, 0x01CC, 0x01CC, 0x01CC, 0x01CC,
  0x01CC, 0x01CC, 0x01CC, 0x01CC, 0x01CC, 0x01CC, 0x01CC, 0x01CC, 0x01CC, 0x01CC, 0x01CC, 0x01CC,
  0x01CC, 0x01CC, 0x01CC, 0x01CC, 0x01CC, 0x01CC, 0x01CC, 0x01CC, 0x01CC, 0x01CC, 0x01CC, 0x01CC,
  0x01CC, 0x01CC, 0x01CC, 0x01CC, 0x01CC, 0x01CC, 0x01CC, 0x01CC, 0x01CC, 0x01CC, 0x01CC, 0x01CC,
  0x01CC, 0x01CC, 0x01CC, 0x01CC, 0x01CC, 0x01CC, 0x01CC, 0x01CC, 0x01CC, 0x01CC, 0x01CC, 0x01CC,
  0x01CC, 0x01CC, 0x01CC, 0x01CC, 0x01CC, 0x01CC, 0x01CC, 0x01CC, 0x01CC, 0x01CC, 0x01CC, 0x01CC,
  0x01CC, 0x01CC, 0x01CC, 0x01CC, 0x01CC, 0x01CC, 0x01CC, 0x01CC, 0x01CC, 0x01CC, 0x01CC, 0x01CC,
  0x01CC, 0x01CC, 0x01CC, 0x01CC, 0x01CC, 0x01CC, 0x01CC, 0x01CC, 0x01CC, 0x01CC, 0x01CC, 0x01CC,
  0x01CC, 0x01CC, 0x01CC, 0x01CC, 0x01CC, 0x01CC, 0x01CC, 0x01CC, 0x01CC, 0x01CC, 0x01CC, 0x01CC,
  0x01CC, 0x01CC, 0x01CC, 0x01CC, 0x01CC, 0x01CC, 0x01CC, 0x01CC, 0x01CC, 0x01CC, 0x01CC, 0x01CC,
  0x01CC, 0x01CC, 0x01CC, 0x01CC, 0x01CC, 0x01CC, 0x01CC, 0x01CC, 0x01CC, 0x01CC, 0x01CC, 0x01CC,
  0x01CC, 0x01CC, 0x01CC, 0x01CC, 0x01CC, 0x01CC, 0x01CC, 0x01CC, 0x01CC, 0x01CC, 0x01CC, 0x01CC,
  0x01CC, 0x01CC, 0x01CC, 0x01CC, 0x01CC, 0x01CC, 0x01CC, 0x01CC, 0x01CC, 0x01CC, 0x01CC, 0x01CC,
  0x01CC, 0x01CC, 0x01CC, 0x01CC, 0x01CC, 0x01CC, 0x01CC, 0x01CC, 0x01CC, 0x01CC, 0x01CC, 0x01CC,
  0x01CC, 0x01CC, 0x01CC, 0x01CC, 0x01CC, 0x01CC, 0x01CC, 0x01CC, 0x01CC, 0x01CC, 0x01CC, 0x01CC,
  0x01CC, 0x01CC, 0x01CC, 0x01CC, 0x01CC, 0x01CC, 0x01CC, 0x01CC, 0x01CC, 0x01CC, 0x01CC, 0x01CC,
  0x01CC, 0x01CC, 0x01CC, 0x01CC, 0x01CC, 0x01CC, 0x01CC, 0x01CC, 0x01CC, 0x01CC, 0x01CC, 0x01CC,
  0x01CC, 0x01CC, 0x01CC, 0x01CC, 0x01CC, 0x01CC, 0x01CC, 0x01CC, 0x01CC, 0x01CC, 0x01CC, 0x01CC,
  0x01CC, 0x01CC, 0x01CC, 0x01CC, 0x01CC, 0x01CC, 0x01CC, 0x01CC, 0x01CC, 0x01CC, 0x01CC, 0x01CC,
  0x01CC, 0x01CC, 0x01CC, 0x01CC, 0x01CC, 0x01CC, 0x01CC, 0x01CC, 0x01CC, 0x01CC, 0x01CC, 0x01CC,
  0x01CC, 0x01CC, 0x01CC, 0x01CC, 0x01CC, 0x01CC, 0x01CC, 0x01CC, 0x01CC, 0x01CC, 0x01CC, 0x01CC,
  0x01CC, 0x01CC, 0x01CC, 0x01CC, 0x01CC, 0x01CC, 0x01CC, 0x01CC, 0x01CC, 0x01CC, 0x01CC, 0x01CC,
  0x01CC, 0x01CC, 0x01CC, 0x01CC, 0x01CC, 0x01CC, 0x01CC, 0x01CC, 0x01CC, 0x01CC, 0x01CC, 0x01CC,
  0x01CC, 0x01CC, 0x01CC, 0x01CC, 0x01CC, 0x01CC, 0x01CC, 0x01CC, 0x01CC, 0x01CC, 0x01CC, 0x01CC,
  0x01CC, 0x01CC, 0x01CC, 0x01CC, 0x01CC, 0x01CC, 0x01CC, 0x01CC, 0x01CC, 0x01CC, 0x01CC, 0x01CC,
  0x01CC, 0x01CC, 0x01CC, 0x01CC, 0x01CC, 0x01CC, 0x01CC, 0x01CC, 0x01CC, 0x01CC, 0x01CC, 0x01CC,
  0x01CC, 0x01CC, 0x01CC, 0x01CC, 0x01CC, 0x01CC, 0x01CC, 0x01CC, 0x01CC, 0x01CC, 0x01CC, 0x01CC,
  0x01CC, 0x01CC, 0x01CC, 0x01CC, 0x01CC, 0x01CC, 0x01CC, 0x01CC, 0x01CC, 0x01CC, 0x01CC, 0x01CC,
  0x01CC, 0x01CC, 0x01CC, 0x01CC, 0x01CC, 0x01CC, 0x01CC, 0x01CC, 0x01CC, 0x01CC, 0x01CC, 0x01CC,
  0x01CC, 0x01CC, 0x01CC, 0x01CC, 0x01CC, 0x01CC, 0x01CC, 0x01CC, 0x01CC, 0x01CC, 0x01CC, 0x01CC,
  0x01CC, 0x01CC, 0x01CC, 0x01CC, 0x01CC, 0x01CC, 0x01CC, 0x01CC, 0x01CC, 0x01CC, 0x01CC, 0x01CC,
  0x01CC, 0x01CC, 0x01CC, 0x01CC, 0x01CC, 0x01CC, 0x01CC, 0x01CC, 0x01CC, 0x01CC, 0x01CC, 0x01CC,
  0x01CC, 0x01CC, 0x01CC, 0x01CC, 0x01CC, 0x01CC, 0x01CC, 0x01CC, 0x01CC, 0x01CC, 0x01CC, 0x01CC,
  0x01CC, 0x01CC, 0x01CC, 0x01CC, 0x01CC, 0x01CC, 0x01CC, 0x01CC, 0x01CC, 0x01CC, 0x01CC, 0x01CC,
  0x01CC, 0x01CC, 0x01CC, 0x01CC, 0x01CC, 0x01CC, 0x01CC, 0x01CC, 0x01CC, 0x01CC, 0x01CC, 0x01CC,
  0x01CC, 0x01CC, 0x01CC, 0x01CC, 0x01CC, 0x01CC, 0x01CC, 0x01CC, 0x01CC, 0x01CC, 0x01CC, 0x01CC,
  0x01CC, 0x01CC, 0x01CC, 0x01CC, 0x01CC, 0x01CC, 0x01CC, 0x01CC, 0x01CC, 0x01CC, 0x01CC, 0x01CC,
  0x01CC, 0x01CC, 0x01CC, 0x01CC, 0x01CC, 0x01CC, 0x01CC, 0x01CC, 0x01CC, 0x01CC, 0x01CC, 0x01CC,
  0x01CC, 0x01CC, 0x01CC, 0x01CC, 0x01CC, 0x01CC, 0x01CC, 0x01CC, 0x01CC, 0x01CC, 0x01CC, 0x01CC,
  0x01CC, 0x01CC, 0x01CC, 0x01CC, 0x01CC, 0x01CC, 0x01CC, 0x01CC, 0x01CC, 0x01CC, 0x01CC, 0x01CC,
  0x01CC, 0x01CC, 0x01CC, 0x01CC, 0x01CC, 0x01CC, 0x01CC, 0x01CC, 0x01CC, 0x01CC, 0x01CC, 0x01CC,
  0x01CC, 0x01CC, 0x01CC, 0x01CC, 0x01CC, 0x01CC, 0x01CC, 0x01CC, 0x01CC, 0x01CC, 0x01CC, 0x01CC,
  0x01CC, 0x01CC, 0x01CC, 0x01CC, 0x01CC, 0x01CC, 0x01CC, 0x01CC, 0x01CC, 0x01CC, 0x01CC, 0x01CC,
  0x01CC, 0x01CC, 0x01CC, 0x01CC, 0x01CC, 0x01CC, 0x01CC, 0x01CC, 0x01CC, 0x01CC, 0x01CC, 0x01CC,
  0x01CC, 0x01CC, 0x01CC, 0x01CC, 0x01CC, 0x01CC, 0x01CC, 0x01CC, 0x01CC, 0x01CC, 0x01CC, 0x01CC,
  0x01CC, 0x01CC, 0x01CC, 0x01CC, 0x01CC, 0x01CC, 0x01CC, 0x01CC, 0x01CC, 0x01CC, 0x01CC, 0x01CC,
  0x01CC, 0x01CC, 0x01CC, 0x01CC, 0x01CC, 0x01CC, 0x01CC, 0x01CC, 0x01CC, 0x01CC, 0x01CC, 0x01CC,
  0x01CC, 0x01CC, 0x01CC, 0x01CC, 0x01CC, 0x01CC, 0x01CC, 0x01CC, 0x01CC, 0x01CC, 0x01CC, 0x01CC,
  0x01CC, 0x01CC, 0x01CC, 0x01CC, 0x01CC, 0x01CC, 0x01CC, 0x01CC, 0x01CC, 0x01CC, 0x01CC, 0x01CC,
  0x01CC, 0x01CC, 0x01CC, 0x01CC, 0x01CC, 0x01CC, 0x01CC, 0x01CC, 0x01CC, 0x01CC, 0x01CC, 0x01CC,
  0x01CC, 0x01CC, 0x01CC, 0x01CC, 0x01CC, 0x01CC, 0x01CC, 0x01CC, 0x01CC, 0x01CC, 0x01CC, 0x01CC,
  0x01CC, 0x01CC, 0x01CC, 0x01CC, 0x01CC, 0x01CC, 0x01CC, 0x01CC, 0x01CC, 0x01CC, 0x01CC, 0x01CC,
  0x01CC, 0x01CC, 0x01CC, 0x01CC, 0x01CC, 0x01CC, 0x01CC, 0x01CC, 0x01CC, 0x01CC, 0x01CC, 0x01CC,
  0x01CC, 0x01CC, 0x01CC, 0x01CC, 0x01CC, 0x01CC, 0x01CC, 0x01CC, 0x01CC, 0x01CC, 0x01CC, 0x01CC,
  0x01CC, 0x01CC, 0x01CC, 0x01CC, 0x01CC, 0x01CC, 0x01CC, 0x01CC, 0x01CC, 0x01CC, 0x01CC, 0x01CC,
  0x01CC, 0x01CC, 0x01CC, 0x01CC, 0x01CC, 0x01CC, 0x01CC, 0x01CC, 0x01CC, 0x01CC, 0x01CC, 0x01CC,
  0x01CC, 0x01CC, 0x01CC, 0x01CC, 0x01CC, 0x01CC, 0x01CC, 0x01CC, 0x01CC, 0x01CC, 0x01CC, 0x01CC,
  0x01CC, 0x01CC, 0x01CC, 0x01CC, 0x01CC, 0x01CC, 0x01CC, 0x01CC, 0x01CC, 0x01CC, 0x01CC, 0x01CC,
  0x01CC, 0x01CC, 0x01CC, 0x01CC, 0x01CC, 0x01CC, 0x01CC, 0x01CC, 0x01CC, 0x01CC, 0x01CC, 0x01CC,
  0x01CC, 0x01CC, 0x01CC, 0x01CC, 0x01CC, 0x01CC, 0x01CC, 0x01CC, 0x01CC, 0x01CC, 0x01CC, 0x01CC,
  0x01CC, 0x01CC, 0x01CC, 0x01CC, 0x01CC, 0x01CC, 0x01CC, 0x01CC, 0x01CC, 0x01CC, 0x01CC, 0x01CC,
  0x01CC, 0x01CC, 0x01CC, 0x01CC, 0x01CC, 0x01CC, 0x01CC, 0x01CC, 0x01CC, 0x01CC, 0x01CC, 0x01CC,
  0x01CC, 0x01CC, 0x01CC, 0x01CC, 0x01CC, 0x01CC, 0x01CC, 0x01CC, 0x01CC, 0x01CC, 0x01CC, 0x01CC,
  0x01CC, 0x01CC, 0x01CC, 0x01CC, 0x01CC, 0x01CC, 0x01CC, 0x01CC, 0x01CC, 0x01CC, 0x01CC, 0x01CC,
  0x01CC, 0x01CC, 0x01CC, 0x01CC, 0x01CC, 0x01CC, 0x01CC, 0x01CC, 0x01CC, 0x01CC, 0x01CC, 0x01CC,
  0x01CC, 0x01CC, 0x01CC, 0x01CC, 0x01CC, 0x01CC, 0x01CC, 0x01CC, 0x01CC, 0x01CC, 0x01CC, 0x01CC,
  0x01CC, 0x01CC, 0x01CC, 0x01CC, 0x01CC, 0x01CC, 0x01CC, 0x01CC, 0x01CC, 0x01CC, 0x01CC, 0x01CC,
  0x01CC, 0x01CC, 0x01CC, 0x01CC, 0x01CC, 0x01CC, 0x01CC, 0x01CC, 0x01CC, 0x01CC, 0x01CC, 0x01CC,
  0x01CC, 0x01CC, 0x01CC, 0x01CC, 0x01CC, 0x01CC, 0x01CC, 0x01CC, 0x01CC, 0x01CC, 0x01CC, 0x01CC,
  0x01CC, 0x01CC, 0x01CC, 0x01CC, 0x01CC, 0x01CC, 0x01CC, 0x01CC, 0x01CC, 0x01CC, 0x01CC, 0x01CC,
  0x01CC, 0x01CC, 0x01CC, 0x01CC, 0x01CC, 0x01CC, 0x01CC, 0x01CC, 0x01CC, 0x01CC, 0x01CC, 0x01CC,
  0x01CC, 0x01CC, 0x01CC, 0x01CC, 0x01CC, 0x01CC, 0x01CC, 0x01CC, 0x01CC, 0x01CC, 0x01CC, 0x01CC,
  0x01CC, 0x01CC, 0x01CC, 0x01CC, 0x01CC, 0x01CC, 0x01CC, 0x01CC, 0x01CC, 0x01CC, 0x01CC, 0x01CC,
  0x01CC, 0x01CC, 0x01CC, 0x01CC, 0x01CC, 0x01CC, 0x01CC, 0x01CC, 0x01CC, 0x01CC, 0x01CC, 0x01CC,
  0x01CC, 0x01CC, 0x01CC, 0x01CC, 0x01CC, 0x01CC, 0x01CC, 0x01CC, 0x01CC, 0x01CC, 0x01CC, 0x01CC,
  0x01CC, 0x01CC, 0x01CC, 0x01CC, 0x01CC, 0x01CC, 0x01CC, 0x01CC, 0x01CC, 0x01CC, 0x01CC, 0x01CC,
  0x01CC, 0x01CC, 0x01CC, 0x01CC, 0x01CC, 0x01CC, 0x01CC, 0x01CC, 0x01CC, 0x01CC, 0x01CC, 0x01CC,
  0x01CC, 0x01CC, 0x01CC, 0x01CC, 0x01CC, 0x01CC, 0x01CC, 0x01CC, 0x01CC, 0x01CC, 0x01CC, 0x01CC,
  0x01CC, 0x01CC, 0x01CC, 0x01CC, 0x01CC, 0x01CC, 0x01CC, 0x01CC, 0x01CC, 0x01CC, 0x01CC, 0x01CC,
  0x01CC, 0x01CC, 0x01CC, 0x01CC, 0x01CC, 0x01CC, 0x01CC, 0x01CC, 0x01CC, 0x01CC, 0x01CC, 0x01CC,
  0x01CC, 0x01CC, 0x01CC, 0x01CC, 0x01CC, 0x01CC, 0x01CC, 0x01CC, 0x01CC, 0x01CC, 0x01CC, 0x01CC,
  0x01CC, 0x01CC, 0x01CC, 0x01CC, 0x01CC, 0x01CC, 0x01CC, 0x01CC, 0x01CC, 0x01CC, 0x01CC, 0x01CC,
  0x01CC, 0x01CC, 0x01CC, 0x01CC, 0x01CC, 0x01CC, 0x01CC, 0x01CC, 0x01CC, 0x01CC, 0x01CC, 0x01CC,
  0x01CC, 0x01CC, 0x01CC, 0x01CC, 0x01CC, 0x01CC, 0x01CC, 0x01CC, 0x01CC, 0x01CC, 0x01CC, 0x01CC,
  0x01CC, 0x01CC, 0x01CC, 0x01CC, 0x01CC, 0x01CC, 0x01CC, 0x01CC, 0x01CC, 0x01CC, 0x01CC, 0x01CC,
  0x01CC, 0x01CC, 0x01CC, 0x01CC, 0x01CC, 0x01CC, 0x01CC, 0x01CC, 0x01CC, 0x01CC, 0x01CC, 0x01CC,
  0x01CC, 0x01CC, 0x01CC, 0x01CC, 0x01CC, 0x01CC, 0x01CC, 0x01CC, 0x01CC, 0x01CC, 0x01CC, 0x01CC,
  0x01CC, 0x01CC, 0x01CC, 0x01CC, 0x01CC, 0x01CC, 0x01CC, 0x01CC, 0x01CC, 0x01CC, 0x01CC, 0x01CC,
  0x01CC, 0x01CC, 0x01CC, 0x01CC, 0x01CC, 0x01CC, 0x01CC, 0x01CC, 0x01CC, 0x01CC, 0x01CC, 0x01CC,
  0x01CC, 0x01CC, 0x01CC, 0x01CC, 0x01CC, 0x01CC, 0x01CC, 0x01CC, 0x01CC, 0x01CC, 0x01CC, 0x01CC,
  0x01CC, 0x01CC, 0x01CC, 0x01CC, 0x01CC, 0x01CC, 0x01CC, 0x01CC, 0x01CC, 0x01CC, 0x01CC, 0x01CC,
  0x01CC, 0x01CC, 0x01CC, 0x01CC, 0x01CC, 0x01CC, 0x01CC, 0x01CC, 0x01CC, 0x01CC, 0x01CC, 0x01CC,
  0x01CC, 0x01CC, 0x01CC, 0x01CC, 0x01CC, 0x01CC, 0x01CC, 0x01CC, 0x01CC, 0x01CC, 0x01CC, 0x01CC,
  0x01CC, 0x01CC, 0x01CC, 0x01CC, 0x01CC, 0x01CC, 0x01CC, 0x01CC, 0x01CC, 0x01CC, 0x01CC, 0x01CC,
  0x01CC, 0x01CC, 0x01CC, 0x01CC, 0x01CC, 0x01CC, 0x01CC, 0x01CC, 0x01CC, 0x01CC, 0x01CC, 0x01CC,
  0x01CC, 0x01CC, 0x01CC, 0x01CC, 0x01CC, 0x01CC, 0x01CC, 0x01CC, 0x01CC, 0x01CC, 0x01CC, 0x01CC,
  0x01CC, 0x01CC, 0x01CC, 0x01CC, 0x01CC, 0x01CC, 0x01CC, 0x01CC, 0x01CC, 0x01CC, 0x01CC, 0x01CC,
  0x01CC, 0x01CC, 0x01CC, 0x01CC, 0x01CC, 0x01CC, 0x01CC, 0x01CC, 0x01CC, 0x01CC, 0x01CC, 0x01CC,
  0x01CC, 0x01CC, 0x01CC, 0x01CC, 0x01CC, 0x01CC, 0x01CC, 0x01CC, 0x01CC, 0x01CC, 0x01CC, 0x01CC,
  0x01CC, 0x01CC, 0x01CC, 0x01CC, 0x01CC, 0x01CC, 0x01CC, 0x01CC, 0x01CC, 0x01CC, 0x01CC, 0x01CC,
  0x01CC, 0x01CC, 0x01CC, 0x01CC, 0x01CC, 0x01CC, 0x01CC, 0x01CC, 0x01CC, 0x01CC, 0x01CC, 0x01CC,
  0x01CC, 0x01CC, 0x01CC, 0x01CC, 0x01CC, 0x01CC, 0x01CC, 0x01CC, 0x01CC, 0x01CC, 0x01CC, 0x01CC,
  0x01CC, 0x01CC, 0x01CC, 0x01CC, 0x01CC, 0x01CC, 0x01CC, 0x01CC, 0x01CC, 0x01CC, 0x01CC, 0x01CC,
  0x01CC, 0x01CC, 0x01CC, 0x01CC, 0x01CC, 0x01CC, 0x01CC, 0x01CC, 0x01CC, 0x01CC, 0x01CC, 0x01CC,
  0x01CC, 0x01CC, 0x01CC, 0x01CC, 0x01CC, 0x01CC, 0x01CC, 0x01CC, 0x01CC, 0x01CC, 0x01CC, 0x01CC,
  0x01CC, 0x01CC, 0x01CC, 0x01CC, 0x01CC, 0x01CC, 0x01CC, 0x01CC, 0x01CC, 0x01CC, 0x01CC, 0x01CC,
  0x01CC, 0x01CC, 0x01CC, 0x01CC, 0x01CC, 0x01CC, 0x01CC, 0x01CC, 0x01CC, 0x01CC, 0x01CC, 0x01CC,
  0x01CC, 0x01CC, 0x01CC, 0x01CC, 0x01CC, 0x01CC, 0x01CC, 0x01CC, 0x01CC, 0x01CC, 0x01CC, 0x01CC,
  0x01CC, 0x01CC, 0x01CC, 0x01CC, 0x01CC, 0x01CC, 0x01CC, 0x01CC, 0x01CC, 0x01CC, 0x01CC, 0x01CC,
  0x01CC, 0x01CC, 0x01CC, 0x01CC, 0x01CC, 0x01CC, 0x01CC, 0x01CC, 0x01CC, 0x01CC, 0x01CC, 0x01CC,
  0x01CC, 0x01CC, 0x01CC, 0x01CC, 0x01CC, 0x01CC, 0x01CC, 0x01CC, 0x01CC, 0x01CC, 0x01CC, 0x01CC,
  0x01CC, 0x01CC, 0x01CC, 0x01CC, 0x01CC, 0x01CC, 0x01CC, 0x01CC, 0x01CC, 0x01CC, 0x01CC, 0x01CC,
  0x01CC, 0x01CC, 0x01CC, 0x01CC, 0x01CC, 0x01CC, 0x01CC, 0x01CC, 0x01CC, 0x01CC, 0x01CC, 0x01CC,
  0x01CC, 0x01CC, 0x01CC, 0x01CC, 0x01CC, 0x01CC, 0x01CC, 0x01CC, 0x01CC, 0x01CC, 0x01CC, 0x01CC,
  0x01CC, 0x01CC, 0x01CC, 0x01CC, 0x01CC, 0x01CC, 0x01CC, 0x01CC, 0x01CC, 0x01CC, 0x01CC, 0x01CC,
  0x01CC, 0x01CC, 0x01CC, 0x01CC, 0x01CC, 0x01CC, 0x01CC, 0x01CC, 0x01CC, 0x01CC, 0x01CC, 0x01CC,
  0x01CC, 0x01CC, 0x01CC, 0x01CC, 0x01CC, 0x01CC, 0x01CC, 0x01CC, 0x01CC, 0x01CC, 0x01CC, 0x01CC,
  0x01CC, 0x01CC, 0x01CC, 0x01CC, 0x01CC, 0x01CC, 0x01CC, 0x01CC, 0x01CC, 0x01CC, 0x01CC, 0x01CC,
  0x01CC, 0x01CC, 0x01CC, 0x01CC, 0x01CC, 0x01CC, 0x01CC, 0x01CC, 0x01CC, 0x01CC, 0x01CC, 0x01CC,
  0x01CC, 0x01CC, 0x01CC, 0x01CC, 0x01CC, 0x01CC, 0x01CC, 0x01CC, 0x01CC, 0x01CC, 0x01CC, 0x01CC,
  0x01CC, 0x01CC, 0x01CC, 0x01CC, 0x01CC, 0x01CC, 0x01CC, 0x01CC, 0x01CC, 0x01CC, 0x01CC, 0x01CC,
  0x01CC, 0x01CC, 0x01CC, 0x01CC, 0x01CC, 0x01CC, 0x01CC, 0x01CC, 0x01CC, 0x01CC, 0x01CC, 0x01CC,
  0x01CC, 0x01CC, 0x01CC, 0x01CC, 0x01CC, 0x01CC, 0x01CC, 0x01CC, 0x01CC, 0x01CC, 0x01CC, 0x01CC,
  0x01CC, 0x01CC, 0x01CC, 0x01CC, 0x01CC, 0x01CC, 0x01CC, 0x01CC, 0x01CC, 0x01CC, 0x01CC, 0x01CC,
  0x01CC, 0x01CC, 0x01CC, 0x01CC, 0x01CC, 0x01CC, 0x01CC, 0x01CC, 0x01CC, 0x01CC, 0x01CC, 0x01CC,
  0x01CC, 0x01CC, 0x01CC, 0x01CC, 0x01CC, 0x01CC, 0x01CC, 0x01CC, 0x01CC, 0x01CC, 0x01CC, 0x01CC,
  0x01CC, 0x01CC, 0x01CC, 0x01CC, 0x01CC, 0x01CC, 0x01CC, 0x01CC, 0x01CC, 0x01CC, 0x01CC, 0x01CC,
  0x01CC, 0x01CC, 0x01CC, 0x01CC, 0x01CC, 0x01CC, 0x01CC, 0x01CC, 0x01CC, 0x01CC, 0x01CC, 0x01CC,
  0x01CC, 0x01CC, 0x01CC, 0x01CC, 0x01CC, 0x01CC, 0x01CC, 0x01CC, 0x01CC, 0x01CC, 0x01CC, 0x01CC,
  0x01CC, 0x01CC, 0x01CC, 0x01CC, 0x01CC, 0x01CC, 0x01CC, 0x01CC, 0x01CC, 0x01CC, 0x01CC, 0x01CC,
  0x01CC, 0x01CC, 0x01CC, 0x01CC, 0x01CC, 0x01CC, 0x01CC, 0x01CC, 0x01CC, 0x01CC, 0x01CC, 0x01CC,
  0x01CC, 0x01CC, 0x01CC, 0x01CC, 0x01CC, 0x01CC, 0x01CC, 0x01CC, 0x01CC, 0x01CC, 0x01CC, 0x01CC,
  0x01CC, 0x01CC, 0x01CC, 0x01CC, 0x01CC, 0x01CC, 0x01CC, 0x01CC, 0x01CC, 0x01CC, 0x01CC, 0x01CC,
  0x01CC, 0x01CC, 0x01CC, 0x01CC, 0x01CC, 0x01CC, 0x01CC, 0x01CC, 0x01CC, 0x01CC, 0x01CC, 0x01CC,
  0x01CC, 0x01CC, 0x01CC, 0x01CC, 0x01CC, 0x01CC, 0x01CC, 0x01CC, 0x01CC, 0x01CC, 0x01CC, 0x01CC,
  0x01CC, 0x01CC, 0x01CC, 0x01CC, 0x01CC, 0x01CC, 0x01CC, 0x01CC, 0x01CC, 0x01CC, 0x01CC, 0x01CC,
  0x01CC, 0x01CC, 0x01CC, 0x01CC, 0x01CC, 0x01CC, 0x01CC, 0x01CC, 0x01CC, 0x01CC, 0x01CC, 0x01CC,
  0x01CC, 0x01CC, 0x01CC, 0x01CC, 0x01CC, 0x01CC, 0x01CC, 0x01CC, 0x01CC, 0x01CC, 0x01CC, 0x01CC,
  0x01CC, 0x01CC, 0x01CC, 0x01CC, 0x01CC, 0x01CC, 0x01CC, 0x01CC, 0x01CC, 0x01CC, 0x01CC, 0x01CC,
  0x01CC, 0x01CC, 0x01CC, 0x01CC, 0x01CC, 0x01CC, 0x01CC, 0x01CC, 0x01CC, 0x01CC, 0x01CC, 0x01CC,
  0x01CC, 0x01CC, 0x01CC, 0x01CC, 0x01CC, 0x01CC, 0x01CC, 0x01CC, 0x01CC, 0x01CC, 0x01CC, 0x01CC,
  0x01CC, 0x01CC, 0x01CC, 0x01CC, 0x01CC, 0x01CC, 0x01CC, 0x01CC, 0x01CC, 0x01CC, 0x01CC, 0x01CC,
  0x01CC, 0x01CC, 0x01CC, 0x01CC, 0x01CC, 0x01CC, 0x01CC, 0x01CC, 0x01CC, 0x01CC, 0x01CC, 0x01CC,
  0x01CC, 0x01CC, 0x01CC, 0x01CC, 0x01CC, 0x01CC, 0x01CC, 0x01CC, 0x01CC, 0x01CC, 0x01CC, 0x01CC,
  0x01CC, 0x01CC, 0x01CC, 0x01CC, 0x01CC, 0x01CC, 0x01CC, 0x01CC, 0x01CC, 0x01CC, 0x01CC, 0x01CC,
  0x01CC, 0x01CC, 0x01CC, 0x01CC, 0x01CC, 0x01CC, 0x01CC, 0x01CC, 0x01CC, 0x01CC, 0x01CC, 0x01CC,
  0x01CC, 0x01CC, 0x01CC, 0x01CC, 0x01CC, 0x01CC, 0x01CC, 0x01CC, 0x01CC, 0x01CC, 0x01CC, 0x01CC,
  0x01CC, 0x01CC, 0x01CC, 0x01CC, 0x01CC, 0x01CC, 0x01CC, 0x01CC, 0x01CC, 0x01CC, 0x01CC, 0x01CC,
  0x01CC, 0x01CC, 0x01CC, 0x01CC, 0x01CC, 0x01CC, 0x01CC, 0x01CC, 0x01CC, 0x01CC, 0x01CC, 0x01CC,
  0x01CC, 0x01CC, 0x01CC, 0x01CC, 0x01CC, 0x01CC, 0x01CC, 0x01CC, 0x01CC, 0x01CC, 0x01CC, 0x01CC,
  0x01CC, 0x01CC, 0x01CC, 0x01CC, 0x01CC, 0x01CC, 0x01CC, 0x01CC, 0x01CC, 0x01CC, 0x01CC, 0x01CC,
  0x01CC, 0x01CC, 0x01CC, 0x01CC, 0x01CC, 0x01CC, 0x01CC, 0x01CC, 0x01CC, 0x01CC, 0x01CC, 0x01CC,
  0x01CC, 0x01CC, 0x01CC, 0x01CC, 0x01CC, 0x01CC, 0x01CC, 0x01CC, 0x01CC, 0x01CC, 0x01CC, 0x01CC,
  0x01CC, 0x01CC, 0x01CC, 0x01CC, 0x01CC, 0x01CC, 0x01CC, 0x01CC, 0x01CC, 0x01CC, 0x01CC, 0x01CC,
  0x01CC, 0x01CC, 0x01CC, 0x01CC, 0x01CC, 0x01CC, 0x01CC, 0x01CC, 0x01CC, 0x01CC, 0x01CC, 0x01CC,
  0x01CC, 0x01CC, 0x01CC, 0x01CC, 0x01CC, 0x01CC, 0x01CC, 0x01CC, 0x01CC, 0x01CC, 0x01CC, 0x01CC,
  0x01CC, 0x01CC, 0x01CC, 0x01CC, 0x01CC, 0x01CC, 0x01CC, 0x01CC, 0x01CC, 0x01CC, 0x01CC, 0x01CC,
  0x01CC, 0x01CC, 0x01CC, 0x01CC, 0x01CC, 0x01CC, 0x01CC, 0x01CC, 0x01CC, 0x01CC, 0x01CC, 0x01CC,
  0x01CC, 0x01CC, 0x01CC, 0x01CC, 0x01CC, 0x01CC, 0x01CC, 0x01CC, 0x01CC, 0x01CC, 0x01CC, 0x01CC,
  0x01CC, 0x01CC, 0x01CC, 0x01CC, 0x01CC, 0x01CC, 0x01CC, 0x01CC, 0x01CC, 0x01CC, 0x01CC, 0x01CC,
  0x01CC, 0x01CC, 0x01CC, 0x01CC, 0x01CC, 0x01CC, 0x01CC, 0x01CC, 0x01CC, 0x01CC, 0x01CC, 0x01CC,
  0x01CC, 0x01CC, 0x01CC, 0x01CC, 0x01CC, 0x01CC, 0x01CC, 0x01CC, 0x01CC, 0x01CC, 0x01CC, 0x01CC,
  0x01CC, 0x01CC, 0x01CC, 0x01CC, 0x01CC, 0x01CC, 0x01CC, 0x01CC, 0x01CC, 0x01CC, 0x01CC, 0x01CC,
  0x01CC, 0x01CC, 0x01CC, 0x01CC, 0x01CC, 0x01CC, 0x01CC, 0x01CC, 0x01CC, 0x01CC, 0x01CC, 0x01CC,
  0x01CC, 0x01CC, 0x01CC, 0x01CC, 0x01CC, 0x01CC, 0x01CC, 0x01CC, 0x01CC, 0x01CC, 0x01CC, 0x01CC,
  0x01CC, 0x01CC, 0x01CC, 0x01CC, 0x01CC, 0x01CC, 0x01CC, 0x01CC, 0x01CC, 0x01CC, 0x01CC, 0x01CC,
  0x01CC, 0x01CC, 0x01CC, 0x01CC, 0x01CC, 0x01CC, 0x01CC, 0x01CC, 0x01CC, 0x01CC, 0x01CC, 0x01CC,
  0x01CC, 0x01CC, 0x01CC, 0x01CC, 0x01CC, 0x01CC, 0x01CC, 0x01CC, 0x01CC, 0x01CC, 0x01CC, 0x01CC,
  0x01CC, 0x01CC, 0x01CC, 0x01CC, 0x01CC, 0x01CC, 0x01CC, 0x01CC, 0x01CC, 0x01CC, 0x01CC, 0x01CC,
  0x01CC, 0x01CC, 0x01CC, 0x01CC, 0x01CC, 0x01CC, 0x01CC, 0x01CC, 0x01CC, 0x01CC, 0x01CC, 0x01CC,
  0x01CC, 0x01CC, 0x01CC, 0x01CC, 0x01CC, 0x01CC, 0x01CC, 0x01CC, 0x01CC, 0x01CC, 0x01CC, 0x01CC,
  0x01CC, 0x01CC, 0x01CC, 0x01CC, 0x01CC, 0x01CC, 0x01CC, 0x01CC, 0x01CC, 0x01CC, 0x01CC, 0x01CC,
  0x01CC, 0x01CC, 0x01CC, 0x01CC, 0x01CC, 0x01CC, 0x01CC, 0x01CC, 0x01CC, 0x01CC, 0x01CC, 0x01CC,
  0x01CC, 0x01CC, 0x01CC, 0x01CC, 0x01CC, 0x01CC, 0x01CC, 0x01CC, 0x01CC, 0x01CC, 0x01CC, 0x01CC,
  0x01CC, 0x01CC, 0x01CC, 0x01CC, 0x01CC, 0x01CC, 0x01CC, 0x01CC, 0x01CC, 0x01CC, 0x01CC, 0x01CC,
  0x01CC, 0x01CC, 0x01CC, 0x01CC, 0x01CC, 0x01CC, 0x01CC, 0x01CC, 0x01CC, 0x01CC, 0x01CC, 0x01CC,
  0x01CC, 0x01CC, 0x01CC, 0x01CC, 0x01CC, 0x01CC, 0x01CC, 0x01CC, 0x01CC, 0x01CC, 0x01CC, 0x01CC,
  0x01CC, 0x01CC, 0x01CC, 0x01CC, 0x01CC, 0x01CC, 0x01CC, 0x01CC, 0x01CC, 0x01CC, 0x01CC, 0x01CC,
  0x01CC, 0x01CC, 0x01CC, 0x01CC, 0x01CC, 0x01CC, 0x01CC, 0x01CC, 0x01CC, 0x01CC, 0x01CC, 0x01CC,
  0x01CC, 0x01CC, 0x01CC, 0x01CC, 0x01CC, 0x01CC, 0x01CC, 0x01CC, 0x01CC, 0x01CC, 0x01CC, 0x01CC,
  0x01CC, 0x01CC, 0x01CC, 0x01CC, 0x01CC, 0x01CC, 0x01CC, 0x01CC, 0x01CC, 0x01CC, 0x01CC, 0x01CC,
  0x01CC, 0x01CC, 0x01CC, 0x01CC, 0x01CC, 0x01CC, 0x01CC, 0x01CC, 0x01CC, 0x01CC, 0x01CC, 0x01CC,
  0x01CC, 0x01CC, 0x01CC, 0x01CC, 0x01CC, 0x01CC, 0x01CC, 0x01CC, 0x01CC, 0x01CC, 0x01CC, 0x01CC,
  0x01CC, 0x01CC, 0x01CC, 0x01CC, 0x01CC, 0x01CC, 0x01CC, 0x01CC, 0x01CC, 0x01CC, 0x01CC, 0x01CC,
  0x01CC, 0x01CC, 0x01CC, 0x01CC, 0x01CC, 0x01CC, 0x01CC, 0x01CC, 0x01CC, 0x01CC, 0x01CC, 0x01CC,
  0x01CC, 0x01CC, 0x01CC, 0x01CC, 0x01CC, 0x01CC, 0x01CC, 0x01CC, 0x01CC, 0x01CC, 0x01CC, 0x01CC,
  0x01CC, 0x01CC, 0x01CC, 0x01CC, 0x01CC, 0x01CC, 0x01CC, 0x01CC, 0x01CC, 0x01CC, 0x01CC, 0x01CC,
  0x01CC, 0x01CC, 0x01CC, 0x01CC, 0x01CC, 0x01CC, 0x01CC, 0x01CC, 0x01CC, 0x01CC, 0x01CC, 0x01CC,
  0x01CC, 0x01CC, 0x01CC, 0x01CC, 0x01CC, 0x01CC, 0x01CC, 0x01CC, 0x01CC, 0x01CC, 0x01CC, 0x01CC,
  0x01CC, 0x01CC, 0x01CC, 0x01CC, 0x01CC, 0x01CC, 0x01CC, 0x01CC, 0x01CC, 0x01CC, 0x01CC, 0x01CC,
  0x01CC, 0x01CC, 0x01CC, 0x01CC, 0x01CC, 0x01CC, 0x01CC, 0x01CC, 0x01CC, 0x01CC, 0x01CC, 0x01CC,
  0x01CC, 0x01CC, 0x01CC, 0x01CC, 0x01CC, 0x01CC, 0x01CC, 0x01CC, 0x01CC, 0x01CC, 0x01CC, 0x01CC,
  0x01CC, 0x01CC, 0x01CC, 0x01CC, 0x01CC, 0x01CC, 0x01CC, 0x01CC, 0x01CC, 0x01CC, 0x01CC, 0x01CC,
  0x01CC, 0x01CC, 0x01CC, 0x01CC, 0x01CC, 0x01CC, 0x01CC, 0x01CC, 0x01CC, 0x01CC, 0x01CC, 0x01CC,
  0x01CC, 0x01CC, 0x01CC, 0x01CC, 0x01CC, 0x01CC, 0x01CC, 0x01CC, 0x01CC, 0x01CC, 0x01CC, 0x01CC,
  0x01CC, 0x01CC, 0x01CC, 0x01CC, 0x01CC, 0x01CC, 0x01CC, 0x01CC, 0x01CC, 0x01CC, 0x01CC, 0x01CC,
  0x01CC, 0x01CC, 0x01CC, 0x01CC, 0x01CC, 0x01CC, 0x01CC, 0x01CC, 0x01CC, 0x01CC, 0x01CC, 0x01CC,
  0x01CC, 0x01CC, 0x01CC, 0x01CC, 0x01CC, 0x01CC, 0x01CC, 0x01CC, 0x01CC, 0x01CC, 0x01CC, 0x01CC,
  0x01CC, 0x01CC, 0x01CC, 0x01CC, 0x01CC, 0x01CC, 0x01CC, 0x01CC, 0x01CC, 0x01CC, 0x01CC, 0x01CC,
  0x01CC, 0x01CC, 0x01CC, 0x01CC, 0x01CC, 0x01CC, 0x01CC, 0x01CC, 0x01CC, 0x01CC, 0x01CC, 0x01CC,
  0x01CC, 0x01CC, 0x01CC, 0x01CC, 0x01CC, 0x01CC, 0x01CC, 0x01CC, 0x01CC, 0x01CC, 0x01CC, 0x01CC,
  0x01CC, 0x01CC, 0x01CC, 0x01CC, 0x01CC, 0x01CC, 0x01CC, 0x01CC, 0x01CC, 0x01CC, 0x01CC, 0x01CC,
  0x01CC, 0x01CC, 0x01CC, 0x01CC, 0x01CC, 0x01CC, 0x01CC, 0x01CC, 0x01CC, 0x01CC, 0x01CC, 0x01CC,
  0x01CC, 0x01CC, 0x01CC, 0x01CC, 0x01CC, 0x01CC, 0x01CC, 0x01CC, 0x01CC, 0x01CC, 0x01CC, 0x01CC,
  0x01CC, 0x01CC, 0x01CC, 0x01CC, 0x01CC, 0x01CC, 0x01CC, 0x01CC, 0x01CC, 0x01CC, 0x01CC, 0x01CC,
  0x01CC, 0x01CC, 0x01CC, 0x01CC, 0x01CC, 0x01CC, 0x01CC, 0x01CC, 0x01CC, 0x01CC, 0x01CC, 0x01CC,
  0x01CC, 0x01CC, 0x01CC, 0x01CC, 0x01CC, 0x01CC, 0x01CC, 0x01CC, 0x01CC, 0x01CC, 0x01CC, 0x01CC,
  0x01CC, 0x01CC, 0x01CC, 0x01CC, 0x01CC, 0x01CC, 0x01CC, 0x01CC, 0x01CC, 0x01CC, 0x01CC, 0x01CC,
  0x01CC, 0x01CC, 0x01CC, 0x01CC, 0x01CC, 0x01CC, 0x01CC, 0x01CC, 0x01CC, 0x01CC, 0x01CC, 0x01CC,
  0x01CC, 0x01CC, 0x01CC, 0x01CC, 0x01CC, 0x01CC, 0x01CC, 0x01CC, 0x01CC, 0x01CC, 0x01CC, 0x01CC,
  0x01CC, 0x01CC, 0x01CC, 0x01CC, 0x01CC, 0x01CC, 0x01CC, 0x01CC, 0x01CC, 0x01CC, 0x01CC, 0x01CC,
  0x01CC, 0x01CC, 0x01CC, 0x01CC, 0x01CC, 0x01CC, 0x01CC, 0x01CC, 0x01CC, 0x01CC, 0x01CC, 0x01CC,
  0x01CC, 0x01CC, 0x01CC, 0x01CC, 0x01CC, 0x01CC, 0x01CC, 0x01CC, 0x01CC, 0x01CC, 0x01CC, 0x01CC,
  0x01CC, 0x01CC, 0x01CC, 0x01CC, 0x01CC, 0x01CC, 0x01CC, 0x01CC, 0x01CC, 0x01CC, 0x01CC, 0x01CC,
  0x01CC, 0x01CC, 0x01CC, 0x01CC, 0x01CC, 0x01CC, 0x01CC, 0x01CC, 0x01CC, 0x01CC, 0x01CC, 0x01CC,
  0x01CC, 0x01CC, 0x01CC, 0x01CC, 0x01CC, 0x01CC, 0x01CC, 0x01CC, 0x01CC, 0x01CC, 0x01CC, 0x01CC,
  0x01CC, 0x01CC, 0x01CC, 0x01CC, 0x01CC, 0x01CC, 0x01CC, 0x01CC, 0x01CC, 0x01CC, 0x01CC, 0x01CC,
  0x01CC, 0x01CC, 0x01CC, 0x01CC, 0x01CC, 0x01CC, 0x01CC, 0x01CC, 0x01CC, 0x01CC, 0x01CC, 0x01CC,
  0x01CC, 0x01CC, 0x01CC, 0x01CC, 0x01CC, 0x01CC, 0x01CC, 0x01CC, 0x01CC, 0x01CC, 0x01CC, 0x01CC,
  0x01CC, 0x01CC, 0x01CC, 0x01CC, 0x01CC, 0x01CC, 0x01CC, 0x01CC, 0x01CC, 0x01CC, 0x01CC, 0x01CC,
  0x01CC, 0x01CC, 0x01CC, 0x01CC, 0x01CC, 0x01CC, 0x01CC, 0x01CC, 0x01CC, 0x01CC, 0x01CC, 0x01CC,
  0x01CC, 0x01CC, 0x01CC, 0x01CC, 0x01CC, 0x01CC, 0x01CC, 0x01CC, 0x01CC, 0x01CC, 0x01CC, 0x01CC,
  0x01CC, 0x01CC, 0x01CC, 0x01CC, 0x01CC, 0x01CC, 0x01CC, 0x01CC, 0x01CC, 0x01CC, 0x01CC, 0x01CC,
  0x01CC, 0x01CC, 0x01CC, 0x01CC, 0x01CC, 0x01CC, 0x01CC, 0x01CC, 0x01CC, 0x01CC, 0x01CC, 0x01CC,
  0x01CC, 0x01CC, 0x01CC, 0x01CC, 0x01CC, 0x01CC, 0x01CC, 0x01CC, 0x01CC, 0x01CC, 0x01CC, 0x01CC,
  0x01CC, 0x01CC, 0x01CC, 0x01CC, 0x01CC, 0x01CC, 0x01CC, 0x01CC, 0x01CC, 0x01CC, 0x01CC, 0x01CC,
  0x01CC, 0x01CC, 0x01CC, 0x01CC, 0x01CC, 0x01CC, 0x01CC, 0x01CC, 0x01CC, 0x01CC, 0x01CC, 0x01CC,
  0x01CC, 0x01CC, 0x01CC, 0x01CC, 0x01CC, 0x01CC, 0x01CC, 0x01CC, 0x01CC, 0x01CC, 0x01CC, 0x01CC,
  0x01CC, 0x01CC, 0x01CC, 0x01CC, 0x01CC, 0x01CC, 0x01CC, 0x01CC, 0x01CC, 0x01CC, 0x01CC, 0x01CC,
  0x01CC, 0x01CC, 0x01CC, 0x01CC, 0x01CC, 0x01CC, 0x01CC, 0x01CC, 0x01CC, 0x01CC, 0x01CC, 0x01CC,
  0x01CC, 0x01CC, 0x01CC, 0x01CC, 0x01CC, 0x01CC, 0x01CC, 0x01CC, 0x01CC, 0x01CC, 0x01CC, 0x01CC,
  0x01CC, 0x01CC, 0x01CC, 0x01CC, 0x01CC, 0x01CC, 0x01CC, 0x01CC, 0x01CC, 0x01CC, 0x01CC, 0x01CC,
  0x01CC, 0x01CC, 0x01CC, 0x01CC, 0x01CC, 0x01CC, 0x01CC, 0x01CC, 0x01CC, 0x01CC, 0x01CC, 0x01CC,
  0x01CC, 0x01CC, 0x01CC, 0x01CC, 0x01CC, 0x01CC, 0x01CC, 0x01CC, 0x01CC, 0x01CC, 0x01CC, 0x01CC,
  0x01CC, 0x01CC, 0x01CC, 0x01CC, 0x01CC, 0x01CC, 0x01CC, 0x01CC, 0x01CC, 0x01CC, 0x01CC, 0x01CC,
  0x01CC, 0x01CC, 0x01CC, 0x01CC, 0x01CC, 0x01CC, 0x01CC, 0x01CC, 0x01CC, 0x01CC, 0x01CC, 0x01CC,
  0x01CC, 0x01CC, 0x01CC, 0x01CC, 0x01CC, 0x01CC, 0x01CC, 0x01CC, 0x01CC, 0x01CC, 0x01CC, 0x01CC,
  0x01CC, 0x01CC, 0x01CC, 0x01CC, 0x01CC, 0x01CC, 0x01CC, 0x01CC, 0x01CC, 0x01CC, 0x01CC, 0x01CC,
  0x01CC, 0x01CC, 0x01CC, 0x01CC, 0x01CC, 0x01CC, 0x01CC, 0x01CC, 0x01CC, 0x01CC, 0x01CC, 0x01CC,
  0x01CC, 0x01CC, 0x01CC, 0x01CC, 0x01CC, 0x01CC, 0x01CC, 0x01CC, 0x01CC, 0x01CC, 0x01CC, 0x01CC,
  0x01CC, 0x01CC, 0x01CC, 0x01CC, 0x01CC, 0x01CC, 0x01CC, 0x01CC, 0x01CC, 0x01CC, 0x01CC, 0x01CC,
  0x01CC, 0x01CC, 0x01CC, 0x01CC, 0x01CC, 0x01CC, 0x01CC, 0x01CC, 0x01CC, 0x01CC, 0x01CC, 0x01CC,
  0x01CC, 0x01CC, 0x01CC, 0x01CC, 0x01CC, 0x01CC, 0x01CC, 0x01CC, 0x01CC, 0x01CC, 0x01CC, 0x01CC,
  0x01CC, 0x01CC, 0x01CC, 0x01CC, 0x01CC, 0x01CC, 0x01CC, 0x01CC, 0x01CC, 0x01CC, 0x01CC, 0x01CC,
  0x01CC, 0x01CC, 0x01CC, 0x01CC, 0x01CC, 0x01CC, 0x01CC, 0x01CC, 0x01CC, 0x01CC, 0x01CC, 0x01CC,
  0x01CC, 0x01CC, 0x01CC, 0x01CC, 0x01CC, 0x01CC, 0x01CC, 0x01CC, 0x01CC, 0x01CC, 0x01CC, 0x01CC,
  0x01CC, 0x01CC, 0x01CC, 0x01CC, 0x01CC, 0x01CC, 0x01CC, 0x01CC, 0x01CC, 0x01CC, 0x01CC, 0x01CC,
  0x01CC, 0x01CC, 0x01CC, 0x01CC, 0x01CC, 0x01CC, 0x01CC, 0x01CC, 0x01CC, 0x01CC, 0x01CC, 0x01CC,
  0x01CC, 0x01CC, 0x01CC, 0x01CC, 0x01CC, 0x01CC, 0x01CC, 0x01CC, 0x01CC, 0x01CC, 0x01CC, 0x01CC,
  0x01CC, 0x01CC, 0x01CC, 0x01CC, 0x01CC, 0x01CC, 0x01CC, 0x01CC, 0x01CC, 0x01CC, 0x01CC, 0x01CC,
  0x01CC, 0x01CC, 0x01CC, 0x01CC, 0x01CC, 0x01CC, 0x01CC, 0x01CC, 0x01CC, 0x01CC, 0x01CC, 0x01CC,
  0x01CC, 0x01CC, 0x01CC, 0x01CC, 0x01CC, 0x01CC, 0x01CC, 0x01CC, 0x01CC, 0x01CC, 0x01CC, 0x01CC,
  0x01CC, 0x01CC, 0x01CC, 0x01CC, 0x01CC, 0x01CC, 0x01CC, 0x01CC, 0x01CC, 0x01CC, 0x01CC, 0x01CC,
  0x01CC, 0x01CC, 0x01CC, 0x01CC, 0x01CC, 0x01CC, 0x01CC, 0x01CC, 0x01CC, 0x01CC, 0x01CC, 0x01CC,
  0x01CC, 0x01CC, 0x01CC, 0x01CC, 0x01CC, 0x01CC, 0x01CC, 0x01CC, 0x01CC, 0x01CC, 0x01CC, 0x01CC,
  0x01CC, 0x01CC, 0x01CC, 0x01CC, 0x01CC, 0x01CC, 0x01CC, 0x01CC, 0x01CC, 0x01CC, 0x01CC, 0x01CC,
  0x01CC, 0x01CC, 0x01CC, 0x01CC, 0x01CC, 0x01CC, 0x01CC, 0x01CC, 0x01CC, 0x01CC, 0x01CC, 0x01CC,
  0x01CC, 0x01CC, 0x01CC, 0x01CC, 0x01CC, 0x01CC, 0x01CC, 0x01CC, 0x01CC, 0x01CC, 0x01CC, 0x01CC,
  0x01CC, 0x01CC, 0x01CC, 0x01CC, 0x01CC, 0x01CC, 0x01CC, 0x01CC, 0x01CC, 0x01CC, 0x01CC, 0x01CC,
  0x01CC, 0x01CC, 0x01CC, 0x01CC, 0x01CC, 0x01CC, 0x01CC, 0x01CC, 0x01CC, 0x01CC, 0x01CC, 0x01CC,
  0x01CC, 0x01CC, 0x01CC, 0x01CC, 0x01CC, 0x01CC, 0x01CC, 0x01CC, 0x01CC, 0x01CC, 0x01CC, 0x01CC,
  0x01CC, 0x01CC, 0x01CC, 0x01CC, 0x01CC, 0x01CC, 0x01CC, 0x01CC, 0x01CC, 0x01CC, 0x01CC, 0x01CC,
  0x01CC, 0x01CC, 0x01CC, 0x01CC, 0x01CC, 0x01CC, 0x01CC, 0x01CC, 0x01CC, 0x01CC, 0x01CC, 0x01CC,
  0x01CC, 0x01CC, 0x01CC, 0x01CC, 0x01CC, 0x01CC, 0x01CC, 0x01CC, 0x01CC, 0x01CC, 0x01CC, 0x01CC,
  0x01CC, 0x01CC, 0x01CC, 0x01CC, 0x01CC, 0x01CC, 0x01CC, 0x01CC, 0x01CC, 0x01CC, 0x01CC, 0x01CC,
  0x01CC, 0x01CC, 0x01CC, 0x01CC, 0x01CC, 0x01CC, 0x01CC, 0x01CC, 0x01CC, 0x01CC, 0x01CC, 0x01CC,
  0x01CC, 0x01CC, 0x01CC, 0x01CC, 0x01CC, 0x01CC, 0x01CC, 0x01CC, 0x01CC, 0x01CC, 0x01CC, 0x01CC,
  0x01CC, 0x01CC, 0x01CC, 0x01CC, 0x01CC, 0x01CC, 0x01CC, 0x01CC, 0x01CC, 0x01CC, 0x01CC, 0x01CC,
  0x01CC, 0x01CC, 0x01CC, 0x01CC, 0x01CC, 0x01CC, 0x01CC, 0x01CC, 0x01CC, 0x01CC, 0x01CC, 0x01CC,
  0x01CC, 0x01CC, 0x01CC, 0x01CC, 0x01CC, 0x01CC, 0x01CC, 0x01CC, 0x01CC, 0x01CC, 0x01CC, 0x01CC,
  0x01CC, 0x01CC, 0x01CC, 0x01CC, 0x01CC, 0x01CC, 0x01CC, 0x01CC, 0x01CC, 0x01CC, 0x01CC, 0x01CC,
  0x01CC, 0x01CC, 0x01CC, 0x01CC, 0x01CC, 0x01CC, 0x01CC, 0x01CC, 0x01CC, 0x01CC, 0x01CC, 0x01CC,
  0x01CC, 0x01CC, 0x01CC, 0x01CC, 0x01CC, 0x01CC, 0x01CC, 0x01CC, 0x01CC, 0x01CC, 0x01CC, 0x01CC,
  0x01CC, 0x01CC, 0x01CC, 0x01CC, 0x01CC, 0x01CC, 0x01CC, 0x01CC, 0x01CC, 0x01CC, 0x01CC, 0x01CC,
  0x01CC, 0x01CC, 0x01CC, 0x01CC, 0x01CC, 0x01CC, 0x01CC, 0x01CC, 0x01CC, 0x01CC, 0x01CC, 0x01CC,
  0x01CC, 0x01CC, 0x01CC, 0x01CC, 0x01CC, 0x01CC, 0x01CC, 0x01CC, 0x01CC, 0x01CC, 0x01CC, 0x01CC,
  0x01CC, 0x01CC, 0x01CC, 0x01CC, 0x01CC, 0x01CC, 0x01CC, 0x01CC, 0x01CC, 0x01CC, 0x01CC, 0x01CC,
  0x01CC, 0x01CC, 0x01CC, 0x01CC, 0x01CC, 0x01CC, 0x01CC, 0x01CC, 0x01CC, 0x01CC, 0x01CC, 0x01CC,
  0x01CC, 0x01CC, 0x01CC, 0x01CC, 0x01CC, 0x01CC, 0x01CC, 0x01CC, 0x01CC, 0x01CC, 0x01CC, 0x01CC,
  0x01CC, 0x01CC, 0x01CC, 0x01CC, 0x01CC, 0x01CC, 0x01CC, 0x01CC, 0x01CC, 0x01CC, 0x01CC, 0x01CC,
  0x01CC, 0x01CC, 0x01CC, 0x01CC, 0x01CC, 0x01CC, 0x01CC, 0x01CC, 0x01CC, 0x01CC, 0x01CC, 0x01CC,
  0x01CC, 0x01CC, 0x01CC, 0x01CC, 0x01CC, 0x01CC, 0x01CC, 0x01CC, 0x01CC, 0x01CC, 0x01CC, 0x01CC,
  0x01CC, 0x01CC, 0x01CC, 0x01CC, 0x01CC, 0x01CC, 0x01CC, 0x01CC, 0x01CC, 0x01CC, 0x01CC, 0x01CC,
  0x01CC, 0x01CC, 0x01CC, 0x01CC, 0x01CC, 0x01CC, 0x01CC, 0x01CC, 0x01CC, 0x01CC, 0x01CC, 0x01CC,
  0x01CC, 0x01CC, 0x01CC, 0x01CC, 0x01CC, 0x01CC, 0x01CC, 0x01CC, 0x01CC, 0x01CC, 0x01CC, 0x01CC,
  0x01CC, 0x01CC, 0x01CC, 0x01CC, 0x01CC, 0x01CC, 0x01CC, 0x01CC, 0x01CC, 0x01CC, 0x01CC, 0x01CC,
  0x01CC, 0x01CC, 0x01CC, 0x01CC, 0x01CC, 0x01CC, 0x01CC, 0x01CC, 0x01CC, 0x01CC, 0x01CC, 0x01CC,
  0x01CC, 0x01CC, 0x01CC, 0x01CC, 0x01CC, 0x01CC, 0x01CC, 0x01CC, 0x01CC, 0x01CC, 0x01CC, 0x01CC,
  0x01CC, 0x01CC, 0x01CC, 0x01CC, 0x01CC, 0x01CC, 0x01CC, 0x01CC, 0x01CC, 0x01CC, 0x01CC, 0x01CC,
  0x01CC, 0x01CC, 0x01CC, 0x01CC, 0x01CC, 0x01CC, 0x01CC, 0x01CC, 0x01CC, 0x01CC, 0x01CC, 0x01CC,
  0x01CC, 0x01CC, 0x01CC, 0x01CC, 0x01CC, 0x01CC, 0x01CC, 0x01CC, 0x01CC, 0x01CC, 0x01CC, 0x01CC,
  0x01CC, 0x01CC, 0x01CC, 0x01CC, 0x01CC, 0x01CC, 0x01CC, 0x01CC, 0x01CC, 0x01CC, 0x01CC, 0x01CC,
  0x01CC, 0x01CC, 0x01CC, 0x01CC, 0x01CC, 0x01CC, 0x01CC, 0x01CC, 0x01CC, 0x01CC, 0x01CC, 0x01CC,
  0x01CC, 0x01CC, 0x01CC, 0x01CC, 0x01CC, 0x01CC, 0x01CC, 0x01CC, 0x01CC, 0x01CC, 0x01CC, 0x01CC,
  0x01CC, 0x01CC, 0x01CC, 0x01CC, 0x01CC, 0x01CC, 0x01CC, 0x01CC, 0x01CC, 0x01CC, 0x01CC, 0x01CC,
  0x01CC, 0x01CC, 0x01CC, 0x01CC, 0x01CC, 0x01CC, 0x01CC, 0x01CC, 0x01CC, 0x01CC, 0x01CC, 0x01CC,
  0x01CC, 0x01CC, 0x01CC, 0x01CC, 0x01CC, 0x01CC, 0x01CC, 0x01CC, 0x01CC, 0x01CC, 0x01CC, 0x01CC,
  0x01CC, 0x01CC, 0x01CC, 0x01CC, 0x01CC, 0x01CC, 0x01CC, 0x01CC, 0x01CC, 0x01CC, 0x01CC, 0x01CC,
  0x01CC, 0x01CC, 0x01CC, 0x01CC, 0x01CC, 0x01CC, 0x01CC, 0x01CC, 0x01CC, 0x01CC, 0x01CC, 0x01CC,
  0x01CC, 0x01CC, 0x01CC, 0x01CC, 0x01CC, 0x01CC, 0x01CC, 0x01CC, 0x01CC, 0x01CC, 0x01CC, 0x01CC,
  0x01CC, 0x01CC, 0x01CC, 0x01CC, 0x01CC, 0x01CC, 0x01CC, 0x01CC, 0x01CC, 0x01CC, 0x01CC, 0x01CC,
  0x01CC, 0x01CC, 0x01CC, 0x01CC, 0x01CC, 0x01CC, 0x01CC, 0x01CC, 0x01CC, 0x01CC, 0x01CC, 0x01CC,
  0x01CC, 0x01CC, 0x01CC, 0x01CC, 0x01CC, 0x01CC, 0x01CC, 0x01CC, 0x01CC, 0x01CC, 0x01CC, 0x01CC,
  0x01CC, 0x01CC, 0x01CC, 0x01CC, 0x01CC, 0x01CC, 0x01CC, 0x01CC, 0x01CC, 0x01CC, 0x01CC, 0x01CC,
  0x01CC, 0x01CC, 0x01CC, 0x01CC, 0x01CC, 0x01CC, 0x01CC, 0x01CC, 0x01CC, 0x01CC, 0x01CC, 0x01CC,
  0x01CC, 0x01CC, 0x01CC, 0x01CC, 0x01CC, 0x01CC, 0x01CC, 0x01CC, 0x01CC, 0x01CC, 0x01CC, 0x01CC,
  0x01CC, 0x01CC, 0x01CC, 0x01CC, 0x01CC, 0x01CC, 0x01CC, 0x01CC, 0x01CC, 0x01CC, 0x01CC, 0x01CC,
  0x01CC, 0x01CC, 0x01CC, 0x01CC, 0x01CC, 0x01CC, 0x01CC, 0x01CC, 0x01CC, 0x01CC, 0x01CC, 0x01CC,
  0x01CC, 0x01CC, 0x01CC, 0x01CC, 0x01CC, 0x01CC, 0x01CC, 0x01CC, 0x01CC, 0x01CC, 0x01CC, 0x01CC,
  0x01CC, 0x01CC, 0x01CC, 0x01CC, 0x01CC, 0x01CC, 0x01CC, 0x01CC, 0x01CC, 0x01CC, 0x01CC, 0x01CC,
  0x01CC, 0x01CC, 0x01CC, 0x01CC, 0x01CC, 0x01CC, 0x01CC, 0x01CC, 0x01CC, 0x01CC, 0x01CC, 0x01CC,
  0x01CC, 0x01CC, 0x01CC, 0x01CC, 0x01CC, 0x01CC, 0x01CC, 0x01CC, 0x01CC, 0x01CC, 0x01CC, 0x01CC,
  0x01CC, 0x01CC, 0x01CC, 0x01CC, 0x01CC, 0x01CC, 0x01CC, 0x01CC, 0x01CC, 0x01CC, 0x01CC, 0x01CC,
  0x01CC, 0x01CC, 0x01CC, 0x01CC, 0x01CC, 0x01CC, 0x01CC, 0x01CC, 0x01CC, 0x01CC, 0x01CC, 0x01CC,
  0x01CC, 0x01CC, 0x01CC, 0x01CC, 0x01CC, 0x01CC, 0x01CC, 0x01CC, 0x01CC, 0x01CC, 0x01CC, 0x01CC,
  0x01CC, 0x01CC, 0x01CC, 0x01CC, 0x01CC, 0x01CC, 0x01CC, 0x01CC, 0x01CC, 0x01CC, 0x01CC, 0x01CC,
  0x01CC, 0x01CC, 0x01CC, 0x01CC, 0x01CC, 0x01CC, 0x01CC, 0x01CC, 0x01CC, 0x01CC, 0x01CC, 0x01CC,
  0x01CC, 0x01CC, 0x01CC, 0x01CC, 0x01CC, 0x01CC, 0x01CC, 0x01CC, 0x01CC, 0x01CC, 0x01CC, 0x01CC,
  0x01CC, 0x01CC, 0x01CC, 0x01CC, 0x01CC, 0x01CC, 0x01CC, 0x01CC, 0x01CC, 0x01CC, 0x01CC, 0x01CC,
  0x01CC, 0x01CC, 0x01CC, 0x01CC, 0x01CC, 0x01CC, 0x01CC, 0x01CC, 0x01CC, 0x01CC, 0x01CC, 0x01CC,
  0x01CC, 0x01CC, 0x01CC, 0x01CC, 0x01CC, 0x01CC, 0x01CC, 0x01CC, 0x01CC, 0x01CC, 0x01CC, 0x01CC,
  0x01CC, 0x01CC, 0x01CC, 0x01CC, 0x01CC, 0x01CC, 0x01CC, 0x01CC, 0x01CC, 0x01CC, 0x01CC, 0x01CC,
  0x01CC, 0x01CC, 0x01CC, 0x01CC, 0x01CC, 0x01CC, 0x01CC, 0x01CC, 0x01CC, 0x01CC, 0x01CC, 0x01CC,
  0x01CC, 0x01CC, 0x01CC, 0x01CC, 0x01CC, 0x01CC, 0x01CC, 0x01CC, 0x01CC, 0x01CC, 0x01CC, 0x01CC,
  0x01CC, 0x01CC, 0x01CC, 0x01CC, 0x01CC, 0x01CC, 0x01CC, 0x01CC, 0x01CC, 0x01CC, 0x01CC, 0x01CC,
  0x01CC, 0x01CC, 0x01CC, 0x01CC, 0x01CC, 0x01CC, 0x01CC, 0x01CC, 0x01CC, 0x01CC, 0x01CC, 0x01CC,
  0x01CC, 0x01CC, 0x01CC, 0x01CC, 0x01CC, 0x01CC, 0x01CC, 0x01CC, 0x01CC, 0x01CC, 0x01CC, 0x01CC,
  0x01CC, 0x01CC, 0x01CC, 0x01CC, 0x01CC, 0x01CC, 0x01CC, 0x01CC, 0x01CC, 0x01CC, 0x01CC, 0x01CC,
  0x01CC, 0x01CC, 0x01CC, 0x01CC, 0x01CC, 0x01CC, 0x01CC, 0x01CC, 0x01CC, 0x01CC, 0x01CC, 0x01CC,
  0x01CC, 0x01CC, 0x01CC, 0x01CC, 0x01CC, 0x01CC, 0x01CC, 0x01CC, 0x01CC, 0x01CC, 0x01CC, 0x01CC,
  0x01CC, 0x01CC, 0x01CC, 0x01CC, 0x01CC, 0x01CC, 0x01CC, 0x01CC, 0x01CC, 0x01CC, 0x01CC, 0x01CC,
  0x01CC, 0x01CC, 0x01CC, 0x01CC, 0x01CC, 0x01CC, 0x01CC, 0x01CC, 0x01CC, 0x01CC, 0x01CC, 0x01CC,
  0x01CC, 0x01CC, 0x01CC, 0x01CC, 0x01CC, 0x01CC, 0x01CC, 0x01CC, 0x01CC, 0x01CC, 0x01CC, 0x01CC,
  0x01CC, 0x01CC, 0x01CC, 0x01CC, 0x01CC, 0x01CC, 0x01CC, 0x01CC, 0x01CC, 0x01CC, 0x01CC, 0x01CC,
  0x01CC, 0x01CC, 0x01CC, 0x01CC, 0x01CC, 0x01CC, 0x01CC, 0x01CC, 0x01CC, 0x01CC, 0x01CC, 0x01CC,
  0x01CC, 0x01CC, 0x01CC, 0x01CC, 0x01CC, 0x01CC, 0x01CC, 0x01CC, 0x01CC, 0x01CC, 0x01CC, 0x01CC,
  0x01CC, 0x01CC, 0x01CC, 0x01CC, 0x01CC, 0x01CC, 0x01CC, 0x01CC, 0x01CC, 0x01CC, 0x01CC, 0x01CC,
  0x01CC, 0x01CC, 0x01CC, 0x01CC, 0x01CC, 0x01CC, 0x01CC, 0x01CC, 0x01CC, 0x01CC, 0x01CC, 0x01CC,
  0x01CC, 0x01CC, 0x01CC, 0x01CC, 0x01CC, 0x01CC, 0x01CC, 0x01CC, 0x01CC, 0x01CC, 0x01CC, 0x01CC,
  0x01CC, 0x01CC, 0x01CC, 0x01CC, 0x01CC, 0x01CC, 0x01CC, 0x01CC, 0x01CC, 0x01CC, 0x01CC, 0x01CC,
  0x01CC, 0x01CC, 0x01CC, 0x01CC, 0x01CC, 0x01CC, 0x01CC, 0x01CC, 0x01CC, 0x01CC, 0x01CC, 0x01CC,
  0x01CC, 0x01CC, 0x01CC, 0x01CC, 0x01CC, 0x01CC, 0x01CC, 0x01CC, 0x01CC, 0x01CC, 0x01CC, 0x01CC,
  0x01CC, 0x01CC, 0x01CC, 0x01CC, 0x01CC, 0x01CC, 0x01CC, 0x01CC, 0x01CC, 0x01CC, 0x01CC, 0x01CC,
  0x01CC, 0x01CC, 0x01CC, 0x01CC, 0x01CC, 0x01CC, 0x01CC, 0x01CC, 0x01CC, 0x01CC, 0x01CC, 0x01CC,
  0x01CC, 0x01CC, 0x01CC, 0x01CC, 0x01CC, 0x01CC, 0x01CC, 0x01CC, 0x01CC, 0x01CC, 0x01CC, 0x01CC,
  0x01CC, 0x01CC, 0x01CC, 0x01CC, 0x01CC, 0x01CC, 0x01CC, 0x01CC, 0x01CC, 0x01CC, 0x01CC, 0x01CC,
  0x01CC, 0x01CC, 0x01CC, 0x01CC, 0x01CC, 0x01CC, 0x01CC, 0x01CC, 0x01CC, 0x01CC, 0x01CC, 0x01CC,
  0x01CC, 0x01CC, 0x01CC, 0x01CC, 0x01CC, 0x01CC, 0x01CC, 0x01CC, 0x01CC, 0x01CC, 0x01CC, 0x01CC,
  0x01CC, 0x01CC, 0x01CC, 0x01CC, 0x01CC, 0x01CC, 0x01CC, 0x01CC, 0x01CC, 0x01CC, 0x01CC, 0x01CC,
  0x01CC, 0x01CC, 0x01CC, 0x01CC, 0x01CC, 0x01CC, 0x01CC, 0x01CC, 0x01CC, 0x01CC, 0x01CC, 0x01CC,
  0x01CC, 0x01CC, 0x01CC, 0x01CC, 0x01CC, 0x01CC, 0x01CC, 0x01CC, 0x01CC, 0x01CC, 0x01CC, 0x01CC,
  0x01CC, 0x01CC, 0x01CC, 0x01CC, 0x01CC, 0x01CC, 0x01CC, 0x01CC, 0x01CC, 0x01CC, 0x01CC, 0x01CC,
  0x01CC, 0x01CC, 0x01CC, 0x01CC, 0x01CC, 0x01CC, 0x01CC, 0x01CC, 0x01CC, 0x01CC, 0x01CC, 0x01CC,
  0x01CC, 0x01CC, 0x01CC, 0x01CC, 0x01CC, 0x01CC, 0x01CC, 0x01CC, 0x01CC, 0x01CC, 0x01CC, 0x01CC,
  0x01CC, 0x01CC, 0x01CC, 0x01CC, 0x01CC, 0x01CC, 0x01CC, 0x01CC, 0x01CC, 0x01CC, 0x01CC, 0x01CC,
  0x01CC, 0x01CC, 0x01CC, 0x01CC, 0x01CC, 0x01CC, 0x01CC, 0x01CC, 0x01CC, 0x01CC, 0x01CC, 0x01CC,
  0x01CC, 0x01CC, 0x01CC, 0x01CC, 0x01CC, 0x01CC, 0x01CC, 0x01CC, 0x01CC, 0x01CC, 0x01CC, 0x01CC,
  0x01CC, 0x01CC, 0x01CC, 0x01CC, 0x01CC, 0x01CC, 0x01CC, 0x01CC, 0x01CC, 0x01CC, 0x01CC, 0x01CC,
  0x01CC, 0x01CC, 0x01CC, 0x01CC, 0x01CC, 0x01CC, 0x01CC, 0x01CC, 0x01CC, 0x01CC, 0x01CC, 0x01CC,
  0x01CC, 0x01CC, 0x01CC, 0x01CC, 0x01CC, 0x01CC, 0x01CC, 0x01CC, 0x01CC, 0x01CC, 0x01CC, 0x01CC,
  0x01CC, 0x01CC, 0x01CC, 0x01CC, 0x01CC, 0x01CC, 0x01CC, 0x01CC, 0x01CC, 0x01CC, 0x01CC, 0x01CC,
  0x01CC, 0x01CC, 0x01CC, 0x01CC, 0x01CC, 0x01CC, 0x01CC, 0x01CC, 0x01CC, 0x01CC, 0x01CC, 0x01CC,
  0x01CC, 0x01CC, 0x01CC, 0x01CC, 0x01CC, 0x01CC, 0x01CC, 0x01CC, 0x01CC, 0x01CC, 0x01CC, 0x01CC,
  0x01CC, 0x01CC, 0x01CC, 0x01CC, 0x01CC, 0x01CC, 0x01CC, 0x01CC, 0x01CC, 0x01CC, 0x01CC, 0x01CC,
  0x01CC, 0x01CC, 0x01CC, 0x01CC, 0x01CC, 0x01CC, 0x01CC, 0x01CC, 0x01CC, 0x01CC, 0x01CC, 0x01CC,
  0x01CC, 0x01CC, 0x01CC, 0x01CC, 0x01CC, 0x01CC, 0x01CC, 0x01CC, 0x01CC, 0x01CC, 0x01CC, 0x01CC,
  0x01CC, 0x01CC, 0x01CC, 0x01CC, 0x01CC, 0x01CC, 0x01CC, 0x01CC, 0x01CC, 0x01CC, 0x01CC, 0x01CC,
  0x01CC, 0x01CC, 0x01CC, 0x01CC, 0x01CC, 0x01CC, 0x01CC, 0x01CC, 0x01CC, 0x01CC, 0x01CC, 0x01CC,
  0x01CC, 0x01CC, 0x01CC, 0x01CC, 0x01CC, 0x01CC, 0x01CC, 0x01CC, 0x01CC, 0x01CC, 0x01CC, 0x01CC,
  0x01CC, 0x01CC, 0x01CC, 0x01CC, 0x01CC, 0x01CC, 0x01CC, 0x01CC, 0x01CC, 0x01CC, 0x01CC, 0x01CC,
  0x01CC, 0x01CC, 0x01CC, 0x01CC, 0x01CC, 0x01CC, 0x01CC, 0x01CC, 0x01CC, 0x01CC, 0x01CC, 0x01CC,
  0x01CC, 0x01CC, 0x01CC, 0x01CC, 0x01CC, 0x01CC, 0x01CC, 0x01CC, 0x01CC, 0x01CC, 0x01CC, 0x01CC,
  0x01CC, 0x01CC, 0x01CC, 0x01CC, 0x01CC, 0x01CC, 0x01CC, 0x01CC, 0x01CC, 0x01CC, 0x01CC, 0x01CC,
  0x01CC, 0x01CC, 0x01CC, 0x01CC, 0x01CC, 0x01CC, 0x01CC, 0x01CC, 0x01CC, 0x01CC, 0x01CC, 0x01CC,
  0x01CC, 0x01CC, 0x01CC, 0x01CC, 0x01CC, 0x01CC, 0x01CC, 0x01CC, 0x01CC, 0x01CC, 0x01CC, 0x01CC,
  0x01CC, 0x01CC, 0x01CC, 0x01CC, 0x01CC, 0x01CC, 0x01CC, 0x01CC, 0x01CC, 0x01CC, 0x01CC, 0x01CC,
  0x01CC, 0x01CC, 0x01CC, 0x01CC, 0x01CC, 0x01CC, 0x01CC, 0x01CC, 0x01CC, 0x01CC, 0x01CC, 0x01CC,
  0x01CC, 0x01CC, 0x01CC, 0x01CC, 0x01CC, 0x01CC, 0x01CC, 0x01CC, 0x01CC, 0x01CC, 0x01CC, 0x01CC,
  0x01CC, 0x01CC, 0x01CC, 0x01CC, 0x01CC, 0x01CC, 0x01CC, 0x01CC, 0x01CC, 0x01CC, 0x01CC, 0x01CC,
  0x01CC, 0x01CC, 0x01CC, 0x01CC, 0x01CC, 0x01CC, 0x01CC, 0x01CC, 0x01CC, 0x01CC, 0x01CC, 0x01CC,
  0x01CC, 0x01CC, 0x01CC, 0x01CC, 0x01CC, 0x01CC, 0x01CC, 0x01CC, 0x01CC, 0x01CC, 0x01CC, 0x01CC,
  0x01CC, 0x01CC, 0x01CC, 0x01CC, 0x01CC, 0x01CC, 0x01CC, 0x01CC, 0x01CC, 0x01CC, 0x01CC, 0x01CC,
  0x01CC, 0x01CC, 0x01CC, 0x01CC, 0x01CC, 0x01CC, 0x01CC, 0x01CC, 0x01CC, 0x01CC, 0x01CC, 0x01CC,
  0x01CC, 0x01CC, 0x01CC, 0x01CC, 0x01CC, 0x01CC, 0x01CC, 0x01CC, 0x01CC, 0x01CC, 0x01CC, 0x01CC,
  0x01CC, 0x01CC, 0x01CC, 0x01CC, 0x01CC, 0x01CC, 0x01CC, 0x01CC, 0x01CC, 0x01CC, 0x01CC, 0x01CC,
  0x01CC, 0x01CC, 0x01CC, 0x01CC, 0x01CC, 0x01CC, 0x01CC, 0x01CC, 0x01CC, 0x01CC, 0x01CC, 0x01CC,
  0x01CC, 0x01CC, 0x01CC, 0x01CC, 0x01CC, 0x01CC, 0x01CC, 0x01CC, 0x01CC, 0x01CC, 0x01CC, 0x01CC,
  0x01CC, 0x01CC, 0x01CC, 0x01CC, 0x01CC, 0x01CC, 0x01CC, 0x01CC, 0x01CC, 0x01CC, 0x01CC, 0x01CC,
  0x01CC, 0x01CC, 0x01CC, 0x01CC, 0x01CC, 0x01CC, 0x01CC, 0x01CC, 0x01CC, 0x01CC, 0x01CC, 0x01CC,
  0x01CC, 0x01CC, 0x01CC, 0x01CC, 0x01CC, 0x01CC, 0x01CC, 0x01CC, 0x01CC, 0x01CC, 0x01CC, 0x01CC,
  0x01CC, 0x01CC, 0x01CC, 0x01CC, 0x01CC, 0x01CC, 0x01CC, 0x01CC, 0x01CC, 0x01CC, 0x01CC, 0x01CC,
  0x01CC, 0x01CC, 0x01CC, 0x01CC, 0x01CC, 0x01CC, 0x01CC, 0x01CC, 0x01CC, 0x01CC, 0x01CC, 0x01CC,
  0x01CC, 0x01CC, 0x01CC, 0x01CC, 0x01CC, 0x01CC, 0x01CC, 0x01CC, 0x01CC, 0x01CC, 0x01CC, 0x01CC,
  0x01CC, 0x01CC, 0x01CC, 0x01CC, 0x01CC, 0x01CC, 0x01CC, 0x01CC, 0x01CC, 0x01CC, 0x01CC, 0x01CC,
  0x01CC, 0x01CC, 0x01CC, 0x01CC, 0x01CC, 0x01CC, 0x01CC, 0x01CC, 0x01CC, 0x01CC, 0x01CC, 0x01CC,
  0x01CC, 0x01CC, 0x01CC, 0x01CC, 0x01CC, 0x01CC, 0x01CC, 0x01CC, 0x01CC, 0x01CC, 0x01CC, 0x01CC,
  0x01CC, 0x01CC, 0x01CC, 0x01CC, 0x01CC, 0x01CC, 0x01CC, 0x01CC, 0x01CC, 0x01CC, 0x01CC, 0x01CC,
  0x01CC, 0x01CC, 0x01CC, 0x01CC, 0x01CC, 0x01CC, 0x01CC, 0x01CC, 0x01CC, 0x01CC, 0x01CC, 0x01CC,
  0x01CC, 0x01CC, 0x01CC, 0x01CC, 0x01CC, 0x01CC, 0x01CC, 0x01CC, 0x01CC, 0x01CC, 0x01CC, 0x01CC,
  0x01CC, 0x01CC, 0x01CC, 0x01CC, 0x01CC, 0x01CC, 0x01CC, 0x01CC, 0x01CC, 0x01CC, 0x01CC, 0x01CC,
  0x01CC, 0x01CC, 0x01CC, 0x01CC, 0x01CC, 0x01CC, 0x01CC, 0x01CC, 0x01CC, 0x01CC, 0x01CC, 0x01CC,
  0x01CC, 0x01CC, 0x01CC, 0x01CC, 0x01CC, 0x01CC, 0x01CC, 0x01CC, 0x01CC, 0x01CC, 0x01CC, 0x01CC,
  0x01CC, 0x01CC, 0x01CC, 0x01CC, 0x01CC, 0x01CC, 0x01CC, 0x01CC, 0x01CC, 0x01CC, 0x01CC, 0x01CC,
  0x01CC, 0x01CC, 0x01CC, 0x01CC, 0x01CC, 0x01CC, 0x01CC, 0x01CC, 0x01CC, 0x01CC, 0x01CC, 0x01CC,
  0x01CC, 0x01CC, 0x01CC, 0x01CC, 0x01CC, 0x01CC, 0x01CC, 0x01CC, 0x01CC, 0x01CC, 0x01CC, 0x01CC,
  0x01CC, 0x01CC, 0x01CC, 0x01CC, 0x01CC, 0x01CC, 0x01CC, 0x01CC, 0x01CC, 0x01CC, 0x01CC, 0x01CC,
  0x01CC, 0x01CC, 0x01CC, 0x01CC, 0x01CC, 0x01CC, 0x01CC, 0x01CC, 0x01CC, 0x01CC, 0x01CC, 0x01CC,
  0x01CC, 0x01CC, 0x01CC, 0x01CC, 0x01CC, 0x01CC, 0x01CC, 0x01CC, 0x01CC, 0x01CC, 0x01CC, 0x01CC,
  0x01CC, 0x01CC, 0x01CC, 0x01CC, 0x01CC, 0x01CC, 0x01CC, 0x01CC, 0x01CC, 0x01CC, 0x01CC, 0x01CC,
  0x01CC, 0x01CC, 0x01CC, 0x01CC, 0x01CC, 0x01CC, 0x01CC, 0x01CC, 0x01CC, 0x01CC, 0x01CC, 0x01CC,
  0x01CC, 0x01CC, 0x01CC, 0x01CC, 0x01CC, 0x01CC, 0x01CC, 0x01CC, 0x01CC, 0x01CC, 0x01CC, 0x01CC,
  0x01CC, 0x01CC, 0x01CC, 0x01CC, 0x01CC, 0x01CC, 0x01CC, 0x01CC, 0x01CC, 0x01CC, 0x01CC, 0x01CC,
  0x01CC, 0x01CC, 0x01CC, 0x01CC, 0x01CC, 0x01CC, 0x01CC, 0x01CC, 0x01CC, 0x01CC, 0x01CC, 0x01CC,
  0x01CC, 0x01CC, 0x01CC, 0x01CC, 0x01CC, 0x01CC, 0x01CC, 0x01CC, 0x01CC, 0x01CC, 0x01CC, 0x01CC,
  0x01CC, 0x01CC, 0x01CC, 0x01CC, 0x01CC, 0x01CC, 0x01CC, 0x01CC, 0x01CC, 0x01CC, 0x01CC, 0x01CC,
  0x01CC, 0x01CC, 0x01CC, 0x01CC, 0x01CC, 0x01CC, 0x01CC, 0x01CC, 0x01CC, 0x01CC, 0x01CC, 0x01CC,
  0x01CC, 0x01CC, 0x01CC, 0x01CC, 0x01CC, 0x01CC, 0x01CC, 0x01CC, 0x01CC, 0x01CC, 0x01CC, 0x01CC,
  0x01CC, 0x01CC, 0x01CC, 0x01CC, 0x01CC, 0x01CC, 0x01CC, 0x01CC, 0x01CC, 0x01CC, 0x01CC, 0x01CC,
  0x01CC, 0x01CC, 0x01CC, 0x01CC, 0x01CC, 0x01CC, 0x01CC, 0x01CC, 0x01CC, 0x01CC, 0x01CC, 0x01CC,
  0x01CC, 0x01CC, 0x01CC, 0x01CC, 0x01CC, 0x01CC, 0x01CC, 0x01CC, 0x01CC, 0x01CC, 0x01CC, 0x01CC,
  0x01CC, 0x01CC, 0x01CC, 0x01CC, 0x01CC, 0x01CC, 0x01CC, 0x01CC, 0x01CC, 0x01CC, 0x01CC, 0x01CC,
  0x01CC, 0x01CC, 0x01CC, 0x01CC, 0x01CC, 0x01CC, 0x01CC, 0x01CC, 0x01CC, 0x01CC, 0x01CC, 0x01CC,
  0x01CC, 0x01CC, 0x01CC, 0x01CC, 0x01CC, 0x01CC, 0x01CC, 0x01CC, 0x01CC, 0x01CC, 0x01CC, 0x01CC,
  0x01CC, 0x01CC, 0x01CC, 0x01CC, 0x01CC, 0x01CC, 0x01CC, 0x01CC, 0x01CC, 0x01CC, 0x01CC, 0x01CC,
  0x01CC, 0x01CC, 0x01CC, 0x01CC, 0x01CC, 0x01CC, 0x01CC, 0x01CC, 0x01CC, 0x01CC, 0x01CC, 0x01CC,
  0x01CC, 0x01CC, 0x01CC, 0x01CC, 0x01CC, 0x01CC, 0x01CC, 0x01CC, 0x01CC, 0x01CC, 0x01CC, 0x01CC,
  0x01CC, 0x01CC, 0x01CC, 0x01CC, 0x01CC, 0x01CC, 0x01CC, 0x01CC, 0x01CC, 0x01CC, 0x01CC, 0x01CC,
  0x01CC, 0x01CC, 0x01CC, 0x01CC, 0x01CC, 0x01CC, 0x01CC, 0x01CC, 0x01CC, 0x01CC, 0x01CC, 0x01CC,
  0x01CC, 0x01CC, 0x01CC, 0x01CC, 0x01CC, 0x01CC, 0x01CC, 0x01CC, 0x01CC, 0x01CC, 0x01CC, 0x01CC,
  0x01CC, 0x01CC, 0x01CC, 0x01CC, 0x01CC, 0x01CC, 0x01CC, 0x01CC, 0x01CC, 0x01CC, 0x01CC, 0x01CC,
  0x01CC, 0x01CC, 0x01CC, 0x01CC, 0x01CC, 0x01CC, 0x01CC, 0x01CC, 0x01CC, 0x01CC, 0x01CC, 0x01CC,
  0x01CC, 0x01CC, 0x01CC, 0x01CC, 0x01CC, 0x01CC, 0x01CC, 0x01CC, 0x01CC, 0x01CC, 0x01CC, 0x01CC,
  0x01CC, 0x01CC, 0x01CC, 0x01CC, 0x01CC, 0x01CC, 0x01CC, 0x01CC, 0x01CC, 0x01CC, 0x01CC, 0x01CC,
  0x01CC, 0x01CC, 0x01CC, 0x01CC, 0x01CC, 0x01CC, 0x01CC, 0x01CC, 0x01CC, 0x01CC, 0x01CC, 0x01CC,
  0x01CC, 0x01CC, 0x01CC, 0x01CC, 0x01CC, 0x01CC, 0x01CC, 0x01CC, 0x01CC, 0x01CC, 0x01CC, 0x01CC,
  0x01CC, 0x01CC, 0x01CC, 0x01CC, 0x01CC, 0x01CC, 0x01CC, 0x01CC, 0x01CC, 0x01CC, 0x01CC, 0x01CC,
  0x01CC, 0x01CC, 0x01CC, 0x01CC, 0x01CC, 0x01CC, 0x01CC, 0x01CC, 0x01CC, 0x01CC, 0x01CC, 0x01CC,
  0x01CC, 0x01CC, 0x01CC, 0x01CC, 0x01CC, 0x01CC, 0x01CC, 0x01CC, 0x01CC, 0x01CC, 0x01CC, 0x01CC,
  0x01CC, 0x01CC, 0x01CC, 0x01CC, 0x01CC, 0x01CC, 0x01CC, 0x01CC, 0x01CC, 0x01CC, 0x01CC, 0x01CC,
  0x01CC, 0x01CC, 0x01CC, 0x01CC, 0x01CC, 0x01CC, 0x01CC, 0x01CC, 0x01CC, 0x01CC, 0x01CC, 0x01CC,
  0x01CC, 0x01CC, 0x01CC, 0x01CC, 0x01CC, 0x01CC, 0x01CC, 0x01CC, 0x01CC, 0x01CC, 0x01CC, 0x01CC,
  0x01CC, 0x01CC, 0x01CC, 0x01CC, 0x01CC, 0x01CC, 0x01CC, 0x01CC, 0x01CC, 0x01CC, 0x01CC, 0x01CC,
  0x01CC, 0x01CC, 0x01CC, 0x01CC, 0x01CC, 0x01CC, 0x01CC, 0x01CC, 0x01CC, 0x01CC, 0x01CC, 0x01CC,
  0x01CC, 0x01CC, 0x01CC, 0x01CC, 0x01CC, 0x01CC, 0x01CC, 0x01CC, 0x01CC, 0x01CC, 0x01CC, 0x01CC,
  0x01CC, 0x01CC, 0x01CC, 0x01CC, 0x01CC, 0x01CC, 0x01CC, 0x01CC, 0x01CC, 0x01CC, 0x01CC, 0x01CC,
  0x01CC, 0x01CC, 0x01CC, 0x01CC, 0x01CC, 0x01CC, 0x01CC, 0x01CC, 0x01CC, 0x01CC, 0x01CC, 0x01CC,
  0x01CC, 0x01CC, 0x01CC, 0x01CC, 0x01CC, 0x01CC, 0x01CC, 0x01CC, 0x01CC, 0x01CC, 0x01CC, 0x01CC,
  0x01CC, 0x01CC, 0x01CC, 0x01CC, 0x01CC, 0x01CC, 0x01CC, 0x01CC, 0x01CC, 0x01CC, 0x01CC, 0x01CC,
  0x01CC, 0x01CC, 0x01CC, 0x01CC, 0x01CC, 0x01CC, 0x01CC, 0x01CC, 0x01CC, 0x01CC, 0x01CC, 0x01CC,
  0x01CC, 0x01CC, 0x01CC, 0x01CC, 0x01CC, 0x01CC, 0x01CC, 0x01CC, 0x01CC, 0x01CC, 0x01CC, 0x01CC,
  0x01CC, 0x01CC, 0x01CC, 0x01CC, 0x01CC, 0x01CC, 0x01CC, 0x01CC, 0x01CC, 0x01CC, 0x01CC, 0x01CC,
  0x01CC, 0x01CC, 0x01CC, 0x01CC, 0x01CC, 0x01CC, 0x01CC, 0x01CC, 0x01CC, 0x01CC, 0x01CC, 0x01CC,
  0x01CC, 0x01CC, 0x01CC, 0x01CC, 0x01CC, 0x01CC, 0x01CC, 0x01CC, 0x01CC, 0x01CC, 0x01CC, 0x01CC,
  0x01CC, 0x01CC, 0x01CC, 0x01CC, 0x01CC, 0x01CC, 0x01CC, 0x01CC, 0x01CC, 0x01CC, 0x01CC, 0x01CC,
  0x01CC, 0x01CC, 0x01CC, 0x01CC, 0x01CC, 0x01CC, 0x01CC, 0x01CC, 0x01CC, 0x01CC, 0x01CC, 0x01CC,
  0x01CC, 0x01CC, 0x01CC, 0x01CC, 0x01CC, 0x01CC, 0x01CC, 0x01CC, 0x01CC, 0x01CC, 0x01CC, 0x01CC,
  0x01CC, 0x01CC, 0x01CC, 0x01CC, 0x01CC, 0x01CC, 0x01CC, 0x01CC, 0x01CC, 0x01CC, 0x01CC, 0x01CC,
  0x01CC, 0x01CC, 0x01CC, 0x01CC, 0x01CC, 0x01CC, 0x01CC, 0x01CC, 0x01CC, 0x01CC, 0x01CC, 0x01CC,
  0x01CC, 0x01CC, 0x01CC, 0x01CC, 0x01CC, 0x01CC, 0x01CC, 0x01CC, 0x01CC, 0x01CC, 0x01CC, 0x01CC,
  0x01CC, 0x01CC, 0x01CC, 0x01CC, 0x01CC, 0x01CC, 0x01CC, 0x01CC, 0x01CC, 0x01CC, 0x01CC, 0x01CC,
  0x01CC, 0x01CC, 0x01CC, 0x01CC, 0x01CC, 0x01CC, 0x01CC, 0x01CC, 0x01CC, 0x01CC, 0x01CC, 0x01CC,
  0x01CC, 0x01CC, 0x01CC, 0x01CC, 0x01CC, 0x01CC, 0x01CC, 0x01CC, 0x01CC, 0x01CC, 0x01CC, 0x01CC,
  0x01CC, 0x01CC, 0x01CC, 0x01CC, 0x01CC, 0x01CC, 0x01CC, 0x01CC, 0x01CC, 0x01CC, 0x01CC, 0x01CC,
  0x01CC, 0x01CC, 0x01CC, 0x01CC, 0x01CC, 0x01CC, 0x01CC, 0x01CC, 0x01CC, 0x01CC, 0x01CC, 0x01CC,
  0x01CC, 0x01CC, 0x01CC, 0x01CC, 0x01CC, 0x01CC, 0x01CC, 0x01CC, 0x01CC, 0x01CC, 0x01CC, 0x01CC,
  0x01CC, 0x01CC, 0x01CC, 0x01CC, 0x01CC, 0x01CC, 0x01CC, 0x01CC, 0x01CC, 0x01CC, 0x01CC, 0x01CC,
  0x01CC, 0x01CC, 0x01CC, 0x01CC, 0x01CC, 0x01CC, 0x01CC, 0x01CC, 0x01CC, 0x01CC, 0x01CC, 0x01CC,
  0x01CC, 0x01CC, 0x01CC, 0x01CC, 0x01CC, 0x01CC, 0x01CC, 0x01CC, 0x01CC, 0x01CC, 0x01CC, 0x01CC,
  0x01CC, 0x01CC, 0x01CC, 0x01CC, 0x01CC, 0x01CC, 0x01CC, 0x01CC, 0x01CC, 0x01CC, 0x01CC, 0x01CC,
  0x01CC, 0x01CC, 0x01CC, 0x01CC, 0x01CC, 0x01CC, 0x01CC, 0x01CC, 0x01CC, 0x01CC, 0x01CC, 0x01CC,
  0x01CC, 0x01CC, 0x01CC, 0x01CC, 0x01CC, 0x01CC, 0x01CC, 0x01CC, 0x01CC, 0x01CC, 0x01CC, 0x01CC,
  0x01CC, 0x01CC, 0x01CC, 0x01CC, 0x01CC, 0x01CC, 0x01CC, 0x01CC, 0x01CC, 0x01CC, 0x01CC, 0x01CC,
  0x01CC, 0x01CC, 0x01CC, 0x01CC, 0x01CC, 0x01CC, 0x01CC, 0x01CC, 0x01CC, 0x01CC, 0x01CC, 0x01CC,
  0x01CC, 0x01CC, 0x01CC, 0x01CC, 0x01CC, 0x01CC, 0x01CC, 0x01CC, 0x01CC, 0x01CC, 0x01CC, 0x01CC,
  0x01CC, 0x01CC, 0x01CC, 0x01CC, 0x01CC, 0x01CC, 0x01CC, 0x01CC, 0x01CC, 0x01CC, 0x01CC, 0x01CC,
  0x01CC, 0x01CC, 0x01CC, 0x01CC, 0x01CC, 0x01CC, 0x01CC, 0x01CC, 0x01CC, 0x01CC, 0x01CC, 0x01CC,
  0x01CC, 0x01CC, 0x01CC, 0x01CC, 0x01CC, 0x01CC, 0x01CC, 0x01CC, 0x01CC, 0x01CC, 0x01CC, 0x01CC,
  0x01CC, 0x01CC, 0x01CC, 0x01CC, 0x01CC, 0x01CC, 0x01CC, 0x01CC, 0x01CC, 0x01CC, 0x01CC, 0x01CC,
  0x01CC, 0x01CC, 0x01CC, 0x01CC, 0x01CC, 0x01CC, 0x01CC, 0x01CC, 0x01CC, 0x01CC, 0x01CC, 0x01CC,
  0x01CC, 0x01CC, 0x01CC, 0x01CC, 0x01CC, 0x01CC, 0x01CC, 0x01CC, 0x01CC, 0x01CC, 0x01CC, 0x01CC,
  0x01CC, 0x01CC, 0x01CC, 0x01CC, 0x01CC, 0x01CC, 0x01CC, 0x01CC, 0x01CC, 0x01CC, 0x01CC, 0x01CC,
  0x01CC, 0x01CC, 0x01CC, 0x01CC, 0x01CC, 0x01CC, 0x01CC, 0x01CC, 0x01CC, 0x01CC, 0x01CC, 0x01CC,
  0x01CC, 0x01CC, 0x01CC, 0x01CC, 0x01CC, 0x01CC, 0x01CC, 0x01CC, 0x01CC, 0x01CC, 0x01CC, 0x01CC,
  0x01CC, 0x01CC, 0x01CC, 0x01CC, 0x01CC, 0x01CC, 0x01CC, 0x01CC, 0x01CC, 0x01CC, 0x01CC, 0x01CC,
  0x01CC, 0x01CC, 0x01CC, 0x01CC, 0x01CC, 0x01CC, 0x01CC, 0x01CC, 0x01CC, 0x01CC, 0x01CC, 0x01CC,
  0x01CC, 0x01CC, 0x01CC, 0x01CC, 0x01CC, 0x01CC, 0x01CC, 0x01CC, 0x01CC, 0x01CC, 0x01CC, 0x01CC,
  0x01CC, 0x01CC, 0x01CC, 0x01CC, 0x01CC, 0x01CC, 0x01CC, 0x01CC, 0x01CC, 0x01CC, 0x01CC, 0x01CC,
  0x01CC, 0x01CC, 0x01CC, 0x01CC, 0x01CC, 0x01CC, 0x01CC, 0x01CC, 0x01CC, 0x01CC, 0x01CC, 0x01CC,
  0x01CC, 0x01CC, 0x01CC, 0x01CC, 0x01CC, 0x01CC, 0x01CC, 0x01CC, 0x01CC, 0x01CC, 0x01CC, 0x01CC,
  0x01CC, 0x01CC, 0x01CC, 0x01CC, 0x01CC, 0x01CC, 0x01CC, 0x01CC, 0x01CC, 0x01CC, 0x01CC, 0x01CC,
  0x01CC, 0x01CC, 0x01CC, 0x01CC, 0x01CC, 0x01CC, 0x01CC, 0x01CC, 0x01CC, 0x01CC, 0x01CC, 0x01CC,
  0x01CC, 0x01CC, 0x01CC, 0x01CC, 0x01CC, 0x01CC, 0x01CC, 0x01CC, 0x01CC, 0x01CC, 0x01CC, 0x01CC,
  0x01CC, 0x01CC, 0x01CC, 0x01CC, 0x01CC, 0x01CC, 0x01CC, 0x01CC, 0x01CC, 0x01CC, 0x01CC, 0x01CC,
  0x01CC, 0x01CC, 0x01CC, 0x01CC, 0x01CC, 0x01CC, 0x01CC, 0x01CC, 0x01CC, 0x01CC, 0x01CC, 0x01CC,
  0x01CC, 0x01CC, 0x01CC, 0x01CC, 0x01CC, 0x01CC, 0x01CC, 0x01CC, 0x01CC, 0x01CC, 0x01CC, 0x01CC,
  0x01CC, 0x01CC, 0x01CC, 0x01CC, 0x01CC, 0x01CC, 0x01CC, 0x01CC, 0x01CC, 0x01CC, 0x01CC, 0x01CC,
  0x01CC, 0x01CC, 0x01CC, 0x01CC, 0x01CC, 0x01CC, 0x01CC, 0x01CC, 0x01CC, 0x01CC, 0x01CC, 0x01CC,
  0x01CC, 0x01CC, 0x01CC, 0x01CC, 0x01CC, 0x01CC, 0x01CC, 0x01CC, 0x01CC, 0x01CC, 0x01CC, 0x01CC,
  0x01CC, 0x01CC, 0x01CC, 0x01CC, 0x01CC, 0x01CC, 0x01CC, 0x01CC, 0x01CC, 0x01CC, 0x01CC, 0x01CC,
  0x01CC, 0x01CC, 0x01CC, 0x01CC, 0x01CC, 0x01CC, 0x01CC, 0x01CC, 0x01CC, 0x01CC, 0x01CC, 0x01CC,
  0x01CC, 0x01CC, 0x01CC, 0x01CC, 0x01CC, 0x01CC, 0x01CC, 0x01CC, 0x01CC, 0x01CC, 0x01CC, 0x01CC,
  0x01CC, 0x01CC, 0x01CC, 0x01CC, 0x01CC, 0x01CC, 0x01CC, 0x01CC, 0x01CC, 0x01CC, 0x01CC, 0x01CC,
  0x01CC, 0x01CC, 0x01CC, 0x01CC, 0x01CC, 0x01CC, 0x01CC, 0x01CC, 0x01CC, 0x01CC, 0x01CC, 0x01CC,
  0x01CC, 0x01CC, 0x01CC, 0x01CC, 0x01CC, 0x01CC, 0x01CC, 0x01CC, 0x01CC, 0x01CC, 0x01CC, 0x01CC,
  0x01CC, 0x01CC, 0x01CC, 0x01CC, 0x01CC, 0x01CC, 0x01CC, 0x01CC, 0x01CC, 0x01CC, 0x01CC, 0x01CC,
  0x01CC, 0x01CC, 0x01CC, 0x01CC, 0x01CC, 0x01CC, 0x01CC, 0x01CC, 0x01CC, 0x01CC, 0x01CC, 0x01CC,
  0x01CC, 0x01CC, 0x01CC, 0x01CC, 0x01CC, 0x01CC, 0x01CC, 0x01CC, 0x01CC, 0x01CC, 0x01CC, 0x01CC,
  0x01CC, 0x01CC, 0x01CC, 0x01CC, 0x01CC, 0x01CC, 0x01CC, 0x01CC, 0x01CC, 0x01CC, 0x01CC, 0x01CC,
  0x01CC, 0x01CC, 0x01CC, 0x01CC, 0x01CC, 0x01CC, 0x01CC, 0x01CC, 0x01CC, 0x01CC, 0x01CC, 0x01CC,
  0x01CC, 0x01CC, 0x01CC, 0x01CC, 0x01CC, 0x01CC, 0x01CC, 0x01CC, 0x01CC, 0x01CC, 0x01CC, 0x01CC,
  0x01CC, 0x01CC, 0x01CC, 0x01CC, 0x01CC, 0x01CC, 0x01CC, 0x01CC, 0x01CC, 0x01CC, 0x01CC, 0x01CC,
  0x01CC, 0x01CC, 0x01CC, 0x01CC, 0x01CC, 0x01CC, 0x01CC, 0x01CC, 0x01CC, 0x01CC, 0x01CC, 0x01CC,
  0x01CC, 0x01CC, 0x01CC, 0x01CC, 0x01CC, 0x01CC, 0x01CC, 0x01CC, 0x01CC, 0x01CC, 0x01CC, 0x01CC,
  0x01CC, 0x01CC, 0x01CC, 0x01CC, 0x01CC, 0x01CC, 0x01CC, 0x01CC, 0x01CC, 0x01CC, 0x01CC, 0x01CC,
  0x01CC, 0x01CC, 0x01CC, 0x01CC, 0x01CC, 0x01CC, 0x01CC, 0x01CC, 0x01CC, 0x01CC, 0x01CC, 0x01CC,
  0x01CC, 0x01CC, 0x01CC, 0x01CC, 0x01CC, 0x01CC, 0x01CC, 0x01CC, 0x01CC, 0x01CC, 0x01CC, 0x01CC,
  0x01CC, 0x01CC, 0x01CC, 0x01CC, 0x01CC, 0x01CC, 0x01CC, 0x01CC, 0x01CC, 0x01CC, 0x01CC, 0x01CC,
  0x01CC, 0x01CC, 0x01CC, 0x01CC, 0x01CC, 0x01CC, 0x01CC, 0x01CC, 0x01CC, 0x01CC, 0x01CC, 0x01CC,
  0x01CC, 0x01CC, 0x01CC, 0x01CC, 0x01CC, 0x01CC, 0x01CC, 0x01CC, 0x01CC, 0x01CC, 0x01CC, 0x01CC,
  0x01CC, 0x01CC, 0x01CC, 0x01CC, 0x01CC, 0x01CC, 0x01CC, 0x01CC, 0x01CC, 0x01CC, 0x01CC, 0x01CC,
  0x01CC, 0x01CC, 0x01CC, 0x01CC, 0x01CC, 0x01CC, 0x01CC, 0x01CC, 0x01CC, 0x01CC, 0x01CC, 0x01CC,
  0x01CC, 0x01CC, 0x01CC, 0x01CC, 0x01CC, 0x01CC, 0x01CC, 0x01CC, 0x01CC, 0x01CC, 0x01CC, 0x01CC,
  0x01CC, 0x01CC, 0x01CC, 0x01CC, 0x01CC, 0x01CC, 0x01CC, 0x01CC, 0x01CC, 0x01CC, 0x01CC, 0x01CC,
  0x01CC, 0x01CC, 0x01CC, 0x01CC, 0x01CC, 0x01CC, 0x01CC, 0x01CC, 0x01CC, 0x01CC, 0x01CC, 0x01CC,
  0x01CC, 0x01CC, 0x01CC, 0x01CC, 0x01CC, 0x01CC, 0x01CC, 0x01CC, 0x01CC, 0x01CC, 0x01CC, 0x01CC,
  0x01CC, 0x01CC, 0x01CC, 0x01CC, 0x01CC, 0x01CC, 0x01CC, 0x01CC, 0x01CC, 0x01CC, 0x01CC, 0x01CC,
  0x01CC, 0x01CC, 0x01CC, 0x01CC, 0x01CC, 0x01CC, 0x01CC, 0x01CC, 0x01CC, 0x01CC, 0x01CC, 0x01CC,
  0x01CC, 0x01CC, 0x01CC, 0x01CC, 0x01CC, 0x01CC, 0x01CC, 0x01CC, 0x01CC, 0x01CC, 0x01CC, 0x01CC,
  0x01CC, 0x01CC, 0x01CC, 0x01CC, 0x01CC, 0x01CC, 0x01CC, 0x01CC, 0x01CC, 0x01CC, 0x01CC, 0x01CC,
  0x01CC, 0x01CC, 0x01CC, 0x01CC, 0x01CC, 0x01CC, 0x01CC, 0x01CC, 0x01CC, 0x01CC, 0x01CC, 0x01CC,
  0x01CC, 0x01CC, 0x01CC, 0x01CC, 0x01CC, 0x01CC, 0x01CC, 0x01CC, 0x01CC, 0x01CC, 0x01CC, 0x01CC,
  0x01CC, 0x01CC, 0x01CC, 0x01CC, 0x01CC, 0x01CC, 0x01CC, 0x01CC, 0x01CC, 0x01CC, 0x01CC, 0x01CC,
  0x01CC, 0x01CC, 0x01CC, 0x01CC, 0x01CC, 0x01CC, 0x01CC, 0x01CC, 0x01CC, 0x01CC, 0x01CC, 0x01CC,
  0x01CC, 0x01CC, 0x01CC, 0x01CC, 0x01CC, 0x01CC, 0x01CC, 0x01CC, 0x01CC, 0x01CC, 0x01CC, 0x01CC,
  0x01CC, 0x01CC, 0x01CC, 0x01CC, 0x01CC, 0x01CC, 0x01CC, 0x01CC, 0x01CC, 0x01CC, 0x01CC, 0x01CC,
  0x01CC, 0x01CC, 0x01CC, 0x01CC, 0x01CC, 0x01CC, 0x01CC, 0x01CC, 0x01CC, 0x01CC, 0x01CC, 0x01CC,
  0x01CC, 0x01CC, 0x01CC, 0x01CC, 0x01CC, 0x01CC, 0x01CC, 0x01CC, 0x01CC, 0x01CC, 0x01CC, 0x01CC,
  0x01CC, 0x01CC, 0x01CC, 0x01CC, 0x01CC, 0x01CC, 0x01CC, 0x01CC, 0x01CC, 0x01CC, 0x01CC, 0x01CC,
  0x01CC, 0x01CC, 0x01CC, 0x01CC, 0x01CC, 0x01CC, 0x01CC, 0x01CC, 0x01CC, 0x01CC, 0x01CC, 0x01CC,
  0x01CC, 0x01CC, 0x01CC, 0x01CC, 0x01CC, 0x01CC, 0x01CC, 0x01CC, 0x01CC, 0x01CC, 0x01CC, 0x01CC,
  0x01CC, 0x01CC, 0x01CC, 0x01CC, 0x01CC, 0x01CC, 0x01CC, 0x01CC, 0x01CC, 0x01CC, 0x01CC, 0x01CC,
  0x01CC, 0x01CC, 0x01CC, 0x01CC, 0x01CC, 0x01CC, 0x01CC, 0x01CC, 0x01CC, 0x01CC, 0x01CC, 0x01CC,
  0x01CC, 0x01CC, 0x01CC, 0x01CC, 0x01CC, 0x01CC, 0x01CC, 0x01CC, 0x01CC, 0x01CC, 0x01CC, 0x01CC,
  0x01CC, 0x01CC, 0x01CC, 0x01CC, 0x01CC, 0x01CC, 0x01CC, 0x01CC, 0x01CC, 0x01CC, 0x01CC, 0x01CC,
  0x01CC, 0x01CC, 0x01CC, 0x01CC, 0x01CC, 0x01CC, 0x01CC, 0x01CC, 0x01CC, 0x01CC, 0x01CC, 0x01CC,
  0x01CC, 0x01CC, 0x01CC, 0x01CC, 0x01CC, 0x01CC, 0x01CC, 0x01CC, 0x01CC, 0x01CC, 0x01CC, 0x01CC,
  0x01CC, 0x01CC, 0x01CC, 0x01CC, 0x01CC, 0x01CC, 0x01CC, 0x01CC, 0x01CC, 0x01CC, 0x01CC, 0x01CC,
  0x01CC, 0x01CC, 0x01CC, 0x01CC, 0x01CC, 0x01CC, 0x01CC, 0x01CC, 0x01CC, 0x01CC, 0x01CC, 0x01CC,
  0x01CC, 0x01CC, 0x01CC, 0x01CC, 0x01CC, 0x01CC, 0x01CC, 0x01CC, 0x01CC, 0x01CC, 0x01CC, 0x01CC,
  0x01CC, 0x01CC, 0x01CC, 0x01CC, 0x01CC, 0x01CC, 0x01CC, 0x01CC, 0x01CC, 0x01CC, 0x01CC, 0x01CC,
  0x01CC, 0x01CC, 0x01CC, 0x01CC, 0x01CC, 0x01CC, 0x01CC, 0x01CC, 0x01CC, 0x01CC, 0x01CC, 0x01CC,
  0x01CC, 0x01CC, 0x01CC, 0x01CC, 0x01CC, 0x01CC, 0x01CC, 0x01CC, 0x01CC, 0x01CC, 0x01CC, 0x01CC,
  0x01CC, 0x01CC, 0x01CC, 0x01CC, 0x01CC, 0x01CC, 0x01CC, 0x01CC, 0x01CC, 0x01CC, 0x01CC, 0x01CC,
  0x01CC, 0x01CC, 0x01CC, 0x01CC, 0x01CC, 0x01CC, 0x01CC, 0x01CC, 0x01CC, 0x01CC, 0x01CC, 0x01CC,
  0x01CC, 0x01CC, 0x01CC, 0x01CC, 0x01CC, 0x01CC, 0x01CC, 0x01CC, 0x01CC, 0x01CC, 0x01CC, 0x01CC,
  0x01CC, 0x01CC, 0x01CC, 0x01CC, 0x01CC, 0x01CC, 0x01CC, 0x01CC, 0x01CC, 0x01CC, 0x01CC, 0x01CC,
  0x01CC, 0x01CC, 0x01CC, 0x01CC, 0x01CC, 0x01CC, 0x01CC, 0x01CC, 0x01CC, 0x01CC, 0x01CC, 0x01CC,
  0x01CC, 0x01CC, 0x01CC, 0x01CC, 0x01CC, 0x01CC, 0x01CC, 0x01CC, 0x01CC, 0x01CC, 0x01CC, 0x01CC,
  0x01CC, 0x01CC, 0x01CC, 0x01CC, 0x01CC, 0x01CC, 0x01CC, 0x01CC, 0x01CC, 0x01CC, 0x01CC, 0x01CC,
  0x01CC, 0x01CC, 0x01CC, 0x01CC, 0x01CC, 0x01CC, 0x01CC, 0x01CC, 0x01CC, 0x01CC, 0x01CC, 0x01CC,
  0x01CC, 0x01CC, 0x01CC, 0x01CC, 0x01CC, 0x01CC, 0x01CC, 0x01CC, 0x01CC, 0x01CC, 0x01CC, 0x01CC,
  0x01CC, 0x01CC, 0x01CC, 0x01CC, 0x01CC, 0x01CC, 0x01CC, 0x01CC, 0x01CC, 0x01CC, 0x01CC, 0x01CC,
  0x01CC, 0x01CC, 0x01CC, 0x01CC, 0x01CC, 0x01CC, 0x01CC, 0x01CC, 0x01CC, 0x01CC, 0x01CC, 0x01CC,
  0x01CC, 0x01CC, 0x01CC, 0x01CC, 0x01CC, 0x01CC, 0x01CC, 0x01CC, 0x01CC, 0x01CC, 0x01CC, 0x01CC,
  0x01CC, 0x01CC, 0x01CC, 0x01CC, 0x01CC, 0x01CC, 0x01CC, 0x01CC, 0x01CC, 0x01CC, 0x01CC, 0x01CC,
  0x01CC, 0x01CC, 0x01CC, 0x01CC, 0x01CC, 0x01CC, 0x01CC, 0x01CC, 0x01CC, 0x01CC, 0x01CC, 0x01CC,
  0x01CC, 0x01CC, 0x01CC, 0x01CC, 0x01CC, 0x01CC, 0x01CC, 0x01CC, 0x01CC, 0x01CC, 0x01CC, 0x01CC,
  0x01CC, 0x01CC, 0x01CC, 0x01CC, 0x01CC, 0x01CC, 0x01CC, 0x01CC, 0x01CC, 0x01CC, 0x01CC, 0x01CC,
  0x01CC, 0x01CC, 0x01CC, 0x01CC, 0x01CC, 0x01CC, 0x01CC, 0x01CC, 0x01CC, 0x01CC, 0x01CC, 0x01CC,
  0x01CC, 0x01CC, 0x01CC, 0x01CC, 0x01CC, 0x01CC, 0x01CC, 0x01CC, 0x01CC, 0x01CC, 0x01CC, 0x01CC,
  0x01CC, 0x01CC, 0x01CC, 0x01CC, 0x01CC, 0x01CC, 0x01CC, 0x01CC, 0x01CC, 0x01CC, 0x01CC, 0x01CC,
  0x01CC, 0x01CC, 0x01CC, 0x01CC, 0x01CC, 0x01CC, 0x01CC, 0x01CC, 0x01CC, 0x01CC, 0x01CC, 0x01CC,
  0x01CC, 0x01CC, 0x01CC, 0x01CC, 0x01CC, 0x01CC, 0x01CC, 0x01CC, 0x01CC, 0x01CC, 0x01CC, 0x01CC,
  0x01CC, 0x01CC, 0x01CC, 0x01CC, 0x01CC, 0x01CC, 0x01CC, 0x01CC, 0x01CC, 0x01CC, 0x01CC, 0x01CC,
  0x01CC, 0x01CC, 0x01CC, 0x01CC, 0x01CC, 0x01CC, 0x01CC, 0x01CC, 0x01CC, 0x01CC, 0x01CC, 0x01CC,
  0x01CC, 0x01CC, 0x01CC, 0x01CC, 0x01CC, 0x01CC, 0x01CC, 0x01CC, 0x01CC, 0x01CC, 0x01CC, 0x01CC,
  0x01CC, 0x01CC, 0x01CC, 0x01CC, 0x01CC, 0x01CC, 0x01CC, 0x01CC, 0x01CC, 0x01CC, 0x01CC, 0x01CC,
  0x01CC, 0x01CC, 0x01CC, 0x01CC, 0x01CC, 0x01CC, 0x01CC, 0x01CC, 0x01CC, 0x01CC, 0x01CC, 0x01CC,
  0x01CC, 0x01CC, 0x01CC, 0x01CC, 0x01CC, 0x01CC, 0x01CC, 0x01CC, 0x01CC, 0x01CC, 0x01CC, 0x01CC,
  0x01CC, 0x01CC, 0x01CC, 0x01CC, 0x01CC, 0x01CC, 0x01CC, 0x01CC, 0x01CC, 0x01CC, 0x01CC, 0x01CC,
  0x01CC, 0x01CC, 0x01CC, 0x01CC, 0x01CC, 0x01CC, 0x01CC, 0x01CC, 0x01CC, 0x01CC, 0x01CC, 0x01CC,
  0x01CC, 0x01CC, 0x01CC, 0x01CC, 0x01CC, 0x01CC, 0x01CC, 0x01CC, 0x01CC, 0x01CC, 0x01CC, 0x01CC,
  0x01CC, 0x01CC, 0x01CC, 0x01CC, 0x01CC, 0x01CC, 0x01CC, 0x01CC, 0x01CC, 0x01CC, 0x01CC, 0x01CC,
  0x01CC, 0x01CC, 0x01CC, 0x01CC, 0x01CC, 0x01CC, 0x01CC, 0x01CC, 0x01CC, 0x01CC, 0x01CC, 0x01CC,
  0x01CC, 0x01CC, 0x01CC, 0x01CC, 0x01CC, 0x01CC, 0x01CC, 0x01CC, 0x01CC, 0x01CC, 0x01CC, 0x01CC,
  0x01CC, 0x01CC, 0x01CC, 0x01CC, 0x01CC, 0x01CC, 0x01CC, 0x01CC, 0x01CC, 0x01CC, 0x01CC, 0x01CC,
  0x01CC, 0x01CC, 0x01CC, 0x01CC, 0x01CC, 0x01CC, 0x01CC, 0x01CC, 0x01CC, 0x01CC, 0x01CC, 0x01CC,
  0x01CC, 0x01CC, 0x01CC, 0x01CC, 0x01CC, 0x01CC, 0x01CC, 0x01CC, 0x01CC, 0x01CC, 0x01CC, 0x01CC,
  0x01CC, 0x01CC, 0x01CC, 0x01CC, 0x01CC, 0x01CC, 0x01CC, 0x01CC, 0x01CC, 0x01CC, 0x01CC, 0x01CC,
  0x01CC, 0x01CC, 0x01CC, 0x01CC, 0x01CC, 0x01CC, 0x01CC, 0x01CC, 0x01CC, 0x01CC, 0x01CC, 0x01CC,
  0x01CC, 0x01CC, 0x01CC, 0x01CC, 0x01CC, 0x01CC, 0x01CC, 0x01CC, 0x01CC, 0x01CC, 0x01CC, 0x01CC,
  0x01CC, 0x01CC, 0x01CC, 0x01CC, 0x01CC, 0x01CC, 0x01CC, 0x01CC, 0x01CC, 0x01CC, 0x01CC, 0x01CC,
  0x01CC, 0x01CC, 0x01CC, 0x01CC, 0x01CC, 0x01CC, 0x01CC, 0x01CC, 0x01CC, 0x01CC, 0x01CC, 0x01CC,
  0x01CC, 0x01CC, 0x01CC, 0x01CC, 0x01CC, 0x01CC, 0x01CC, 0x01CC, 0x01CC, 0x01CC, 0x01CC, 0x01CC,
  0x01CC, 0x01CC, 0x01CC, 0x01CC, 0x01CC, 0x01CC, 0x01CC, 0x01CC, 0x01CC, 0x01CC, 0x01CC, 0x01CC,
  0x01CC, 0x01CC, 0x01CC, 0x01CC, 0x01CC, 0x01CC, 0x01CC, 0x01CC, 0x01CC, 0x01CC, 0x01CC, 0x01CC,
  0x01CC, 0x01CC, 0x01CC, 0x01CC, 0x01CC, 0x01CC, 0x01CC, 0x01CC, 0x01CC, 0x01CC, 0x01CC, 0x01CC,
  0x01CC, 0x01CC, 0x01CC, 0x01CC, 0x01CC, 0x01CC, 0x01CC, 0x01CC, 0x01CC, 0x01CC, 0x01CC, 0x01CC,
  0x01CC, 0x01CC, 0x01CC, 0x01CC, 0x01CC, 0x01CC, 0x01CC, 0x01CC, 0x01CC, 0x01CC, 0x01CC, 0x01CC,
  0x01CC, 0x01CC, 0x01CC, 0x01CC, 0x01CC, 0x01CC, 0x01CC, 0x01CC, 0x01CC, 0x01CC, 0x01CC, 0x01CC,
  0x01CC, 0x01CC, 0x01CC, 0x01CC, 0x01CC, 0x01CC, 0x01CC, 0x01CC, 0x01CC, 0x01CC, 0x01CC, 0x01CC,
  0x01CC, 0x01CC, 0x01CC, 0x01CC, 0x01CC, 0x01CC, 0x01CC, 0x01CC, 0x01CC, 0x01CC, 0x01CC, 0x01CC,
  0x01CC, 0x01CC, 0x01CC, 0x01CC, 0x01CC, 0x01CC, 0x01CC, 0x01CC, 0x01CC, 0x01CC, 0x01CC, 0x01CC,
  0x01CC, 0x01CC, 0x01CC, 0x01CC, 0x01CC, 0x01CC, 0x01CC, 0x01CC, 0x01CC, 0x01CC, 0x01CC, 0x01CC,
  0x01CC, 0x01CC, 0x01CC, 0x01CC, 0x01CC, 0x01CC, 0x01CC, 0x01CC, 0x01CC, 0x01CC, 0x01CC, 0x01CC,
  0x01CC, 0x01CC, 0x01CC, 0x01CC, 0x01CC, 0x01CC, 0x01CC, 0x01CC, 0x01CC, 0x01CC, 0x01CC, 0x01CC,
  0x01CC, 0x01CC, 0x01CC, 0x01CC, 0x01CC, 0x01CC, 0x01CC, 0x01CC, 0x01CC, 0x01CC, 0x01CC, 0x01CC,
  0x01CC, 0x01CC, 0x01CC, 0x01CC, 0x01CC, 0x01CC, 0x01CC, 0x01CC, 0x01CC, 0x01CC, 0x01CC, 0x01CC,
  0x01CC, 0x01CC, 0x01CC, 0x01CC, 0x01CC, 0x01CC, 0x01CC, 0x01CC, 0x01CC, 0x01CC, 0x01CC, 0x01CC,
  0x01CC, 0x01CC, 0x01CC, 0x01CC, 0x01CC, 0x01CC, 0x01CC, 0x01CC, 0x01CC, 0x01CC, 0x01CC, 0x01CC,
  0x01CC, 0x01CC, 0x01CC, 0x01CC, 0x01CC, 0x01CC, 0x01CC, 0x01CC, 0x01CC, 0x01CC, 0x01CC, 0x01CC,
  0x01CC, 0x01CC, 0x01CC, 0x01CC, 0x01CC, 0x01CC, 0x01CC, 0x01CC, 0x01CC, 0x01CC, 0x01CC, 0x01CC,
  0x01CC, 0x01CC, 0x01CC, 0x01CC, 0x01CC, 0x01CC, 0x01CC, 0x01CC, 0x01CC, 0x01CC, 0x01CC, 0x01CC,
  0x01CC, 0x01CC, 0x01CC, 0x01CC, 0x01CC, 0x01CC, 0x01CC, 0x01CC, 0x01CC, 0x01CC, 0x01CC, 0x01CC,
  0x01CC, 0x01CC, 0x01CC, 0x01CC, 0x01CC, 0x01CC, 0x01CC, 0x01CC, 0x01CC, 0x01CC, 0x01CC, 0x01CC,
  0x01CC, 0x01CC, 0x01CC, 0x01CC, 0x01CC, 0x01CC, 0x01CC, 0x01CC, 0x01CC, 0x01CC, 0x01CC, 0x01CC,
  0x01CC, 0x01CC, 0x01CC, 0x01CC, 0x01CC, 0x01CC, 0x01CC, 0x01CC, 0x01CC, 0x01CC, 0x01CC, 0x01CC,
  0x01CC, 0x01CC, 0x01CC, 0x01CC, 0x01CC, 0x01CC, 0x01CC, 0x01CC, 0x01CC, 0x01CC, 0x01CC, 0x01CC,
  0x01CC, 0x01CC, 0x01CC, 0x01CC, 0x01CC, 0x01CC, 0x01CC, 0x01CC, 0x01CC, 0x01CC, 0x01CC, 0x01CC,
  0x01CC, 0x01CC, 0x01CC, 0x01CC, 0x01CC, 0x01CC, 0x01CC, 0x01CC, 0x01CC, 0x01CC, 0x01CC, 0x01CC,
  0x01CC, 0x01CC, 0x01CC, 0x01CC, 0x01CC, 0x01CC, 0x01CC, 0x01CC, 0x01CC, 0x01CC, 0x01CC, 0x01CC,
  0x01CC, 0x01CC, 0x01CC, 0x01CC, 0x01CC, 0x01CC, 0x01CC, 0x01CC, 0x01CC, 0x01CC, 0x01CC, 0x01CC,
  0x01CC, 0x01CC, 0x01CC, 0x01CC, 0x01CC, 0x01CC, 0x01CC, 0x01CC, 0x01CC, 0x01CC, 0x01CC, 0x01CC,
  0x01CC, 0x01CC, 0x01CC, 0x01CC, 0x01CC, 0x01CC, 0x01CC, 0x01CC, 0x01CC, 0x01CC, 0x01CC, 0x01CC,
  0x01CC, 0x01CC, 0x01CC, 0x01CC, 0x01CC, 0x01CC, 0x01CC, 0x01CC, 0x01CC, 0x01CC, 0x01CC, 0x01CC,
  0x01CC, 0x01CC, 0x01CC, 0x01CC, 0x01CC, 0x01CC, 0x01CC, 0x01CC, 0x01CC, 0x01CC, 0x01CC, 0x01CC,
  0x01CC, 0x01CC, 0x01CC, 0x01CC, 0x01CC, 0x01CC, 0x01CC, 0x01CC, 0x01CC, 0x01CC, 0x01CC, 0x01CC,
  0x01CC, 0x01CC, 0x01CC, 0x01CC, 0x01CC, 0x01CC, 0x01CC, 0x01CC, 0x01CC, 0x01CC, 0x01CC, 0x01CC,
  0x01CC, 0x01CC, 0x01CC, 0x01CC, 0x01CC, 0x01CC, 0x01CC, 0x01CC, 0x01CC, 0x01CC, 0x01CC, 0x01CC,
  0x01CC, 0x01CC, 0x01CC, 0x01CC, 0x01CC, 0x01CC, 0x01CC, 0x01CC, 0x01CC, 0x01CC, 0x01CC, 0x01CC,
  0x01CC, 0x01CC, 0x01CC, 0x01CC, 0x01CC, 0x01CC, 0x01CC, 0x01CC, 0x01CC, 0x01CC, 0x01CC, 0x01CC,
  0x01CC, 0x01CC, 0x01CC, 0x01CC, 0x01CC, 0x01CC, 0x01CC, 0x01CC, 0x01CC, 0x01CC, 0x01CC, 0x01CC,
  0x01CC, 0x01CC, 0x01CC, 0x01CC, 0x01CC, 0x01CC, 0x01CC, 0x01CC, 0x01CC, 0x01CC, 0x01CC, 0x01CC,
  0x01CC, 0x01CC, 0x01CC, 0x01CC, 0x01CC, 0x01CC, 0x01CC, 0x01CC, 0x01CC, 0x01CC, 0x01CC, 0x01CC,
  0x01CC, 0x01CC, 0x01CC, 0x01CC, 0x01CC, 0x01CC, 0x01CC, 0x01CC, 0x01CC, 0x01CC, 0x01CC, 0x01CC,
  0x01CC, 0x01CC, 0x01CC, 0x01CC, 0x01CC, 0x01CC, 0x01CC, 0x01CC, 0x01CC, 0x01CC, 0x01CC, 0x01CC,
  0x01CC, 0x01CC, 0x01CC, 0x01CC, 0x01CC, 0x01CC, 0x01CC, 0x01CC, 0x01CC, 0x01CC, 0x01CC, 0x01CC,
  0x01CC, 0x01CC, 0x01CC, 0x01CC, 0x01CC, 0x01CC, 0x01CC, 0x01CC, 0x01CC, 0x01CC, 0x01CC, 0x01CC,
  0x01CC, 0x01CC, 0x01CC, 0x01CC, 0x01CC, 0x01CC, 0x01CC, 0x01CC, 0x01CC, 0x01CC, 0x01CC, 0x01CC,
  0x01CC, 0x01CC, 0x01CC, 0x01CC, 0x01CC, 0x01CC, 0x01CC, 0x01CC, 0x01CC, 0x01CC, 0x01CC, 0x01CC,
  0x01CC, 0x01CC, 0x01CC, 0x01CC, 0x01CC, 0x01CC, 0x01CC, 0x01CC, 0x01CC, 0x01CC, 0x01CC, 0x01CC,
  0x01CC, 0x01CC, 0x01CC, 0x01CC, 0x01CC, 0x01CC, 0x01CC, 0x01CC, 0x01CC, 0x01CC, 0x01CC, 0x01CC,
  0x01CC, 0x01CC, 0x01CC, 0x01CC, 0x01CC, 0x01CC, 0x01CC, 0x01CC, 0x01CC, 0x01CC, 0x01CC, 0x01CC,
  0x01CC, 0x01CC, 0x01CC, 0x01CC, 0x01CC, 0x01CC, 0x01CC, 0x01CC, 0x01CC, 0x01CC, 0x01CC, 0x01CC,
  0x01CC, 0x01CC, 0x01CC, 0x01CC, 0x01CC, 0x01CC, 0x01CC, 0x01CC, 0x01CC, 0x01CC, 0x01CC, 0x01CC,
  0x01CC, 0x01CC, 0x01CC, 0x01CC, 0x01CC, 0x01CC, 0x01CC, 0x01CC, 0x01CC, 0x01CC, 0x01CC, 0x01CC,
  0x01CC, 0x01CC, 0x01CC, 0x01CC, 0x01CC, 0x01CC, 0x01CC, 0x01CC, 0x01CC, 0x01CC, 0x01CC, 0x01CC,
  0x01CC, 0x01CC, 0x01CC, 0x01CC, 0x01CC, 0x01CC, 0x01CC, 0x01CC, 0x01CC, 0x01CC, 0x01CC, 0x01CC,
  0x01CC, 0x01CC, 0x01CC, 0x01CC, 0x01CC, 0x01CC, 0x01CC, 0x01CC, 0x01CC, 0x01CC, 0x01CC, 0x01CC,
  0x01CC, 0x01CC, 0x01CC, 0x01CC, 0x01CC, 0x01CC, 0x01CC, 0x01CC, 0x01CC, 0x01CC, 0x01CC, 0x01CC,
  0x01CC, 0x01CC, 0x01CC, 0x01CC, 0x01CC, 0x01CC, 0x01CC, 0x01CC, 0x01CC, 0x01CC, 0x01CC, 0x01CC,
  0x01CC, 0x01CC, 0x01CC, 0x01CC, 0x01CC, 0x01CC, 0x01CC, 0x01CC, 0x01CC, 0x01CC, 0x01CC, 0x01CC,
  0x01CC, 0x01CC, 0x01CC, 0x01CC, 0x01CC, 0x01CC, 0x01CC, 0x01CC, 0x01CC, 0x01CC, 0x01CC, 0x01CC,
  0x01CC, 0x01CC, 0x01CC, 0x01CC, 0x01CC, 0x01CC, 0x01CC, 0x01CC, 0x01CC, 0x01CC, 0x01CC, 0x01CC,
  0x01CC, 0x01CC, 0x01CC, 0x01CC, 0x01CC, 0x01CC, 0x01CC, 0x01CC, 0x01CC, 0x01CC, 0x01CC, 0x01CC,
  0x01CC, 0x01CC, 0x01CC, 0x01CC, 0x01CC, 0x01CC, 0x01CC, 0x01CC, 0x01CC, 0x01CC, 0x01CC, 0x01CC,
  0x01CC, 0x01CC, 0x01CC, 0x01CC, 0x01CC, 0x01CC, 0x01CC, 0x01CC, 0x01CC, 0x01CC, 0x01CC, 0x01CC,
  0x01CC, 0x01CC, 0x01CC, 0x01CC, 0x01CC, 0x01CC, 0x01CC, 0x01CC, 0x01CC, 0x01CC, 0x01CC, 0x01CC,
  0x01CC, 0x01CC, 0x01CC, 0x01CC, 0x01CC, 0x01CC, 0x01CC, 0x01CC, 0x01CC, 0x01CC, 0x01CC, 0x01CC,
  0x01CC, 0x01CC, 0x01CC, 0x01CC, 0x01CC, 0x01CC, 0x01CC, 0x01CC, 0x01CC, 0x01CC, 0x01CC, 0x01CC,
  0x01CC, 0x01CC, 0x01CC, 0x01CC, 0x01CC, 0x01CC, 0x01CC, 0x01CC, 0x01CC, 0x01CC, 0x01CC, 0x01CC,
  0x01CC, 0x01CC, 0x01CC, 0x01CC, 0x01CC, 0x01CC, 0x01CC, 0x01CC, 0x01CC, 0x01CC, 0x01CC, 0x01CC,
  0x01CC, 0x01CC, 0x01CC, 0x01CC, 0x01CC, 0x01CC, 0x01CC, 0x01CC, 0x01CC, 0x01CC, 0x01CC, 0x01CC,
  0x01CC, 0x01CC, 0x01CC, 0x01CC, 0x01CC, 0x01CC, 0x01CC, 0x01CC, 0x01CC, 0x01CC, 0x01CC, 0x01CC,
  0x01CC, 0x01CC, 0x01CC, 0x01CC, 0x01CC, 0x01CC, 0x01CC, 0x01CC, 0x01CC, 0x01CC, 0x01CC, 0x01CC,
  0x01CC, 0x01CC, 0x01CC, 0x01CC, 0x01CC, 0x01CC, 0x01CC, 0x01CC, 0x01CC, 0x01CC, 0x01CC, 0x01CC,
  0x01CC, 0x01CC, 0x01CC, 0x01CC, 0x01CC, 0x01CC, 0x01CC, 0x01CC, 0x01CC, 0x01CC, 0x01CC, 0x01CC,
  0x01CC, 0x01CC, 0x01CC, 0x01CC, 0x01CC, 0x01CC, 0x01CC, 0x01CC, 0x01CC, 0x01CC, 0x01CC, 0x01CC,
  0x01CC, 0x01CC, 0x01CC, 0x01CC, 0x01CC, 0x01CC, 0x01CC, 0x01CC, 0x01CC, 0x01CC, 0x01CC, 0x01CC,
  0x01CC, 0x01CC, 0x01CC, 0x01CC, 0x01CC, 0x01CC, 0x01CC, 0x01CC, 0x01CC, 0x01CC, 0x01CC, 0x01CC,
  0x01CC, 0x01CC, 0x01CC, 0x01CC, 0x01CC, 0x01CC, 0x01CC, 0x01CC, 0x01CC, 0x01CC, 0x01CC, 0x01CC,
  0x01CC, 0x01CC, 0x01CC, 0x01CC, 0x01CC, 0x01CC, 0x01CC, 0x01CC, 0x01CC, 0x01CC, 0x01CC, 0x01CC,
  0x01CC, 0x01CC, 0x01CC, 0x01CC, 0x01CC, 0x01CC, 0x01CC, 0x01CC, 0x01CC, 0x01CC, 0x01CC, 0x01CC,
  0x01CC, 0x01CC, 0x01CC, 0x01CC, 0x01CC, 0x01CC, 0x01CC, 0x01CC, 0x01CC, 0x01CC, 0x01CC, 0x01CC,
  0x01CC, 0x01CC, 0x01CC, 0x01CC, 0x01CC, 0x01CC, 0x01CC, 0x01CC, 0x01CC, 0x01CC, 0x01CC, 0x01CC,
  0x01CC, 0x01CC, 0x01CC, 0x01CC, 0x01CC, 0x01CC, 0x01CC, 0x01CC, 0x01CC, 0x01CC, 0x01CC, 0x01CC,
  0x01CC, 0x01CC, 0x01CC, 0x01CC, 0x01CC, 0x01CC, 0x01CC, 0x01CC, 0x01CC, 0x01CC, 0x01CC, 0x01CC,
  0x01CC, 0x01CC, 0x01CC, 0x01CC, 0x01CC, 0x01CC, 0x01CC, 0x01CC, 0x01CC, 0x01CC, 0x01CC, 0x01CC,
  0x01CC, 0x01CC, 0x01CC, 0x01CC, 0x01CC, 0x01CC, 0x01CC, 0x01CC, 0x01CC, 0x01CC, 0x01CC, 0x01CC,
  0x01CC, 0x01CC, 0x01CC, 0x01CC, 0x01CC, 0x01CC, 0x01CC, 0x01CC, 0x01CC, 0x01CC, 0x01CC, 0x01CC,
  0x01CC, 0x01CC, 0x01CC, 0x01CC, 0x01CC, 0x01CC, 0x01CC, 0x01CC, 0x01CC, 0x01CC, 0x01CC, 0x01CC,
  0x01CC, 0x01CC, 0x01CC, 0x01CC, 0x01CC, 0x01CC, 0x01CC, 0x01CC, 0x01CC, 0x01CC, 0x01CC, 0x01CC,
  0x01CC, 0x01CC, 0x01CC, 0x01CC, 0x01CC, 0x01CC, 0x01CC, 0x01CC, 0x01CC, 0x01CC, 0x01CC, 0x01CC,
  0x01CC, 0x01CC, 0x01CC, 0x01CC, 0x01CC, 0x01CC, 0x01CC, 0x01CC, 0x01CC, 0x01CC, 0x01CC, 0x01CC,
  0x01CC, 0x01CC, 0x01CC, 0x01CC, 0x01CC, 0x01CC, 0x01CC, 0x01CC, 0x01CC, 0x01CC, 0x01CC, 0x01CC,
  0x01CC, 0x01CC, 0x01CC, 0x01CC, 0x01CC, 0x01CC, 0x01CC, 0x01CC, 0x01CC, 0x01CC, 0x01CC, 0x01CC,
  0x01CC, 0x01CC, 0x01CC, 0x01CC, 0x01CC, 0x01CC, 0x01CC, 0x01CC, 0x01CC, 0x01CC, 0x01CC, 0x01CC,
  0x01CC, 0x01CC, 0x01CC, 0x01CC, 0x01CC, 0x01CC, 0x01CC, 0x01CC, 0x01CC, 0x01CC, 0x01CC, 0x01CC,
  0x01CC, 0x01CC, 0x01CC, 0x01CC, 0x01CC, 0x01CC, 0x01CC, 0x01CC, 0x01CC, 0x01CC, 0x01CC, 0x01CC,
  0x01CC, 0x01CC, 0x01CC, 0x01CC, 0x01CC, 0x01CC, 0x01CC, 0x01CC, 0x01CC, 0x01CC, 0x01CC, 0x01CC,
  0x01CC, 0x01CC, 0x01CC, 0x01CC, 0x01CC, 0x01CC, 0x01CC, 0x01CC, 0x01CC, 0x01CC, 0x01CC, 0x01CC,
  0x01CC, 0x01CC, 0x01CC, 0x01CC, 0x01CC, 0x01CC, 0x01CC, 0x01CC, 0x01CC, 0x01CC, 0x01CC, 0x01CC,
  0x01CC, 0x01CC, 0x01CC, 0x01CC, 0x01CC, 0x01CC, 0x01CC, 0x01CC, 0x01CC, 0x01CC, 0x01CC, 0x01CC,
  0x01CC, 0x01CC, 0x01CC, 0x01CC, 0x01CC, 0x01CC, 0x01CC, 0x01CC, 0x01CC, 0x01CC, 0x01CC, 0x01CC,
  0x01CC, 0x01CC, 0x01CC, 0x01CC, 0x01CC, 0x01CC, 0x01CC, 0x01CC, 0x01CC, 0x01CC, 0x01CC, 0x01CC,
  0x01CC, 0x01CC, 0x01CC, 0x01CC, 0x01CC, 0x01CC, 0x01CC, 0x01CC, 0x01CC, 0x01CC, 0x01CC, 0x01CC,
  0x01CC, 0x01CC, 0x01CC, 0x01CC, 0x01CC, 0x01CC, 0x01CC, 0x01CC, 0x01CC, 0x01CC, 0x01CC, 0x01CC,
  0x01CC, 0x01CC, 0x01CC, 0x01CC, 0x01CC, 0x01CC, 0x01CC, 0x01CC, 0x01CC, 0x01CC, 0x01CC, 0x01CC,
  0x01CC, 0x01CC, 0x01CC, 0x01CC, 0x01CC, 0x01CC, 0x01CC, 0x01CC, 0x01CC, 0x01CC, 0x01CC, 0x01CC,
  0x01CC, 0x01CC, 0x01CC, 0x01CC, 0x01CC, 0x01CC, 0x01CC, 0x01CC, 0x01CC, 0x01CC, 0x01CC, 0x01CC,
  0x01CC, 0x01CC, 0x01CC, 0x01CC, 0x01CC, 0x01CC, 0x01CC, 0x01CC, 0x01CC, 0x01CC, 0x01CC, 0x01CC,
  0x01CC, 0x01CC, 0x01CC, 0x01CC, 0x01CC, 0x01CC, 0x01CC, 0x01CC, 0x01CC, 0x01CC, 0x01CC, 0x01CC,
  0x01CC, 0x01CC, 0x01CC, 0x01CC, 0x01CC, 0x01CC, 0x01CC, 0x01CC, 0x01CC, 0x01CC, 0x01CC, 0x01CC,
  0x01CC, 0x01CC, 0x01CC, 0x01CC, 0x01CC, 0x01CC, 0x01CC, 0x01CC, 0x01CC, 0x01CC, 0x01CC, 0x01CC,
  0x01CC, 0x01CC, 0x01CC, 0x01CC, 0x01CC, 0x01CC, 0x01CC, 0x01CC, 0x01CC, 0x01CC, 0x01CC, 0x01CC,
  0x01CC, 0x01CC, 0x01CC, 0x01CC, 0x01CC, 0x01CC, 0x01CC, 0x01CC, 0x01CC, 0x01CC, 0x01CC, 0x01CC,
  0x01CC, 0x01CC, 0x01CC, 0x01CC, 0x01CC, 0x01CC, 0x01CC, 0x01CC, 0x01CC, 0x01CC, 0x01CC, 0x01CC,
  0x01CC, 0x01CC, 0x01CC, 0x01CC, 0x01CC, 0x01CC, 0x01CC, 0x01CC, 0x01CC, 0x01CC, 0x01CC, 0x01CC,
  0x01CC, 0x01CC, 0x01CC, 0x01CC, 0x01CC, 0x01CC, 0x01CC, 0x01CC, 0x01CC, 0x01CC, 0x01CC, 0x01CC,
  0x01CC, 0x01CC, 0x01CC, 0x01CC, 0x01CC, 0x01CC, 0x01CC, 0x01CC, 0x01CC, 0x01CC, 0x01CC, 0x01CC,
  0x01CC, 0x01CC, 0x01CC, 0x01CC, 0x01CC, 0x01CC, 0x01CC, 0x01CC, 0x01CC, 0x01CC, 0x01CC, 0x01CC,
  0x01CC, 0x01CC, 0x01CC, 0x01CC, 0x01CC, 0x01CC, 0x01CC, 0x01CC, 0x01CC, 0x01CC, 0x01CC, 0x01CC,
  0x01CC, 0x01CC, 0x01CC, 0x01CC, 0x01CC, 0x01CC, 0x01CC, 0x01CC, 0x01CC, 0x01CC, 0x01CC, 0x01CC,
  0x01CC, 0x01CC, 0x01CC, 0x01CC, 0x01CC, 0x01CC, 0x01CC, 0x01CC, 0x01CC, 0x01CC, 0x01CC, 0x01CC,
  0x01CC, 0x01CC, 0x01CC, 0x01CC, 0x01CC, 0x01CC, 0x01CC, 0x01CC, 0x01CC, 0x01CC, 0x01CC, 0x01CC,
  0x01CC, 0x01CC, 0x01CC, 0x01CC, 0x01CC, 0x01CC, 0x01CC, 0x01CC, 0x01CC, 0x01CC, 0x01CC, 0x01CC,
  0x01CC, 0x01CC, 0x01CC, 0x01CC, 0x01CC, 0x01CC, 0x01CC, 0x01CC, 0x01CC, 0x01CC, 0x01CC, 0x01CC,
  0x01CC, 0x01CC, 0x01CC, 0x01CC, 0x01CC, 0x01CC, 0x01CC, 0x01CC, 0x01CC, 0x01CC, 0x01CC, 0x01CC,
  0x01CC, 0x01CC, 0x01CC, 0x01CC, 0x01CC, 0x01CC, 0x01CC, 0x01CC, 0x01CC, 0x01CC, 0x01CC, 0x01CC,
  0x01CC, 0x01CC, 0x01CC, 0x01CC, 0x01CC, 0x01CC, 0x01CC, 0x01CC, 0x01CC, 0x01CC, 0x01CC, 0x01CC,
  0x01CC, 0x01CC, 0x01CC, 0x01CC, 0x01CC, 0x01CC, 0x01CC, 0x01CC, 0x01CC, 0x01CC, 0x01CC, 0x01CC,
  0x01CC, 0x01CC, 0x01CC, 0x01CC, 0x01CC, 0x01CC, 0x01CC, 0x01CC, 0x01CC, 0x01CC, 0x01CC, 0x01CC,
  0x01CC, 0x01CC, 0x01CC, 0x01CC, 0x01CC, 0x01CC, 0x01CC, 0x01CC, 0x01CC, 0x01CC, 0x01CC, 0x01CC,
  0x01CC, 0x01CC, 0x01CC, 0x01CC, 0x01CC, 0x01CC, 0x01CC, 0x01CC, 0x01CC, 0x01CC, 0x01CC, 0x01CC,
  0x01CC, 0x01CC, 0x01CC, 0x01CC, 0x01CC, 0x01CC, 0x01CC, 0x01CC, 0x01CC, 0x01CC, 0x01CC, 0x01CC,
  0x01CC, 0x01CC, 0x01CC, 0x01CC, 0x01CC, 0x01CC, 0x01CC, 0x01CC, 0x01CC, 0x01CC, 0x01CC, 0x01CC,
  0x01CC, 0x01CC, 0x01CC, 0x01CC, 0x01CC, 0x01CC, 0x01CC, 0x01CC, 0x01CC, 0x01CC, 0x01CC, 0x01CC,
  0x01CC, 0x01CC, 0x01CC, 0x01CC, 0x01CC, 0x01CC, 0x01CC, 0x01CC, 0x01CC, 0x01CC, 0x01CC, 0x01CC,
  0x01CC, 0x01CC, 0x01CC, 0x01CC, 0x01CC, 0x01CC, 0x01CC, 0x01CC, 0x01CC, 0x01CC, 0x01CC, 0x01CC,
  0x01CC, 0x01CC, 0x01CC, 0x01CC, 0x01CC, 0x01CC, 0x01CC, 0x01CC, 0x01CC, 0x01CC, 0x01CC, 0x01CC,
  0x01CC, 0x01CC, 0x01CC, 0x01CC, 0x01CC, 0x01CC, 0x01CC, 0x01CC, 0x01CC, 0x01CC, 0x01CC, 0x01CC,
  0x01CC, 0x01CC, 0x01CC, 0x01CC, 0x01CC, 0x01CC, 0x01CC, 0x01CC, 0x01CC, 0x01CC, 0x01CC, 0x01CC,
  0x01CC, 0x01CC, 0x01CC, 0x01CC, 0x01CC, 0x01CC, 0x01CC, 0x01CC, 0x01CC, 0x01CC, 0x01CC, 0x01CC,
  0x01CC, 0x01CC, 0x01CC, 0x01CC, 0x01CC, 0x01CC, 0x01CC, 0x01CC, 0x01CC, 0x01CC, 0x01CC, 0x01CC,
  0x01CC, 0x01CC, 0x01CC, 0x01CC, 0x01CC, 0x01CC, 0x01CC, 0x01CC, 0x01CC, 0x01CC, 0x01CC, 0x01CC,
  0x01CC, 0x01CC, 0x01CC, 0x01CC, 0x01CC, 0x01CC, 0x01CC, 0x01CC, 0x01CC, 0x01CC, 0x01CC, 0x01CC,
  0x01CC, 0x01CC, 0x01CC, 0x01CC, 0x01CC, 0x01CC, 0x01CC, 0x01CC, 0x01CC, 0x01CC, 0x01CC, 0x01CC,
  0x01CC, 0x01CC, 0x01CC, 0x01CC, 0x01CC, 0x01CC, 0x01CC, 0x01CC, 0x01CC, 0x01CC, 0x01CC, 0x01CC,
  0x01CC, 0x01CC, 0x01CC, 0x01CC, 0x01CC, 0x01CC, 0x01CC, 0x01CC, 0x01CC, 0x01CC, 0x01CC, 0x01CC,
  0x01CC, 0x01CC, 0x01CC, 0x01CC, 0x01CC, 0x01CC, 0x01CC, 0x01CC, 0x01CC, 0x01CC, 0x01CC, 0x01CC,
  0x01CC, 0x01CC, 0x01CC, 0x01CC, 0x01CC, 0x01CC, 0x01CC, 0x01CC, 0x01CC, 0x01CC, 0x01CC, 0x01CC,
  0x01CC, 0x01CC, 0x01CC, 0x01CC, 0x01CC, 0x01CC, 0x01CC, 0x01CC, 0x01CC, 0x01CC, 0x01CC, 0x01CC,
  0x01CC, 0x01CC, 0x01CC, 0x01CC, 0x01CC, 0x01CC, 0x01CC, 0x01CC, 0x01CC, 0x01CC, 0x01CC, 0x01CC,
  0x01CC, 0x01CC, 0x01CC, 0x01CC, 0x01CC, 0x01CC, 0x01CC, 0x01CC, 0x01CC, 0x01CC, 0x01CC, 0x01CC,
  0x01CC, 0x01CC, 0x01CC, 0x01CC, 0x01CC, 0x01CC, 0x01CC, 0x01CC, 0x01CC, 0x01CC, 0x01CC, 0x01CC,
  0x01CC, 0x01CC, 0x01CC, 0x01CC, 0x01CC, 0x01CC, 0x01CC, 0x01CC, 0x01CC, 0x01CC, 0x01CC, 0x01CC,
  0x01CC, 0x01CC, 0x01CC, 0x01CC, 0x01CC, 0x01CC, 0x01CC, 0x01CC, 0x01CC, 0x01CC, 0x01CC, 0x01CC,
  0x01CC, 0x01CC, 0x01CC, 0x01CC, 0x01CC, 0x01CC, 0x01CC, 0x01CC, 0x01CC, 0x01CC, 0x01CC, 0x01CC,
  0x01CC, 0x01CC, 0x01CC, 0x01CC, 0x01CC, 0x01CC, 0x01CC, 0x01CC, 0x01CC, 0x01CC, 0x01CC, 0x01CC,
  0x01CC, 0x01CC, 0x01CC, 0x01CC, 0x01CC, 0x01CC, 0x01CC, 0x01CC, 0x01CC, 0x01CC, 0x01CC, 0x01CC,
  0x01CC, 0x01CC, 0x01CC, 0x01CC, 0x01CC, 0x01CC, 0x01CC, 0x01CC, 0x01CC, 0x01CC, 0x01CC, 0x01CC,
  0x01CC, 0x01CC, 0x01CC, 0x01CC, 0x01CC, 0x01CC, 0x01CC, 0x01CC, 0x01CC, 0x01CC, 0x01CC, 0x01CC,
  0x01CC, 0x01CC, 0x01CC, 0x01CC, 0x01CC, 0x01CC, 0x01CC, 0x01CC, 0x01CC, 0x01CC, 0x01CC, 0x01CC,
  0x01CC, 0x01CC, 0x01CC, 0x01CC, 0x01CC, 0x01CC, 0x01CC, 0x01CC, 0x01CC, 0x01CC, 0x01CC, 0x01CC,
  0x01CC, 0x01CC, 0x01CC, 0x01CC, 0x01CC, 0x01CC, 0x01CC, 0x01CC, 0x01CC, 0x01CC, 0x01CC, 0x01CC,
  0x01CC, 0x01CC, 0x01CC, 0x01CC, 0x01CC, 0x01CC, 0x01CC, 0x01CC, 0x01CC, 0x01CC, 0x01CC, 0x01CC,
  0x01CC, 0x01CC, 0x01CC, 0x01CC, 0x01CC, 0x01CC, 0x01CC, 0x01CC, 0x01CC, 0x01CC, 0x01CC, 0x01CC,
  0x01CC, 0x01CC, 0x01CC, 0x01CC, 0x01CC, 0x01CC, 0x01CC, 0x01CC, 0x01CC, 0x01CC, 0x01CC, 0x01CC,
  0x01CC, 0x01CC, 0x01CC, 0x01CC, 0x01CC, 0x01CC, 0x01CC, 0x01CC, 0x01CC, 0x01CC, 0x01CC, 0x01CC,
  0x01CC, 0x01CC, 0x01CC, 0x01CC, 0x01CC, 0x01CC, 0x01CC, 0x01CC, 0x01CC, 0x01CC, 0x01CC, 0x01CC,
  0x01CC, 0x01CC, 0x01CC, 0x01CC, 0x01CC, 0x01CC, 0x01CC, 0x01CC, 0x01CC, 0x01CC, 0x01CC, 0x01CC,
  0x01CC, 0x01CC, 0x01CC, 0x01CC, 0x01CC, 0x01CC, 0x01CC, 0x01CC, 0x01CC, 0x01CC, 0x01CC, 0x01CC,
  0x01CC, 0x01CC, 0x01CC, 0x01CC, 0x01CC, 0x01CC, 0x01CC, 0x01CC, 0x01CC, 0x01CC, 0x01CC, 0x01CC,
  0x01CC, 0x01CC, 0x01CC, 0x01CC, 0x01CC, 0x01CC, 0x01CC, 0x01CC, 0x01CC, 0x01CC, 0x01CC, 0x01CC,
  0x01CC, 0x01CC, 0x01CC, 0x01CC, 0x01CC, 0x01CC, 0x01CC, 0x01CC, 0x01CC, 0x01CC, 0x01CC, 0x01CC,
  0x01CC, 0x01CC, 0x01CC, 0x01CC, 0x01CC, 0x01CC, 0x01CC, 0x01CC, 0x01CC, 0x01CC, 0x01CC, 0x01CC,
  0x01CC, 0x01CC, 0x01CC, 0x01CC, 0x01CC, 0x01CC, 0x01CC, 0x01CC, 0x01CC, 0x01CC, 0x01CC, 0x01CC,
  0x01CC, 0x01CC, 0x01CC, 0x01CC, 0x01CC, 0x01CC, 0x01CC, 0x01CC, 0x01CC, 0x01CC, 0x01CC, 0x01CC,
  0x01CC, 0x01CC, 0x01CC, 0x01CC, 0x01CC, 0x01CC, 0x01CC, 0x01CC, 0x01CC, 0x01CC, 0x01CC, 0x01CC,
  0x01CC, 0x01CC, 0x01CC, 0x01CC, 0x01CC, 0x01CC, 0x01CC, 0x01CC, 0x01CC, 0x01CC, 0x01CC, 0x01CC,
  0x01CC, 0x01CC, 0x01CC, 0x01CC, 0x01CC, 0x01CC, 0x01CC, 0x01CC, 0x01CC, 0x01CC, 0x01CC, 0x01CC,
  0x01CC, 0x01CC, 0x01CC, 0x01CC, 0x01CC, 0x01CC, 0x01CC, 0x01CC, 0x01CC, 0x01CC, 0x01CC, 0x01CC,
  0x01CC, 0x01CC, 0x01CC, 0x01CC, 0x01CC, 0x01CC, 0x01CC, 0x01CC, 0x01CC, 0x01CC, 0x01CC, 0x01CC,
  0x01CC, 0x01CC, 0x01CC, 0x01CC, 0x01CC, 0x01CC, 0x01CC, 0x01CC, 0x01CC, 0x01CC, 0x01CC, 0x01CC,
  0x01CC, 0x01CC, 0x01CC, 0x01CC, 0x01CC, 0x01CC, 0x01CC, 0x01CC, 0x01CC, 0x01CC, 0x01CC, 0x01CC,
  0x01CC, 0x01CC, 0x01CC, 0x01CC, 0x01CC, 0x01CC, 0x01CC, 0x01CC, 0x01CC, 0x01CC, 0x01CC, 0x01CC,
  0x01CC, 0x01CC, 0x01CC, 0x01CC, 0x01CC, 0x01CC, 0x01CC, 0x01CC, 0x01CC, 0x01CC, 0x01CC, 0x01CC,
  0x01CC, 0x01CC, 0x01CC, 0x01CC, 0x01CC, 0x01CC, 0x01CC, 0x01CC, 0x01CC, 0x01CC, 0x01CC, 0x01CC,
  0x01CC, 0x01CC, 0x01CC, 0x01CC, 0x01CC, 0x01CC, 0x01CC, 0x01CC, 0x01CC, 0x01CC, 0x01CC, 0x01CC,
  0x01CC, 0x01CC, 0x01CC, 0x01CC, 0x01CC, 0x01CC, 0x01CC, 0x01CC, 0x01CC, 0x01CC, 0x01CC, 0x01CC,
  0x01CC, 0x01CC, 0x01CC, 0x01CC, 0x01CC, 0x01CC, 0x01CC, 0x01CC, 0x01CC, 0x01CC, 0x01CC, 0x01CC,
  0x01CC, 0x01CC, 0x01CC, 0x01CC, 0x01CC, 0x01CC, 0x01CC, 0x01CC, 0x01CC, 0x01CC, 0x01CC, 0x01CC,
  0x01CC, 0x01CC, 0x01CC, 0x01CC, 0x01CC, 0x01CC, 0x01CC, 0x01CC, 0x01CC, 0x01CC, 0x01CC, 0x01CC,
  0x01CC, 0x01CC, 0x01CC, 0x01CC, 0x01CC, 0x01CC, 0x01CC, 0x01CC, 0x01CC, 0x01CC, 0x01CC, 0x01CC,
  0x01CC, 0x01CC, 0x01CC, 0x01CC, 0x01CC, 0x01CC, 0x01CC, 0x01CC, 0x01CC, 0x01CC, 0x01CC, 0x01CC,
  0x01CC, 0x01CC, 0x01CC, 0x01CC, 0x01CC, 0x01CC, 0x01CC, 0x01CC, 0x01CC, 0x01CC, 0x01CC, 0x01CC,
  0x01CC, 0x01CC, 0x01CC, 0x01CC, 0x01CC, 0x01CC, 0x01CC, 0x01CC, 0x01CC, 0x01CC, 0x01CC, 0x01CC,
  0x01CC, 0x01CC, 0x01CC, 0x01CC, 0x01CC, 0x01CC, 0x01CC, 0x01CC, 0x01CC, 0x01CC, 0x01CC, 0x01CC,
  0x01CC, 0x01CC, 0x01CC, 0x01CC, 0x01CC, 0x01CC, 0x01CC, 0x01CC, 0x01CC, 0x01CC, 0x01CC, 0x01CC,
  0x01CC, 0x01CC, 0x01CC, 0x01CC, 0x01CC, 0x01CC, 0x01CC, 0x01CC, 0x01CC, 0x01CC, 0x01CC, 0x01CC,
  0x01CC, 0x01CC, 0x01CC, 0x01CC, 0x01CC, 0x01CC, 0x01CC, 0x01CC, 0x01CC, 0x01CC, 0x01CC, 0x01CC,
  0x01CC, 0x01CC, 0x01CC, 0x01CC, 0x01CC, 0x01CC, 0x01CC, 0x01CC, 0x01CC, 0x01CC, 0x01CC, 0x01CC,
  0x01CC, 0x01CC, 0x01CC, 0x01CC, 0x01CC, 0x01CC, 0x01CC, 0x01CC, 0x01CC, 0x01CC, 0x01CC, 0x01CC,
  0x01CC, 0x01CC, 0x01CC, 0x01CC, 0x01CC, 0x01CC, 0x01CC, 0x01CC, 0x01CC, 0x01CC, 0x01CC, 0x01CC,
  0x01CC, 0x01CC, 0x01CC, 0x01CC, 0x01CC, 0x01CC, 0x01CC, 0x01CC, 0x01CC, 0x01CC, 0x01CC, 0x01CC,
  0x01CC, 0x01CC, 0x01CC, 0x01CC, 0x01CC, 0x01CC, 0x01CC, 0x01CC, 0x01CC, 0x01CC, 0x01CC, 0x01CC,
  0x01CC, 0x01CC, 0x01CC, 0x01CC, 0x01CC, 0x01CC, 0x01CC, 0x01CC, 0x01CC, 0x01CC, 0x01CC, 0x01CC,
  0x01CC, 0x01CC, 0x01CC, 0x01CC, 0x01CC, 0x01CC, 0x01CC, 0x01CC, 0x01CC, 0x01CC, 0x01CC, 0x01CC,
  0x01CC, 0x01CC, 0x01CC, 0x01CC, 0x01CC, 0x01CC, 0x01CC, 0x01CC, 0x01CC, 0x01CC, 0x01CC, 0x01CC,
  0x01CC, 0x01CC, 0x01CC, 0x01CC, 0x01CC, 0x01CC, 0x01CC, 0x01CC, 0x01CC, 0x01CC, 0x01CC, 0x01CC,
  0x01CC, 0x01CC, 0x01CC, 0x01CC, 0x01CC, 0x01CC, 0x01CC, 0x01CC, 0x01CC, 0x01CC, 0x01CC, 0x01CC,
  0x01CC, 0x01CC, 0x01CC, 0x01CC, 0x01CC, 0x01CC, 0x01CC, 0x01CC, 0x01CC, 0x01CC, 0x01CC, 0x01CC,
  0x01CC, 0x01CC, 0x01CC, 0x01CC, 0x01CC, 0x01CC, 0x01CC, 0x01CC, 0x01CC, 0x01CC, 0x01CC, 0x01CC,
  0x01CC, 0x01CC, 0x01CC, 0x01CC, 0x01CC, 0x01CC, 0x01CC, 0x01CC, 0x01CC, 0x01CC, 0x01CC, 0x01CC,
  0x01CC, 0x01CC, 0x01CC, 0x01CC, 0x01CC, 0x01CC, 0x01CC, 0x01CC, 0x01CC, 0x01CC, 0x01CC, 0x01CC,
  0x01CC, 0x01CC, 0x01CC, 0x01CC, 0x01CC, 0x01CC, 0x01CC, 0x01CC, 0x01CC, 0x01CC, 0x01CC, 0x01CC,
  0x01CC, 0x01CC, 0x01CC, 0x01CC, 0x01CC, 0x01CC, 0x01CC, 0x01CC, 0x01CC, 0x01CC, 0x01CC, 0x01CC,
  0x01CC, 0x01CC, 0x01CC, 0x01CC, 0x01CC, 0x01CC, 0x01CC, 0x01CC, 0x01CC, 0x01CC, 0x01CC, 0x01CC,
  0x01CC, 0x01CC, 0x01CC, 0x01CC, 0x01CC, 0x01CC, 0x01CC, 0x01CC, 0x01CC, 0x01CC, 0x01CC, 0x01CC,
  0x01CC, 0x01CC, 0x01CC, 0x01CC, 0x01CC, 0x01CC, 0x01CC, 0x01CC, 0x01CC, 0x01CC, 0x01CC, 0x01CC,
  0x01CC, 0x01CC, 0x01CC, 0x01CC, 0x01CC, 0x01CC, 0x01CC, 0x01CC, 0x01CC, 0x01CC, 0x01CC, 0x01CC,
  0x01CC, 0x01CC, 0x01CC, 0x01CC, 0x01CC, 0x01CC, 0x01CC, 0x01CC, 0x01CC, 0x01CC, 0x01CC, 0x01CC,
  0x01CC, 0x01CC, 0x01CC, 0x01CC, 0x01CC, 0x01CC, 0x01CC, 0x01CC, 0x01CC, 0x01CC, 0x01CC, 0x01CC,
  0x01CC, 0x01CC, 0x01CC, 0x01CC, 0x01CC, 0x01CC, 0x01CC, 0x01CC, 0x01CC, 0x01CC, 0x01CC, 0x01CC,
  0x01CC, 0x01CC, 0x01CC, 0x01CC, 0x01CC, 0x01CC, 0x01CC, 0x01CC, 0x01CC, 0x01CC, 0x01CC, 0x01CC,
  0x01CC, 0x01CC, 0x01CC, 0x01CC, 0x01CC, 0x01CC, 0x01CC, 0x01CC, 0x01CC, 0x01CC, 0x01CC, 0x01CC,
  0x01CC, 0x01CC, 0x01CC, 0x01CC, 0x01CC, 0x01CC, 0x01CC, 0x01CC, 0x01CC, 0x01CC, 0x01CC, 0x01CC,
  0x01CC, 0x01CC, 0x01CC, 0x01CC, 0x01CC, 0x01CC, 0x01CC, 0x01CC, 0x01CC, 0x01CC, 0x01CC, 0x01CC,
  0x01CC, 0x01CC, 0x01CC, 0x01CC, 0x01CC, 0x01CC, 0x01CC, 0x01CC, 0x01CC, 0x01CC, 0x01CC, 0x01CC,
  0x01CC, 0x01CC, 0x01CC, 0x01CC, 0x01CC, 0x01CC, 0x01CC, 0x01CC, 0x01CC, 0x01CC, 0x01CC, 0x01CC,
  0x01CC, 0x01CC, 0x01CC, 0x01CC, 0x01CC, 0x01CC, 0x01CC, 0x01CC, 0x01CC, 0x01CC, 0x01CC, 0x01CC,
  0x01CC, 0x01CC, 0x01CC, 0x01CC, 0x01CC, 0x01CC, 0x01CC, 0x01CC, 0x01CC, 0x01CC, 0x01CC, 0x01CC,
  0x01CC, 0x01CC, 0x01CC, 0x01CC, 0x01CC, 0x01CC, 0x01CC, 0x01CC, 0x01CC, 0x01CC, 0x01CC, 0x01CC,
  0x01CC, 0x01CC, 0x01CC, 0x01CC, 0x01CC, 0x01CC, 0x01CC, 0x01CC, 0x01CC, 0x01CC, 0x01CC, 0x01CC,
  0x01CC, 0x01CC, 0x01CC, 0x01CC, 0x01CC, 0x01CC, 0x01CC, 0x01CC, 0x01CC, 0x01CC, 0x01CC, 0x01CC,
  0x01CC, 0x01CC, 0x01CC, 0x01CC, 0x01CC, 0x01CC, 0x01CC, 0x01CC, 0x01CC, 0x01CC, 0x01CC, 0x01CC,
  0x01CC, 0x01CC, 0x01CC, 0x01CC, 0x01CC, 0x01CC, 0x01CC, 0x01CC, 0x01CC, 0x01CC, 0x01CC, 0x01CC,
  0x01CC, 0x01CC, 0x01CC, 0x01CC, 0x01CC, 0x01CC, 0x01CC, 0x01CC, 0x01CC, 0x01CC, 0x01CC, 0x01CC,
  0x01CC, 0x01CC, 0x01CC, 0x01CC, 0x01CC, 0x01CC, 0x01CC, 0x01CC, 0x01CC, 0x01CC, 0x01CC, 0x01CC,
  0x01CC, 0x01CC, 0x01CC, 0x01CC, 0x01CC, 0x01CC, 0x01CC, 0x01CC, 0x01CC, 0x01CC, 0x01CC, 0x01CC,
  0x01CC, 0x01CC, 0x01CC, 0x01CC, 0x01CC, 0x01CC, 0x01CC, 0x01CC, 0x01CC, 0x01CC, 0x01CC, 0x01CC,
  0x01CC, 0x01CC, 0x01CC, 0x01CC, 0x01CC, 0x01CC, 0x01CC, 0x01CC, 0x01CC, 0x01CC, 0x01CC, 0x01CC,
  0x01CC, 0x01CC, 0x01CC, 0x01CC, 0x01CC, 0x01CC, 0x01CC, 0x01CC, 0x01CC, 0x01CC, 0x01CC, 0x01CC,
  0x01CC, 0x01CC, 0x01CC, 0x01CC, 0x01CC, 0x01CC, 0x01CC, 0x01CC, 0x01CC, 0x01CC, 0x01CC, 0x01CC,
  0x01CC, 0x01CC, 0x01CC, 0x01CC, 0x01CC, 0x01CC, 0x01CC, 0x01CC, 0x01CC, 0x01CC, 0x01CC, 0x01CC,
  0x01CC, 0x01CC, 0x01CC, 0x01CC, 0x01CC, 0x01CC, 0x01CC, 0x01CC, 0x01CC, 0x01CC, 0x01CC, 0x01CC,
  0x01CC, 0x01CC, 0x01CC, 0x01CC, 0x01CC, 0x01CC, 0x01CC, 0x01CC, 0x01CC, 0x01CC, 0x01CC, 0x01CC,
  0x01CC, 0x01CC, 0x01CC, 0x01CC, 0x01CC, 0x01CC, 0x01CC, 0x01CC, 0x01CC, 0x01CC, 0x01CC, 0x01CC,
  0x01CC, 0x01CC, 0x01CC, 0x01CC, 0x01CC, 0x01CC, 0x01CC, 0x01CC, 0x01CC, 0x01CC, 0x01CC, 0x01CC,
  0x01CC, 0x01CC, 0x01CC, 0x01CC, 0x01CC, 0x01CC, 0x01CC, 0x01CC, 0x01CC, 0x01CC, 0x01CC, 0x01CC,
  0x01CC, 0x01CC, 0x01CC, 0x01CC, 0x01CC, 0x01CC, 0x01CC, 0x01CC, 0x01CC, 0x01CC, 0x01CC, 0x01CC,
  0x01CC, 0x01CC, 0x01CC, 0x01CC, 0x01CC, 0x01CC, 0x01CC, 0x01CC, 0x01CC, 0x01CC, 0x01CC, 0x01CC,
  0x01CC, 0x01CC, 0x01CC, 0x01CC, 0x01CC, 0x01CC, 0x01CC, 0x01CC, 0x01CC, 0x01CC, 0x01CC, 0x01CC,
  0x01CC, 0x01CC, 0x01CC, 0x01CC, 0x01CC, 0x01CC, 0x01CC, 0x01CC, 0x01CC, 0x01CC, 0x01CC, 0x01CC,
  0x01CC, 0x01CC, 0x01CC, 0x01CC, 0x01CC, 0x01CC, 0x01CC, 0x01CC, 0x01CC, 0x01CC, 0x01CC, 0x01CC,
  0x01CC, 0x01CC, 0x01CC, 0x01CC, 0x01CC, 0x01CC, 0x01CC, 0x01CC, 0x01CC, 0x01CC, 0x01CC, 0x01CC,
  0x01CC, 0x01CC, 0x01CC, 0x01CC, 0x01CC, 0x01CC, 0x01CC, 0x01CC, 0x01CC, 0x01CC, 0x01CC, 0x01CC,
  0x01CC, 0x01CC, 0x01CC, 0x01CC, 0x01CC, 0x01CC, 0x01CC, 0x01CC, 0x01CC, 0x01CC, 0x01CC, 0x01CC,
  0x01CC, 0x01CC, 0x01CC, 0x01CC, 0x01CC, 0x01CC, 0x01CC, 0x01CC, 0x01CC, 0x01CC, 0x01CC, 0x01CC,
  0x01CC, 0x01CC, 0x01CC, 0x01CC, 0x01CC, 0x01CC, 0x01CC, 0x01CC, 0x01CC, 0x01CC, 0x01CC, 0x01CC,
  0x01CC, 0x01CC, 0x01CC, 0x01CC, 0x01CC, 0x01CC, 0x01CC, 0x01CC, 0x01CC, 0x01CC, 0x01CC, 0x01CC,
  0x01CC, 0x01CC, 0x01CC, 0x01CC, 0x01CC, 0x01CC, 0x01CC, 0x01CC, 0x01CC, 0x01CC, 0x01CC, 0x01CC,
  0x01CC, 0x01CC, 0x01CC, 0x01CC, 0x01CC, 0x01CC, 0x01CC, 0x01CC, 0x01CC, 0x01CC, 0x01CC, 0x01CC,
  0x01CC, 0x01CC, 0x01CC, 0x01CC, 0x01CC, 0x01CC, 0x01CC, 0x01CC, 0x01CC, 0x01CC, 0x01CC, 0x01CC,
  0x01CC, 0x01CC, 0x01CC, 0x01CC, 0x01CC, 0x01CC, 0x01CC, 0x01CC, 0x01CC, 0x01CC, 0x01CC, 0x01CC,
  0x01CC, 0x01CC, 0x01CC, 0x01CC, 0x01CC, 0x01CC, 0x01CC, 0x01CC, 0x01CC, 0x01CC, 0x01CC, 0x01CC,
  0x01CC, 0x01CC, 0x01CC, 0x01CC, 0x01CC, 0x01CC, 0x01CC, 0x01CC, 0x01CC, 0x01CC, 0x01CC, 0x01CC,
  0x01CC, 0x01CC, 0x01CC, 0x01CC, 0x01CC, 0x01CC, 0x01CC, 0x01CC, 0x01CC, 0x01CC, 0x01CC, 0x01CC,
  0x01CC, 0x01CC, 0x01CC, 0x01CC, 0x01CC, 0x01CC, 0x01CC, 0x01CC, 0x01CC, 0x01CC, 0x01CC, 0x01CC,
  0x01CC, 0x01CC, 0x01CC, 0x01CC, 0x01CC, 0x01CC, 0x01CC, 0x01CC, 0x01CC, 0x01CC, 0x01CC, 0x01CC,
  0x01CC, 0x01CC, 0x01CC, 0x01CC, 0x01CC, 0x01CC, 0x01CC, 0x01CC, 0x01CC, 0x01CC, 0x01CC, 0x01CC,
  0x01CC, 0x01CC, 0x01CC, 0x01CC, 0x01CC, 0x01CC, 0x01CC, 0x01CC, 0x01CC, 0x01CC, 0x01CC, 0x01CC,
  0x01CC, 0x01CC, 0x01CC, 0x01CC, 0x01CC, 0x01CC, 0x01CC, 0x01CC, 0x01CC, 0x01CC, 0x01CC, 0x01CC,
  0x01CC, 0x01CC, 0x01CC, 0x01CC, 0x01CC, 0x01CC, 0x01CC, 0x01CC, 0x01CC, 0x01CC, 0x01CC, 0x01CC,
  0x01CC, 0x01CC, 0x01CC, 0x01CC, 0x01CC, 0x01CC, 0x01CC, 0x01CC, 0x01CC, 0x01CC, 0x01CC, 0x01CC,
  0x01CC, 0x01CC, 0x01CC, 0x01CC, 0x01CC, 0x01CC, 0x01CC, 0x01CC, 0x01CC, 0x01CC, 0x01CC, 0x01CC,
  0x01CC, 0x01CC, 0x01CC, 0x01CC, 0x01CC, 0x01CC, 0x01CC, 0x01CC, 0x01CC, 0x01CC, 0x01CC, 0x01CC,
  0x01CC, 0x01CC, 0x01CC, 0x01CC, 0x01CC, 0x01CC, 0x01CC, 0x01CC, 0x01CC, 0x01CC, 0x01CC, 0x01CC,
  0x01CC, 0x01CC, 0x01CC, 0x01CC, 0x01CC, 0x01CC, 0x01CC, 0x01CC, 0x01CC, 0x01CC, 0x01CC, 0x01CC,
  0x01CC, 0x01CC, 0x01CC, 0x01CC, 0x01CC, 0x01CC, 0x01CC, 0x01CC, 0x01CC, 0x01CC, 0x01CC, 0x01CC,
  0x01CC, 0x01CC, 0x01CC, 0x01CC, 0x01CC, 0x01CC, 0x01CC, 0x01CC, 0x01CC, 0x01CC, 0x01CC, 0x01CC,
  0x01CC, 0x01CC, 0x01CC, 0x01CC, 0x01CC, 0x01CC, 0x01CC, 0x01CC, 0x01CC, 0x01CC, 0x01CC, 0x01CC
};
